Region,District,Station,Date,AQI,PM10,PM2_5,NO2,SO2,month,year,month_sin,month_cos,AQI_lag_1,AQI_lag_2,AQI_lag_3,AQI_lag_6,AQI_lag_12,PM10_lag_1,PM10_lag_2,PM10_lag_3,PM10_lag_6,PM10_lag_12,PM2_5_lag_1,PM2_5_lag_2,PM2_5_lag_3,PM2_5_lag_6,PM2_5_lag_12,NO2_lag_1,NO2_lag_2,NO2_lag_3,NO2_lag_6,NO2_lag_12,SO2_lag_1,SO2_lag_2,SO2_lag_3,SO2_lag_6,SO2_lag_12,AQI_roll_mean_3,AQI_roll_mean_6,AQI_roll_std_3,PM2_5_roll_mean_3
Kashmir,Anantnag,"Anantnag (PM-10, PM-2.5) 1084",2023-01-01,102.0,61.0,40.0,12.0,6.0,1,2023,0.49999999999999994,0.8660254037844387,121.0,121.0,40.8,94.39309303217156,164.2903716200599,68.0,68.0,68.0,97.17726946547948,147.53846153846155,53.0,38.544981235656415,38.544981235656415,45.4194897078592,116.46153846153848,13.0,13.59486616291406,13.59486616291406,16.90828403592742,18.923076923076923,8.0,5.284183023468941,5.284183023468941,5.830875792682721,5.783397028004617,94.26666666666667,76.46551550536192,46.30349158900798,43.36332082377095
Kashmir,Anantnag,"Anantnag (PM-10, PM-2.5) 1084",2023-02-01,107.0,63.0,44.0,14.0,8.0,2,2023,0.8660254037844386,0.5000000000000001,102.0,121.0,121.0,40.8,88.52307692307693,61.0,68.0,68.0,68.0,147.53846153846155,40.0,53.0,38.544981235656415,27.200000000000003,35.64122228073511,12.0,13.0,13.59486616291406,27.200000000000003,27.819857043856565,6.0,8.0,5.284183023468941,5.158642032054903,9.608297272806672,114.66666666666667,77.73333333333333,10.969655114602892,43.84832707855213
Kashmir,Anantnag,"Anantnag (PM-10, PM-2.5) 1084",2023-03-01,115.0,81.0,33.0,14.0,7.0,3,2023,1.0,6.123233995736766e-17,107.0,102.0,121.0,40.8,88.52307692307693,63.0,61.0,68.0,68.0,147.53846153846155,44.0,40.0,53.0,27.200000000000003,38.1225495374839,14.0,12.0,13.0,27.200000000000003,26.33232185958724,8.0,6.0,8.0,5.20142161540604,9.73620754577073,110.0,88.76666666666667,9.848857801796107,45.666666666666664
Kashmir,Anantnag,"Anantnag (PM-10, PM-2.5) 1084",2023-04-01,90.74482253013043,79.11111111111111,32.888888888888886,15.2,4.559788422599942,4,2023,0.8660254037844387,-0.4999999999999998,115.0,107.0,102.0,40.8,88.52307692307693,81.0,63.0,61.0,68.0,147.53846153846155,33.0,44.0,40.0,38.544981235656415,38.1225495374839,14.0,14.0,12.0,13.59486616291406,26.33232185958724,7.0,8.0,6.0,5.284183023468941,9.73620754577073,108.0,101.13333333333333,6.557438524302005,39.0
Kashmir,Anantnag,"Anantnag (PM-10, PM-2.5) 1084",2023-05-01,90.74482253013043,77.22222222222223,32.77777777777778,16.4,4.559788422599942,5,2023,0.49999999999999994,-0.8660254037844387,90.74482253013043,115.0,107.0,121.0,88.52307692307693,79.11111111111111,81.0,63.0,68.0,147.53846153846155,32.888888888888886,33.0,44.0,38.544981235656415,38.1225495374839,15.2,14.0,14.0,13.59486616291406,26.33232185958724,4.559788422599942,7.0,8.0,5.284183023468941,9.73620754577073,104.24827417671014,109.45747042168841,12.35950665595667,36.629629629629626
Kashmir,Anantnag,"Anantnag (PM-10, PM-2.5) 1084",2023-06-01,46.333333333333336,77.22222222222223,29.71503698215724,12.560768303810477,3.9322604420830616,6,2023,1.2246467991473532e-16,-1.0,90.74482253013043,90.74482253013043,115.0,121.0,88.52307692307693,77.22222222222223,79.11111111111111,81.0,68.0,147.53846153846155,32.77777777777778,32.888888888888886,33.0,53.0,38.1225495374839,16.4,15.2,14.0,13.0,26.33232185958724,4.559788422599942,4.559788422599942,7.0,8.0,9.73620754577073,98.82988168675361,104.41494084337683,14.003733241471338,32.888888888888886
Kashmir,Anantnag,"Anantnag (PM-10, PM-2.5) 1084",2023-07-01,46.333333333333336,77.22222222222223,29.55466926072707,12.029465440482111,3.9322604420830616,7,2023,-0.4999999999999997,-0.8660254037844388,46.333333333333336,90.74482253013043,90.74482253013043,102.0,94.39309303217156,77.22222222222223,77.22222222222223,79.11111111111111,61.0,97.17726946547948,29.71503698215724,32.77777777777778,32.888888888888886,40.0,45.4194897078592,12.560768303810477,16.4,15.2,12.0,16.90828403592742,3.9322604420830616,4.559788422599942,4.559788422599942,6.0,5.830875792682721,75.94099279786474,91.97049639893237,25.640985242882962,31.793901216274634
Kashmir,Anantnag,"Anantnag (PM-10, PM-2.5) 1084",2023-08-01,46.333333333333336,77.22222222222223,29.55466926072707,12.029465440482111,3.9322604420830616,8,2023,-0.8660254037844384,-0.5000000000000004,46.333333333333336,46.333333333333336,90.74482253013043,107.0,40.8,77.22222222222223,77.22222222222223,77.22222222222223,63.0,68.0,29.55466926072707,29.71503698215724,32.77777777777778,44.0,27.200000000000003,12.029465440482111,12.560768303810477,16.4,14.0,27.200000000000003,3.9322604420830616,3.9322604420830616,4.559788422599942,8.0,5.158642032054903,61.13716306559903,82.69271862115458,25.640985242882966,30.682494673554032
Kashmir,Anantnag,"Anantnag (PM-10, PM-2.5) 1084",2023-09-01,38.4,64.0,29.577561820111686,9.857667153542332,3.3252513481053163,9,2023,-1.0,-1.8369701987210297e-16,46.333333333333336,46.333333333333336,46.333333333333336,115.0,40.8,77.22222222222223,77.22222222222223,77.22222222222223,81.0,68.0,29.55466926072707,29.55466926072707,29.71503698215724,33.0,27.200000000000003,12.029465440482111,12.029465440482111,12.560768303810477,14.0,27.200000000000003,3.9322604420830616,3.9322604420830616,3.9322604420830616,7.0,5.20142161540604,46.333333333333336,72.58160751004348,0.0,29.60812516787046
Kashmir,Anantnag,"Anantnag (PM-10, PM-2.5) 1084",2023-10-01,38.4,64.0,30.94085805744956,11.78740715637866,5.82037215192764,10,2023,-0.8660254037844386,0.5000000000000001,38.4,46.333333333333336,46.333333333333336,90.74482253013043,40.8,64.0,77.22222222222223,77.22222222222223,79.11111111111111,68.0,29.577561820111686,29.55466926072707,29.55466926072707,32.888888888888886,38.544981235656415,9.857667153542332,12.029465440482111,12.029465440482111,15.2,13.59486616291406,3.3252513481053163,3.9322604420830616,3.9322604420830616,4.559788422599942,5.284183023468941,43.68888888888889,59.81494084337681,4.580312135571034,29.562300113855276
Kashmir,Anantnag,"Anantnag (PM-10, PM-2.5) 1084",2023-11-01,96.0,64.0,35.86830207979346,11.460111151733004,5.539131844085375,11,2023,-0.5000000000000004,0.8660254037844384,38.4,38.4,46.333333333333336,90.74482253013043,121.0,64.0,64.0,77.22222222222223,77.22222222222223,68.0,30.94085805744956,29.577561820111686,29.55466926072707,32.77777777777778,38.544981235656415,11.78740715637866,9.857667153542332,12.029465440482111,16.4,13.59486616291406,5.82037215192764,3.3252513481053163,3.9322604420830616,4.559788422599942,5.284183023468941,41.044444444444444,51.09080375502174,4.580312135571034,30.024363046096102
Kashmir,Anantnag,"Anantnag (PM-10, PM-2.5) 1084",2023-12-01,96.0,64.0,32.0,11.460111151733004,5.29829539634932,12,2023,-2.4492935982947064e-16,1.0,96.0,38.4,38.4,46.333333333333336,121.0,64.0,64.0,64.0,77.22222222222223,68.0,35.86830207979346,30.94085805744956,29.577561820111686,29.71503698215724,53.0,11.460111151733004,11.78740715637866,9.857667153542332,12.560768303810477,13.0,5.539131844085375,5.82037215192764,3.3252513481053163,3.9322604420830616,8.0,57.599999999999994,51.96666666666667,33.25537550532245,32.128907319118234
Kashmir,Anantnag,"Anantnag (PM-10, PM-2.5) 1084",2024-01-01,132.0,132.0,38.5,26.0,5.199634451337154,1,2024,0.49999999999999994,0.8660254037844387,96.0,96.0,38.4,46.333333333333336,102.0,64.0,64.0,64.0,77.22222222222223,61.0,32.0,35.86830207979346,30.94085805744956,29.55466926072707,40.0,11.460111151733004,11.460111151733004,11.78740715637866,12.029465440482111,12.0,5.29829539634932,5.539131844085375,5.82037215192764,3.9322604420830616,6.0,76.8,60.24444444444445,33.255375505322455,32.93638671241434
Kashmir,Anantnag,"Anantnag (PM-10, PM-2.5) 1084",2024-02-01,132.0,132.0,45.0,23.0,9.0,2,2024,0.8660254037844386,0.5000000000000001,132.0,96.0,96.0,46.333333333333336,107.0,132.0,64.0,64.0,77.22222222222223,63.0,38.5,32.0,35.86830207979346,29.55466926072707,44.0,26.0,11.460111151733004,11.460111151733004,12.029465440482111,14.0,5.199634451337154,5.29829539634932,5.539131844085375,3.9322604420830616,8.0,108.0,74.52222222222223,20.784609690826528,35.45610069326449
Kashmir,Anantnag,"Anantnag (PM-10, PM-2.5) 1084",2024-03-01,123.0,123.0,21.0,18.0,8.0,3,2024,1.0,6.123233995736766e-17,132.0,132.0,96.0,38.4,115.0,132.0,132.0,64.0,64.0,81.0,45.0,38.5,32.0,29.577561820111686,33.0,23.0,26.0,11.460111151733004,9.857667153542332,14.0,9.0,5.199634451337154,5.29829539634932,3.3252513481053163,7.0,120.0,88.8,20.784609690826528,38.5
Kashmir,Anantnag,"Anantnag (PM-10, PM-2.5) 1084",2024-04-01,98.0,98.0,52.0,22.0,10.0,4,2024,0.8660254037844387,-0.4999999999999998,123.0,132.0,132.0,38.4,90.74482253013043,123.0,132.0,132.0,64.0,79.11111111111111,21.0,45.0,38.5,30.94085805744956,32.888888888888886,18.0,23.0,26.0,11.78740715637866,15.2,8.0,9.0,5.199634451337154,5.82037215192764,4.559788422599942,129.0,102.90000000000002,5.196152422706632,34.833333333333336
Kashmir,Anantnag,"Anantnag (PM-10, PM-2.5) 1084",2024-05-01,106.77262649549505,107.0,51.71428571428572,23.0,7.741376776621235,5,2024,0.49999999999999994,-0.8660254037844387,98.0,123.0,132.0,96.0,90.74482253013043,98.0,123.0,132.0,64.0,77.22222222222223,52.0,21.0,45.0,35.86830207979346,32.77777777777778,22.0,18.0,23.0,11.460111151733004,16.4,10.0,8.0,9.0,5.539131844085375,4.559788422599942,117.66666666666667,112.83333333333333,17.616280348965084,39.333333333333336
Kashmir,Anantnag,"Anantnag (PM-10, PM-2.5) 1084",2024-06-01,106.77262649549505,116.0,51.42857142857143,24.0,6.967348559531119,6,2024,1.2246467991473532e-16,-1.0,106.77262649549505,98.0,123.0,96.0,46.333333333333336,107.0,98.0,123.0,64.0,77.22222222222223,51.71428571428572,52.0,21.0,32.0,29.71503698215724,23.0,22.0,18.0,11.460111151733004,12.560768303810477,7.741376776621235,10.0,8.0,5.29829539634932,3.9322604420830616,109.25754216516502,114.62877108258253,12.683891532728774,41.57142857142858
Kashmir,Anantnag,"Anantnag (PM-10, PM-2.5) 1084",2024-07-01,69.6,116.0,39.571476514291945,18.840381648196896,5.54853445905135,7,2024,-0.4999999999999997,-0.8660254037844388,106.77262649549505,106.77262649549505,98.0,132.0,46.333333333333336,116.0,107.0,98.0,132.0,77.22222222222223,51.42857142857143,51.71428571428572,52.0,38.5,29.55466926072707,24.0,23.0,22.0,26.0,12.029465440482111,6.967348559531119,7.741376776621235,10.0,5.199634451337154,3.9322604420830616,103.84841766366337,116.42420883183168,5.0648782686741285,51.71428571428572
Kashmir,Anantnag,"Anantnag (PM-10, PM-2.5) 1084",2024-08-01,69.6,116.0,44.75875123491821,15.228573679337307,7.615223189308051,8,2024,-0.8660254037844384,-0.5000000000000004,69.6,106.77262649549505,106.77262649549505,132.0,46.333333333333336,116.0,116.0,107.0,132.0,77.22222222222223,39.571476514291945,51.42857142857143,51.71428571428572,45.0,29.55466926072707,18.840381648196896,24.0,23.0,23.0,12.029465440482111,5.54853445905135,6.967348559531119,7.741376776621235,9.0,3.9322604420830616,94.3817509969967,106.02420883183169,21.461625913659486,47.571444552383035
Kashmir,Anantnag,"Anantnag (PM-10, PM-2.5) 1084",2024-09-01,69.6,116.0,44.75875123491821,15.228573679337307,7.615223189308051,9,2024,-1.0,-1.8369701987210297e-16,69.6,69.6,106.77262649549505,123.0,38.4,116.0,116.0,116.0,123.0,64.0,44.75875123491821,39.571476514291945,51.42857142857143,21.0,29.577561820111686,15.228573679337307,18.840381648196896,24.0,18.0,9.857667153542332,7.615223189308051,5.54853445905135,6.967348559531119,8.0,3.3252513481053163,81.99087549849834,95.6242088318317,21.461625913659493,45.25293305926053
Kashmir,Anantnag,"Anantnag (PM-10, PM-2.5) 1084",2024-10-01,161.0,161.0,49.15408327562884,23.30216150846696,9.796965419461316,10,2024,-0.8660254037844386,0.5000000000000001,69.6,69.6,69.6,98.0,38.4,116.0,116.0,116.0,98.0,64.0,44.75875123491821,44.75875123491821,39.571476514291945,52.0,30.94085805744956,15.228573679337307,15.228573679337307,18.840381648196896,22.0,11.78740715637866,7.615223189308051,7.615223189308051,5.54853445905135,10.0,5.82037215192764,69.6,86.72420883183167,0.0,43.029659661376115
Kashmir,Anantnag,"Anantnag (PM-10, PM-2.5) 1084",2024-11-01,161.0,161.0,50.0,29.0,14.0,11,2024,-0.5000000000000004,0.8660254037844384,161.0,69.6,69.6,106.77262649549505,96.0,161.0,116.0,116.0,107.0,64.0,49.15408327562884,44.75875123491821,44.75875123491821,51.71428571428572,35.86830207979346,23.30216150846696,15.228573679337307,15.228573679337307,23.0,11.460111151733004,9.796965419461316,7.615223189308051,7.615223189308051,7.741376776621235,5.539131844085375,100.06666666666666,97.22420883183167,52.7698146039318,46.223861915155084
Kashmir,Anantnag,"Anantnag (PM-10, PM-2.5) 1084",2024-12-01,140.46568935889087,131.0,59.0,16.0,10.0,12,2024,-2.4492935982947064e-16,1.0,161.0,161.0,69.6,106.77262649549505,96.0,161.0,161.0,116.0,116.0,64.0,50.0,49.15408327562884,44.75875123491821,51.42857142857143,32.0,29.0,23.30216150846696,15.228573679337307,24.0,11.460111151733004,14.0,9.796965419461316,7.615223189308051,6.967348559531119,5.29829539634932,130.53333333333333,106.26210441591583,52.7698146039318,47.970944836849014
Kashmir,Anantnag,"Anantnag (PM-10, PM-2.5) 1084",2025-01-01,104.0,92.0,51.0,12.0,7.0,1,2025,0.49999999999999994,0.8660254037844387,140.46568935889087,161.0,161.0,69.6,132.0,131.0,161.0,161.0,116.0,132.0,59.0,50.0,49.15408327562884,39.571476514291945,38.5,16.0,29.0,23.30216150846696,18.840381648196896,26.0,10.0,14.0,9.796965419461316,5.54853445905135,5.199634451337154,154.15522978629693,111.87761489314848,11.855489776267753,52.718027758542945
Kashmir,Anantnag,"Anantnag (PM-10, PM-2.5) 1084",2025-02-01,120.0,120.0,58.0,15.0,8.0,2,2025,0.8660254037844386,0.5000000000000001,104.0,140.46568935889087,161.0,69.6,132.0,92.0,131.0,161.0,116.0,132.0,51.0,59.0,50.0,44.75875123491821,45.0,12.0,16.0,29.0,15.228573679337307,23.0,7.0,10.0,14.0,7.615223189308051,9.0,135.15522978629693,117.61094822648181,28.868680878317175,53.333333333333336
Kashmir,Anantnag,"Anantnag (PM-10, PM-2.5) 1084",2025-03-01,93.0,93.0,40.0,13.0,6.0,3,2025,1.0,6.123233995736766e-17,120.0,104.0,140.46568935889087,69.6,123.0,120.0,92.0,131.0,116.0,123.0,58.0,51.0,59.0,44.75875123491821,21.0,15.0,12.0,16.0,15.228573679337307,18.0,8.0,7.0,10.0,7.615223189308051,8.0,121.48856311963029,126.01094822648183,18.2783612565685,56.0
Kashmir,Anantnag,"Anantnag (PM-10, PM-2.5) 1084",2025-04-01,81.81108066483752,83.5,35.5,11.5,4.077987770873727,4,2025,0.8660254037844387,-0.4999999999999998,93.0,120.0,104.0,161.0,98.0,93.0,120.0,92.0,161.0,98.0,40.0,58.0,51.0,49.15408327562884,52.0,13.0,15.0,12.0,23.30216150846696,22.0,6.0,8.0,7.0,9.796965419461316,10.0,105.66666666666667,129.91094822648182,13.576941236277534,49.666666666666664
Kashmir,Anantnag,"Anantnag (PM-10, PM-2.5) 1084",2025-05-01,74.0,74.0,31.0,10.0,5.0,5,2025,0.49999999999999994,-0.8660254037844387,81.81108066483752,93.0,120.0,161.0,106.77262649549505,83.5,93.0,120.0,161.0,107.0,35.5,40.0,58.0,50.0,51.71428571428572,11.5,13.0,15.0,29.0,23.0,4.077987770873727,6.0,8.0,14.0,7.741376776621235,98.2703602216125,116.71279500395474,19.6323944705187,44.5
Kashmir,Anantnag,"Anantnag (PM-10, PM-2.5) 1084",2025-06-01,113.0,113.0,55.0,8.0,3.0,6,2025,1.2246467991473532e-16,-1.0,74.0,81.81108066483752,93.0,140.46568935889087,106.77262649549505,74.0,83.5,93.0,131.0,116.0,31.0,35.5,40.0,59.0,51.42857142857143,10.0,11.5,13.0,16.0,24.0,5.0,4.077987770873727,6.0,10.0,6.967348559531119,82.93702688827916,102.21279500395474,9.549911841140823,35.5
Kashmir,Anantnag,"Anantnag (PM-10, PM-2.5) 1084",2025-07-01,112.0,112.0,54.142857142857146,14.0,6.0,7,2025,-0.4999999999999997,-0.8660254037844388,113.0,74.0,81.81108066483752,104.0,69.6,113.0,74.0,83.5,92.0,116.0,55.0,31.0,35.5,51.0,39.571476514291945,8.0,10.0,11.5,12.0,18.840381648196896,3.0,5.0,4.077987770873727,7.0,5.54853445905135,89.60369355494583,97.63518011080625,20.634767062928326,40.5
Kashmir,Anantnag,"Anantnag (PM-10, PM-2.5) 1084",2025-08-01,118.0,118.0,53.285714285714285,13.666666666666666,6.726191726059878,8,2025,-0.8660254037844384,-0.5000000000000004,112.0,113.0,74.0,120.0,69.6,112.0,113.0,74.0,120.0,116.0,54.142857142857146,55.0,31.0,58.0,44.75875123491821,14.0,8.0,10.0,15.0,15.228573679337307,6.0,3.0,5.0,8.0,7.615223189308051,99.66666666666667,98.96851344413959,22.233608194203054,46.71428571428572
Kashmir,Anantnag,"Anantnag (PM-10, PM-2.5) 1084",2025-09-01,115.47263975268164,116.0,48.0125795381527,13.333333333333334,7.004437724120929,9,2025,-1.0,-1.8369701987210297e-16,118.0,112.0,113.0,93.0,69.6,118.0,112.0,113.0,93.0,116.0,53.285714285714285,54.142857142857146,55.0,40.0,44.75875123491821,13.666666666666666,14.0,8.0,13.0,15.228573679337307,6.726191726059878,6.0,3.0,6.0,7.615223189308051,114.33333333333333,98.63518011080625,3.2145502536642763,54.142857142857146
Kashmir,Anantnag,"Anantnag (PM-10, PM-2.5) 1084",2025-10-01,114.0,114.0,46.77341689758172,13.0,6.931338099970007,10,2025,-0.8660254037844386,0.5000000000000001,115.47263975268164,118.0,112.0,81.81108066483752,161.0,116.0,118.0,112.0,83.5,161.0,48.0125795381527,53.285714285714285,54.142857142857146,35.5,49.15408327562884,13.333333333333334,13.666666666666666,14.0,11.5,23.30216150846696,7.004437724120929,6.726191726059878,6.0,4.077987770873727,9.796965419461316,115.1575465842272,102.38062006958653,3.0123848988143465,51.81371698890805
Kashmir,Anantnag,"Anantnag (PM-10, PM-2.5) 1084",2025-11-01,127.0,127.0,47.62693313221183,17.0,8.16445758763135,11,2025,-0.5000000000000004,0.8660254037844384,114.0,115.47263975268164,118.0,74.0,161.0,114.0,116.0,118.0,74.0,161.0,46.77341689758172,48.0125795381527,53.285714285714285,31.0,50.0,13.0,13.333333333333334,13.666666666666666,10.0,29.0,6.931338099970007,7.004437724120929,6.726191726059878,5.0,14.0,115.82421325089388,107.74543995878027,2.0230429910122085,49.35723690714957
Kashmir,Anantnag,"Anantnag (PM-10, PM-2.5) 1084",2025-12-01,136.0,136.0,73.39108883300645,17.0,7.829903691843979,12,2025,-2.4492935982947064e-16,1.0,127.0,114.0,115.47263975268164,113.0,140.46568935889087,127.0,114.0,116.0,113.0,131.0,47.62693313221183,46.77341689758172,48.0125795381527,55.0,59.0,17.0,13.0,13.333333333333334,8.0,16.0,8.16445758763135,6.931338099970007,7.004437724120929,3.0,10.0,118.82421325089388,116.57877329211361,7.118622316532784,47.470976522648755
Kashmir,Anantnag,"Anantnag (PM-10, PM-2.5) 1084",2026-01-01,104.0,104.0,48.35295506600739,13.0,6.1190956231957045,1,2026,0.49999999999999994,0.8660254037844387,136.0,127.0,114.0,112.0,104.0,136.0,127.0,114.0,112.0,92.0,73.39108883300645,47.62693313221183,46.77341689758172,54.142857142857146,51.0,17.0,17.0,13.0,14.0,12.0,7.829903691843979,8.16445758763135,6.931338099970007,6.0,7.0,125.66666666666667,120.41210662544694,11.060440015358015,55.93047962093334
Kashmir,Anantnag,"Anantnag (PM-10, PM-2.5) 1084",2026-02-01,101.64586100820416,100.71428571428572,43.421405218276135,12.928571428571429,5.5353337065319685,2,2026,0.8660254037844386,0.5000000000000001,104.0,136.0,127.0,118.0,120.0,104.0,136.0,127.0,118.0,120.0,48.35295506600739,73.39108883300645,47.62693313221183,53.285714285714285,58.0,13.0,17.0,17.0,13.666666666666666,15.0,6.1190956231957045,7.829903691843979,8.16445758763135,6.726191726059878,8.0,122.33333333333333,119.07877329211361,16.5025250593154,56.456992343741895
Kashmir,Anantnag,"Anantnag (PM-10, PM-2.5) 1084",2026-03-01,101.64586100820416,97.42857142857144,30.84181106152545,12.857142857142858,3.5995117532400447,3,2026,1.0,6.123233995736766e-17,101.64586100820416,104.0,136.0,115.47263975268164,93.0,100.71428571428572,104.0,136.0,116.0,93.0,43.421405218276135,48.35295506600739,73.39108883300645,48.0125795381527,40.0,12.928571428571429,13.0,17.0,13.333333333333334,13.0,5.5353337065319685,6.1190956231957045,7.829903691843979,7.004437724120929,6.0,113.8819536694014,116.35308346014763,19.190921622216393,55.055149705763334
Kashmir,Srinagar,"Bagh-Ali Mardan Khan (PM-10, PM-2.5) 1077",2023-01-01,108.0,65.0,43.0,13.0,7.0,1,2023,0.49999999999999994,0.8660254037844387,109.0,88.66608417398515,80.0,27.0,103.80421674116124,66.0,55.5,45.0,45.0,95.72727272727272,42.0,38.0,34.0,18.0,33.333355323576406,15.0,13.0,11.0,18.0,15.090909090909092,9.0,6.256633498302223,6.0,3.209586733428185,3.6362194186693135,92.55536139132839,68.61101402899753,14.88606254034319,38.0
Kashmir,Srinagar,"Bagh-Ali Mardan Khan (PM-10, PM-2.5) 1077",2023-02-01,109.0,74.0,35.0,15.0,9.0,2,2023,0.8660254037844386,0.5000000000000001,108.0,109.0,88.66608417398515,27.0,57.43636363636363,65.0,66.0,55.5,45.0,95.72727272727272,43.0,42.0,38.0,29.43350696932332,28.660975646353226,13.0,15.0,13.0,11.777650447830828,17.838655801713593,7.0,9.0,6.256633498302223,5.211755042662861,3.1814714351396254,101.88869472466172,82.11101402899753,11.462027409282674,41.0
Kashmir,Srinagar,"Bagh-Ali Mardan Khan (PM-10, PM-2.5) 1077",2023-03-01,121.0,97.0,23.0,19.0,11.0,3,2023,1.0,6.123233995736766e-17,109.0,108.0,109.0,80.0,57.43636363636363,74.0,65.0,66.0,45.0,95.72727272727272,35.0,43.0,42.0,29.43350696932332,27.245935611891813,15.0,13.0,15.0,11.777650447830828,16.35974384221375,9.0,7.0,9.0,5.211755042662861,3.030356886375052,108.66666666666667,95.77768069566419,0.5773502691895509,40.0
Kashmir,Srinagar,"Bagh-Ali Mardan Khan (PM-10, PM-2.5) 1077",2023-04-01,96.64802024753732,91.625,26.5,17.875,3.128532545625872,4,2023,0.8660254037844387,-0.4999999999999998,121.0,109.0,108.0,80.0,57.43636363636363,97.0,74.0,65.0,45.0,95.72727272727272,23.0,35.0,43.0,34.0,27.245935611891813,19.0,15.0,13.0,11.0,16.35974384221375,11.0,9.0,7.0,6.0,3.030356886375052,112.66666666666667,102.61101402899753,7.234178138070227,33.666666666666664
Kashmir,Srinagar,"Bagh-Ali Mardan Khan (PM-10, PM-2.5) 1077",2023-05-01,96.64802024753732,86.25,30.0,16.75,3.030356886375052,5,2023,0.49999999999999994,-0.8660254037844387,96.64802024753732,121.0,109.0,88.66608417398515,57.43636363636363,91.625,97.0,74.0,55.5,95.72727272727272,26.5,23.0,35.0,38.0,27.245935611891813,17.875,19.0,15.0,13.0,16.35974384221375,3.128532545625872,11.0,9.0,6.256633498302223,3.030356886375052,108.88267341584577,105.38568407025373,12.17641382393026,28.16666666666667
Kashmir,Srinagar,"Bagh-Ali Mardan Khan (PM-10, PM-2.5) 1077",2023-06-01,51.75,86.25,32.99920188168114,15.5253028439602,3.623796294796823,6,2023,1.2246467991473532e-16,-1.0,96.64802024753732,96.64802024753732,121.0,109.0,27.0,86.25,91.625,97.0,66.0,45.0,30.0,26.5,23.0,42.0,18.0,16.75,17.875,19.0,15.0,18.0,3.030356886375052,3.128532545625872,11.0,9.0,3.601708579790956,104.76534683169155,106.7160067491791,14.059622065384639,26.500000000000004
Kashmir,Srinagar,"Bagh-Ali Mardan Khan (PM-10, PM-2.5) 1077",2023-07-01,51.75,86.25,34.53172172784067,14.75155019251247,4.068826163558235,7,2023,-0.4999999999999997,-0.8660254037844388,51.75,96.64802024753732,96.64802024753732,108.0,27.0,86.25,86.25,91.625,65.0,45.0,32.99920188168114,30.0,26.5,43.0,18.0,15.5253028439602,16.75,17.875,13.0,18.0,3.623796294796823,3.030356886375052,3.128532545625872,7.0,3.209586733428185,81.68201349835822,97.17434008251244,25.92188407599694,29.83306729389372
Kashmir,Srinagar,"Bagh-Ali Mardan Khan (PM-10, PM-2.5) 1077",2023-08-01,51.75,86.25,34.53172172784067,14.75155019251247,4.068826163558235,8,2023,-0.8660254037844384,-0.5000000000000004,51.75,51.75,96.64802024753732,109.0,27.0,86.25,86.25,86.25,74.0,45.0,34.53172172784067,32.99920188168114,30.0,35.0,29.43350696932332,14.75155019251247,15.5253028439602,16.75,15.0,11.777650447830828,4.068826163558235,3.623796294796823,3.030356886375052,9.0,5.211755042662861,66.7160067491791,87.79934008251244,25.92188407599694,32.51030786984061
Kashmir,Srinagar,"Bagh-Ali Mardan Khan (PM-10, PM-2.5) 1077",2023-09-01,32.4,54.0,30.129265948223445,9.23410712798914,3.207975935753772,9,2023,-1.0,-1.8369701987210297e-16,51.75,51.75,51.75,121.0,80.0,86.25,86.25,86.25,97.0,45.0,34.53172172784067,34.53172172784067,32.99920188168114,23.0,29.43350696932332,14.75155019251247,14.75155019251247,15.5253028439602,19.0,11.777650447830828,4.068826163558235,4.068826163558235,3.623796294796823,11.0,5.211755042662861,51.75,78.25767341584577,0.0,34.02088177912083
Kashmir,Srinagar,"Bagh-Ali Mardan Khan (PM-10, PM-2.5) 1077",2023-10-01,105.0,54.0,26.56839817218463,11.572017609528965,4.435730855160613,10,2023,-0.8660254037844386,0.5000000000000001,32.4,51.75,51.75,96.64802024753732,80.0,54.0,86.25,86.25,91.625,45.0,30.129265948223445,34.53172172784067,34.53172172784067,26.5,34.0,9.23410712798914,14.75155019251247,14.75155019251247,17.875,11.0,3.207975935753772,4.068826163558235,4.068826163558235,3.128532545625872,6.0,45.300000000000004,63.4910067491791,11.171727708819258,33.064236467968264
Kashmir,Srinagar,"Bagh-Ali Mardan Khan (PM-10, PM-2.5) 1077",2023-11-01,105.0,54.0,51.0,10.0,4.0,11,2023,-0.5000000000000004,0.8660254037844384,105.0,32.4,51.75,96.64802024753732,88.66608417398515,54.0,54.0,86.25,86.25,55.5,26.56839817218463,30.129265948223445,34.53172172784067,30.0,38.0,11.572017609528965,9.23410712798914,14.75155019251247,16.75,13.0,4.435730855160613,3.207975935753772,4.068826163558235,3.030356886375052,6.256633498302223,63.050000000000004,64.88300337458955,37.59597717841631,30.409795282749585
Kashmir,Srinagar,"Bagh-Ali Mardan Khan (PM-10, PM-2.5) 1077",2023-12-01,109.83832521965005,72.0,31.0,19.0,6.280472449601506,12,2023,-2.4492935982947064e-16,1.0,105.0,105.0,32.4,51.75,109.0,54.0,54.0,54.0,86.25,66.0,51.0,26.56839817218463,30.129265948223445,32.99920188168114,42.0,10.0,11.572017609528965,9.23410712798914,15.5253028439602,15.0,4.0,4.435730855160613,3.207975935753772,3.623796294796823,9.0,80.8,66.27499999999999,41.91562954316684,35.899221373469366
Kashmir,Srinagar,"Bagh-Ali Mardan Khan (PM-10, PM-2.5) 1077",2024-01-01,138.0,138.0,47.0,28.0,1.0,1,2024,0.49999999999999994,0.8660254037844387,109.83832521965005,105.0,105.0,51.75,108.0,72.0,54.0,54.0,86.25,65.0,31.0,51.0,26.56839817218463,34.53172172784067,43.0,19.0,10.0,11.572017609528965,14.75155019251247,13.0,6.280472449601506,4.0,4.435730855160613,4.068826163558235,7.0,106.6127750732167,75.95638753660835,2.793408367991909,36.189466057394874
Kashmir,Srinagar,"Bagh-Ali Mardan Khan (PM-10, PM-2.5) 1077",2024-02-01,133.0,133.0,63.0,27.0,15.0,2,2024,0.8660254037844386,0.5000000000000001,138.0,109.83832521965005,105.0,51.75,109.0,138.0,72.0,54.0,86.25,74.0,47.0,31.0,51.0,34.53172172784067,35.0,28.0,19.0,10.0,14.75155019251247,15.0,1.0,6.280472449601506,4.0,4.068826163558235,9.0,117.6127750732167,90.33138753660835,17.82081796366869,43.0
Kashmir,Srinagar,"Bagh-Ali Mardan Khan (PM-10, PM-2.5) 1077",2024-03-01,82.0,82.0,54.0,15.0,10.0,3,2024,1.0,6.123233995736766e-17,133.0,138.0,109.83832521965005,32.4,121.0,133.0,138.0,72.0,54.0,97.0,63.0,47.0,31.0,30.129265948223445,23.0,27.0,28.0,19.0,9.23410712798914,19.0,15.0,1.0,6.280472449601506,3.207975935753772,11.0,126.94610840655002,103.873054203275,15.02521827387153,47.0
Kashmir,Srinagar,"Bagh-Ali Mardan Khan (PM-10, PM-2.5) 1077",2024-04-01,102.0,102.0,93.0,23.0,11.0,4,2024,0.8660254037844387,-0.4999999999999998,82.0,133.0,138.0,105.0,96.64802024753732,82.0,133.0,138.0,54.0,91.625,54.0,63.0,47.0,26.56839817218463,26.5,15.0,27.0,28.0,11.572017609528965,17.875,10.0,15.0,1.0,4.435730855160613,3.128532545625872,117.66666666666667,112.13972086994168,30.989245446337243,54.666666666666664
Kashmir,Srinagar,"Bagh-Ali Mardan Khan (PM-10, PM-2.5) 1077",2024-05-01,113.41284027532238,107.66666666666669,92.88888888888889,22.428571428571427,7.373542445511503,5,2024,0.49999999999999994,-0.8660254037844387,102.0,82.0,133.0,105.0,96.64802024753732,102.0,82.0,133.0,54.0,86.25,93.0,54.0,63.0,51.0,30.0,23.0,15.0,27.0,10.0,16.75,11.0,10.0,15.0,4.0,3.030356886375052,105.66666666666667,111.63972086994168,25.696951829610718,70.0
Kashmir,Srinagar,"Bagh-Ali Mardan Khan (PM-10, PM-2.5) 1077",2024-06-01,113.41284027532238,113.33333333333331,92.77777777777776,21.857142857142858,7.382987328608506,6,2024,1.2246467991473532e-16,-1.0,113.41284027532238,102.0,82.0,109.83832521965005,51.75,107.66666666666669,102.0,82.0,72.0,86.25,92.88888888888889,93.0,54.0,31.0,32.99920188168114,22.428571428571427,23.0,15.0,19.0,15.5253028439602,7.373542445511503,11.0,10.0,6.280472449601506,3.623796294796823,99.13761342510746,113.04186091582874,15.900835708189149,79.96296296296296
Kashmir,Srinagar,"Bagh-Ali Mardan Khan (PM-10, PM-2.5) 1077",2024-07-01,68.0,113.33333333333331,46.64461624941237,17.871372384475784,8.345023404944133,7,2024,-0.4999999999999997,-0.8660254037844388,113.41284027532238,113.41284027532238,102.0,138.0,51.75,113.33333333333331,107.66666666666669,102.0,138.0,86.25,92.77777777777776,92.88888888888889,93.0,47.0,34.53172172784067,21.857142857142858,22.428571428571427,23.0,28.0,14.75155019251247,7.382987328608506,7.373542445511503,11.0,1.0,4.068826163558235,109.60856018354825,113.63761342510746,6.589206405175613,92.88888888888887
Kashmir,Srinagar,"Bagh-Ali Mardan Khan (PM-10, PM-2.5) 1077",2024-08-01,68.0,113.33333333333331,38.33787106356415,15.194928859586332,4.780934968037135,8,2024,-0.8660254037844384,-0.5000000000000004,68.0,113.41284027532238,113.41284027532238,133.0,51.75,113.33333333333331,113.33333333333331,107.66666666666669,133.0,86.25,46.64461624941237,92.77777777777776,92.88888888888889,63.0,34.53172172784067,17.871372384475784,21.857142857142858,22.428571428571427,27.0,14.75155019251247,8.345023404944133,7.382987328608506,7.373542445511503,15.0,4.068826163558235,98.2752268502149,101.97094675844079,26.219115557622857,77.43709430535968
Kashmir,Srinagar,"Bagh-Ali Mardan Khan (PM-10, PM-2.5) 1077",2024-09-01,136.0,136.0,46.77675255470868,19.224659242441167,8.393613764931782,9,2024,-1.0,-1.8369701987210297e-16,68.0,68.0,113.41284027532238,82.0,32.4,113.33333333333331,113.33333333333331,113.33333333333331,82.0,54.0,38.33787106356415,46.64461624941237,92.77777777777776,54.0,30.129265948223445,15.194928859586332,17.871372384475784,21.857142857142858,15.0,9.23410712798914,4.780934968037135,8.345023404944133,7.382987328608506,10.0,3.207975935753772,83.13761342510746,91.13761342510746,26.219115557622853,59.25342169691809
Kashmir,Srinagar,"Bagh-Ali Mardan Khan (PM-10, PM-2.5) 1077",2024-10-01,136.0,136.0,74.5584189480339,18.04914031696213,8.082101484479931,10,2024,-0.8660254037844386,0.5000000000000001,136.0,68.0,68.0,102.0,105.0,136.0,113.33333333333331,113.33333333333331,102.0,54.0,46.77675255470868,38.33787106356415,46.64461624941237,93.0,26.56839817218463,19.224659242441167,15.194928859586332,17.871372384475784,23.0,11.572017609528965,8.393613764931782,4.780934968037135,8.345023404944133,11.0,4.435730855160613,90.66666666666667,100.13761342510746,39.25981830489455,43.91974662256174
Kashmir,Srinagar,"Bagh-Ali Mardan Khan (PM-10, PM-2.5) 1077",2024-11-01,150.0,150.0,50.36782610459604,19.0,4.0,11,2024,-0.5000000000000004,0.8660254037844384,136.0,136.0,68.0,113.41284027532238,105.0,136.0,136.0,113.33333333333331,107.66666666666669,54.0,74.5584189480339,46.77675255470868,38.33787106356415,92.88888888888889,51.0,18.04914031696213,19.224659242441167,15.194928859586332,22.428571428571427,10.0,8.082101484479931,8.393613764931782,4.780934968037135,7.373542445511503,4.0,113.33333333333333,105.80428009177412,39.25981830489455,53.22434752210225
Kashmir,Srinagar,"Bagh-Ali Mardan Khan (PM-10, PM-2.5) 1077",2024-12-01,123.70626824507602,118.0,38.02789135601919,18.5,6.0,12,2024,-2.4492935982947064e-16,1.0,150.0,136.0,136.0,113.41284027532238,109.83832521965005,150.0,136.0,136.0,113.33333333333331,72.0,50.36782610459604,74.5584189480339,46.77675255470868,92.77777777777776,31.0,19.0,18.04914031696213,19.224659242441167,21.857142857142858,19.0,4.0,8.082101484479931,8.393613764931782,7.382987328608506,6.280472449601506,140.66666666666666,111.90214004588707,8.082903768654765,57.234332535779544
Kashmir,Srinagar,"Bagh-Ali Mardan Khan (PM-10, PM-2.5) 1077",2025-01-01,118.0,118.0,92.0,18.0,14.0,1,2025,0.49999999999999994,0.8660254037844387,123.70626824507602,150.0,136.0,68.0,138.0,118.0,150.0,136.0,113.33333333333331,138.0,38.02789135601919,50.36782610459604,74.5584189480339,46.64461624941237,47.0,18.5,19.0,18.04914031696213,17.871372384475784,28.0,6.0,4.0,8.082101484479931,8.345023404944133,1.0,136.568756081692,113.61771137417934,13.156089654997068,54.31804546954971
Kashmir,Srinagar,"Bagh-Ali Mardan Khan (PM-10, PM-2.5) 1077",2025-02-01,116.0,116.0,99.0,16.0,12.0,2,2025,0.8660254037844386,0.5000000000000001,118.0,123.70626824507602,150.0,68.0,133.0,118.0,118.0,150.0,113.33333333333331,133.0,92.0,38.02789135601919,50.36782610459604,38.33787106356415,63.0,18.0,18.5,19.0,15.194928859586332,27.0,14.0,6.0,4.0,4.780934968037135,15.0,130.568756081692,121.95104470751266,17.068107817821435,60.13190582020508
Kashmir,Srinagar,"Bagh-Ali Mardan Khan (PM-10, PM-2.5) 1077",2025-03-01,77.0,77.0,93.25,21.0,13.0,3,2025,1.0,6.123233995736766e-17,116.0,118.0,123.70626824507602,136.0,82.0,116.0,118.0,118.0,136.0,82.0,99.0,92.0,38.02789135601919,46.77675255470868,54.0,16.0,18.0,18.5,19.224659242441167,15.0,12.0,14.0,6.0,8.393613764931782,10.0,119.23542274835866,129.95104470751266,3.9989179275947966,76.34263045200639
Kashmir,Srinagar,"Bagh-Ali Mardan Khan (PM-10, PM-2.5) 1077",2025-04-01,87.0,87.0,87.5,19.0,7.71486089740212,4,2025,0.8660254037844387,-0.4999999999999998,77.0,116.0,118.0,136.0,102.0,77.0,116.0,118.0,136.0,102.0,93.25,99.0,92.0,74.5584189480339,93.0,21.0,16.0,18.0,18.04914031696213,23.0,13.0,12.0,14.0,8.082101484479931,11.0,103.66666666666667,120.11771137417934,23.115651263447777,94.75
Kashmir,Srinagar,"Bagh-Ali Mardan Khan (PM-10, PM-2.5) 1077",2025-05-01,83.32774620574666,83.25,32.67654578961312,17.0,3.8021243346250007,5,2025,0.49999999999999994,-0.8660254037844387,87.0,77.0,116.0,150.0,113.41284027532238,87.0,77.0,116.0,150.0,107.66666666666669,87.5,93.25,99.0,50.36782610459604,92.88888888888889,19.0,21.0,16.0,19.0,22.428571428571427,7.71486089740212,13.0,12.0,4.0,7.373542445511503,93.33333333333333,111.95104470751266,20.256686138984715,93.25
Kashmir,Srinagar,"Bagh-Ali Mardan Khan (PM-10, PM-2.5) 1077",2025-06-01,83.32774620574666,79.5,33.80211644471017,13.770607985592262,3.935407923306104,6,2025,1.2246467991473532e-16,-1.0,83.32774620574666,87.0,77.0,123.70626824507602,113.41284027532238,83.25,87.0,77.0,118.0,113.33333333333331,32.67654578961312,87.5,93.25,38.02789135601919,92.77777777777776,17.0,19.0,21.0,18.5,21.857142857142858,3.8021243346250007,7.71486089740212,13.0,6.0,7.382987328608506,82.44258206858223,100.83900240847045,5.058422349141516,71.14218192987104
Kashmir,Srinagar,"Bagh-Ali Mardan Khan (PM-10, PM-2.5) 1077",2025-07-01,72.0,75.75,30.4799697026226,12.897749571232705,4.523080757170671,7,2025,-0.4999999999999997,-0.8660254037844388,83.32774620574666,83.32774620574666,87.0,118.0,68.0,79.5,83.25,87.0,118.0,113.33333333333331,33.80211644471017,32.67654578961312,87.5,92.0,46.64461624941237,13.770607985592262,17.0,19.0,18.0,17.871372384475784,3.935407923306104,3.8021243346250007,7.71486089740212,14.0,8.345023404944133,84.55183080383111,94.1092487352489,2.120176716645423,51.326220744774425
Kashmir,Srinagar,"Bagh-Ali Mardan Khan (PM-10, PM-2.5) 1077",2025-08-01,72.0,72.0,27.04308750280056,11.0,5.0,8,2025,-0.8660254037844384,-0.5000000000000004,72.0,83.32774620574666,83.32774620574666,116.0,68.0,75.75,79.5,83.25,116.0,113.33333333333331,30.4799697026226,33.80211644471017,32.67654578961312,99.0,38.33787106356415,12.897749571232705,13.770607985592262,17.0,16.0,15.194928859586332,4.523080757170671,3.935407923306104,3.8021243346250007,12.0,4.780934968037135,79.55183080383111,86.44258206858223,6.540077321199836,32.31954397898196
Kashmir,Srinagar,"Bagh-Ali Mardan Khan (PM-10, PM-2.5) 1077",2025-09-01,68.0,68.0,29.47763076288295,14.2,4.151108351747411,9,2025,-1.0,-1.8369701987210297e-16,72.0,72.0,83.32774620574666,77.0,136.0,72.0,75.75,79.5,77.0,136.0,27.04308750280056,30.4799697026226,33.80211644471017,93.25,46.77675255470868,11.0,12.897749571232705,13.770607985592262,21.0,19.224659242441167,5.0,4.523080757170671,3.935407923306104,13.0,8.393613764931782,75.77591540191555,79.1092487352489,6.540077321199859,30.44172455004444
Kashmir,Srinagar,"Bagh-Ali Mardan Khan (PM-10, PM-2.5) 1077",2025-10-01,71.0,62.0,53.0,17.4,7.354401471021647,10,2025,-0.8660254037844386,0.5000000000000001,68.0,72.0,72.0,87.0,136.0,68.0,72.0,75.75,87.0,136.0,29.47763076288295,27.04308750280056,30.4799697026226,87.5,74.5584189480339,14.2,11.0,12.897749571232705,19.0,18.04914031696213,4.151108351747411,5.0,4.523080757170671,7.71486089740212,8.082101484479931,70.66666666666667,77.6092487352489,2.309401076758505,29.000229322768703
Kashmir,Srinagar,"Bagh-Ali Mardan Khan (PM-10, PM-2.5) 1077",2025-11-01,80.0,82.0,80.0,13.439012401413866,6.717100439186722,11,2025,-0.5000000000000004,0.8660254037844384,71.0,68.0,72.0,83.32774620574666,150.0,62.0,68.0,72.0,83.25,150.0,53.0,29.47763076288295,27.04308750280056,32.67654578961312,50.36782610459604,17.4,14.2,11.0,17.0,19.0,7.354401471021647,4.151108351747411,5.0,3.8021243346250007,4.0,70.33333333333333,74.94258206858223,2.0816659994661366,36.50690608856117
Kashmir,Srinagar,"Bagh-Ali Mardan Khan (PM-10, PM-2.5) 1077",2025-12-01,99.75683492843072,102.0,80.8,20.45771839716102,7.123189011757064,12,2025,-2.4492935982947064e-16,1.0,80.0,71.0,68.0,83.32774620574666,123.70626824507602,82.0,62.0,68.0,79.5,118.0,80.0,53.0,29.47763076288295,33.80211644471017,38.02789135601919,13.439012401413866,17.4,14.2,13.770607985592262,18.5,6.717100439186722,7.354401471021647,4.151108351747411,3.935407923306104,6.0,73.0,74.38795770095778,6.244997998398399,54.159210254294315
Kashmir,Srinagar,"Bagh-Ali Mardan Khan (PM-10, PM-2.5) 1077",2026-01-01,122.0,122.0,81.6,27.0,6.208593772279195,1,2026,0.49999999999999994,0.8660254037844387,99.75683492843072,80.0,71.0,72.0,118.0,102.0,82.0,62.0,75.75,118.0,80.8,80.0,53.0,30.4799697026226,92.0,20.45771839716102,13.439012401413866,17.4,12.897749571232705,18.0,7.123189011757064,6.717100439186722,7.354401471021647,4.523080757170671,14.0,83.58561164281024,77.12613915473845,14.709906421015926,71.26666666666667
Kashmir,Srinagar,"Bagh-Ali Mardan Khan (PM-10, PM-2.5) 1077",2026-02-01,119.0,119.0,54.96174495835418,25.0,9.875443917735783,2,2026,0.8660254037844386,0.5000000000000001,122.0,99.75683492843072,80.0,72.0,116.0,122.0,102.0,82.0,72.0,116.0,81.6,80.8,80.0,27.04308750280056,99.0,27.0,20.45771839716102,13.439012401413866,11.0,16.0,6.208593772279195,7.123189011757064,6.717100439186722,5.0,12.0,100.58561164281025,85.4594724880718,21.01226197085225,80.8
Kashmir,Srinagar,"Bagh-Ali Mardan Khan (PM-10, PM-2.5) 1077",2026-03-01,118.92129401790204,117.79032258064515,55.22597972067786,24.272727272727277,9.875443917735783,3,2026,1.0,6.123233995736766e-17,119.0,122.0,99.75683492843072,68.0,77.0,119.0,122.0,102.0,68.0,77.0,54.96174495835418,81.6,80.8,29.47763076288295,93.25,25.0,27.0,20.45771839716102,14.2,21.0,9.875443917735783,6.208593772279195,7.123189011757064,4.151108351747411,13.0,113.58561164281025,93.29280582140512,12.069643700711492,72.45391498611805
Kashmir,Bandipora,"Bandipora (PM-10, PM-2.5) 1085",2023-01-01,91.0,28.0,63.0,4.0,2.0,1,2023,0.49999999999999994,0.8660254037844387,95.0,95.0,34.8,94.39309303217156,58.457142857142856,58.0,58.0,58.0,97.17726946547948,97.42857142857144,37.0,32.686426621730014,32.686426621730014,45.4194897078592,36.19981990256799,12.0,10.006987550334108,10.006987550334108,16.90828403592742,17.73583645375465,7.0,4.734001704514372,4.734001704514372,5.830875792682721,4.219940712322809,74.93333333333334,64.79884883869526,34.75648620521548,34.124284414486674
Kashmir,Bandipora,"Bandipora (PM-10, PM-2.5) 1085",2023-02-01,109.0,64.0,45.0,13.0,6.0,2,2023,0.8660254037844386,0.5000000000000001,91.0,95.0,95.0,34.8,58.457142857142856,28.0,58.0,58.0,58.0,97.42857142857144,63.0,37.0,32.686426621730014,23.200000000000003,33.88080452884993,4.0,12.0,10.006987550334108,23.200000000000003,17.4576460241064,2.0,7.0,4.734001704514372,4.662290759422938,3.623796294796823,93.66666666666667,64.23333333333333,2.309401076758505,44.228808873910005
Kashmir,Bandipora,"Bandipora (PM-10, PM-2.5) 1085",2023-03-01,108.0,69.33333333333333,108.0,14.0,6.925503335312814,3,2023,1.0,6.123233995736766e-17,109.0,91.0,95.0,34.8,58.457142857142856,64.0,28.0,58.0,58.0,97.42857142857144,45.0,63.0,37.0,23.200000000000003,33.88080452884993,13.0,4.0,12.0,23.200000000000003,17.4576460241064,6.0,2.0,7.0,4.621053430177716,3.623796294796823,98.33333333333333,76.60000000000001,9.45163125250522,48.333333333333336
Kashmir,Bandipora,"Bandipora (PM-10, PM-2.5) 1085",2023-04-01,124.26642428759872,74.66666666666667,102.55555555555556,15.0,7.2681259897926385,4,2023,0.8660254037844387,-0.4999999999999998,108.0,109.0,91.0,34.8,58.457142857142856,69.33333333333333,64.0,28.0,58.0,97.42857142857144,108.0,45.0,63.0,32.686426621730014,33.88080452884993,14.0,13.0,4.0,10.006987550334108,17.4576460241064,6.925503335312814,6.0,2.0,4.734001704514372,3.623796294796823,102.66666666666667,88.8,10.11599393699568,72.0
Kashmir,Bandipora,"Bandipora (PM-10, PM-2.5) 1085",2023-05-01,124.26642428759872,74.66666666666667,97.11111111111111,12.437655131327029,5.906356227539214,5,2023,0.49999999999999994,-0.8660254037844387,124.26642428759872,108.0,109.0,95.0,58.457142857142856,74.66666666666667,69.33333333333333,64.0,58.0,97.42857142857144,102.55555555555556,108.0,45.0,32.686426621730014,33.88080452884993,15.0,14.0,13.0,10.006987550334108,17.4576460241064,7.2681259897926385,6.925503335312814,6.0,4.734001704514372,3.623796294796823,113.75547476253291,103.71107071459978,9.116471079253252,85.18518518518518
Kashmir,Bandipora,"Bandipora (PM-10, PM-2.5) 1085",2023-06-01,44.8,74.66666666666667,37.06007239187375,11.469250287239085,4.954533812342765,6,2023,1.2246467991473532e-16,-1.0,124.26642428759872,124.26642428759872,108.0,95.0,94.39309303217156,74.66666666666667,74.66666666666667,69.33333333333333,58.0,97.17726946547948,97.11111111111111,102.55555555555556,108.0,37.0,45.4194897078592,12.437655131327029,15.0,14.0,12.0,16.90828403592742,5.906356227539214,7.2681259897926385,6.925503335312814,7.0,5.830875792682721,118.84428285839915,108.58880809586624,9.391424441197785,102.55555555555556
Kashmir,Bandipora,"Bandipora (PM-10, PM-2.5) 1085",2023-07-01,44.8,74.66666666666667,37.06007239187375,11.469250287239085,4.954533812342765,7,2023,-0.4999999999999997,-0.8660254037844388,44.8,124.26642428759872,124.26642428759872,91.0,94.39309303217156,74.66666666666667,74.66666666666667,74.66666666666667,28.0,97.17726946547948,37.06007239187375,97.11111111111111,102.55555555555556,63.0,45.4194897078592,11.469250287239085,12.437655131327029,15.0,4.0,16.90828403592742,4.954533812342765,5.906356227539214,7.2681259897926385,2.0,5.830875792682721,97.77761619173248,100.22214142919957,45.87996145398213,78.90891301951348
Kashmir,Bandipora,"Bandipora (PM-10, PM-2.5) 1085",2023-08-01,44.8,74.66666666666667,37.06007239187375,11.469250287239085,4.954533812342765,8,2023,-0.8660254037844384,-0.5000000000000004,44.8,44.8,124.26642428759872,109.0,34.8,74.66666666666667,74.66666666666667,74.66666666666667,64.0,58.0,37.06007239187375,37.06007239187375,97.11111111111111,45.0,23.200000000000003,11.469250287239085,11.469250287239085,12.437655131327029,13.0,23.200000000000003,4.954533812342765,4.954533812342765,5.906356227539214,6.0,4.662290759422938,71.28880809586623,92.52214142919956,45.87996145398213,57.077085298286214
Kashmir,Bandipora,"Bandipora (PM-10, PM-2.5) 1085",2023-09-01,57.10000000000001,79.5,39.54505429390531,12.351937715429314,5.3833903883835,9,2023,-1.0,-1.8369701987210297e-16,44.8,44.8,44.8,108.0,34.8,74.66666666666667,74.66666666666667,74.66666666666667,69.33333333333333,58.0,37.06007239187375,37.06007239187375,37.06007239187375,108.0,23.200000000000003,11.469250287239085,11.469250287239085,11.469250287239085,14.0,23.200000000000003,4.954533812342765,4.954533812342765,4.954533812342765,6.925503335312814,4.621053430177716,44.8,81.82214142919958,0.0,37.06007239187375
Kashmir,Bandipora,"Bandipora (PM-10, PM-2.5) 1085",2023-10-01,76.8,128.0,51.2,51.2,10.109605482604415,10,2023,-0.8660254037844386,0.5000000000000001,57.10000000000001,44.8,44.8,124.26642428759872,34.8,79.5,74.66666666666667,74.66666666666667,74.66666666666667,58.0,39.54505429390531,37.06007239187375,37.06007239187375,102.55555555555556,32.686426621730014,12.351937715429314,11.469250287239085,11.469250287239085,15.0,10.006987550334108,5.3833903883835,4.954533812342765,4.954533812342765,7.2681259897926385,4.734001704514372,48.9,73.33880809586624,7.101408311032404,37.88839969255094
Kashmir,Bandipora,"Bandipora (PM-10, PM-2.5) 1085",2023-11-01,127.0,128.0,59.0,51.2,6.0731083480622585,11,2023,-0.5000000000000004,0.8660254037844384,76.8,57.10000000000001,44.8,124.26642428759872,95.0,128.0,79.5,74.66666666666667,74.66666666666667,58.0,51.2,39.54505429390531,37.06007239187375,97.11111111111111,32.686426621730014,51.2,12.351937715429314,11.469250287239085,12.437655131327029,10.006987550334108,10.109605482604415,5.3833903883835,4.954533812342765,5.906356227539214,4.734001704514372,59.56666666666666,65.42773738126645,16.14197426999973,42.60170889525969
Kashmir,Bandipora,"Bandipora (PM-10, PM-2.5) 1085",2023-12-01,127.0,128.0,59.0,18.675649886827717,8.196241852864027,12,2023,-2.4492935982947064e-16,1.0,127.0,76.8,57.10000000000001,44.8,95.0,128.0,128.0,79.5,74.66666666666667,58.0,59.0,51.2,39.54505429390531,37.06007239187375,37.0,51.2,51.2,12.351937715429314,11.469250287239085,12.0,6.0731083480622585,10.109605482604415,5.3833903883835,4.954533812342765,7.0,86.96666666666665,65.88333333333334,36.04196628006487,49.91501809796844
Kashmir,Bandipora,"Bandipora (PM-10, PM-2.5) 1085",2024-01-01,128.09857743615464,128.0,52.5,18.675649886827717,8.196241852864027,1,2024,0.49999999999999994,0.8660254037844387,127.0,127.0,76.8,44.8,91.0,128.0,128.0,128.0,74.66666666666667,28.0,59.0,59.0,51.2,37.06007239187375,63.0,18.675649886827717,51.2,51.2,11.469250287239085,4.0,8.196241852864027,6.0731083480622585,10.109605482604415,4.954533812342765,2.0,110.26666666666667,79.58333333333333,28.982983513319212,56.400000000000006
Kashmir,Bandipora,"Bandipora (PM-10, PM-2.5) 1085",2024-02-01,128.0,128.0,46.0,25.0,12.0,2,2024,0.8660254037844386,0.5000000000000001,128.09857743615464,127.0,127.0,44.8,109.0,128.0,128.0,128.0,74.66666666666667,64.0,52.5,59.0,59.0,37.06007239187375,45.0,18.675649886827717,18.675649886827717,51.2,11.469250287239085,13.0,8.196241852864027,8.196241852864027,6.0731083480622585,4.954533812342765,6.0,127.36619247871822,93.46642957269243,0.6342639784895293,56.833333333333336
Kashmir,Bandipora,"Bandipora (PM-10, PM-2.5) 1085",2024-03-01,124.0,124.0,15.0,3.0,1.0,3,2024,1.0,6.123233995736766e-17,128.0,128.09857743615464,127.0,57.10000000000001,108.0,128.0,128.0,128.0,79.5,69.33333333333333,46.0,52.5,59.0,39.54505429390531,108.0,25.0,18.675649886827717,18.675649886827717,12.351937715429314,14.0,12.0,8.196241852864027,8.196241852864027,5.3833903883835,6.925503335312814,127.69952581205155,107.33309623935911,0.6078088918603316,52.5
Kashmir,Bandipora,"Bandipora (PM-10, PM-2.5) 1085",2024-04-01,114.0,114.0,57.0,22.0,11.0,4,2024,0.8660254037844387,-0.4999999999999998,124.0,128.0,128.09857743615464,76.8,124.26642428759872,124.0,128.0,128.0,128.0,74.66666666666667,15.0,46.0,52.5,51.2,102.55555555555556,3.0,25.0,18.675649886827717,51.2,15.0,1.0,12.0,8.196241852864027,10.109605482604415,7.2681259897926385,126.69952581205155,118.48309623935911,2.3383774471156547,37.833333333333336
Kashmir,Bandipora,"Bandipora (PM-10, PM-2.5) 1085",2024-05-01,115.18089284129272,116.42857142857144,57.5,20.571428571428573,8.978141707582344,5,2024,0.49999999999999994,-0.8660254037844387,114.0,124.0,128.0,127.0,124.26642428759872,114.0,124.0,128.0,128.0,74.66666666666667,57.0,15.0,46.0,59.0,97.11111111111111,22.0,3.0,25.0,51.2,12.437655131327029,11.0,1.0,12.0,6.0731083480622585,5.906356227539214,122.0,124.68309623935913,7.211102550927978,39.333333333333336
Kashmir,Bandipora,"Bandipora (PM-10, PM-2.5) 1085",2024-06-01,115.18089284129272,118.85714285714286,58.0,19.142857142857142,8.47292361690635,6,2024,1.2246467991473532e-16,-1.0,115.18089284129272,114.0,124.0,127.0,44.8,116.42857142857144,114.0,124.0,128.0,74.66666666666667,57.5,57.0,15.0,59.0,37.06007239187375,20.571428571428573,22.0,3.0,18.675649886827717,11.469250287239085,8.978141707582344,11.0,1.0,8.196241852864027,4.954533812342765,117.72696428043089,122.71324504624124,5.464600610282183,43.166666666666664
Kashmir,Bandipora,"Bandipora (PM-10, PM-2.5) 1085",2024-07-01,71.31428571428572,118.85714285714286,61.59434435108168,17.013476560213192,8.415150229585446,7,2024,-0.4999999999999997,-0.8660254037844388,115.18089284129272,115.18089284129272,114.0,128.09857743615464,44.8,118.85714285714286,116.42857142857144,114.0,128.0,74.66666666666667,58.0,57.5,57.0,52.5,37.06007239187375,19.142857142857142,20.571428571428573,22.0,18.675649886827717,11.469250287239085,8.47292361690635,8.978141707582344,11.0,8.196241852864027,4.954533812342765,114.78726189419514,120.74339385312335,0.6817887998044526,57.5
Kashmir,Bandipora,"Bandipora (PM-10, PM-2.5) 1085",2024-08-01,71.31428571428572,118.85714285714286,57.97683007217773,17.45095889780816,8.35426049697338,8,2024,-0.8660254037844384,-0.5000000000000004,71.31428571428572,115.18089284129272,115.18089284129272,128.0,44.8,118.85714285714286,118.85714285714286,116.42857142857144,128.0,74.66666666666667,61.59434435108168,58.0,57.5,46.0,37.06007239187375,17.013476560213192,19.142857142857142,20.571428571428573,25.0,11.469250287239085,8.415150229585446,8.47292361690635,8.978141707582344,12.0,4.954533812342765,100.55869046562373,111.27934523281185,25.326397433213046,59.031448117027224
Kashmir,Bandipora,"Bandipora (PM-10, PM-2.5) 1085",2024-09-01,71.31428571428572,118.85714285714286,57.97683007217773,17.45095889780816,8.35426049697338,9,2024,-1.0,-1.8369701987210297e-16,71.31428571428572,71.31428571428572,115.18089284129272,124.0,57.10000000000001,118.85714285714286,118.85714285714286,118.85714285714286,124.0,79.5,57.97683007217773,61.59434435108168,58.0,15.0,39.54505429390531,17.45095889780816,17.013476560213192,19.142857142857142,3.0,12.351937715429314,8.35426049697338,8.415150229585446,8.47292361690635,1.0,5.3833903883835,85.93648808995472,101.83172618519279,25.326397433213046,59.190391474419805
Kashmir,Bandipora,"Bandipora (PM-10, PM-2.5) 1085",2024-10-01,131.0,131.0,61.095026844533,19.0329895615958,8.619802653698443,10,2024,-0.8660254037844386,0.5000000000000001,71.31428571428572,71.31428571428572,71.31428571428572,114.0,76.8,118.85714285714286,118.85714285714286,118.85714285714286,114.0,128.0,57.97683007217773,57.97683007217773,61.59434435108168,57.0,51.2,17.45095889780816,17.45095889780816,17.013476560213192,22.0,51.2,8.35426049697338,8.35426049697338,8.415150229585446,11.0,10.109605482604415,71.31428571428572,93.05077380424042,0.0,59.182668165145714
Kashmir,Bandipora,"Bandipora (PM-10, PM-2.5) 1085",2024-11-01,131.0,131.0,74.2926895094751,12.0,6.069093205046137,11,2024,-0.5000000000000004,0.8660254037844384,131.0,71.31428571428572,71.31428571428572,115.18089284129272,127.0,131.0,118.85714285714286,118.85714285714286,116.42857142857144,128.0,61.095026844533,57.97683007217773,57.97683007217773,57.5,59.0,19.0329895615958,17.45095889780816,17.45095889780816,20.571428571428573,51.2,8.619802653698443,8.35426049697338,8.35426049697338,8.978141707582344,6.0731083480622585,91.20952380952382,95.88410713757376,34.459563209632236,59.01622899629615
Kashmir,Bandipora,"Bandipora (PM-10, PM-2.5) 1085",2024-12-01,124.63687585413751,125.5,58.327149855121,11.0,6.0,12,2024,-2.4492935982947064e-16,1.0,131.0,131.0,71.31428571428572,115.18089284129272,127.0,131.0,131.0,118.85714285714286,118.85714285714286,128.0,74.2926895094751,61.095026844533,57.97683007217773,58.0,59.0,12.0,19.0329895615958,17.45095889780816,19.142857142857142,18.675649886827717,6.069093205046137,8.619802653698443,8.35426049697338,8.47292361690635,8.196241852864027,111.1047619047619,98.52062499735831,34.45956320963223,64.45484880872861
Kashmir,Bandipora,"Bandipora (PM-10, PM-2.5) 1085",2025-01-01,120.0,120.0,53.50502682774928,3.0,1.0,1,2025,0.49999999999999994,0.8660254037844387,124.63687585413751,131.0,131.0,71.31428571428572,128.09857743615464,125.5,131.0,131.0,118.85714285714286,128.0,58.327149855121,74.2926895094751,61.095026844533,61.59434435108168,52.5,11.0,12.0,19.0329895615958,17.013476560213192,18.675649886827717,6.0,6.069093205046137,8.619802653698443,8.415150229585446,8.196241852864027,128.87895861804586,100.09662216616577,3.6737514385007093,64.5716220697097
Kashmir,Bandipora,"Bandipora (PM-10, PM-2.5) 1085",2025-02-01,119.0,119.0,62.0,3.0,4.627814056934688,2,2025,0.8660254037844386,0.5000000000000001,120.0,124.63687585413751,131.0,71.31428571428572,128.0,120.0,125.5,131.0,118.85714285714286,128.0,53.50502682774928,58.327149855121,74.2926895094751,57.97683007217773,46.0,3.0,11.0,12.0,17.45095889780816,25.0,1.0,6.0,6.069093205046137,8.35426049697338,12.0,125.21229195137919,108.21090788045149,5.522529109359539,62.041622064115124
Kashmir,Bandipora,"Bandipora (PM-10, PM-2.5) 1085",2025-03-01,114.0,114.0,61.0,3.0,4.317102774315308,3,2025,1.0,6.123233995736766e-17,119.0,120.0,124.63687585413751,71.31428571428572,124.0,119.0,120.0,125.5,118.85714285714286,124.0,62.0,53.50502682774928,58.327149855121,57.97683007217773,15.0,3.0,3.0,11.0,17.45095889780816,3.0,4.627814056934688,1.0,6.0,8.35426049697338,1.0,121.21229195137919,116.15852692807054,3.0076288302038496,57.944058894290094
Kashmir,Bandipora,"Bandipora (PM-10, PM-2.5) 1085",2025-04-01,98.0,98.0,60.0,17.030307271572788,6.728325907797358,4,2025,0.8660254037844387,-0.4999999999999998,114.0,119.0,120.0,131.0,114.0,114.0,119.0,120.0,131.0,114.0,61.0,62.0,53.50502682774928,61.095026844533,57.0,3.0,3.0,3.0,19.0329895615958,22.0,4.317102774315308,4.627814056934688,1.0,8.619802653698443,11.0,117.66666666666667,123.27281264235626,3.2145502536642407,58.835008942583094
Kashmir,Bandipora,"Bandipora (PM-10, PM-2.5) 1085",2025-05-01,101.03327226704376,101.0,43.20868012072586,18.24952433814324,6.654893082802426,5,2025,0.49999999999999994,-0.8660254037844387,98.0,114.0,119.0,131.0,115.18089284129272,98.0,114.0,119.0,131.0,116.42857142857144,60.0,61.0,62.0,74.2926895094751,57.5,17.030307271572788,3.0,3.0,12.0,20.571428571428573,6.728325907797358,4.317102774315308,4.627814056934688,6.069093205046137,8.978141707582344,110.33333333333333,117.77281264235626,10.969655114602848,61.0
Kashmir,Bandipora,"Bandipora (PM-10, PM-2.5) 1085",2025-06-01,104.0,104.0,42.88138431381667,18.12446893881545,8.661977772616215,6,2025,1.2246467991473532e-16,-1.0,101.03327226704376,98.0,114.0,124.63687585413751,115.18089284129272,101.0,98.0,114.0,125.5,118.85714285714286,43.20868012072586,60.0,61.0,58.327149855121,58.0,18.24952433814324,17.030307271572788,3.0,11.0,19.142857142857142,6.654893082802426,6.728325907797358,4.317102774315308,6.0,8.47292361690635,104.34442408901458,112.77835802019688,8.498399542920085,54.73622670690862
Kashmir,Bandipora,"Bandipora (PM-10, PM-2.5) 1085",2025-07-01,73.0,73.0,30.95843611067349,3.0,1.0,7,2025,-0.4999999999999997,-0.8660254037844388,104.0,101.03327226704376,98.0,120.0,71.31428571428572,104.0,101.0,98.0,120.0,118.85714285714286,42.88138431381667,43.20868012072586,60.0,53.50502682774928,61.59434435108168,18.12446893881545,18.24952433814324,17.030307271572788,3.0,17.013476560213192,8.661977772616215,6.654893082802426,6.728325907797358,1.0,8.415150229585446,101.01109075568125,109.33887871117395,3.0000615018001393,48.696688144847506
Kashmir,Bandipora,"Bandipora (PM-10, PM-2.5) 1085",2025-08-01,98.0,98.0,31.99572063962668,17.0,7.0,8,2025,-0.8660254037844384,-0.5000000000000004,73.0,104.0,101.03327226704376,119.0,71.31428571428572,73.0,104.0,101.0,119.0,118.85714285714286,30.95843611067349,42.88138431381667,43.20868012072586,62.0,57.97683007217773,3.0,18.12446893881545,18.24952433814324,3.0,17.45095889780816,1.0,8.661977772616215,6.654893082802426,4.627814056934688,8.35426049697338,92.67775742234791,101.50554537784062,17.1058753426987,39.01616684840534
Kashmir,Bandipora,"Bandipora (PM-10, PM-2.5) 1085",2025-09-01,98.0,98.0,39.6854183897649,20.0,10.0,9,2025,-1.0,-1.8369701987210297e-16,98.0,73.0,104.0,114.0,71.31428571428572,98.0,73.0,104.0,114.0,118.85714285714286,31.99572063962668,30.95843611067349,42.88138431381667,61.0,57.97683007217773,17.0,3.0,18.12446893881545,3.0,17.45095889780816,7.0,1.0,8.661977772616215,4.317102774315308,8.35426049697338,91.66666666666667,98.00554537784063,16.4418166068513,35.27851368803895
Kashmir,Bandipora,"Bandipora (PM-10, PM-2.5) 1085",2025-10-01,88.94976122161685,88.0,26.855374480118613,16.0,2.9433294247661843,10,2025,-0.8660254037844386,0.5000000000000001,98.0,98.0,73.0,98.0,131.0,98.0,98.0,73.0,98.0,131.0,39.6854183897649,31.99572063962668,30.95843611067349,60.0,61.095026844533,20.0,17.0,3.0,17.030307271572788,19.0329895615958,10.0,7.0,1.0,6.728325907797358,8.619802653698443,89.66666666666667,95.33887871117396,14.43375672974057,34.21319171335502
Kashmir,Bandipora,"Bandipora (PM-10, PM-2.5) 1085",2025-11-01,88.94976122161685,98.0,36.68172615588045,16.0,4.068826163558235,11,2025,-0.5000000000000004,0.8660254037844384,88.94976122161685,98.0,98.0,101.03327226704376,131.0,88.0,98.0,98.0,101.0,131.0,26.855374480118613,39.6854183897649,31.99572063962668,43.20868012072586,74.2926895094751,16.0,20.0,17.0,18.24952433814324,12.0,2.9433294247661843,10.0,7.0,6.654893082802426,6.069093205046137,94.98325374053896,93.83050558144343,5.225157794929902,32.84550450317006
Kashmir,Bandipora,"Bandipora (PM-10, PM-2.5) 1085",2025-12-01,119.0,123.0,55.78140919259212,16.0,6.937059908194415,12,2025,-2.4492935982947064e-16,1.0,88.94976122161685,88.94976122161685,98.0,104.0,124.63687585413751,98.0,88.0,98.0,104.0,125.5,36.68172615588045,26.855374480118613,39.6854183897649,42.88138431381667,58.327149855121,16.0,16.0,20.0,18.12446893881545,11.0,4.068826163558235,2.9433294247661843,10.0,8.661977772616215,6.0,91.9665074810779,91.8165870738723,5.225157794929909,34.40750634192131
Kashmir,Bandipora,"Bandipora (PM-10, PM-2.5) 1085",2026-01-01,119.0,119.0,52.83854770635054,20.0,9.21205871836788,1,2026,0.49999999999999994,0.8660254037844387,119.0,88.94976122161685,88.94976122161685,73.0,120.0,123.0,98.0,88.0,73.0,120.0,55.78140919259212,36.68172615588045,26.855374480118613,30.95843611067349,53.50502682774928,16.0,16.0,16.0,3.0,3.0,6.937059908194415,4.068826163558235,2.9433294247661843,1.0,1.0,98.9665074810779,94.3165870738723,17.34951344791204,39.772836609530394
Kashmir,Bandipora,"Bandipora (PM-10, PM-2.5) 1085",2026-02-01,113.0,113.0,45.7444575054316,19.0,8.79560341751112,2,2026,0.8660254037844386,0.5000000000000001,119.0,119.0,88.94976122161685,98.0,119.0,119.0,123.0,98.0,98.0,119.0,52.83854770635054,55.78140919259212,36.68172615588045,31.99572063962668,62.0,20.0,16.0,16.0,17.0,3.0,9.21205871836788,6.937059908194415,4.068826163558235,7.0,4.627814056934688,108.98325374053894,101.98325374053896,17.349513447912052,48.433894351607705
Kashmir,Bandipora,"Bandipora (PM-10, PM-2.5) 1085",2026-03-01,108.85325776666508,109.46153846153848,50.40735965373187,18.53846153846154,8.286622208208367,3,2026,1.0,6.123233995736766e-17,113.0,119.0,119.0,98.0,114.0,113.0,119.0,123.0,98.0,114.0,45.7444575054316,52.83854770635054,55.78140919259212,39.6854183897649,61.0,19.0,20.0,16.0,20.0,3.0,8.79560341751112,9.21205871836788,6.937059908194415,10.0,4.317102774315308,117.0,104.48325374053896,3.4641016151377544,51.45480480145809
Kashmir,Baramulla,"Baramulla DFO Office (PM-10, PM-2.5) 1078",2023-01-01,117.0,72.0,45.0,11.0,5.0,1,2023,0.49999999999999994,0.8660254037844387,104.0,104.0,40.2,94.39309303217156,108.85325776666508,67.0,67.0,67.0,97.17726946547948,105.92307692307692,37.0,38.544981235656415,38.544981235656415,45.4194897078592,51.04769222231656,13.0,13.59486616291406,13.59486616291406,16.90828403592742,18.07692307692308,7.0,5.284183023468941,5.284183023468941,5.830875792682721,6.878702949286995,82.73333333333333,70.49884883869527,36.83494717429813,38.029987490437605
Kashmir,Baramulla,"Baramulla DFO Office (PM-10, PM-2.5) 1078",2023-02-01,93.0,49.0,44.0,9.0,5.0,2,2023,0.8660254037844386,0.5000000000000001,117.0,104.0,104.0,40.2,63.55384615384615,72.0,67.0,67.0,67.0,105.92307692307692,45.0,37.0,38.544981235656415,26.8,39.67432926253552,11.0,13.0,13.59486616291406,26.8,19.71921520911805,5.0,7.0,5.284183023468941,4.772797599309274,4.687385951249457,108.33333333333333,74.26666666666667,7.505553499465137,40.181660411885474
Kashmir,Baramulla,"Baramulla DFO Office (PM-10, PM-2.5) 1078",2023-03-01,118.0,66.0,51.0,12.0,6.0,3,2023,1.0,6.123233995736766e-17,93.0,117.0,104.0,40.2,63.55384615384615,49.0,72.0,67.0,67.0,105.92307692307692,44.0,45.0,37.0,26.8,35.40144048548809,9.0,11.0,13.0,26.8,16.778523575431745,5.0,5.0,7.0,5.248951931141693,4.081249287430726,104.66666666666667,83.06666666666666,12.013880860626736,42.0
Kashmir,Baramulla,"Baramulla DFO Office (PM-10, PM-2.5) 1078",2023-04-01,119.6903247163538,65.88888888888889,50.66666666666666,12.6,5.908062579523696,4,2023,0.8660254037844387,-0.4999999999999998,118.0,93.0,117.0,40.2,63.55384615384615,66.0,49.0,72.0,67.0,105.92307692307692,51.0,44.0,45.0,38.544981235656415,35.40144048548809,12.0,9.0,11.0,13.59486616291406,16.778523575431745,6.0,5.0,5.0,5.284183023468941,4.081249287430726,109.33333333333333,96.03333333333335,14.153915830374768,46.666666666666664
Kashmir,Baramulla,"Baramulla DFO Office (PM-10, PM-2.5) 1078",2023-05-01,119.6903247163538,65.77777777777777,50.333333333333336,13.2,6.209963566008304,5,2023,0.49999999999999994,-0.8660254037844387,119.6903247163538,118.0,93.0,104.0,63.55384615384615,65.88888888888889,66.0,49.0,67.0,105.92307692307692,50.66666666666666,51.0,44.0,38.544981235656415,35.40144048548809,12.6,12.0,9.0,13.59486616291406,16.778523575431745,5.908062579523696,6.0,5.0,5.284183023468941,4.081249287430726,110.23010823878461,109.28172078605895,14.945627181615832,48.55555555555555
Kashmir,Baramulla,"Baramulla DFO Office (PM-10, PM-2.5) 1078",2023-06-01,39.46666666666666,65.77777777777777,35.60175154509544,10.52078710805466,5.2018114636762895,6,2023,1.2246467991473532e-16,-1.0,119.6903247163538,119.6903247163538,118.0,104.0,63.55384615384615,65.77777777777777,65.88888888888889,66.0,67.0,105.92307692307692,50.333333333333336,50.66666666666666,51.0,37.0,35.40144048548809,13.2,12.6,12.0,13.0,16.778523575431745,6.209963566008304,5.908062579523696,6.0,7.0,4.081249287430726,119.12688314423588,111.89677490545125,0.9759094300048832,50.666666666666664
Kashmir,Baramulla,"Baramulla DFO Office (PM-10, PM-2.5) 1078",2023-07-01,39.46666666666666,65.77777777777777,35.60175154509544,10.52078710805466,5.2018114636762895,7,2023,-0.4999999999999997,-0.8660254037844388,39.46666666666666,119.6903247163538,119.6903247163538,117.0,94.39309303217156,65.77777777777777,65.77777777777777,65.88888888888889,72.0,97.17726946547948,35.60175154509544,50.333333333333336,50.66666666666666,45.0,45.4194897078592,10.52078710805466,13.2,12.6,11.0,16.90828403592742,5.2018114636762895,6.209963566008304,5.908062579523696,5.0,5.830875792682721,92.94910536645808,101.1412193498957,46.31715057036335,45.53391718169848
Kashmir,Baramulla,"Baramulla DFO Office (PM-10, PM-2.5) 1078",2023-08-01,39.46666666666666,65.77777777777777,35.60175154509544,10.52078710805466,5.2018114636762895,8,2023,-0.8660254037844384,-0.5000000000000004,39.46666666666666,39.46666666666666,119.6903247163538,93.0,40.2,65.77777777777777,65.77777777777777,65.77777777777777,49.0,67.0,35.60175154509544,35.60175154509544,50.333333333333336,44.0,26.8,10.52078710805466,10.52078710805466,13.2,9.0,26.8,5.2018114636762895,5.2018114636762895,6.209963566008304,5.0,4.772797599309274,66.20788601656237,88.21899712767349,46.31715057036335,40.512278807841405
Kashmir,Baramulla,"Baramulla DFO Office (PM-10, PM-2.5) 1078",2023-09-01,39.0,65.0,35.60175154509544,10.52078710805466,5.2018114636762895,9,2023,-1.0,-1.8369701987210297e-16,39.46666666666666,39.46666666666666,39.46666666666666,118.0,40.2,65.77777777777777,65.77777777777777,65.77777777777777,66.0,67.0,35.60175154509544,35.60175154509544,35.60175154509544,51.0,26.8,10.52078710805466,10.52078710805466,10.52078710805466,12.0,26.8,5.2018114636762895,5.2018114636762895,5.2018114636762895,6.0,5.248951931141693,39.46666666666666,79.29677490545126,0.0,35.60175154509544
Kashmir,Baramulla,"Baramulla DFO Office (PM-10, PM-2.5) 1078",2023-10-01,39.0,65.0,35.60175154509544,10.52078710805466,5.539131844085375,10,2023,-0.8660254037844386,0.5000000000000001,39.0,39.46666666666666,39.46666666666666,119.6903247163538,40.2,65.0,65.77777777777777,65.77777777777777,65.88888888888889,67.0,35.60175154509544,35.60175154509544,35.60175154509544,50.66666666666666,38.544981235656415,10.52078710805466,10.52078710805466,10.52078710805466,12.6,13.59486616291406,5.2018114636762895,5.2018114636762895,5.2018114636762895,5.908062579523696,5.284183023468941,39.3111111111111,66.1301082387846,0.2694301256218234,35.60175154509544
Kashmir,Baramulla,"Baramulla DFO Office (PM-10, PM-2.5) 1078",2023-11-01,39.0,65.0,35.86830207979346,11.216006999414702,5.539131844085375,11,2023,-0.5000000000000004,0.8660254037844384,39.0,39.0,39.46666666666666,119.6903247163538,104.0,65.0,65.0,65.77777777777777,65.77777777777777,67.0,35.60175154509544,35.60175154509544,35.60175154509544,50.333333333333336,38.544981235656415,10.52078710805466,10.52078710805466,10.52078710805466,13.2,13.59486616291406,5.539131844085375,5.2018114636762895,5.2018114636762895,6.209963566008304,5.284183023468941,39.15555555555556,52.68172078605897,0.26943012562182594,35.60175154509544
Kashmir,Baramulla,"Baramulla DFO Office (PM-10, PM-2.5) 1078",2023-12-01,117.0,65.0,48.0,11.216006999414702,5.772651236684123,12,2023,-2.4492935982947064e-16,1.0,39.0,39.0,39.0,39.46666666666666,104.0,65.0,65.0,65.0,65.77777777777777,67.0,35.86830207979346,35.60175154509544,35.60175154509544,35.60175154509544,37.0,11.216006999414702,10.52078710805466,10.52078710805466,10.52078710805466,13.0,5.539131844085375,5.539131844085375,5.2018114636762895,5.2018114636762895,7.0,39.0,39.23333333333333,0.0,35.690601723328115
Kashmir,Baramulla,"Baramulla DFO Office (PM-10, PM-2.5) 1078",2024-01-01,117.0,117.0,57.5,18.0,7.439477546338766,1,2024,0.49999999999999994,0.8660254037844387,117.0,39.0,39.0,39.46666666666666,117.0,65.0,65.0,65.0,65.77777777777777,72.0,48.0,35.86830207979346,35.60175154509544,35.60175154509544,45.0,11.216006999414702,11.216006999414702,10.52078710805466,10.52078710805466,11.0,5.772651236684123,5.539131844085375,5.539131844085375,5.2018114636762895,5.0,65.0,52.155555555555544,45.033320996790806,39.823351208296295
Kashmir,Baramulla,"Baramulla DFO Office (PM-10, PM-2.5) 1078",2024-02-01,114.0,114.0,67.0,24.0,12.0,2,2024,0.8660254037844386,0.5000000000000001,117.0,117.0,39.0,39.46666666666666,93.0,117.0,65.0,65.0,65.77777777777777,49.0,57.5,48.0,35.86830207979346,35.60175154509544,44.0,18.0,11.216006999414702,11.216006999414702,10.52078710805466,9.0,7.439477546338766,5.772651236684123,5.539131844085375,5.2018114636762895,5.0,91.0,65.07777777777778,45.033320996790806,47.12276735993115
Kashmir,Baramulla,"Baramulla DFO Office (PM-10, PM-2.5) 1078",2024-03-01,87.0,87.0,52.0,14.0,5.0,3,2024,1.0,6.123233995736766e-17,114.0,117.0,117.0,39.0,118.0,114.0,117.0,65.0,65.0,66.0,67.0,57.5,48.0,35.60175154509544,51.0,24.0,18.0,11.216006999414702,10.52078710805466,12.0,12.0,7.439477546338766,5.772651236684123,5.2018114636762895,6.0,116.0,77.5,1.7320508075688772,57.5
Kashmir,Baramulla,"Baramulla DFO Office (PM-10, PM-2.5) 1078",2024-04-01,87.0,87.0,67.0,17.0,7.0,4,2024,0.8660254037844387,-0.4999999999999998,87.0,114.0,117.0,39.0,119.6903247163538,87.0,114.0,117.0,65.0,65.88888888888889,52.0,67.0,57.5,35.60175154509544,50.66666666666666,14.0,24.0,18.0,10.52078710805466,12.6,5.0,12.0,7.439477546338766,5.539131844085375,5.908062579523696,106.0,85.5,16.522711641858304,58.833333333333336
Kashmir,Baramulla,"Baramulla DFO Office (PM-10, PM-2.5) 1078",2024-05-01,92.36164051374496,90.57142857142856,65.55555555555556,15.77777777777778,6.186938693131207,5,2024,0.49999999999999994,-0.8660254037844387,87.0,87.0,114.0,39.0,119.6903247163538,87.0,87.0,114.0,65.0,65.77777777777777,67.0,52.0,67.0,35.86830207979346,50.333333333333336,17.0,14.0,24.0,11.216006999414702,13.2,7.0,5.0,12.0,5.539131844085375,6.209963566008304,96.0,93.5,15.588457268119896,62.0
Kashmir,Baramulla,"Baramulla DFO Office (PM-10, PM-2.5) 1078",2024-06-01,92.36164051374496,94.14285714285714,64.11111111111111,14.555555555555555,6.186938693131207,6,2024,1.2246467991473532e-16,-1.0,92.36164051374496,87.0,87.0,117.0,39.46666666666666,90.57142857142856,87.0,87.0,65.0,65.77777777777777,65.55555555555556,67.0,52.0,48.0,35.60175154509544,15.77777777777778,17.0,14.0,11.216006999414702,10.52078710805466,6.186938693131207,7.0,5.0,5.772651236684123,5.2018114636762895,88.78721350458166,102.39360675229084,3.0955445939086537,61.51851851851851
Kashmir,Baramulla,"Baramulla DFO Office (PM-10, PM-2.5) 1078",2024-07-01,56.48571428571428,94.14285714285714,29.4718373007259,16.552139185403476,3.030356886375052,7,2024,-0.4999999999999997,-0.8660254037844388,92.36164051374496,92.36164051374496,87.0,117.0,39.46666666666666,94.14285714285714,90.57142857142856,87.0,117.0,65.77777777777777,64.11111111111111,65.55555555555556,67.0,57.5,35.60175154509544,14.555555555555555,15.77777777777778,17.0,18.0,10.52078710805466,6.186938693131207,6.186938693131207,7.0,7.439477546338766,5.2018114636762895,90.5744270091633,98.28721350458164,3.095544593908646,65.55555555555556
Kashmir,Baramulla,"Baramulla DFO Office (PM-10, PM-2.5) 1078",2024-08-01,56.48571428571428,94.14285714285714,29.4718373007259,17.80240039713997,3.1814714351396254,8,2024,-0.8660254037844384,-0.5000000000000004,56.48571428571428,92.36164051374496,92.36164051374496,114.0,39.46666666666666,94.14285714285714,94.14285714285714,90.57142857142856,114.0,65.77777777777777,29.4718373007259,64.11111111111111,65.55555555555556,67.0,35.60175154509544,16.552139185403476,14.555555555555555,15.77777777777778,24.0,10.52078710805466,3.030356886375052,6.186938693131207,6.186938693131207,12.0,5.2018114636762895,80.40299843773472,88.20149921886735,20.712975665180668,53.04616798913086
Kashmir,Baramulla,"Baramulla DFO Office (PM-10, PM-2.5) 1078",2024-09-01,56.48571428571428,94.14285714285714,29.4718373007259,17.80240039713997,3.1814714351396254,9,2024,-1.0,-1.8369701987210297e-16,56.48571428571428,56.48571428571428,92.36164051374496,87.0,39.0,94.14285714285714,94.14285714285714,94.14285714285714,87.0,65.0,29.4718373007259,29.4718373007259,64.11111111111111,52.0,35.60175154509544,17.80240039713997,16.552139185403476,14.555555555555555,14.0,10.52078710805466,3.1814714351396254,3.030356886375052,6.186938693131207,5.0,5.2018114636762895,68.4443563617245,78.61578493315308,20.712975665180675,41.01826190418763
Kashmir,Baramulla,"Baramulla DFO Office (PM-10, PM-2.5) 1078",2024-10-01,112.0,112.0,46.18439478502336,19.996658242789568,6.605252996534992,10,2024,-0.8660254037844386,0.5000000000000001,56.48571428571428,56.48571428571428,56.48571428571428,87.0,39.0,94.14285714285714,94.14285714285714,94.14285714285714,87.0,65.0,29.4718373007259,29.4718373007259,29.4718373007259,67.0,35.60175154509544,17.80240039713997,17.80240039713997,16.552139185403476,17.0,10.52078710805466,3.1814714351396254,3.1814714351396254,3.030356886375052,7.0,5.539131844085375,56.48571428571428,73.53007064743879,0.0,29.4718373007259
Kashmir,Baramulla,"Baramulla DFO Office (PM-10, PM-2.5) 1078",2024-11-01,112.0,112.0,52.05519280183767,18.562417615355606,8.402673429556168,11,2024,-0.5000000000000004,0.8660254037844384,112.0,56.48571428571428,56.48571428571428,92.36164051374496,39.0,112.0,94.14285714285714,94.14285714285714,90.57142857142856,65.0,46.18439478502336,29.4718373007259,29.4718373007259,65.55555555555556,35.86830207979346,19.996658242789568,17.80240039713997,17.80240039713997,15.77777777777778,11.216006999414702,6.605252996534992,3.1814714351396254,3.1814714351396254,6.186938693131207,5.539131844085375,74.99047619047619,77.69673731410546,32.05118780101265,35.04268979549172
Kashmir,Baramulla,"Baramulla DFO Office (PM-10, PM-2.5) 1078",2024-12-01,99.21353027865956,98.0,36.23392503866092,17.99800445089908,4.155965566384666,12,2024,-2.4492935982947064e-16,1.0,112.0,112.0,56.48571428571428,92.36164051374496,117.0,112.0,112.0,94.14285714285714,94.14285714285714,65.0,52.05519280183767,46.18439478502336,29.4718373007259,64.11111111111111,48.0,18.562417615355606,19.996658242789568,17.80240039713997,14.555555555555555,11.216006999414702,8.402673429556168,6.605252996534992,3.1814714351396254,6.186938693131207,5.772651236684123,93.4952380952381,80.9697972284813,32.05118780101265,42.57047496252898
Kashmir,Baramulla,"Baramulla DFO Office (PM-10, PM-2.5) 1078",2025-01-01,95.0,84.0,54.0,6.0,3.0,1,2025,0.49999999999999994,0.8660254037844387,99.21353027865956,112.0,112.0,56.48571428571428,117.0,98.0,112.0,112.0,94.14285714285714,117.0,36.23392503866092,52.05519280183767,46.18439478502336,29.4718373007259,57.5,17.99800445089908,18.562417615355606,19.996658242789568,16.552139185403476,18.0,4.155965566384666,8.402673429556168,6.605252996534992,3.030356886375052,7.439477546338766,107.73784342621985,82.11177885596706,7.382271735600901,44.824504208507314
Kashmir,Baramulla,"Baramulla DFO Office (PM-10, PM-2.5) 1078",2025-02-01,117.0,117.0,59.0,15.0,8.0,2,2025,0.8660254037844386,0.5000000000000001,95.0,99.21353027865956,112.0,56.48571428571428,114.0,84.0,98.0,112.0,94.14285714285714,114.0,54.0,36.23392503866092,52.05519280183767,29.4718373007259,67.0,6.0,17.99800445089908,18.562417615355606,17.80240039713997,24.0,3.0,4.155965566384666,8.402673429556168,3.1814714351396254,12.0,102.07117675955318,88.53082647501469,8.852943440309714,47.42970594683286
Kashmir,Baramulla,"Baramulla DFO Office (PM-10, PM-2.5) 1078",2025-03-01,116.0,116.0,37.0,9.0,4.0,3,2025,1.0,6.123233995736766e-17,117.0,95.0,99.21353027865956,56.48571428571428,87.0,117.0,84.0,98.0,94.14285714285714,87.0,59.0,54.0,36.23392503866092,29.4718373007259,52.0,15.0,6.0,17.99800445089908,17.80240039713997,14.0,8.0,3.0,4.155965566384666,3.1814714351396254,5.0,103.73784342621985,98.61654076072898,11.676988357144582,49.74464167955364
Kashmir,Baramulla,"Baramulla DFO Office (PM-10, PM-2.5) 1078",2025-04-01,116.0,116.0,48.0,5.0,3.0,4,2025,0.8660254037844387,-0.4999999999999998,116.0,117.0,95.0,112.0,87.0,116.0,117.0,84.0,112.0,87.0,37.0,59.0,54.0,46.18439478502336,67.0,9.0,15.0,6.0,19.996658242789568,17.0,4.0,8.0,3.0,6.605252996534992,7.0,109.33333333333333,108.5355883797766,12.423096769056148,50.0
Kashmir,Baramulla,"Baramulla DFO Office (PM-10, PM-2.5) 1078",2025-05-01,109.0,109.0,52.0,5.5,4.2128083882835,5,2025,0.49999999999999994,-0.8660254037844387,116.0,116.0,117.0,112.0,92.36164051374496,116.0,116.0,117.0,112.0,90.57142857142856,48.0,37.0,59.0,52.05519280183767,65.55555555555556,5.0,9.0,15.0,18.562417615355606,15.77777777777778,3.0,4.0,8.0,8.402673429556168,6.186938693131207,116.33333333333333,109.20225504644327,0.5773502691896494,48.0
Kashmir,Baramulla,"Baramulla DFO Office (PM-10, PM-2.5) 1078",2025-06-01,110.0,110.0,52.0,6.0,3.0,6,2025,1.2246467991473532e-16,-1.0,109.0,116.0,116.0,99.21353027865956,92.36164051374496,109.0,116.0,116.0,98.0,94.14285714285714,52.0,48.0,37.0,36.23392503866092,64.11111111111111,5.5,5.0,9.0,17.99800445089908,14.555555555555555,4.2128083882835,3.0,4.0,4.155965566384666,6.186938693131207,113.66666666666667,108.70225504644327,4.041451884327382,45.666666666666664
Kashmir,Baramulla,"Baramulla DFO Office (PM-10, PM-2.5) 1078",2025-07-01,115.0,115.0,55.0,7.0,3.0,7,2025,-0.4999999999999997,-0.8660254037844388,110.0,109.0,116.0,95.0,56.48571428571428,110.0,109.0,116.0,84.0,94.14285714285714,52.0,52.0,48.0,54.0,29.4718373007259,6.0,5.5,5.0,6.0,16.552139185403476,3.0,4.2128083882835,3.0,3.0,3.030356886375052,111.66666666666667,110.5,3.7859388972001864,50.666666666666664
Kashmir,Baramulla,"Baramulla DFO Office (PM-10, PM-2.5) 1078",2025-08-01,110.0,110.0,50.0,10.0,4.0,8,2025,-0.8660254037844384,-0.5000000000000004,115.0,110.0,109.0,117.0,56.48571428571428,115.0,110.0,109.0,117.0,94.14285714285714,55.0,52.0,52.0,59.0,29.4718373007259,7.0,6.0,5.5,15.0,17.80240039713997,3.0,3.0,4.2128083882835,8.0,3.1814714351396254,111.33333333333333,113.83333333333333,3.2145502536643273,53.0
Kashmir,Baramulla,"Baramulla DFO Office (PM-10, PM-2.5) 1078",2025-09-01,112.0,112.0,66.0,17.0,7.0,9,2025,-1.0,-1.8369701987210297e-16,110.0,115.0,110.0,116.0,56.48571428571428,110.0,115.0,110.0,116.0,94.14285714285714,50.0,55.0,52.0,37.0,29.4718373007259,10.0,7.0,6.0,9.0,17.80240039713997,4.0,3.0,3.0,4.0,3.1814714351396254,111.66666666666667,112.66666666666667,2.8867513459481415,52.333333333333336
Kashmir,Baramulla,"Baramulla DFO Office (PM-10, PM-2.5) 1078",2025-10-01,114.0,114.0,54.0,9.0,5.293210083914757,10,2025,-0.8660254037844386,0.5000000000000001,112.0,110.0,115.0,116.0,112.0,112.0,110.0,115.0,116.0,112.0,66.0,50.0,55.0,48.0,46.18439478502336,17.0,10.0,7.0,5.0,19.996658242789568,7.0,4.0,3.0,3.0,6.605252996534992,112.33333333333333,112.0,2.5166114784235964,57.0
Kashmir,Baramulla,"Baramulla DFO Office (PM-10, PM-2.5) 1078",2025-11-01,118.0,118.0,50.0,15.0,7.74133202658357,11,2025,-0.5000000000000004,0.8660254037844384,114.0,112.0,110.0,109.0,112.0,114.0,112.0,110.0,109.0,112.0,54.0,66.0,50.0,52.0,52.05519280183767,9.0,17.0,10.0,5.5,18.562417615355606,5.293210083914757,7.0,4.0,4.2128083882835,8.402673429556168,112.0,111.66666666666667,2.000000000000014,56.666666666666664
Kashmir,Baramulla,"Baramulla DFO Office (PM-10, PM-2.5) 1078",2025-12-01,122.0,122.0,55.0,16.0,7.705272014387767,12,2025,-2.4492935982947064e-16,1.0,118.0,114.0,112.0,110.0,99.21353027865956,118.0,114.0,112.0,110.0,98.0,50.0,54.0,66.0,52.0,36.23392503866092,15.0,9.0,17.0,6.0,17.99800445089908,7.74133202658357,5.293210083914757,7.0,3.0,4.155965566384666,114.66666666666667,113.16666666666667,3.0550504633039006,56.666666666666664
Kashmir,Baramulla,"Baramulla DFO Office (PM-10, PM-2.5) 1078",2026-01-01,115.0,115.0,46.0,16.0,7.920494008617057,1,2026,0.49999999999999994,0.8660254037844387,122.0,118.0,114.0,115.0,95.0,122.0,118.0,114.0,115.0,84.0,55.0,50.0,54.0,55.0,54.0,16.0,15.0,9.0,7.0,6.0,7.705272014387767,7.74133202658357,5.293210083914757,3.0,3.0,118.0,115.16666666666667,4.000000000000004,53.0
Kashmir,Baramulla,"Baramulla DFO Office (PM-10, PM-2.5) 1078",2026-02-01,112.43734244039683,112.14285714285714,58.0,15.785714285714286,7.450259299820535,2,2026,0.8660254037844386,0.5000000000000001,115.0,122.0,118.0,110.0,117.0,115.0,122.0,118.0,110.0,117.0,46.0,55.0,50.0,50.0,59.0,16.0,16.0,15.0,10.0,15.0,7.920494008617057,7.705272014387767,7.74133202658357,4.0,8.0,118.33333333333333,115.16666666666667,3.5118845842842497,50.333333333333336
Kashmir,Baramulla,"Baramulla DFO Office (PM-10, PM-2.5) 1078",2026-03-01,112.43734244039683,109.28571428571428,70.0,15.571428571428571,7.139097877354264,3,2026,1.0,6.123233995736766e-17,112.43734244039683,115.0,122.0,112.0,116.0,112.14285714285714,115.0,122.0,112.0,116.0,58.0,46.0,55.0,66.0,37.0,15.785714285714286,16.0,16.0,17.0,9.0,7.450259299820535,7.920494008617057,7.705272014387767,7.0,4.0,116.47911414679895,115.57289040673281,4.949943322403249,53.0
Kashmir,Baramulla,"Baramulla JKPCC Office (PM-10, PM-2.5) 1079",2023-01-01,113.0,70.0,43.0,11.0,6.0,1,2023,0.49999999999999994,0.8660254037844387,122.0,122.0,45.0,94.39309303217156,82.0,75.0,75.0,75.0,97.17726946547948,109.28571428571428,46.0,36.928277013941866,36.928277013941866,45.4194897078592,82.0,13.0,11.469250287239085,11.469250287239085,16.90828403592742,16.27022305565746,7.0,4.954533812342765,4.954533812342765,5.830875792682721,6.569688588788892,96.33333333333333,78.89884883869526,44.45597072760118,39.95218467596124
Kashmir,Baramulla,"Baramulla JKPCC Office (PM-10, PM-2.5) 1079",2023-02-01,150.0,82.0,68.0,13.0,8.0,2,2023,0.8660254037844386,0.5000000000000001,113.0,122.0,122.0,45.0,81.42314744162759,70.0,75.0,75.0,75.0,109.28571428571428,43.0,46.0,36.928277013941866,30.0,78.72727272727273,11.0,13.0,11.469250287239085,30.0,16.18199091316019,6.0,7.0,4.954533812342765,5.024913622260362,6.569688588788892,119.0,82.0,5.196152422706632,41.976092337980624
Kashmir,Baramulla,"Baramulla JKPCC Office (PM-10, PM-2.5) 1079",2023-03-01,139.0,86.0,53.0,16.0,10.0,3,2023,1.0,6.123233995736766e-17,150.0,113.0,122.0,45.0,81.42314744162759,82.0,70.0,75.0,75.0,109.28571428571428,68.0,43.0,46.0,30.0,75.45454545454545,13.0,11.0,13.0,30.0,16.18199091316019,8.0,6.0,7.0,4.851268035268397,6.569688588788892,128.33333333333334,99.5,19.2959408512084,52.333333333333336
Kashmir,Baramulla,"Baramulla JKPCC Office (PM-10, PM-2.5) 1079",2023-04-01,98.02911779669054,85.66666666666667,51.44444444444444,16.2,6.669960116505703,4,2023,0.8660254037844387,-0.4999999999999998,139.0,150.0,113.0,45.0,65.57142857142857,86.0,82.0,70.0,75.0,109.28571428571428,53.0,68.0,43.0,36.928277013941866,75.45454545454545,16.0,13.0,11.0,11.469250287239085,16.18199091316019,10.0,8.0,6.0,4.954533812342765,6.569688588788892,134.0,115.16666666666667,18.999999999999996,54.666666666666664
Kashmir,Baramulla,"Baramulla JKPCC Office (PM-10, PM-2.5) 1079",2023-05-01,98.02911779669054,85.33333333333333,49.888888888888886,16.4,6.669960116505703,5,2023,0.49999999999999994,-0.8660254037844387,98.02911779669054,139.0,150.0,122.0,76.13924115156125,85.66666666666667,86.0,82.0,75.0,109.28571428571428,51.44444444444444,53.0,68.0,36.928277013941866,76.54545454545455,16.2,16.0,13.0,11.469250287239085,16.18199091316019,6.669960116505703,10.0,8.0,4.954533812342765,6.569688588788892,129.0097059322302,124.0048529661151,27.387910305789205,57.48148148148149
Kashmir,Baramulla,"Baramulla JKPCC Office (PM-10, PM-2.5) 1079",2023-06-01,51.2,85.33333333333333,34.53172172784067,14.543549351135788,4.068826163558235,6,2023,1.2246467991473532e-16,-1.0,98.02911779669054,98.02911779669054,139.0,122.0,94.39309303217156,85.33333333333333,85.66666666666667,86.0,75.0,97.17726946547948,49.888888888888886,51.44444444444444,53.0,46.0,45.4194897078592,16.4,16.2,16.0,13.0,16.90828403592742,6.669960116505703,6.669960116505703,10.0,7.0,5.830875792682721,111.68607853112702,120.00970593223019,23.654549869017174,51.444444444444436
Kashmir,Baramulla,"Baramulla JKPCC Office (PM-10, PM-2.5) 1079",2023-07-01,51.2,85.33333333333333,34.18525044787937,14.543549351135788,4.068826163558235,7,2023,-0.4999999999999997,-0.8660254037844388,51.2,98.02911779669054,98.02911779669054,113.0,94.39309303217156,85.33333333333333,85.33333333333333,85.66666666666667,70.0,97.17726946547948,34.53172172784067,49.888888888888886,51.44444444444444,43.0,45.4194897078592,14.543549351135788,16.4,16.2,11.0,16.90828403592742,4.068826163558235,6.669960116505703,6.669960116505703,6.0,5.830875792682721,82.41941186446036,108.20970593223018,27.036803765831976,45.288351687058
Kashmir,Baramulla,"Baramulla JKPCC Office (PM-10, PM-2.5) 1079",2023-08-01,51.2,85.33333333333333,34.18525044787937,14.543549351135788,4.068826163558235,8,2023,-0.8660254037844384,-0.5000000000000004,51.2,51.2,98.02911779669054,150.0,45.0,85.33333333333333,85.33333333333333,85.33333333333333,82.0,75.0,34.18525044787937,34.53172172784067,49.888888888888886,68.0,30.0,14.543549351135788,14.543549351135788,16.4,13.0,30.0,4.068826163558235,4.068826163558235,6.669960116505703,8.0,5.024913622260362,66.80970593223019,97.90970593223018,27.036803765831973,39.535287021536305
Kashmir,Baramulla,"Baramulla JKPCC Office (PM-10, PM-2.5) 1079",2023-09-01,49.8,83.0,34.80915797305074,14.543549351135788,4.247154203386412,9,2023,-1.0,-1.8369701987210297e-16,51.2,51.2,51.2,139.0,45.0,85.33333333333333,85.33333333333333,85.33333333333333,86.0,75.0,34.18525044787937,34.18525044787937,34.53172172784067,53.0,30.0,14.543549351135788,14.543549351135788,14.543549351135788,16.0,30.0,4.068826163558235,4.068826163558235,4.068826163558235,10.0,4.851268035268397,51.2,81.44303926556351,0.0,34.30074087453314
Kashmir,Baramulla,"Baramulla JKPCC Office (PM-10, PM-2.5) 1079",2023-10-01,49.8,83.0,35.671056767788045,14.904120721048882,4.334961604251415,10,2023,-0.8660254037844386,0.5000000000000001,49.8,51.2,51.2,98.02911779669054,45.0,83.0,85.33333333333333,85.33333333333333,85.66666666666667,75.0,34.80915797305074,34.18525044787937,34.18525044787937,51.44444444444444,36.928277013941866,14.543549351135788,14.543549351135788,14.543549351135788,16.2,11.469250287239085,4.247154203386412,4.068826163558235,4.068826163558235,6.669960116505703,4.954533812342765,50.73333333333333,66.57637259889685,0.8082903768654793,34.39321962293649
Kashmir,Baramulla,"Baramulla JKPCC Office (PM-10, PM-2.5) 1079",2023-11-01,49.8,83.0,36.2978841271984,14.791113316218954,4.334961604251415,11,2023,-0.5000000000000004,0.8660254037844384,49.8,49.8,51.2,98.02911779669054,122.0,83.0,83.0,85.33333333333333,85.33333333333333,75.0,35.671056767788045,34.80915797305074,34.18525044787937,49.888888888888886,36.928277013941866,14.904120721048882,14.543549351135788,14.543549351135788,16.4,11.469250287239085,4.334961604251415,4.247154203386412,4.068826163558235,6.669960116505703,4.954533812342765,50.26666666666667,58.53818629944842,0.8082903768654793,34.88848839623939
Kashmir,Baramulla,"Baramulla JKPCC Office (PM-10, PM-2.5) 1079",2023-12-01,121.0,83.0,39.0,14.791113316218954,4.334961604251415,12,2023,-2.4492935982947064e-16,1.0,49.8,49.8,49.8,51.2,122.0,83.0,83.0,83.0,85.33333333333333,75.0,36.2978841271984,35.671056767788045,34.80915797305074,34.53172172784067,46.0,14.791113316218954,14.904120721048882,14.543549351135788,14.543549351135788,13.0,4.334961604251415,4.334961604251415,4.247154203386412,4.068826163558235,7.0,49.8,50.5,0.0,35.59269962267906
Kashmir,Baramulla,"Baramulla JKPCC Office (PM-10, PM-2.5) 1079",2024-01-01,121.0,121.0,77.5,18.0,6.309770564230036,1,2024,0.49999999999999994,0.8660254037844387,121.0,49.8,49.8,51.2,113.0,83.0,83.0,83.0,85.33333333333333,70.0,39.0,36.2978841271984,35.671056767788045,34.18525044787937,43.0,14.791113316218954,14.791113316218954,14.904120721048882,14.543549351135788,11.0,4.334961604251415,4.334961604251415,4.334961604251415,4.068826163558235,6.0,73.53333333333333,62.13333333333333,41.10733916630136,36.98964696499548
Kashmir,Baramulla,"Baramulla JKPCC Office (PM-10, PM-2.5) 1079",2024-02-01,133.0,129.0,116.0,25.0,13.0,2,2024,0.8660254037844386,0.5000000000000001,121.0,121.0,49.8,51.2,150.0,121.0,83.0,83.0,85.33333333333333,82.0,77.5,39.0,36.2978841271984,34.18525044787937,68.0,18.0,14.791113316218954,14.791113316218954,14.543549351135788,13.0,6.309770564230036,4.334961604251415,4.334961604251415,4.068826163558235,8.0,97.26666666666667,73.76666666666667,41.10733916630136,50.93262804239947
Kashmir,Baramulla,"Baramulla JKPCC Office (PM-10, PM-2.5) 1079",2024-03-01,149.0,138.0,139.0,23.0,11.0,3,2024,1.0,6.123233995736766e-17,133.0,121.0,121.0,49.8,139.0,129.0,121.0,83.0,83.0,86.0,116.0,77.5,39.0,34.80915797305074,53.0,25.0,18.0,14.791113316218954,14.543549351135788,16.0,13.0,6.309770564230036,4.334961604251415,4.247154203386412,10.0,125.0,87.39999999999999,6.928203230275509,77.5
Kashmir,Baramulla,"Baramulla JKPCC Office (PM-10, PM-2.5) 1079",2024-04-01,135.0,132.0,104.0,22.0,12.0,4,2024,0.8660254037844387,-0.4999999999999998,149.0,133.0,121.0,49.8,98.02911779669054,138.0,129.0,121.0,83.0,85.66666666666667,139.0,116.0,77.5,35.671056767788045,51.44444444444444,23.0,25.0,18.0,14.904120721048882,16.2,11.0,13.0,6.309770564230036,4.334961604251415,6.669960116505703,134.33333333333334,103.93333333333334,14.04753833713698,110.83333333333333
Kashmir,Baramulla,"Baramulla JKPCC Office (PM-10, PM-2.5) 1079",2024-05-01,139.88713337791884,131.33333333333334,100.57142857142856,21.142857142857142,8.805191329005568,5,2024,0.49999999999999994,-0.8660254037844387,135.0,149.0,133.0,49.8,98.02911779669054,132.0,138.0,129.0,83.0,85.33333333333333,104.0,139.0,116.0,36.2978841271984,49.888888888888886,22.0,23.0,25.0,14.791113316218954,16.4,12.0,11.0,13.0,4.334961604251415,6.669960116505703,139.0,118.13333333333333,8.717797887081336,119.66666666666667
Kashmir,Baramulla,"Baramulla JKPCC Office (PM-10, PM-2.5) 1079",2024-06-01,139.88713337791884,130.66666666666666,97.14285714285714,20.285714285714285,8.831959845234957,6,2024,1.2246467991473532e-16,-1.0,139.88713337791884,135.0,149.0,121.0,51.2,131.33333333333334,132.0,138.0,83.0,85.33333333333333,100.57142857142856,104.0,139.0,39.0,34.53172172784067,21.142857142857142,22.0,23.0,14.791113316218954,14.543549351135788,8.805191329005568,12.0,11.0,4.334961604251415,4.068826163558235,141.29571112597296,133.14785556298648,7.105495651552726,114.52380952380952
Kashmir,Baramulla,"Baramulla JKPCC Office (PM-10, PM-2.5) 1079",2024-07-01,78.39999999999999,130.66666666666666,67.50985253907308,19.598227696029877,8.955818141772482,7,2024,-0.4999999999999997,-0.8660254037844388,139.88713337791884,139.88713337791884,135.0,121.0,51.2,130.66666666666666,131.33333333333334,132.0,121.0,85.33333333333333,97.14285714285714,100.57142857142856,104.0,77.5,34.18525044787937,20.285714285714285,21.142857142857142,22.0,18.0,14.543549351135788,8.831959845234957,8.805191329005568,12.0,6.309770564230036,4.068826163558235,138.25808891861257,136.29571112597296,2.821587771307031,100.57142857142856
Kashmir,Baramulla,"Baramulla JKPCC Office (PM-10, PM-2.5) 1079",2024-08-01,78.39999999999999,130.66666666666666,67.50985253907308,18.51314113734727,8.115114257019805,8,2024,-0.8660254037844384,-0.5000000000000004,78.39999999999999,139.88713337791884,139.88713337791884,133.0,51.2,130.66666666666666,130.66666666666666,131.33333333333334,129.0,85.33333333333333,67.50985253907308,97.14285714285714,100.57142857142856,116.0,34.18525044787937,19.598227696029877,20.285714285714285,21.142857142857142,25.0,14.543549351135788,8.955818141772482,8.831959845234957,8.805191329005568,13.0,4.068826163558235,119.39142225194588,129.19571112597296,35.499613007439876,88.40804608445292
Kashmir,Baramulla,"Baramulla JKPCC Office (PM-10, PM-2.5) 1079",2024-09-01,78.39999999999999,130.66666666666666,67.50985253907308,18.51314113734727,8.115114257019805,9,2024,-1.0,-1.8369701987210297e-16,78.39999999999999,78.39999999999999,139.88713337791884,149.0,49.8,130.66666666666666,130.66666666666666,130.66666666666666,138.0,83.0,67.50985253907308,67.50985253907308,97.14285714285714,139.0,34.80915797305074,18.51314113734727,19.598227696029877,20.285714285714285,23.0,14.543549351135788,8.115114257019805,8.955818141772482,8.831959845234957,11.0,4.247154203386412,98.89571112597294,120.09571112597295,35.499613007439876,77.38752074033444
Kashmir,Baramulla,"Baramulla JKPCC Office (PM-10, PM-2.5) 1079",2024-10-01,75.6,126.0,58.327149855121,17.409225166762187,7.900468623537525,10,2024,-0.8660254037844386,0.5000000000000001,78.39999999999999,78.39999999999999,78.39999999999999,135.0,49.8,130.66666666666666,130.66666666666666,130.66666666666666,132.0,83.0,67.50985253907308,67.50985253907308,67.50985253907308,104.0,35.671056767788045,18.51314113734727,18.51314113734727,19.598227696029877,22.0,14.904120721048882,8.115114257019805,8.115114257019805,8.955818141772482,12.0,4.334961604251415,78.39999999999999,108.32904445930627,0.0,67.50985253907308
Kashmir,Baramulla,"Baramulla JKPCC Office (PM-10, PM-2.5) 1079",2024-11-01,75.6,126.0,80.0,16.0,2.0,11,2024,-0.5000000000000004,0.8660254037844384,75.6,78.39999999999999,78.39999999999999,139.88713337791884,49.8,126.0,130.66666666666666,130.66666666666666,131.33333333333334,83.0,58.327149855121,67.50985253907308,67.50985253907308,100.57142857142856,36.2978841271984,17.409225166762187,18.51314113734727,18.51314113734727,21.142857142857142,14.791113316218954,7.900468623537525,8.115114257019805,8.115114257019805,8.805191329005568,4.334961604251415,77.46666666666665,98.42904445930628,1.6165807537309484,64.4489516444224
Kashmir,Baramulla,"Baramulla JKPCC Office (PM-10, PM-2.5) 1079",2024-12-01,126.0,126.0,72.5,17.0,9.0,12,2024,-2.4492935982947064e-16,1.0,75.6,75.6,78.39999999999999,139.88713337791884,121.0,126.0,126.0,130.66666666666666,130.66666666666666,83.0,80.0,58.327149855121,67.50985253907308,97.14285714285714,39.0,16.0,17.409225166762187,18.51314113734727,20.285714285714285,14.791113316218954,2.0,7.900468623537525,8.115114257019805,8.831959845234957,4.334961604251415,76.53333333333332,87.71452222965313,1.6165807537309433,68.61233413139803
Kashmir,Baramulla,"Baramulla JKPCC Office (PM-10, PM-2.5) 1079",2025-01-01,126.0,126.0,65.0,15.0,8.0,1,2025,0.49999999999999994,0.8660254037844387,126.0,75.6,75.6,78.39999999999999,121.0,126.0,126.0,126.0,130.66666666666666,121.0,72.5,80.0,58.327149855121,67.50985253907308,77.5,17.0,16.0,17.409225166762187,19.598227696029877,18.0,9.0,2.0,7.900468623537525,8.955818141772482,6.309770564230036,92.39999999999999,85.39999999999999,29.098453567157144,70.27571661837366
Kashmir,Baramulla,"Baramulla JKPCC Office (PM-10, PM-2.5) 1079",2025-02-01,124.0,124.0,66.0,18.0,10.0,2,2025,0.8660254037844386,0.5000000000000001,126.0,126.0,75.6,78.39999999999999,133.0,126.0,126.0,126.0,130.66666666666666,129.0,65.0,72.5,80.0,67.50985253907308,116.0,15.0,17.0,16.0,18.51314113734727,25.0,8.0,9.0,2.0,8.115114257019805,13.0,109.19999999999999,93.33333333333333,29.09845356715715,72.5
Kashmir,Baramulla,"Baramulla JKPCC Office (PM-10, PM-2.5) 1079",2025-03-01,114.0,114.0,29.0,16.0,9.0,3,2025,1.0,6.123233995736766e-17,124.0,126.0,126.0,78.39999999999999,149.0,124.0,126.0,126.0,130.66666666666666,138.0,66.0,65.0,72.5,67.50985253907308,139.0,18.0,15.0,17.0,18.51314113734727,23.0,10.0,8.0,9.0,8.115114257019805,11.0,125.33333333333333,100.93333333333334,1.1547005383792495,67.83333333333333
Kashmir,Baramulla,"Baramulla JKPCC Office (PM-10, PM-2.5) 1079",2025-04-01,125.0,125.0,68.0,10.0,5.0,4,2025,0.8660254037844387,-0.4999999999999998,114.0,124.0,126.0,75.6,135.0,114.0,124.0,126.0,126.0,132.0,29.0,66.0,65.0,58.327149855121,104.0,16.0,18.0,15.0,17.409225166762187,22.0,9.0,10.0,8.0,7.900468623537525,12.0,121.33333333333333,106.86666666666667,6.429100507328634,53.333333333333336
Kashmir,Baramulla,"Baramulla JKPCC Office (PM-10, PM-2.5) 1079",2025-05-01,114.0,114.0,61.0,18.0,8.043742573822376,5,2025,0.49999999999999994,-0.8660254037844387,125.0,114.0,124.0,75.6,139.88713337791884,125.0,114.0,124.0,126.0,131.33333333333334,68.0,29.0,66.0,80.0,100.57142857142856,10.0,16.0,18.0,16.0,21.142857142857142,5.0,9.0,10.0,2.0,8.805191329005568,121.0,115.10000000000001,6.082762530298216,54.333333333333336
Kashmir,Baramulla,"Baramulla JKPCC Office (PM-10, PM-2.5) 1079",2025-06-01,126.0,126.0,68.0,12.0,5.0,6,2025,1.2246467991473532e-16,-1.0,114.0,125.0,114.0,126.0,139.88713337791884,114.0,125.0,114.0,126.0,130.66666666666666,61.0,68.0,29.0,72.5,97.14285714285714,18.0,10.0,16.0,17.0,20.285714285714285,8.043742573822376,5.0,9.0,9.0,8.831959845234957,117.66666666666667,121.5,6.350852961085881,52.666666666666664
Kashmir,Baramulla,"Baramulla JKPCC Office (PM-10, PM-2.5) 1079",2025-07-01,126.0,126.0,52.0,12.0,6.0,7,2025,-0.4999999999999997,-0.8660254037844388,126.0,114.0,125.0,126.0,78.39999999999999,126.0,114.0,125.0,126.0,130.66666666666666,68.0,61.0,68.0,65.0,67.50985253907308,12.0,18.0,10.0,15.0,19.598227696029877,5.0,8.043742573822376,5.0,8.0,8.955818141772482,121.66666666666667,121.5,6.658328118479388,65.66666666666667
Kashmir,Baramulla,"Baramulla JKPCC Office (PM-10, PM-2.5) 1079",2025-08-01,119.0,119.0,53.0,16.0,8.0,8,2025,-0.8660254037844384,-0.5000000000000004,126.0,126.0,114.0,124.0,78.39999999999999,126.0,126.0,114.0,124.0,130.66666666666666,52.0,68.0,61.0,66.0,67.50985253907308,12.0,12.0,18.0,18.0,18.51314113734727,6.0,5.0,8.043742573822376,10.0,8.115114257019805,122.0,121.5,6.928203230275505,60.333333333333336
Kashmir,Baramulla,"Baramulla JKPCC Office (PM-10, PM-2.5) 1079",2025-09-01,51.0,123.5,51.0,17.0,8.387778603193155,9,2025,-1.0,-1.8369701987210297e-16,119.0,126.0,126.0,114.0,78.39999999999999,119.0,126.0,126.0,114.0,130.66666666666666,53.0,52.0,68.0,29.0,67.50985253907308,16.0,12.0,12.0,16.0,18.51314113734727,8.0,6.0,5.0,9.0,8.115114257019805,123.66666666666667,120.66666666666667,4.041451884327382,57.666666666666664
Kashmir,Baramulla,"Baramulla JKPCC Office (PM-10, PM-2.5) 1079",2025-10-01,128.0,128.0,62.0,18.0,8.35721893461045,10,2025,-0.8660254037844386,0.5000000000000001,51.0,119.0,126.0,125.0,75.6,123.5,119.0,126.0,125.0,126.0,51.0,53.0,52.0,68.0,58.327149855121,17.0,16.0,12.0,10.0,17.409225166762187,8.387778603193155,8.0,6.0,5.0,7.900468623537525,98.66666666666667,110.16666666666667,41.428653530296316,52.0
Kashmir,Baramulla,"Baramulla JKPCC Office (PM-10, PM-2.5) 1079",2025-11-01,132.0,132.0,71.0,22.0,9.109985072554895,11,2025,-0.5000000000000004,0.8660254037844384,128.0,51.0,119.0,114.0,75.6,128.0,123.5,119.0,114.0,126.0,62.0,51.0,53.0,61.0,80.0,18.0,17.0,16.0,18.0,16.0,8.35721893461045,8.387778603193155,8.0,8.043742573822376,2.0,99.33333333333333,110.66666666666667,42.09908945967043,55.333333333333336
Kashmir,Baramulla,"Baramulla JKPCC Office (PM-10, PM-2.5) 1079",2025-12-01,140.25078448942014,130.0,95.0,24.0,9.663892246264671,12,2025,-2.4492935982947064e-16,1.0,132.0,128.0,51.0,126.0,126.0,132.0,128.0,123.5,126.0,126.0,71.0,62.0,51.0,68.0,72.5,22.0,18.0,17.0,12.0,17.0,9.109985072554895,8.35721893461045,8.387778603193155,5.0,9.0,103.66666666666667,113.66666666666667,45.654499595695206,61.333333333333336
Kashmir,Baramulla,"Baramulla JKPCC Office (PM-10, PM-2.5) 1079",2026-01-01,128.0,128.0,70.0,23.0,9.90535315966365,1,2026,0.49999999999999994,0.8660254037844387,140.25078448942014,132.0,128.0,126.0,126.0,130.0,132.0,128.0,126.0,126.0,95.0,71.0,62.0,52.0,65.0,24.0,22.0,18.0,12.0,15.0,9.663892246264671,9.109985072554895,8.35721893461045,6.0,8.0,133.41692816314006,116.04179741490334,6.24709486210821,76.0
Kashmir,Baramulla,"Baramulla JKPCC Office (PM-10, PM-2.5) 1079",2026-02-01,108.0,108.0,46.0,22.0,9.13402007868304,2,2026,0.8660254037844386,0.5000000000000001,128.0,140.25078448942014,132.0,119.0,124.0,128.0,130.0,132.0,119.0,124.0,70.0,95.0,71.0,53.0,66.0,23.0,24.0,22.0,16.0,18.0,9.90535315966365,9.663892246264671,9.109985072554895,8.0,10.0,133.41692816314006,116.37513074823669,6.24709486210821,78.66666666666667
Kashmir,Baramulla,"Baramulla JKPCC Office (PM-10, PM-2.5) 1079",2026-03-01,145.36643495445531,147.0,44.86111111111112,27.5,6.867564373850061,3,2026,1.0,6.123233995736766e-17,108.0,128.0,140.25078448942014,51.0,114.0,108.0,128.0,130.0,123.5,114.0,46.0,70.0,95.0,51.0,29.0,22.0,23.0,24.0,17.0,16.0,9.13402007868304,9.90535315966365,9.663892246264671,8.387778603193155,9.0,125.41692816314004,114.54179741490334,16.279817877714127,70.33333333333333
Kashmir,Srinagar,Dalgate Boulvard Srinagar (PM-2.5),2023-01-01,82.0,76.30547126523373,82.0,18.138460602571055,6.843261663474343,1,2023,0.49999999999999994,0.8660254037844387,78.0,80.0,87.0,86.0,84.0,105.66704570245348,114.13753871421828,81.26940525145437,117.115850876413,116.58064516129032,78.0,80.0,87.0,86.0,84.0,16.54287091001009,17.476565722800228,19.313841526142284,18.971139518308693,23.545454545454547,5.470186282707675,5.430709809862223,7.418701553505182,7.830403394980158,9.398921511088297,81.66666666666667,83.0,4.725815626252608,81.66666666666667
Kashmir,Srinagar,Dalgate Boulvard Srinagar (PM-2.5),2023-02-01,116.0,121.01532997836982,116.0,35.806944848827534,6.894345625700448,2,2023,0.8660254037844386,0.5000000000000001,82.0,78.0,80.0,88.0,66.0,76.30547126523373,105.66704570245348,114.13753871421828,101.632324786293,116.58064516129032,82.0,78.0,80.0,88.0,66.0,18.138460602571055,16.54287091001009,17.476565722800228,15.39982716499702,17.25812808158496,6.843261663474343,5.470186282707675,5.430709809862223,7.497511151807735,8.07568598390878,80.0,82.33333333333333,2.0000000000000036,80.0
Kashmir,Srinagar,Dalgate Boulvard Srinagar (PM-2.5),2023-03-01,106.0,93.7069500593061,106.0,16.29420704643308,9.17453438307242,3,2023,1.0,6.123233995736766e-17,116.0,82.0,78.0,79.0,93.0,121.01532997836982,76.30547126523373,105.66704570245348,110.02330449785153,116.58064516129032,116.0,82.0,78.0,79.0,93.0,35.806944848827534,18.138460602571055,16.54287091001009,17.522614086443514,17.21232005519495,6.894345625700448,6.843261663474343,5.470186282707675,5.322161855315575,8.406126635951432,92.0,87.0,20.8806130178211,92.0
Kashmir,Srinagar,Dalgate Boulvard Srinagar (PM-2.5),2023-04-01,81.0,123.49244856049845,81.0,18.806639226377523,6.256182891624718,4,2023,0.8660254037844387,-0.4999999999999998,106.0,116.0,82.0,87.0,89.0,93.7069500593061,121.01532997836982,76.30547126523373,81.26940525145437,116.58064516129032,106.0,116.0,82.0,87.0,89.0,16.29420704643308,35.806944848827534,18.138460602571055,19.313841526142284,17.21232005519495,9.17453438307242,6.894345625700448,6.843261663474343,7.418701553505182,8.789395625470394,101.33333333333333,91.5,17.47378989610821,101.33333333333333
Kashmir,Srinagar,Dalgate Boulvard Srinagar (PM-2.5),2023-05-01,95.0,112.0005531480503,95.0,16.85201171868792,8.44050612626418,5,2023,0.49999999999999994,-0.8660254037844387,81.0,106.0,116.0,80.0,89.0,123.49244856049845,93.7069500593061,121.01532997836982,114.13753871421828,116.58064516129032,81.0,106.0,116.0,80.0,89.0,18.806639226377523,16.29420704643308,35.806944848827534,17.476565722800228,17.21232005519495,6.256182891624718,9.17453438307242,6.894345625700448,5.430709809862223,8.789395625470394,101.0,90.5,18.02775637731995,101.0
Kashmir,Srinagar,Dalgate Boulvard Srinagar (PM-2.5),2023-06-01,93.0,105.80539975358406,93.0,9.16983211048341,7.522493451884496,6,2023,1.2246467991473532e-16,-1.0,95.0,81.0,106.0,78.0,89.0,112.0005531480503,123.49244856049845,93.7069500593061,105.66704570245348,116.5806416283724,95.0,81.0,106.0,78.0,89.0,16.85201171868792,18.806639226377523,16.29420704643308,16.54287091001009,17.212306814010102,8.44050612626418,6.256182891624718,9.17453438307242,5.470186282707675,8.78939511107394,94.0,93.0,12.529964086141673,94.0
Kashmir,Srinagar,Dalgate Boulvard Srinagar (PM-2.5),2023-07-01,90.0,111.5184429902867,90.0,9.916552358830426,8.096009000788424,7,2023,-0.4999999999999997,-0.8660254037844388,93.0,95.0,81.0,82.0,86.0,105.80539975358406,112.0005531480503,123.49244856049845,76.30547126523373,117.115850876413,93.0,95.0,81.0,82.0,86.0,9.16983211048341,16.85201171868792,18.806639226377523,18.138460602571055,18.971139518308693,7.522493451884496,8.44050612626418,6.256182891624718,6.843261663474343,7.830403394980158,89.66666666666667,95.5,7.571877794400372,89.66666666666667
Kashmir,Srinagar,Dalgate Boulvard Srinagar (PM-2.5),2023-08-01,87.0,115.67792029397546,87.0,15.035733768498686,8.073584847615132,8,2023,-0.8660254037844384,-0.5000000000000004,90.0,93.0,95.0,116.0,88.0,111.5184429902867,105.80539975358406,112.0005531480503,121.01532997836982,101.632324786293,90.0,93.0,95.0,116.0,88.0,9.916552358830426,9.16983211048341,16.85201171868792,35.806944848827534,15.39982716499702,8.096009000788424,7.522493451884496,8.44050612626418,6.894345625700448,7.497511151807735,92.66666666666667,96.83333333333333,2.516611478423599,92.66666666666667
Kashmir,Srinagar,Dalgate Boulvard Srinagar (PM-2.5),2023-09-01,88.0,103.55621695038158,88.0,15.693129016200247,7.612286461928342,9,2023,-1.0,-1.8369701987210297e-16,87.0,90.0,93.0,106.0,79.0,115.67792029397546,111.5184429902867,105.80539975358406,93.7069500593061,110.02330449785153,87.0,90.0,93.0,106.0,79.0,15.035733768498686,9.916552358830426,9.16983211048341,16.29420704643308,17.522614086443514,8.073584847615132,8.096009000788424,7.522493451884496,9.17453438307242,5.322161855315575,90.0,92.0,3.0000000000000147,90.0
Kashmir,Srinagar,Dalgate Boulvard Srinagar (PM-2.5),2023-10-01,104.0,114.24204313768732,104.0,20.50527051846988,7.852269741039655,10,2023,-0.8660254037844386,0.5000000000000001,88.0,87.0,90.0,81.0,87.0,103.55621695038158,115.67792029397546,111.5184429902867,123.49244856049845,81.26940525145437,88.0,87.0,90.0,81.0,87.0,15.693129016200247,15.035733768498686,9.916552358830426,18.806639226377523,19.313841526142284,7.612286461928342,8.073584847615132,8.096009000788424,6.256182891624718,7.418701553505182,88.33333333333333,89.0,1.5275252316519754,88.33333333333333
Kashmir,Srinagar,Dalgate Boulvard Srinagar (PM-2.5),2023-11-01,111.0,89.82589266711912,111.0,18.31419839861608,6.822352543256571,11,2023,-0.5000000000000004,0.8660254037844384,104.0,88.0,87.0,95.0,80.0,114.24204313768732,103.55621695038158,115.67792029397546,112.0005531480503,114.13753871421828,104.0,88.0,87.0,95.0,80.0,20.50527051846988,15.693129016200247,15.035733768498686,16.85201171868792,17.476565722800228,7.852269741039655,7.612286461928342,8.073584847615132,8.44050612626418,5.430709809862223,93.0,92.83333333333333,9.539392014169461,93.0
Kashmir,Srinagar,Dalgate Boulvard Srinagar (PM-2.5),2023-12-01,119.0,103.41866327060012,119.0,23.964414318176857,8.922860121490809,12,2023,-2.4492935982947064e-16,1.0,111.0,104.0,88.0,93.0,78.0,89.82589266711912,114.24204313768732,103.55621695038158,105.80539975358406,105.66704570245348,111.0,104.0,88.0,93.0,78.0,18.31419839861608,20.50527051846988,15.693129016200247,9.16983211048341,16.54287091001009,6.822352543256571,7.852269741039655,7.612286461928342,7.522493451884496,5.470186282707675,101.0,95.5,11.789826122551599,101.0
Kashmir,Srinagar,Dalgate Boulvard Srinagar (PM-2.5),2024-01-01,119.0,94.90345574585758,113.66666666666669,16.89336786089532,9.320180789271491,1,2024,0.49999999999999994,0.8660254037844387,119.0,111.0,104.0,90.0,82.0,103.41866327060012,89.82589266711912,114.24204313768732,111.5184429902867,76.30547126523373,119.0,111.0,104.0,90.0,82.0,23.964414318176857,18.31419839861608,20.50527051846988,9.916552358830426,18.138460602571055,8.922860121490809,6.822352543256571,7.852269741039655,8.096009000788424,6.843261663474343,111.33333333333333,99.83333333333333,7.505553499465142,111.33333333333333
Kashmir,Srinagar,Dalgate Boulvard Srinagar (PM-2.5),2024-02-01,124.84965065724418,118.65781710855556,108.33333333333331,23.59233922498746,5.829210214110483,2,2024,0.8660254037844386,0.5000000000000001,119.0,119.0,111.0,87.0,116.0,94.90345574585758,103.41866327060012,89.82589266711912,115.67792029397546,121.01532997836982,113.66666666666669,119.0,111.0,87.0,116.0,16.89336786089532,23.964414318176857,18.31419839861608,15.035733768498686,35.806944848827534,9.320180789271491,8.922860121490809,6.822352543256571,8.073584847615132,6.894345625700448,116.33333333333333,104.66666666666667,4.618802153517022,114.55555555555556
Kashmir,Srinagar,Dalgate Boulvard Srinagar (PM-2.5),2024-03-01,124.84965065724418,118.65781710855556,108.33333333333331,23.59233922498746,5.829210214110483,3,2024,1.0,6.123233995736766e-17,124.84965065724418,119.0,119.0,88.0,106.0,118.65781710855556,94.90345574585758,103.41866327060012,103.55621695038158,93.7069500593061,108.33333333333331,113.66666666666669,119.0,88.0,106.0,23.59233922498746,16.89336786089532,23.964414318176857,15.693129016200247,16.29420704643308,5.829210214110483,9.320180789271491,8.922860121490809,7.612286461928342,9.17453438307242,120.94988355241473,110.97494177620736,3.377297381625198,113.66666666666667
Kashmir,Srinagar,Dalgate Boulvard Srinagar (PM-2.5),2024-04-01,94.39309303217156,97.17726946547948,45.4194897078592,16.90828403592742,5.830875792682721,4,2024,0.8660254037844387,-0.4999999999999998,124.84965065724418,124.84965065724418,119.0,104.0,81.0,118.65781710855556,118.65781710855556,94.90345574585758,114.24204313768732,123.49244856049845,108.33333333333331,108.33333333333331,113.66666666666669,104.0,81.0,23.59233922498746,23.59233922498746,16.89336786089532,20.50527051846988,18.806639226377523,5.829210214110483,5.829210214110483,9.320180789271491,7.852269741039655,6.256182891624718,122.89976710482945,117.11655021908139,3.377297381625198,110.1111111111111
Kashmir,Srinagar,Dalgate Boulvard Srinagar (PM-2.5),2024-05-01,87.0,143.99954359758306,87.0,57.59962867280055,7.6648941586735,5,2024,0.49999999999999994,-0.8660254037844387,94.39309303217156,124.84965065724418,124.84965065724418,111.0,95.0,97.17726946547948,118.65781710855556,118.65781710855556,89.82589266711912,112.0005531480503,45.4194897078592,108.33333333333331,108.33333333333331,111.0,95.0,16.90828403592742,23.59233922498746,23.59233922498746,18.31419839861608,16.85201171868792,5.830875792682721,5.829210214110483,5.829210214110483,6.822352543256571,8.44050612626418,114.69746478221998,115.51539905777666,17.584101743425027,87.36205212484195
Kashmir,Srinagar,Dalgate Boulvard Srinagar (PM-2.5),2024-06-01,87.0,109.2384912156059,87.0,16.59761640865847,7.43815445500499,6,2024,1.2246467991473532e-16,-1.0,87.0,94.39309303217156,124.84965065724418,119.0,93.0,143.99954359758306,97.17726946547948,118.65781710855556,103.41866327060012,105.80539975358406,87.0,45.4194897078592,108.33333333333331,119.0,93.0,57.59962867280055,16.90828403592742,23.59233922498746,23.964414318176857,9.16983211048341,7.6648941586735,5.830875792682721,5.829210214110483,8.922860121490809,7.522493451884496,102.08091456313859,111.51539905777666,20.06180359882572,80.25094101373084
Kashmir,Srinagar,Dalgate Boulvard Srinagar (PM-2.5),2024-07-01,93.0,94.5482686908345,93.0,1.0,7.253725309156373,7,2024,-0.4999999999999997,-0.8660254037844388,87.0,87.0,94.39309303217156,119.0,90.0,109.2384912156059,143.99954359758306,97.17726946547948,94.90345574585758,111.5184429902867,87.0,87.0,45.4194897078592,113.66666666666669,90.0,16.59761640865847,57.59962867280055,16.90828403592742,16.89336786089532,9.916552358830426,7.43815445500499,7.6648941586735,5.830875792682721,9.320180789271491,8.096009000788424,89.46436434405719,106.18206572444332,4.268404252268258,73.13982990261974
Kashmir,Srinagar,Dalgate Boulvard Srinagar (PM-2.5),2024-08-01,93.0,104.93531681455715,93.0,1.0,7.681519308246402,8,2024,-0.8660254037844384,-0.5000000000000004,93.0,87.0,87.0,124.84965065724418,87.0,94.5482686908345,109.2384912156059,143.99954359758306,118.65781710855556,115.67792029397546,93.0,87.0,87.0,108.33333333333331,87.0,1.0,16.59761640865847,57.59962867280055,23.59233922498746,15.035733768498686,7.253725309156373,7.43815445500499,7.6648941586735,5.829210214110483,8.073584847615132,89.0,101.84873239110999,3.4641016151377544,89.0
Kashmir,Srinagar,Dalgate Boulvard Srinagar (PM-2.5),2024-09-01,95.0,104.92780417372288,95.0,1.3793103448275863,7.676604513480475,9,2024,-1.0,-1.8369701987210297e-16,93.0,93.0,87.0,124.84965065724418,88.0,104.93531681455715,94.5482686908345,109.2384912156059,118.65781710855556,103.55621695038158,93.0,93.0,87.0,108.33333333333331,88.0,1.0,1.0,16.59761640865847,23.59233922498746,15.693129016200247,7.681519308246402,7.253725309156373,7.43815445500499,5.829210214110483,7.612286461928342,91.0,96.54045728156929,3.4641016151377544,91.0
Kashmir,Srinagar,Dalgate Boulvard Srinagar (PM-2.5),2024-10-01,94.0,105.18866134925658,94.0,1.7586206896551724,7.693355855657205,10,2024,-0.8660254037844386,0.5000000000000001,95.0,93.0,93.0,94.39309303217156,104.0,104.92780417372288,104.93531681455715,94.5482686908345,97.17726946547948,114.24204313768732,95.0,93.0,93.0,45.4194897078592,104.0,1.3793103448275863,1.0,1.0,16.90828403592742,20.50527051846988,7.676604513480475,7.681519308246402,7.253725309156373,5.830875792682721,7.852269741039655,93.66666666666667,91.56551550536193,1.1547005383792495,93.66666666666667
Kashmir,Srinagar,Dalgate Boulvard Srinagar (PM-2.5),2024-11-01,90.0,108.9455716490978,90.0,1.7586206896551724,7.788591801913536,11,2024,-0.5000000000000004,0.8660254037844384,94.0,95.0,93.0,87.0,111.0,105.18866134925658,104.92780417372288,104.93531681455715,143.99954359758306,89.82589266711912,94.0,95.0,93.0,87.0,111.0,1.7586206896551724,1.3793103448275863,1.0,57.59962867280055,18.31419839861608,7.693355855657205,7.676604513480475,7.681519308246402,7.6648941586735,6.822352543256571,94.0,91.5,0.9999999999999964,94.0
Kashmir,Srinagar,Dalgate Boulvard Srinagar (PM-2.5),2024-12-01,87.0,115.67792029397546,87.0,15.035733768498686,8.073584847615132,12,2024,-2.4492935982947064e-16,1.0,90.0,94.0,95.0,87.0,119.0,108.9455716490978,105.18866134925658,104.92780417372288,109.2384912156059,103.41866327060012,90.0,94.0,95.0,87.0,119.0,1.7586206896551724,1.7586206896551724,1.3793103448275863,16.59761640865847,23.964414318176857,7.788591801913536,7.693355855657205,7.676604513480475,7.43815445500499,8.922860121490809,93.0,92.0,2.6457513110645894,93.0
Kashmir,Srinagar,Dalgate Boulvard Srinagar (PM-2.5),2025-01-01,90.0,109.58038360888868,90.0,14.269962675875258,7.698461963505752,1,2025,0.49999999999999994,0.8660254037844387,87.0,90.0,94.0,93.0,119.0,115.67792029397546,108.9455716490978,105.18866134925658,94.5482686908345,94.90345574585758,87.0,90.0,94.0,93.0,113.66666666666669,15.035733768498686,1.7586206896551724,1.7586206896551724,1.0,16.89336786089532,8.073584847615132,7.788591801913536,7.693355855657205,7.253725309156373,9.320180789271491,90.33333333333333,92.0,3.5118845842842434,90.33333333333333
Kashmir,Srinagar,Dalgate Boulvard Srinagar (PM-2.5),2025-02-01,86.0,116.33332561496628,86.0,18.068187157411806,8.325215060311452,2,2025,0.8660254037844386,0.5000000000000001,90.0,87.0,90.0,93.0,124.84965065724418,109.58038360888868,115.67792029397546,108.9455716490978,104.93531681455715,118.65781710855556,90.0,87.0,90.0,93.0,108.33333333333331,14.269962675875258,15.035733768498686,1.7586206896551724,1.0,23.59233922498746,7.698461963505752,8.073584847615132,7.788591801913536,7.681519308246402,5.829210214110483,89.0,91.5,1.732050807568868,89.0
Kashmir,Srinagar,Dalgate Boulvard Srinagar (PM-2.5),2025-03-01,89.0,108.3804336242671,89.0,16.38889702743559,7.62286159267669,3,2025,1.0,6.123233995736766e-17,86.0,90.0,87.0,95.0,124.84965065724418,116.33332561496628,109.58038360888868,115.67792029397546,104.92780417372288,118.65781710855556,86.0,90.0,87.0,95.0,108.33333333333331,18.068187157411806,14.269962675875258,15.035733768498686,1.3793103448275863,23.59233922498746,8.325215060311452,7.698461963505752,8.073584847615132,7.676604513480475,5.829210214110483,87.66666666666667,90.33333333333333,2.0816659994661264,87.66666666666667
Kashmir,Srinagar,Dalgate Boulvard Srinagar (PM-2.5),2025-04-01,85.0,117.04393722960472,85.0,19.430557126280736,7.621501644304072,4,2025,0.8660254037844387,-0.4999999999999998,89.0,86.0,90.0,94.0,94.39309303217156,108.3804336242671,116.33332561496628,109.58038360888868,105.18866134925658,97.17726946547948,89.0,86.0,90.0,94.0,45.4194897078592,16.38889702743559,18.068187157411806,14.269962675875258,1.7586206896551724,16.90828403592742,7.62286159267669,8.325215060311452,7.698461963505752,7.693355855657205,5.830875792682721,88.33333333333333,89.33333333333333,2.0816659994661264,88.33333333333333
Kashmir,Srinagar,Dalgate Boulvard Srinagar (PM-2.5),2025-05-01,87.0,106.6150372903132,87.0,17.62086197118518,7.564851293630967,5,2025,0.49999999999999994,-0.8660254037844387,85.0,89.0,86.0,90.0,87.0,117.04393722960472,108.3804336242671,116.33332561496628,108.9455716490978,143.99954359758306,85.0,89.0,86.0,90.0,87.0,19.430557126280736,16.38889702743559,18.068187157411806,1.7586206896551724,57.59962867280055,7.621501644304072,7.62286159267669,8.325215060311452,7.788591801913536,7.6648941586735,86.66666666666667,87.83333333333333,2.0816659994661264,86.66666666666667
Kashmir,Srinagar,Dalgate Boulvard Srinagar (PM-2.5),2025-06-01,88.0,103.55621695038158,88.0,15.693129016200247,7.612286461928342,6,2025,1.2246467991473532e-16,-1.0,87.0,85.0,89.0,87.0,87.0,106.6150372903132,117.04393722960472,108.3804336242671,115.67792029397546,109.2384912156059,87.0,85.0,89.0,87.0,87.0,17.62086197118518,19.430557126280736,16.38889702743559,15.035733768498686,16.59761640865847,7.564851293630967,7.621501644304072,7.62286159267669,8.073584847615132,7.43815445500499,87.0,87.33333333333333,1.999999999999993,87.0
Kashmir,Srinagar,Dalgate Boulvard Srinagar (PM-2.5),2025-07-01,86.0,118.36582502004872,86.0,17.888743176865823,7.815207173097086,7,2025,-0.4999999999999997,-0.8660254037844388,88.0,87.0,85.0,90.0,93.0,103.55621695038158,106.6150372903132,117.04393722960472,109.58038360888868,94.5482686908345,88.0,87.0,85.0,90.0,93.0,15.693129016200247,17.62086197118518,19.430557126280736,14.269962675875258,1.0,7.612286461928342,7.564851293630967,7.621501644304072,7.698461963505752,7.253725309156373,86.66666666666667,87.5,1.5275252316519359,86.66666666666667
Kashmir,Srinagar,Dalgate Boulvard Srinagar (PM-2.5),2025-08-01,73.0,109.23873843767804,73.0,25.30259437398861,5.05300375620908,8,2025,-0.8660254037844384,-0.5000000000000004,86.0,88.0,87.0,86.0,93.0,118.36582502004872,103.55621695038158,106.6150372903132,116.33332561496628,104.93531681455715,86.0,88.0,87.0,86.0,93.0,17.888743176865823,15.693129016200247,17.62086197118518,18.068187157411806,1.0,7.815207173097086,7.612286461928342,7.564851293630967,8.325215060311452,7.681519308246402,87.0,86.83333333333333,0.9999999999999805,87.0
Kashmir,Srinagar,Dalgate Boulvard Srinagar (PM-2.5),2025-09-01,66.0,99.7183485054812,66.0,14.478963354270675,6.444282621199782,9,2025,-1.0,-1.8369701987210297e-16,73.0,86.0,88.0,89.0,95.0,109.23873843767804,118.36582502004872,103.55621695038158,108.3804336242671,104.92780417372288,73.0,86.0,88.0,89.0,95.0,25.30259437398861,17.888743176865823,15.693129016200247,16.38889702743559,1.3793103448275863,5.05300375620908,7.815207173097086,7.612286461928342,7.62286159267669,7.676604513480475,82.33333333333333,84.66666666666667,8.144527815247073,82.33333333333333
Kashmir,Srinagar,Dalgate Boulvard Srinagar (PM-2.5),2025-10-01,67.0,87.15765425499866,67.0,12.705549728647666,5.788167170005705,10,2025,-0.8660254037844386,0.5000000000000001,66.0,73.0,86.0,85.0,94.0,99.7183485054812,109.23873843767804,118.36582502004872,117.04393722960472,105.18866134925658,66.0,73.0,86.0,85.0,94.0,14.478963354270675,25.30259437398861,17.888743176865823,19.430557126280736,1.7586206896551724,6.444282621199782,5.05300375620908,7.815207173097086,7.621501644304072,7.693355855657205,75.0,80.83333333333333,10.148891565092214,75.0
Kashmir,Srinagar,Dalgate Boulvard Srinagar (PM-2.5),2025-11-01,74.0,84.62135152034993,74.0,14.55629580817893,5.7946638341442425,11,2025,-0.5000000000000004,0.8660254037844384,67.0,66.0,73.0,87.0,90.0,87.15765425499866,99.7183485054812,109.23873843767804,106.6150372903132,108.9455716490978,67.0,66.0,73.0,87.0,90.0,12.705549728647666,14.478963354270675,25.30259437398861,17.62086197118518,1.7586206896551724,5.788167170005705,6.444282621199782,5.05300375620908,7.564851293630967,7.788591801913536,68.66666666666667,77.83333333333333,3.78593889720017,68.66666666666667
Kashmir,Srinagar,Dalgate Boulvard Srinagar (PM-2.5),2025-12-01,84.0,70.63059045533338,84.0,16.85676476304059,6.874709942555618,12,2025,-2.4492935982947064e-16,1.0,74.0,67.0,66.0,88.0,87.0,84.62135152034993,87.15765425499866,99.7183485054812,103.55621695038158,115.67792029397546,74.0,67.0,66.0,88.0,87.0,14.55629580817893,12.705549728647666,14.478963354270675,15.693129016200247,15.035733768498686,5.7946638341442425,5.788167170005705,6.444282621199782,7.612286461928342,8.073584847615132,69.0,75.66666666666667,4.358898943540664,69.0
Kashmir,Srinagar,Dalgate Boulvard Srinagar (PM-2.5),2026-01-01,115.0,121.0070240065312,115.0,35.23178718396645,6.813575949869392,1,2026,0.49999999999999994,0.8660254037844387,84.0,74.0,67.0,86.0,90.0,70.63059045533338,84.62135152034993,87.15765425499866,118.36582502004872,109.58038360888868,84.0,74.0,67.0,86.0,90.0,16.85676476304059,14.55629580817893,12.705549728647666,17.888743176865823,14.269962675875258,6.874709942555618,5.7946638341442425,5.788167170005705,7.815207173097086,7.698461963505752,75.0,75.0,8.544003745317527,75.0
Kashmir,Srinagar,Dalgate Boulvard Srinagar (PM-2.5),2026-02-01,76.0,124.99668897537268,76.0,19.1471055555434,6.366078763592562,2,2026,0.8660254037844386,0.5000000000000001,115.0,84.0,74.0,73.0,86.0,121.0070240065312,70.63059045533338,84.62135152034993,109.23873843767804,116.33332561496628,115.0,84.0,74.0,73.0,86.0,35.23178718396645,16.85676476304059,14.55629580817893,25.30259437398861,18.068187157411806,6.813575949869392,6.874709942555618,5.7946638341442425,5.05300375620908,8.325215060311452,91.0,79.83333333333333,21.37755832643195,91.0
Kashmir,Srinagar,Dalgate Boulvard Srinagar (PM-2.5),2026-03-01,76.0,130.27775840954905,72.0,19.00787052686088,8.491397467923427,3,2026,1.0,6.123233995736766e-17,76.0,115.0,84.0,66.0,89.0,124.99668897537268,121.0070240065312,70.63059045533338,99.7183485054812,108.3804336242671,76.0,115.0,84.0,66.0,89.0,19.1471055555434,35.23178718396645,16.85676476304059,14.478963354270675,16.38889702743559,6.366078763592562,6.813575949869392,6.874709942555618,6.444282621199782,7.62286159267669,91.66666666666667,80.33333333333333,20.599352740640498,91.66666666666667
Jammu,Doda,Doda PCC Office Near Bus Stand 1065,2023-01-01,81.0,81.0,32.0,13.657600580762336,3.8021243346250007,1,2023,0.49999999999999994,0.8660254037844387,81.79353606020129,83.0,82.45422155603832,88.0,86.0,85.0,83.0,82.5,88.0,86.0,37.0,34.0,32.0,42.0,35.0,14.347936013000098,14.791113316218954,13.536550314096734,12.71392100349412,34.4,4.156633564423238,4.001124998390357,4.001124998390357,4.068826163558235,5.109963274868143,82.4159192054132,82.7079596027066,0.6041432876861588,34.333333333333336
Jammu,Doda,Doda PCC Office Near Bus Stand 1065,2023-02-01,85.0,85.0,34.0,14.460943417830023,4.381460382771765,2,2023,0.8660254037844386,0.5000000000000001,81.0,81.79353606020129,83.0,79.0,72.0,81.0,85.0,83.0,78.0,72.0,32.0,37.0,34.0,40.0,35.0,13.657600580762336,14.347936013000098,14.791113316218954,13.11940400806799,13.66813733641292,3.8021243346250007,4.156633564423238,4.001124998390357,4.247154203386412,5.178190013209606,81.93117868673376,81.54129293603994,1.0070795000788633,34.333333333333336
Jammu,Doda,Doda PCC Office Near Bus Stand 1065,2023-03-01,78.0,78.0,40.0,13.657600580762336,4.247154203386412,3,2023,1.0,6.123233995736766e-17,85.0,81.0,81.79353606020129,82.0,74.30552082723206,85.0,81.0,85.0,82.0,75.2,34.0,32.0,37.0,30.0,36.4,14.460943417830023,13.657600580762336,14.347936013000098,13.686896326577932,13.66813733641292,4.381460382771765,3.8021243346250007,4.156633564423238,3.9322604420830616,5.178190013209606,82.59784535340043,82.54129293603994,2.117825554512197,34.333333333333336
Jammu,Doda,Doda PCC Office Near Bus Stand 1065,2023-04-01,78.0,78.0,38.0,13.770607985592262,4.959342103545255,4,2023,0.8660254037844387,-0.4999999999999998,78.0,85.0,81.0,82.45422155603832,74.30552082723206,78.0,85.0,81.0,82.5,78.4,40.0,34.0,32.0,32.0,37.8,13.657600580762336,14.460943417830023,13.657600580762336,13.536550314096734,13.679813096019776,4.247154203386412,4.381460382771765,3.8021243346250007,4.001124998390357,5.178190013209606,81.33333333333333,81.87462626937327,3.5118845842842474,35.333333333333336
Jammu,Doda,Doda PCC Office Near Bus Stand 1065,2023-05-01,83.0,83.0,38.0,13.536550314096734,4.959342103545255,5,2023,0.49999999999999994,-0.8660254037844387,78.0,78.0,85.0,83.0,47.04,78.0,78.0,85.0,83.0,78.4,38.0,40.0,34.0,34.0,33.584996280103404,13.770607985592262,13.657600580762336,14.460943417830023,14.791113316218954,12.029465440482111,4.959342103545255,4.247154203386412,4.381460382771765,4.001124998390357,4.559788422599942,80.33333333333333,81.13225601003354,4.041451884327381,37.333333333333336
Jammu,Doda,Doda PCC Office Near Bus Stand 1065,2023-06-01,85.0,85.0,35.0,13.093373010877878,4.156633564423238,6,2023,1.2246467991473532e-16,-1.0,83.0,78.0,78.0,81.79353606020129,88.0,83.0,78.0,78.0,85.0,88.0,38.0,38.0,40.0,37.0,31.598463865707167,13.536550314096734,13.770607985592262,13.657600580762336,14.347936013000098,12.775387347202413,4.959342103545255,4.959342103545255,4.247154203386412,4.156633564423238,4.381460382771765,79.66666666666667,81.13225601003354,2.886751345948127,38.666666666666664
Jammu,Doda,Doda PCC Office Near Bus Stand 1065,2023-07-01,88.0,88.0,28.0,14.112556282630395,2.996268314279938,7,2023,-0.4999999999999997,-0.8660254037844388,85.0,83.0,78.0,81.0,88.0,85.0,83.0,78.0,81.0,88.0,35.0,38.0,38.0,32.0,42.0,13.093373010877878,13.536550314096734,13.770607985592262,13.657600580762336,12.71392100349412,4.156633564423238,4.959342103545255,4.959342103545255,3.8021243346250007,4.068826163558235,82.0,81.66666666666667,3.605551275463987,37.0
Jammu,Doda,Doda PCC Office Near Bus Stand 1065,2023-08-01,90.0,90.0,22.0,14.88707741392714,2.91363966763336,8,2023,-0.8660254037844384,-0.5000000000000004,88.0,85.0,83.0,85.0,79.0,88.0,85.0,83.0,85.0,78.0,28.0,35.0,38.0,34.0,40.0,14.112556282630395,13.093373010877878,13.536550314096734,14.460943417830023,13.11940400806799,2.996268314279938,4.156633564423238,4.959342103545255,4.381460382771765,4.247154203386412,85.33333333333333,82.83333333333333,2.516611478423582,33.666666666666664
Jammu,Doda,Doda PCC Office Near Bus Stand 1065,2023-09-01,86.0,86.0,41.0,14.460917584901292,4.068826163558235,9,2023,-1.0,-1.8369701987210297e-16,90.0,88.0,85.0,78.0,82.0,90.0,88.0,85.0,78.0,82.0,22.0,28.0,35.0,40.0,30.0,14.88707741392714,14.112556282630395,13.093373010877878,13.657600580762336,13.686896326577932,2.91363966763336,2.996268314279938,4.156633564423238,4.247154203386412,3.9322604420830616,87.66666666666667,83.66666666666667,2.516611478423582,28.333333333333332
Jammu,Doda,Doda PCC Office Near Bus Stand 1065,2023-10-01,79.0,79.0,42.0,14.040968444137892,4.247154203386412,10,2023,-0.8660254037844386,0.5000000000000001,86.0,90.0,88.0,78.0,82.45422155603832,86.0,90.0,88.0,78.0,82.5,41.0,22.0,28.0,38.0,32.0,14.460917584901292,14.88707741392714,14.112556282630395,13.770607985592262,13.536550314096734,4.068826163558235,2.91363966763336,2.996268314279938,4.959342103545255,4.001124998390357,88.0,85.0,1.9999999999999956,30.333333333333332
Jammu,Doda,Doda PCC Office Near Bus Stand 1065,2023-11-01,85.0,85.0,47.0,14.460943417830023,5.781801426080476,11,2023,-0.5000000000000004,0.8660254037844384,79.0,86.0,90.0,83.0,83.0,79.0,86.0,90.0,83.0,83.0,42.0,41.0,22.0,38.0,34.0,14.040968444137892,14.460917584901292,14.88707741392714,13.536550314096734,14.791113316218954,4.247154203386412,4.068826163558235,2.91363966763336,4.959342103545255,4.001124998390357,85.0,85.16666666666667,5.567764362830021,35.0
Jammu,Doda,Doda PCC Office Near Bus Stand 1065,2023-12-01,84.0,84.0,38.0,13.38513725483548,4.068826163558235,12,2023,-2.4492935982947064e-16,1.0,85.0,79.0,86.0,85.0,81.79353606020129,85.0,79.0,86.0,85.0,85.0,47.0,42.0,41.0,35.0,37.0,14.460943417830023,14.040968444137892,14.460917584901292,13.093373010877878,14.347936013000098,5.781801426080476,4.247154203386412,4.068826163558235,4.156633564423238,4.156633564423238,83.33333333333333,85.5,3.785938897200181,43.333333333333336
Jammu,Doda,Doda PCC Office Near Bus Stand 1065,2024-01-01,82.0,82.0,35.0,13.833456657175056,4.247154203386412,1,2024,0.49999999999999994,0.8660254037844387,84.0,85.0,79.0,88.0,81.0,84.0,85.0,79.0,88.0,81.0,38.0,47.0,42.0,28.0,32.0,13.38513725483548,14.460943417830023,14.040968444137892,14.112556282630395,13.657600580762336,4.068826163558235,5.781801426080476,4.247154203386412,2.996268314279938,3.8021243346250007,82.66666666666667,85.33333333333333,3.2145502536643145,42.333333333333336
Jammu,Doda,Doda PCC Office Near Bus Stand 1065,2024-02-01,87.0,87.0,35.0,14.225563687460324,4.222350639507493,2,2024,0.8660254037844386,0.5000000000000001,82.0,84.0,85.0,90.0,85.0,82.0,84.0,85.0,90.0,85.0,35.0,38.0,47.0,22.0,34.0,13.833456657175056,13.38513725483548,14.460943417830023,14.88707741392714,14.460943417830023,4.247154203386412,4.068826163558235,5.781801426080476,2.91363966763336,4.381460382771765,83.66666666666667,84.33333333333333,1.5275252316519359,40.0
Jammu,Doda,Doda PCC Office Near Bus Stand 1065,2024-03-01,88.0,88.0,34.0,14.049488409003796,3.623796294796823,3,2024,1.0,6.123233995736766e-17,87.0,82.0,84.0,86.0,78.0,87.0,82.0,84.0,86.0,78.0,35.0,35.0,38.0,41.0,40.0,14.225563687460324,13.833456657175056,13.38513725483548,14.460917584901292,13.657600580762336,4.222350639507493,4.247154203386412,4.068826163558235,4.068826163558235,4.247154203386412,84.33333333333333,83.83333333333333,2.5166114784235796,36.0
Jammu,Doda,Doda PCC Office Near Bus Stand 1065,2024-04-01,89.0,89.0,38.0,14.289492251822953,4.068826163558235,4,2024,0.8660254037844387,-0.4999999999999998,88.0,87.0,82.0,79.0,78.0,88.0,87.0,82.0,79.0,78.0,34.0,35.0,35.0,42.0,38.0,14.049488409003796,14.225563687460324,13.833456657175056,14.040968444137892,13.770607985592262,3.623796294796823,4.222350639507493,4.247154203386412,4.247154203386412,4.959342103545255,85.66666666666667,84.16666666666667,3.2145502536643145,34.666666666666664
Jammu,Doda,Doda PCC Office Near Bus Stand 1065,2024-05-01,87.0,87.0,37.0,14.142931921225829,4.068826163558235,5,2024,0.49999999999999994,-0.8660254037844387,89.0,88.0,87.0,85.0,83.0,89.0,88.0,87.0,85.0,83.0,38.0,34.0,35.0,47.0,38.0,14.289492251822953,14.049488409003796,14.225563687460324,14.460943417830023,13.536550314096734,4.068826163558235,3.623796294796823,4.222350639507493,5.781801426080476,4.959342103545255,88.0,85.83333333333333,0.9999999999999805,35.666666666666664
Jammu,Doda,Doda PCC Office Near Bus Stand 1065,2024-06-01,83.0,83.0,35.0,14.541921988288747,4.247154203386412,6,2024,1.2246467991473532e-16,-1.0,87.0,89.0,88.0,84.0,85.0,87.0,89.0,88.0,84.0,85.0,37.0,38.0,34.0,38.0,35.0,14.142931921225829,14.289492251822953,14.049488409003796,13.38513725483548,13.093373010877878,4.068826163558235,4.068826163558235,3.623796294796823,4.068826163558235,4.156633564423238,88.0,86.16666666666667,0.9999999999999805,36.333333333333336
Jammu,Doda,Doda PCC Office Near Bus Stand 1065,2024-07-01,88.0,88.0,39.0,14.433564528837003,4.156633564423238,7,2024,-0.4999999999999997,-0.8660254037844388,83.0,87.0,89.0,82.0,88.0,83.0,87.0,89.0,82.0,88.0,35.0,37.0,38.0,35.0,28.0,14.541921988288747,14.142931921225829,14.289492251822953,13.833456657175056,14.112556282630395,4.247154203386412,4.068826163558235,4.068826163558235,4.247154203386412,2.996268314279938,86.33333333333333,86.0,3.055050463303885,36.666666666666664
Jammu,Doda,Doda PCC Office Near Bus Stand 1065,2024-08-01,90.0,90.0,37.0,14.81949409744993,4.068826163558235,8,2024,-0.8660254037844384,-0.5000000000000004,88.0,83.0,87.0,87.0,90.0,88.0,83.0,87.0,87.0,90.0,39.0,35.0,37.0,35.0,22.0,14.433564528837003,14.541921988288747,14.142931921225829,14.225563687460324,14.88707741392714,4.156633564423238,4.247154203386412,4.068826163558235,4.222350639507493,2.91363966763336,86.0,87.0,2.645751311064579,37.0
Jammu,Doda,Doda PCC Office Near Bus Stand 1065,2024-09-01,84.0,84.0,38.0,14.460917584901292,4.068826163558235,9,2024,-1.0,-1.8369701987210297e-16,90.0,88.0,83.0,88.0,86.0,90.0,88.0,83.0,88.0,86.0,37.0,39.0,35.0,34.0,41.0,14.81949409744993,14.433564528837003,14.541921988288747,14.049488409003796,14.460917584901292,4.068826163558235,4.156633564423238,4.247154203386412,3.623796294796823,4.068826163558235,87.0,87.5,3.605551275463981,37.0
Jammu,Doda,Doda PCC Office Near Bus Stand 1065,2024-10-01,88.0,88.0,35.0,14.550863713411886,4.068826163558235,10,2024,-0.8660254037844386,0.5000000000000001,84.0,90.0,88.0,89.0,79.0,84.0,90.0,88.0,89.0,79.0,38.0,37.0,39.0,38.0,42.0,14.460917584901292,14.81949409744993,14.433564528837003,14.289492251822953,14.040968444137892,4.068826163558235,4.068826163558235,4.156633564423238,4.068826163558235,4.247154203386412,87.33333333333333,86.83333333333333,3.0550504633038815,38.0
Jammu,Doda,Doda PCC Office Near Bus Stand 1065,2024-11-01,88.77416123138359,89.0,33.0,14.289492251822953,3.623796294796823,11,2024,-0.5000000000000004,0.8660254037844384,88.0,84.0,90.0,87.0,85.0,88.0,84.0,90.0,87.0,85.0,35.0,38.0,37.0,37.0,47.0,14.550863713411886,14.460917584901292,14.81949409744993,14.142931921225829,14.460943417830023,4.068826163558235,4.068826163558235,4.068826163558235,4.068826163558235,5.781801426080476,87.33333333333333,86.66666666666667,3.0550504633038815,36.666666666666664
Jammu,Doda,Doda PCC Office Near Bus Stand 1065,2024-12-01,88.77416123138359,87.0,34.0,14.142931921225829,3.623796294796823,12,2024,-2.4492935982947064e-16,1.0,88.77416123138359,88.0,84.0,83.0,84.0,89.0,88.0,84.0,83.0,84.0,33.0,35.0,38.0,35.0,38.0,14.289492251822953,14.550863713411886,14.460917584901292,14.541921988288747,13.38513725483548,3.623796294796823,4.068826163558235,4.068826163558235,4.247154203386412,4.068826163558235,86.92472041046119,86.9623602052306,2.56228872545045,35.333333333333336
Jammu,Doda,Doda PCC Office Near Bus Stand 1065,2025-01-01,85.0,85.0,42.0,14.541921988288747,4.068826163558235,1,2025,0.49999999999999994,0.8660254037844387,88.77416123138359,88.77416123138359,88.0,88.0,82.0,87.0,89.0,88.0,88.0,82.0,34.0,33.0,35.0,39.0,35.0,14.142931921225829,14.289492251822953,14.550863713411886,14.433564528837003,13.833456657175056,3.623796294796823,3.623796294796823,4.068826163558235,4.156633564423238,4.247154203386412,88.51610748758905,87.92472041046119,0.44696219533542786,34.0
Jammu,Doda,Doda PCC Office Near Bus Stand 1065,2025-02-01,86.0,86.0,40.0,14.75155019251247,4.068826163558235,2,2025,0.8660254037844386,0.5000000000000001,85.0,88.77416123138359,88.77416123138359,90.0,87.0,85.0,87.0,89.0,90.0,87.0,42.0,34.0,33.0,37.0,35.0,14.541921988288747,14.142931921225829,14.289492251822953,14.81949409744993,14.225563687460324,4.068826163558235,3.623796294796823,3.623796294796823,4.068826163558235,4.222350639507493,87.51610748758905,87.42472041046119,2.1790130029043615,36.333333333333336
Jammu,Doda,Doda PCC Office Near Bus Stand 1065,2025-03-01,89.0,89.0,34.0,14.433564528837003,3.623796294796823,3,2025,1.0,6.123233995736766e-17,86.0,85.0,88.77416123138359,84.0,88.0,86.0,85.0,87.0,84.0,88.0,40.0,42.0,34.0,38.0,34.0,14.75155019251247,14.541921988288747,14.142931921225829,14.460917584901292,14.049488409003796,4.068826163558235,4.068826163558235,3.623796294796823,4.068826163558235,3.623796294796823,86.59138707712786,86.75805374379452,1.9553458150324907,38.666666666666664
Jammu,Doda,Doda PCC Office Near Bus Stand 1065,2025-04-01,87.0,87.0,37.0,14.289492251822953,4.068826163558235,4,2025,0.8660254037844387,-0.4999999999999998,89.0,86.0,85.0,88.0,89.0,89.0,86.0,85.0,88.0,89.0,34.0,40.0,42.0,35.0,38.0,14.433564528837003,14.75155019251247,14.541921988288747,14.550863713411886,14.289492251822953,3.623796294796823,4.068826163558235,4.068826163558235,4.068826163558235,4.068826163558235,86.66666666666667,87.59138707712786,2.081665999466126,38.666666666666664
Jammu,Doda,Doda PCC Office Near Bus Stand 1065,2025-05-01,83.0,83.0,39.0,14.541921988288747,4.247154203386412,5,2025,0.49999999999999994,-0.8660254037844387,87.0,89.0,86.0,88.77416123138359,87.0,87.0,89.0,86.0,89.0,87.0,37.0,34.0,40.0,33.0,37.0,14.289492251822953,14.433564528837003,14.75155019251247,14.289492251822953,14.142931921225829,4.068826163558235,3.623796294796823,4.068826163558235,3.623796294796823,4.068826163558235,87.33333333333333,87.42472041046119,1.527525231651935,37.0
Jammu,Doda,Doda PCC Office Near Bus Stand 1065,2025-06-01,87.0,87.0,38.0,14.225563687460324,4.156633564423238,6,2025,1.2246467991473532e-16,-1.0,83.0,87.0,89.0,88.77416123138359,83.0,83.0,87.0,89.0,87.0,83.0,39.0,37.0,34.0,34.0,35.0,14.541921988288747,14.289492251822953,14.433564528837003,14.142931921225829,14.541921988288747,4.247154203386412,4.068826163558235,3.623796294796823,3.623796294796823,4.247154203386412,86.33333333333333,86.4623602052306,3.055050463303886,36.666666666666664
Jammu,Doda,Doda PCC Office Near Bus Stand 1065,2025-07-01,86.0,86.0,37.0,14.36747407267926,4.068826163558235,7,2025,-0.4999999999999997,-0.8660254037844388,87.0,83.0,87.0,85.0,88.0,87.0,83.0,87.0,85.0,88.0,38.0,39.0,37.0,42.0,39.0,14.225563687460324,14.541921988288747,14.289492251822953,14.541921988288747,14.433564528837003,4.156633564423238,4.247154203386412,4.068826163558235,4.068826163558235,4.156633564423238,85.66666666666667,86.16666666666667,2.3094010767584905,38.0
Jammu,Doda,Doda PCC Office Near Bus Stand 1065,2025-08-01,83.0,83.0,35.0,14.543549351135788,4.247154203386412,8,2025,-0.8660254037844384,-0.5000000000000004,86.0,87.0,83.0,86.0,90.0,86.0,87.0,83.0,86.0,90.0,37.0,38.0,39.0,40.0,37.0,14.36747407267926,14.225563687460324,14.541921988288747,14.75155019251247,14.81949409744993,4.068826163558235,4.156633564423238,4.247154203386412,4.068826163558235,4.068826163558235,85.33333333333333,86.33333333333333,2.0816659994661206,38.0
Jammu,Doda,Doda PCC Office Near Bus Stand 1065,2025-09-01,52.0,51.0,35.0,9.23410712798914,3.561638785255961,9,2025,-1.0,-1.8369701987210297e-16,83.0,86.0,87.0,89.0,84.0,83.0,86.0,87.0,89.0,84.0,35.0,37.0,38.0,34.0,38.0,14.543549351135788,14.36747407267926,14.225563687460324,14.433564528837003,14.460917584901292,4.247154203386412,4.068826163558235,4.156633564423238,3.623796294796823,4.068826163558235,85.33333333333333,85.83333333333333,2.0816659994661206,36.666666666666664
Jammu,Doda,Doda PCC Office Near Bus Stand 1065,2025-10-01,63.0,63.0,43.0,11.886142388827746,6.388999994948004,10,2025,-0.8660254037844386,0.5000000000000001,52.0,83.0,86.0,87.0,88.0,51.0,83.0,86.0,87.0,88.0,35.0,35.0,37.0,37.0,35.0,9.23410712798914,14.543549351135788,14.36747407267926,14.289492251822953,14.550863713411886,3.561638785255961,4.247154203386412,4.068826163558235,4.068826163558235,4.068826163558235,73.66666666666667,79.66666666666667,18.823743871327334,35.666666666666664
Jammu,Doda,Doda PCC Office Near Bus Stand 1065,2025-11-01,48.0,47.0,38.0,8.54031975677573,4.080220676293706,11,2025,-0.5000000000000004,0.8660254037844384,63.0,52.0,83.0,83.0,88.77416123138359,63.0,51.0,83.0,83.0,89.0,43.0,35.0,35.0,39.0,33.0,11.886142388827746,9.23410712798914,14.543549351135788,14.541921988288747,14.289492251822953,6.388999994948004,3.561638785255961,4.247154203386412,4.247154203386412,3.623796294796823,66.0,75.66666666666667,15.716233645501713,37.666666666666664
Jammu,Doda,Doda PCC Office Near Bus Stand 1065,2025-12-01,57.0,51.0,37.0,9.368367397481476,4.887901018024874,12,2025,-2.4492935982947064e-16,1.0,48.0,63.0,52.0,87.0,88.77416123138359,47.0,63.0,51.0,87.0,87.0,38.0,43.0,35.0,38.0,34.0,8.54031975677573,11.886142388827746,9.23410712798914,14.225563687460324,14.142931921225829,4.080220676293706,6.388999994948004,3.561638785255961,4.156633564423238,3.623796294796823,54.333333333333336,69.83333333333333,7.767453465154035,38.666666666666664
Jammu,Doda,Doda PCC Office Near Bus Stand 1065,2026-01-01,55.0,55.0,36.0,11.3237387171628,5.539131844085375,1,2026,0.49999999999999994,0.8660254037844387,57.0,48.0,63.0,86.0,85.0,51.0,47.0,63.0,86.0,85.0,37.0,38.0,43.0,37.0,42.0,9.368367397481476,8.54031975677573,11.886142388827746,14.36747407267926,14.541921988288747,4.887901018024874,4.080220676293706,6.388999994948004,4.068826163558235,4.068826163558235,56.0,64.83333333333333,7.549834435270756,39.333333333333336
Jammu,Doda,Doda PCC Office Near Bus Stand 1065,2026-02-01,51.0,51.0,37.0,9.610734526549946,4.887901018024874,2,2026,0.8660254037844386,0.5000000000000001,55.0,57.0,48.0,83.0,86.0,55.0,51.0,47.0,83.0,86.0,36.0,37.0,38.0,35.0,40.0,11.3237387171628,9.368367397481476,8.54031975677573,14.543549351135788,14.75155019251247,5.539131844085375,4.887901018024874,4.080220676293706,4.247154203386412,4.068826163558235,53.333333333333336,59.666666666666664,4.725815626252618,37.0
Jammu,Doda,Doda PCC Office Near Bus Stand 1065,2026-03-01,53.0189014994331,51.61904761904762,36.42857142857143,9.255646244990588,4.887384726107265,3,2026,1.0,6.123233995736766e-17,51.0,55.0,57.0,52.0,89.0,51.0,55.0,51.0,51.0,89.0,37.0,36.0,37.0,35.0,34.0,9.610734526549946,11.3237387171628,9.368367397481476,9.23410712798914,14.433564528837003,4.887901018024874,5.539131844085375,4.887901018024874,3.561638785255961,3.623796294796823,54.333333333333336,54.333333333333336,3.0550504633039073,36.666666666666664
Kashmir,Ganderbal,"Ganderbal DFO Office (PM-10, PM-2.5) 1083",2023-01-01,112.0,59.0,52.0,11.0,6.0,1,2023,0.49999999999999994,0.8660254037844387,89.0,89.0,30.6,94.39309303217156,61.457142857142856,51.0,51.0,51.0,97.17726946547948,102.42857142857144,37.0,34.20015433980008,34.20015433980008,45.4194897078592,50.06125579086012,12.0,9.680712951340809,9.680712951340809,16.90828403592742,18.571831008268024,7.0,4.891972228131251,4.891972228131251,5.830875792682721,7.3040705553689795,69.53333333333333,60.698848838695255,33.71725572067415,35.133436226533384
Kashmir,Ganderbal,"Ganderbal DFO Office (PM-10, PM-2.5) 1083",2023-02-01,108.0,61.0,46.0,13.0,7.0,2,2023,0.8660254037844386,0.5000000000000001,112.0,89.0,89.0,30.6,61.457142857142856,59.0,51.0,51.0,51.0,102.42857142857144,52.0,37.0,34.20015433980008,20.4,54.76734785838024,11.0,12.0,9.680712951340809,20.4,18.946131754042355,6.0,7.0,4.891972228131251,4.298946522244186,7.3040705553689795,96.66666666666667,63.63333333333333,13.279056191361391,41.066718113266695
Kashmir,Ganderbal,"Ganderbal DFO Office (PM-10, PM-2.5) 1083",2023-03-01,104.0,46.0,58.0,9.0,5.0,3,2023,1.0,6.123233995736766e-17,108.0,112.0,89.0,30.6,61.457142857142856,61.0,59.0,51.0,51.0,102.42857142857144,46.0,52.0,37.0,20.4,54.76734785838024,13.0,11.0,12.0,20.4,18.946131754042355,7.0,6.0,7.0,4.978721588092542,7.3040705553689795,103.0,76.53333333333333,12.288205727444506,45.0
Kashmir,Ganderbal,"Ganderbal DFO Office (PM-10, PM-2.5) 1083",2023-04-01,112.95664380510816,52.63636363636364,58.18181818181818,10.181818181818182,5.381280545762489,4,2023,0.8660254037844387,-0.4999999999999998,104.0,108.0,112.0,30.6,61.457142857142856,46.0,61.0,59.0,51.0,102.42857142857144,58.0,46.0,52.0,34.20015433980008,54.76734785838024,9.0,13.0,11.0,9.680712951340809,18.946131754042355,5.0,7.0,6.0,4.891972228131251,7.3040705553689795,108.0,88.76666666666667,3.999999999999993,52.0
Kashmir,Ganderbal,"Ganderbal DFO Office (PM-10, PM-2.5) 1083",2023-05-01,112.95664380510816,59.27272727272727,58.36363636363637,11.363636363636363,5.675099572663043,5,2023,0.49999999999999994,-0.8660254037844387,112.95664380510816,104.0,108.0,89.0,61.457142857142856,52.63636363636364,46.0,61.0,51.0,102.42857142857144,58.18181818181818,58.0,46.0,34.20015433980008,54.76734785838024,10.181818181818182,9.0,13.0,9.680712951340809,18.946131754042355,5.381280545762489,5.0,7.0,4.891972228131251,7.3040705553689795,108.3188812683694,102.49277396751802,4.4868286138856694,54.06060606060606
Kashmir,Ganderbal,"Ganderbal DFO Office (PM-10, PM-2.5) 1083",2023-06-01,35.56363636363636,59.27272727272727,35.10020543830151,10.371465626412007,5.539131844085375,6,2023,1.2246467991473532e-16,-1.0,112.95664380510816,112.95664380510816,104.0,89.0,94.39309303217156,59.27272727272727,52.63636363636364,46.0,51.0,97.17726946547948,58.36363636363637,58.18181818181818,58.0,37.0,45.4194897078592,11.363636363636363,10.181818181818182,9.0,12.0,16.90828403592742,5.675099572663043,5.381280545762489,5.0,7.0,5.830875792682721,109.97109587007212,106.48554793503605,5.171120711914786,58.18181818181818
Kashmir,Ganderbal,"Ganderbal DFO Office (PM-10, PM-2.5) 1083",2023-07-01,35.56363636363636,59.27272727272727,36.435721598114114,10.006987550334108,4.887384726107265,7,2023,-0.4999999999999997,-0.8660254037844388,35.56363636363636,112.95664380510816,112.95664380510816,112.0,94.39309303217156,59.27272727272727,59.27272727272727,52.63636363636364,59.0,97.17726946547948,35.10020543830151,58.36363636363637,58.18181818181818,52.0,45.4194897078592,10.371465626412007,11.363636363636363,10.181818181818182,11.0,16.90828403592742,5.539131844085375,5.675099572663043,5.381280545762489,6.0,5.830875792682721,87.15897465795088,97.57948732897545,44.68287367972845,50.54855332791868
Kashmir,Ganderbal,"Ganderbal DFO Office (PM-10, PM-2.5) 1083",2023-08-01,35.56363636363636,59.27272727272727,36.435721598114114,10.006987550334108,4.887384726107265,8,2023,-0.8660254037844384,-0.5000000000000004,35.56363636363636,35.56363636363636,112.95664380510816,108.0,30.6,59.27272727272727,59.27272727272727,59.27272727272727,61.0,51.0,36.435721598114114,35.10020543830151,58.36363636363637,46.0,20.4,10.006987550334108,10.371465626412007,11.363636363636363,13.0,20.4,4.887384726107265,5.539131844085375,5.675099572663043,7.0,4.298946522244186,61.36130551079362,84.84009338958151,44.68287367972845,43.299854466683996
Kashmir,Ganderbal,"Ganderbal DFO Office (PM-10, PM-2.5) 1083",2023-09-01,35.56363636363636,59.27272727272727,36.435721598114114,10.006987550334108,4.887384726107265,9,2023,-1.0,-1.8369701987210297e-16,35.56363636363636,35.56363636363636,35.56363636363636,104.0,30.6,59.27272727272727,59.27272727272727,59.27272727272727,46.0,51.0,36.435721598114114,36.435721598114114,35.10020543830151,58.0,20.4,10.006987550334108,10.006987550334108,10.371465626412007,9.0,20.4,4.887384726107265,4.887384726107265,5.539131844085375,5.0,4.978721588092542,35.56363636363636,72.76736611685423,0.0,35.99054954484324
Kashmir,Ganderbal,"Ganderbal DFO Office (PM-10, PM-2.5) 1083",2023-10-01,71.39999999999999,119.0,47.6,47.6,6.196029569230128,10,2023,-0.8660254037844386,0.5000000000000001,35.56363636363636,35.56363636363636,35.56363636363636,112.95664380510816,30.6,59.27272727272727,59.27272727272727,59.27272727272727,52.63636363636364,51.0,36.435721598114114,36.435721598114114,36.435721598114114,58.18181818181818,34.20015433980008,10.006987550334108,10.006987550334108,10.006987550334108,10.181818181818182,9.680712951340809,4.887384726107265,4.887384726107265,4.887384726107265,5.381280545762489,4.891972228131251,35.56363636363636,61.361305510793635,0.0,36.435721598114114
Kashmir,Ganderbal,"Ganderbal DFO Office (PM-10, PM-2.5) 1083",2023-11-01,71.39999999999999,119.0,47.6,47.6,7.567813501603118,11,2023,-0.5000000000000004,0.8660254037844384,71.39999999999999,35.56363636363636,35.56363636363636,112.95664380510816,89.0,119.0,59.27272727272727,59.27272727272727,59.27272727272727,51.0,47.6,36.435721598114114,36.435721598114114,58.36363636363637,34.20015433980008,47.6,10.006987550334108,10.006987550334108,11.363636363636363,9.680712951340809,6.196029569230128,4.887384726107265,4.887384726107265,5.675099572663043,4.891972228131251,47.5090909090909,54.435198209942264,20.690134192231856,40.157147732076076
Kashmir,Ganderbal,"Ganderbal DFO Office (PM-10, PM-2.5) 1083",2023-12-01,71.39999999999999,119.0,57.97683007217773,17.45095889780816,8.35426049697338,12,2023,-2.4492935982947064e-16,1.0,71.39999999999999,71.39999999999999,35.56363636363636,35.56363636363636,89.0,119.0,119.0,59.27272727272727,59.27272727272727,51.0,47.6,47.6,36.435721598114114,35.10020543830151,37.0,47.6,47.6,10.006987550334108,10.371465626412007,12.0,7.567813501603118,6.196029569230128,4.887384726107265,5.539131844085375,7.0,59.45454545454544,47.5090909090909,20.690134192231852,43.87857386603804
Kashmir,Ganderbal,"Ganderbal DFO Office (PM-10, PM-2.5) 1083",2024-01-01,119.0,119.0,57.97683007217773,17.45095889780816,8.35426049697338,1,2024,0.49999999999999994,0.8660254037844387,71.39999999999999,71.39999999999999,71.39999999999999,35.56363636363636,112.0,119.0,119.0,119.0,59.27272727272727,59.0,57.97683007217773,47.6,47.6,36.435721598114114,52.0,17.45095889780816,47.6,47.6,10.006987550334108,11.0,8.35426049697338,7.567813501603118,6.196029569230128,4.887384726107265,6.0,71.39999999999999,53.48181818181818,0.0,51.05894335739257
Kashmir,Ganderbal,"Ganderbal DFO Office (PM-10, PM-2.5) 1083",2024-02-01,119.0,119.0,60.0,22.0,10.0,2,2024,0.8660254037844386,0.5000000000000001,119.0,71.39999999999999,71.39999999999999,35.56363636363636,108.0,119.0,119.0,119.0,59.27272727272727,61.0,57.97683007217773,57.97683007217773,47.6,36.435721598114114,46.0,17.45095889780816,17.45095889780816,47.6,10.006987550334108,13.0,8.35426049697338,8.35426049697338,7.567813501603118,4.887384726107265,7.0,87.26666666666665,67.38787878787879,27.48187281342619,54.517886714785156
Kashmir,Ganderbal,"Ganderbal DFO Office (PM-10, PM-2.5) 1083",2024-03-01,86.0,86.0,55.22222222222222,19.0,8.0,3,2024,1.0,6.123233995736766e-17,119.0,119.0,71.39999999999999,35.56363636363636,104.0,119.0,119.0,119.0,59.27272727272727,46.0,60.0,57.97683007217773,57.97683007217773,36.435721598114114,58.0,22.0,17.45095889780816,17.45095889780816,10.006987550334108,9.0,10.0,8.35426049697338,8.35426049697338,4.887384726107265,5.0,103.13333333333333,81.2939393939394,27.481872813426182,58.65122004811849
Kashmir,Ganderbal,"Ganderbal DFO Office (PM-10, PM-2.5) 1083",2024-04-01,76.0,76.0,50.44444444444444,20.0,8.0,4,2024,0.8660254037844387,-0.4999999999999998,86.0,119.0,119.0,71.39999999999999,112.95664380510816,86.0,119.0,119.0,119.0,52.63636363636364,55.22222222222222,60.0,57.97683007217773,47.6,58.18181818181818,19.0,22.0,17.45095889780816,47.6,10.181818181818182,8.0,10.0,8.35426049697338,6.196029569230128,5.381280545762489,108.0,89.69999999999999,19.05255888325765,57.73301743146664
Kashmir,Ganderbal,"Ganderbal DFO Office (PM-10, PM-2.5) 1083",2024-05-01,82.53525780090837,83.28571428571429,32.18180439940741,20.857142857142858,4.840759496064701,5,2024,0.49999999999999994,-0.8660254037844387,76.0,86.0,119.0,71.39999999999999,112.95664380510816,76.0,86.0,119.0,119.0,59.27272727272727,50.44444444444444,55.22222222222222,60.0,47.6,58.36363636363637,20.0,19.0,22.0,47.6,11.363636363636363,8.0,8.0,10.0,7.567813501603118,5.675099572663043,93.66666666666667,90.46666666666665,22.50185177565023,55.22222222222222
Kashmir,Ganderbal,"Ganderbal DFO Office (PM-10, PM-2.5) 1083",2024-06-01,82.53525780090837,90.57142857142856,34.30418406501584,21.714285714285715,4.487933225159465,6,2024,1.2246467991473532e-16,-1.0,82.53525780090837,76.0,86.0,71.39999999999999,35.56363636363636,83.28571428571429,76.0,86.0,119.0,59.27272727272727,32.18180439940741,50.44444444444444,55.22222222222222,57.97683007217773,35.10020543830151,20.857142857142858,20.0,19.0,17.45095889780816,10.371465626412007,4.840759496064701,8.0,8.0,8.35426049697338,5.539131844085375,81.51175260030278,92.32254296681806,5.077959449596867,45.94949035535802
Kashmir,Ganderbal,"Ganderbal DFO Office (PM-10, PM-2.5) 1083",2024-07-01,54.34285714285714,90.57142857142856,34.562445445074296,15.024379754963912,4.068826163558235,7,2024,-0.4999999999999997,-0.8660254037844388,82.53525780090837,82.53525780090837,76.0,119.0,35.56363636363636,90.57142857142856,83.28571428571429,76.0,119.0,59.27272727272727,34.30418406501584,32.18180439940741,50.44444444444444,57.97683007217773,36.435721598114114,21.714285714285715,20.857142857142858,20.0,17.45095889780816,10.006987550334108,4.487933225159465,4.840759496064701,8.0,8.35426049697338,4.887384726107265,80.35683853393891,94.17841926696946,3.7731328505780617,38.97681096962256
Kashmir,Ganderbal,"Ganderbal DFO Office (PM-10, PM-2.5) 1083",2024-08-01,54.34285714285714,90.57142857142856,33.376396878876065,15.430055379614684,3.623796294796823,8,2024,-0.8660254037844384,-0.5000000000000004,54.34285714285714,82.53525780090837,82.53525780090837,119.0,35.56363636363636,90.57142857142856,90.57142857142856,83.28571428571429,119.0,59.27272727272727,34.562445445074296,34.30418406501584,32.18180439940741,60.0,36.435721598114114,15.024379754963912,21.714285714285715,20.857142857142858,22.0,10.006987550334108,4.068826163558235,4.487933225159465,4.840759496064701,10.0,4.887384726107265,73.1377909148913,83.40222879077898,16.27689010902766,33.682811303165856
Kashmir,Ganderbal,"Ganderbal DFO Office (PM-10, PM-2.5) 1083",2024-09-01,54.34285714285714,90.57142857142856,33.376396878876065,15.430055379614684,3.623796294796823,9,2024,-1.0,-1.8369701987210297e-16,54.34285714285714,54.34285714285714,82.53525780090837,86.0,35.56363636363636,90.57142857142856,90.57142857142856,90.57142857142856,86.0,59.27272727272727,33.376396878876065,34.562445445074296,34.30418406501584,55.22222222222222,36.435721598114114,15.430055379614684,15.024379754963912,21.714285714285715,19.0,10.006987550334108,3.623796294796823,4.068826163558235,4.487933225159465,8.0,4.887384726107265,63.74032402887422,72.6260383145885,16.276890109027665,34.08100879632207
Kashmir,Ganderbal,"Ganderbal DFO Office (PM-10, PM-2.5) 1083",2024-10-01,127.0,127.0,49.28582915949511,22.38448645727022,6.610426881003944,10,2024,-0.8660254037844386,0.5000000000000001,54.34285714285714,54.34285714285714,54.34285714285714,76.0,71.39999999999999,90.57142857142856,90.57142857142856,90.57142857142856,76.0,119.0,33.376396878876065,33.376396878876065,34.562445445074296,50.44444444444444,47.6,15.430055379614684,15.430055379614684,15.024379754963912,20.0,47.6,3.623796294796823,3.623796294796823,4.068826163558235,8.0,6.196029569230128,54.34285714285714,67.34984783839802,0.0,33.77174640094214
Kashmir,Ganderbal,"Ganderbal DFO Office (PM-10, PM-2.5) 1083",2024-11-01,127.0,127.0,17.0,26.0,9.0,11,2024,-0.5000000000000004,0.8660254037844384,127.0,54.34285714285714,54.34285714285714,82.53525780090837,71.39999999999999,127.0,90.57142857142856,90.57142857142856,83.28571428571429,119.0,49.28582915949511,33.376396878876065,33.376396878876065,32.18180439940741,47.6,22.38448645727022,15.430055379614684,15.430055379614684,20.857142857142858,47.6,6.610426881003944,3.623796294796823,3.623796294796823,4.840759496064701,7.567813501603118,78.56190476190476,75.84984783839802,41.94862098712053,38.679540972415744
Kashmir,Ganderbal,"Ganderbal DFO Office (PM-10, PM-2.5) 1083",2024-12-01,108.53196773877949,108.0,59.0,13.0,7.0,12,2024,-2.4492935982947064e-16,1.0,127.0,127.0,54.34285714285714,82.53525780090837,71.39999999999999,127.0,127.0,90.57142857142856,90.57142857142856,119.0,17.0,49.28582915949511,33.376396878876065,34.30418406501584,57.97683007217773,26.0,22.38448645727022,15.430055379614684,21.714285714285715,17.45095889780816,9.0,6.610426881003944,3.623796294796823,4.487933225159465,8.35426049697338,102.78095238095237,83.26063820491329,41.948620987120535,33.220742012790396
Kashmir,Ganderbal,"Ganderbal DFO Office (PM-10, PM-2.5) 1083",2025-01-01,107.0,107.0,58.0,6.0,3.0,1,2025,0.49999999999999994,0.8660254037844387,108.53196773877949,127.0,127.0,54.34285714285714,119.0,108.0,127.0,127.0,90.57142857142856,119.0,59.0,17.0,49.28582915949511,34.562445445074296,57.97683007217773,13.0,26.0,22.38448645727022,15.024379754963912,17.45095889780816,7.0,9.0,6.610426881003944,4.068826163558235,8.35426049697338,120.84398924625982,87.5934231945585,10.662523397418354,41.761943053165034
Kashmir,Ganderbal,"Ganderbal DFO Office (PM-10, PM-2.5) 1083",2025-02-01,101.0,101.0,47.0,15.0,8.0,2,2025,0.8660254037844386,0.5000000000000001,107.0,108.53196773877949,127.0,54.34285714285714,119.0,107.0,108.0,127.0,90.57142857142856,119.0,58.0,59.0,17.0,33.376396878876065,60.0,6.0,13.0,26.0,15.430055379614684,22.0,3.0,7.0,9.0,3.623796294796823,10.0,114.17732257959317,96.36961367074896,11.131151039269199,44.666666666666664
Kashmir,Ganderbal,"Ganderbal DFO Office (PM-10, PM-2.5) 1083",2025-03-01,76.0,76.0,42.5,10.0,4.0,3,2025,1.0,6.123233995736766e-17,101.0,107.0,108.53196773877949,54.34285714285714,86.0,101.0,107.0,108.0,90.57142857142856,86.0,47.0,58.0,59.0,33.376396878876065,55.22222222222222,15.0,6.0,13.0,15.430055379614684,19.0,8.0,3.0,7.0,3.623796294796823,8.0,105.5106559129265,104.14580414693944,3.9807340857911324,54.666666666666664
Kashmir,Ganderbal,"Ganderbal DFO Office (PM-10, PM-2.5) 1083",2025-04-01,78.0,78.0,38.0,11.0,6.0,4,2025,0.8660254037844387,-0.4999999999999998,76.0,101.0,107.0,127.0,76.0,76.0,101.0,107.0,127.0,76.0,42.5,47.0,58.0,49.28582915949511,50.44444444444444,10.0,15.0,6.0,22.38448645727022,20.0,4.0,8.0,3.0,6.610426881003944,8.0,94.66666666666667,107.75532795646325,16.441816606851365,49.166666666666664
Kashmir,Ganderbal,"Ganderbal DFO Office (PM-10, PM-2.5) 1083",2025-05-01,67.0,67.0,30.04155857486116,7.0,4.0,5,2025,0.49999999999999994,-0.8660254037844387,78.0,76.0,101.0,127.0,82.53525780090837,78.0,76.0,101.0,127.0,83.28571428571429,38.0,42.5,47.0,17.0,32.18180439940741,11.0,10.0,15.0,26.0,20.857142857142858,6.0,4.0,8.0,9.0,4.840759496064701,85.0,99.58866128979658,13.892443989449808,42.5
Kashmir,Ganderbal,"Ganderbal DFO Office (PM-10, PM-2.5) 1083",2025-06-01,73.0,73.0,36.45306662814319,13.0,5.0,6,2025,1.2246467991473532e-16,-1.0,67.0,78.0,76.0,108.53196773877949,82.53525780090837,67.0,78.0,76.0,108.0,90.57142857142856,30.04155857486116,38.0,42.5,59.0,34.30418406501584,7.0,11.0,10.0,13.0,21.714285714285715,4.0,6.0,4.0,7.0,4.487933225159465,73.66666666666667,89.58866128979658,5.859465277082324,36.84718619162039
Kashmir,Ganderbal,"Ganderbal DFO Office (PM-10, PM-2.5) 1083",2025-07-01,71.0,71.0,37.434293449162624,10.0,5.0,7,2025,-0.4999999999999997,-0.8660254037844388,73.0,67.0,78.0,107.0,54.34285714285714,73.0,67.0,78.0,107.0,90.57142857142856,36.45306662814319,30.04155857486116,38.0,58.0,34.562445445074296,13.0,7.0,11.0,6.0,15.024379754963912,5.0,4.0,6.0,3.0,4.068826163558235,72.66666666666667,83.66666666666667,5.507570547286113,34.831541734334785
Kashmir,Ganderbal,"Ganderbal DFO Office (PM-10, PM-2.5) 1083",2025-08-01,66.0,66.0,33.043961027509816,12.0,6.0,8,2025,-0.8660254037844384,-0.5000000000000004,71.0,73.0,67.0,101.0,54.34285714285714,71.0,73.0,67.0,101.0,90.57142857142856,37.434293449162624,36.45306662814319,30.04155857486116,47.0,33.376396878876065,10.0,13.0,7.0,15.0,15.430055379614684,5.0,5.0,4.0,8.0,3.623796294796823,70.33333333333333,77.66666666666667,3.0550504633039157,34.64297288405566
Kashmir,Ganderbal,"Ganderbal DFO Office (PM-10, PM-2.5) 1083",2025-09-01,69.0,69.0,33.38854096476836,12.0,6.0,9,2025,-1.0,-1.8369701987210297e-16,66.0,71.0,73.0,76.0,54.34285714285714,66.0,71.0,73.0,76.0,90.57142857142856,33.043961027509816,37.434293449162624,36.45306662814319,42.5,33.376396878876065,12.0,10.0,13.0,10.0,15.430055379614684,6.0,5.0,5.0,4.0,3.623796294796823,70.0,71.83333333333333,3.60555127546401,35.643773701605205
Kashmir,Ganderbal,"Ganderbal DFO Office (PM-10, PM-2.5) 1083",2025-10-01,90.0,90.0,11.0,9.0,2.668677303969526,10,2025,-0.8660254037844386,0.5000000000000001,69.0,66.0,71.0,78.0,127.0,69.0,66.0,71.0,78.0,127.0,33.38854096476836,33.043961027509816,37.434293449162624,38.0,49.28582915949511,12.0,12.0,10.0,11.0,22.38448645727022,6.0,6.0,5.0,6.0,6.610426881003944,68.66666666666667,70.66666666666667,2.5166114784236124,34.62226514714693
Kashmir,Ganderbal,"Ganderbal DFO Office (PM-10, PM-2.5) 1083",2025-11-01,91.891821624123,92.0,45.0,15.0,6.343066389532018,11,2025,-0.5000000000000004,0.8660254037844384,90.0,69.0,66.0,67.0,127.0,90.0,69.0,66.0,67.0,127.0,11.0,33.38854096476836,33.043961027509816,30.04155857486116,17.0,9.0,12.0,12.0,7.0,26.0,2.668677303969526,6.0,6.0,4.0,9.0,75.0,72.66666666666667,13.076696830622026,25.81083399742606
Kashmir,Ganderbal,"Ganderbal DFO Office (PM-10, PM-2.5) 1083",2025-12-01,91.891821624123,97.0,48.0,15.0,6.669960116505703,12,2025,-2.4492935982947064e-16,1.0,91.891821624123,90.0,69.0,73.0,108.53196773877949,92.0,90.0,69.0,73.0,108.0,45.0,11.0,33.38854096476836,36.45306662814319,59.0,15.0,9.0,12.0,13.0,13.0,6.343066389532018,2.668677303969526,6.0,5.0,7.0,83.630607208041,76.8153036040205,12.70573680356086,29.796180321589457
Kashmir,Ganderbal,"Ganderbal DFO Office (PM-10, PM-2.5) 1083",2026-01-01,87.0,87.0,40.0,16.0,4.068826163558235,1,2026,0.49999999999999994,0.8660254037844387,91.891821624123,91.891821624123,90.0,71.0,107.0,97.0,92.0,90.0,71.0,107.0,48.0,45.0,11.0,37.434293449162624,58.0,15.0,15.0,9.0,10.0,6.0,6.669960116505703,6.343066389532018,2.668677303969526,5.0,3.0,91.261214416082,79.96394054137433,1.092243723946245,34.666666666666664
Kashmir,Ganderbal,"Ganderbal DFO Office (PM-10, PM-2.5) 1083",2026-02-01,87.0,87.0,38.0,16.0,4.068826163558235,2,2026,0.8660254037844386,0.5000000000000001,87.0,91.891821624123,91.891821624123,66.0,101.0,87.0,97.0,92.0,66.0,101.0,40.0,48.0,45.0,33.043961027509816,47.0,16.0,15.0,15.0,12.0,15.0,4.068826163558235,6.669960116505703,6.343066389532018,6.0,8.0,90.261214416082,82.630607208041,2.8242945315150445,44.333333333333336
Kashmir,Ganderbal,"Ganderbal DFO Office (PM-10, PM-2.5) 1083",2026-03-01,83.65604035235062,84.38461538461539,37.84615384615385,15.615384615384617,4.068826163558235,3,2026,1.0,6.123233995736766e-17,87.0,87.0,91.891821624123,69.0,76.0,87.0,87.0,97.0,69.0,76.0,38.0,40.0,48.0,33.38854096476836,42.5,16.0,16.0,15.0,12.0,10.0,4.068826163558235,4.068826163558235,6.669960116505703,6.0,4.0,88.630607208041,86.130607208041,2.8242945315150445,42.0
Kashmir,Srinagar,"Hokersar Wildlife Office (PM-10, PM-2.5) 1076",2023-01-01,97.0,59.0,37.0,14.0,8.0,1,2023,0.49999999999999994,0.8660254037844387,112.0,90.72464993048268,76.0,26.4,71.8,70.0,57.0,44.0,44.0,110.8,41.0,36.5,32.0,17.6,68.0,13.0,12.5,12.0,17.6,12.555077469440482,8.0,5.823247287115085,6.0,3.17918396460222,6.294689228296623,92.90821664349421,67.92077498841378,18.099059994724286,36.5
Kashmir,Srinagar,"Hokersar Wildlife Office (PM-10, PM-2.5) 1076",2023-02-01,91.0,58.0,32.0,12.0,8.0,2,2023,0.8660254037844386,0.5000000000000001,97.0,112.0,90.72464993048268,26.4,71.8,59.0,70.0,57.0,44.0,110.8,37.0,41.0,36.5,27.24141197025798,68.0,14.0,13.0,12.5,9.88261222663025,12.555077469440482,8.0,8.0,5.823247287115085,3.4842600641462824,6.294689228296623,99.90821664349421,79.68744165508046,10.931762125990952,38.166666666666664
Kashmir,Srinagar,"Hokersar Wildlife Office (PM-10, PM-2.5) 1076",2023-03-01,128.0,80.0,48.0,17.0,10.0,3,2023,1.0,6.123233995736766e-17,91.0,97.0,112.0,76.0,94.39309303217156,58.0,59.0,70.0,44.0,97.17726946547948,32.0,37.0,41.0,27.24141197025798,45.4194897078592,12.0,14.0,13.0,9.88261222663025,16.90828403592742,8.0,8.0,8.0,3.4842600641462824,5.830875792682721,100.0,90.45410832174711,10.816653826391967,36.666666666666664
Kashmir,Srinagar,"Hokersar Wildlife Office (PM-10, PM-2.5) 1076",2023-04-01,102.7450833611902,76.875,49.0,16.25,6.873813179726429,4,2023,0.8660254037844387,-0.4999999999999998,128.0,91.0,97.0,76.0,94.39309303217156,80.0,58.0,59.0,44.0,97.17726946547948,48.0,32.0,37.0,32.0,45.4194897078592,17.0,12.0,14.0,12.0,16.90828403592742,10.0,8.0,8.0,6.0,5.830875792682721,105.33333333333333,99.12077498841377,19.85782801147531,39.0
Kashmir,Srinagar,"Hokersar Wildlife Office (PM-10, PM-2.5) 1076",2023-05-01,102.7450833611902,73.75,50.0,15.5,6.873813179726429,5,2023,0.49999999999999994,-0.8660254037844387,102.7450833611902,128.0,91.0,90.72464993048268,94.39309303217156,76.875,80.0,58.0,57.0,97.17726946547948,49.0,48.0,32.0,36.5,45.4194897078592,16.25,17.0,12.0,12.5,16.90828403592742,6.873813179726429,10.0,8.0,5.823247287115085,5.830875792682721,107.24836112039674,103.57828888194548,18.90660289244007,43.0
Kashmir,Srinagar,"Hokersar Wildlife Office (PM-10, PM-2.5) 1076",2023-06-01,44.25,73.75,33.02974537249744,14.35266175192204,4.778636332264293,6,2023,1.2246467991473532e-16,-1.0,102.7450833611902,102.7450833611902,128.0,112.0,26.4,73.75,76.875,80.0,70.0,44.0,50.0,49.0,48.0,41.0,17.6,15.5,16.25,17.0,13.0,17.6,6.873813179726429,6.873813179726429,10.0,8.0,3.190083703222503,111.16338890746015,105.58169445373007,14.580932919778398,49.0
Kashmir,Srinagar,"Hokersar Wildlife Office (PM-10, PM-2.5) 1076",2023-07-01,44.25,73.75,37.98425756434621,14.9286050499592,5.178190013209606,7,2023,-0.4999999999999997,-0.8660254037844388,44.25,102.7450833611902,102.7450833611902,97.0,26.4,73.75,73.75,76.875,59.0,44.0,33.02974537249744,50.0,49.0,37.0,17.6,14.35266175192204,15.5,16.25,14.0,17.6,4.778636332264293,6.873813179726429,6.873813179726429,8.0,3.17918396460222,83.24672224079346,94.29002778706341,33.77215212485276,44.00991512416581
Kashmir,Srinagar,"Hokersar Wildlife Office (PM-10, PM-2.5) 1076",2023-08-01,44.25,73.75,37.98425756434621,14.9286050499592,5.178190013209606,8,2023,-0.8660254037844384,-0.5000000000000004,44.25,44.25,102.7450833611902,91.0,26.4,73.75,73.75,73.75,58.0,44.0,37.98425756434621,33.02974537249744,50.0,32.0,27.24141197025798,14.9286050499592,14.35266175192204,15.5,12.0,9.88261222663025,5.178190013209606,4.778636332264293,6.873813179726429,8.0,3.4842600641462824,63.74836112039674,85.49836112039674,33.77215212485275,40.33800097894788
Kashmir,Srinagar,"Hokersar Wildlife Office (PM-10, PM-2.5) 1076",2023-09-01,33.0,55.0,31.763770738088198,11.277780364139728,4.854982005680899,9,2023,-1.0,-1.8369701987210297e-16,44.25,44.25,44.25,128.0,76.0,73.75,73.75,73.75,80.0,44.0,37.98425756434621,37.98425756434621,33.02974537249744,48.0,27.24141197025798,14.9286050499592,14.9286050499592,14.35266175192204,17.0,9.88261222663025,5.178190013209606,5.178190013209606,4.778636332264293,10.0,3.4842600641462824,44.25,77.70669445373007,0.0,36.33275350039661
Kashmir,Srinagar,"Hokersar Wildlife Office (PM-10, PM-2.5) 1076",2023-10-01,111.0,55.0,27.88060115562593,10.519937750388614,4.65297062165527,10,2023,-0.8660254037844386,0.5000000000000001,33.0,44.25,44.25,102.7450833611902,76.0,55.0,73.75,73.75,76.875,44.0,31.763770738088198,37.98425756434621,37.98425756434621,49.0,32.0,11.277780364139728,14.9286050499592,14.9286050499592,16.25,12.0,4.854982005680899,5.178190013209606,5.178190013209606,6.873813179726429,6.0,40.5,61.87336112039674,6.49519052838329,35.910761955593536
Kashmir,Srinagar,"Hokersar Wildlife Office (PM-10, PM-2.5) 1076",2023-11-01,111.0,55.0,56.0,11.0,5.0,11,2023,-0.5000000000000004,0.8660254037844384,111.0,33.0,44.25,102.7450833611902,90.72464993048268,55.0,55.0,73.75,73.75,57.0,27.88060115562593,31.763770738088198,37.98425756434621,50.0,36.5,10.519937750388614,11.277780364139728,14.9286050499592,15.5,12.5,4.65297062165527,4.854982005680899,5.178190013209606,6.873813179726429,5.823247287115085,62.75,63.24918056019837,42.16263155923738,32.54287648602011
Kashmir,Srinagar,"Hokersar Wildlife Office (PM-10, PM-2.5) 1076",2023-12-01,112.30354183819064,89.5,39.0,16.0,6.093532166605812,12,2023,-2.4492935982947064e-16,1.0,111.0,111.0,33.0,44.25,112.0,55.0,55.0,55.0,73.75,70.0,56.0,27.88060115562593,31.763770738088198,33.02974537249744,41.0,11.0,10.519937750388614,11.277780364139728,14.35266175192204,13.0,5.0,4.65297062165527,4.854982005680899,4.778636332264293,8.0,85.0,64.625,45.033320996790806,38.548123964571374
Kashmir,Srinagar,"Hokersar Wildlife Office (PM-10, PM-2.5) 1076",2024-01-01,124.0,124.0,49.5,21.0,1.0,1,2024,0.49999999999999994,0.8660254037844387,112.30354183819064,111.0,111.0,44.25,97.0,89.5,55.0,55.0,73.75,59.0,39.0,56.0,27.88060115562593,37.98425756434621,37.0,16.0,11.0,10.519937750388614,14.9286050499592,14.0,6.093532166605812,5.0,4.65297062165527,5.178190013209606,8.0,111.43451394606355,75.96725697303178,0.7526002311793054,40.960200385208644
Kashmir,Srinagar,"Hokersar Wildlife Office (PM-10, PM-2.5) 1076",2024-02-01,119.0,119.0,60.0,27.0,15.0,2,2024,0.8660254037844386,0.5000000000000001,124.0,112.30354183819064,111.0,44.25,91.0,124.0,89.5,55.0,73.75,58.0,49.5,39.0,56.0,37.98425756434621,32.0,21.0,16.0,11.0,14.9286050499592,12.0,1.0,6.093532166605812,5.0,5.178190013209606,8.0,115.76784727939689,89.25892363969844,7.158984504975429,48.166666666666664
Kashmir,Srinagar,"Hokersar Wildlife Office (PM-10, PM-2.5) 1076",2024-03-01,126.0,126.0,85.0,24.0,13.0,3,2024,1.0,6.123233995736766e-17,119.0,124.0,112.30354183819064,33.0,128.0,119.0,124.0,89.5,55.0,80.0,60.0,49.5,39.0,31.763770738088198,48.0,27.0,21.0,16.0,11.277780364139728,17.0,15.0,1.0,6.093532166605812,4.854982005680899,10.0,118.43451394606355,101.71725697303178,5.868697831771246,49.5
Kashmir,Srinagar,"Hokersar Wildlife Office (PM-10, PM-2.5) 1076",2024-04-01,125.0,125.0,90.0,23.0,14.0,4,2024,0.8660254037844387,-0.4999999999999998,126.0,119.0,124.0,111.0,102.7450833611902,126.0,119.0,124.0,55.0,76.875,85.0,60.0,49.5,27.88060115562593,49.0,24.0,27.0,21.0,10.519937750388614,16.25,13.0,15.0,1.0,4.65297062165527,6.873813179726429,123.0,117.21725697303178,3.6055512754639696,64.83333333333333
Kashmir,Srinagar,"Hokersar Wildlife Office (PM-10, PM-2.5) 1076",2024-05-01,119.02050129047284,125.33333333333331,83.8,21.142857142857142,8.695473976128609,5,2024,0.49999999999999994,-0.8660254037844387,125.0,126.0,119.0,111.0,102.7450833611902,125.0,126.0,119.0,55.0,73.75,90.0,85.0,60.0,56.0,50.0,23.0,24.0,27.0,11.0,15.5,14.0,13.0,15.0,5.0,6.873813179726429,123.33333333333333,119.55059030636511,3.7859388972001646,78.33333333333333
Kashmir,Srinagar,"Hokersar Wildlife Office (PM-10, PM-2.5) 1076",2024-06-01,119.02050129047284,125.66666666666669,77.6,19.285714285714285,8.114561925369353,6,2024,1.2246467991473532e-16,-1.0,119.02050129047284,125.0,126.0,112.30354183819064,44.25,125.33333333333331,125.0,126.0,89.5,73.75,83.8,90.0,85.0,39.0,33.02974537249744,21.142857142857142,23.0,24.0,16.0,14.35266175192204,8.695473976128609,14.0,13.0,6.093532166605812,4.778636332264293,123.34016709682426,120.8873405214439,3.7742064740712395,86.26666666666667
Kashmir,Srinagar,"Hokersar Wildlife Office (PM-10, PM-2.5) 1076",2024-07-01,75.4,125.66666666666669,59.77277053599737,17.9946954251371,8.201158791873059,7,2024,-0.4999999999999997,-0.8660254037844388,119.02050129047284,119.02050129047284,125.0,124.0,44.25,125.66666666666669,125.33333333333331,125.0,124.0,73.75,77.6,83.8,90.0,49.5,37.98425756434621,19.285714285714285,21.142857142857142,23.0,21.0,14.9286050499592,8.114561925369353,8.695473976128609,14.0,1.0,5.178190013209606,121.01366752698188,122.00683376349095,3.4522651895645042,83.8
Kashmir,Srinagar,"Hokersar Wildlife Office (PM-10, PM-2.5) 1076",2024-08-01,59.0,125.66666666666669,59.77277053599737,17.9946954251371,8.201158791873059,8,2024,-0.8660254037844384,-0.5000000000000004,75.4,119.02050129047284,119.02050129047284,119.0,44.25,125.66666666666669,125.66666666666669,125.33333333333331,119.0,73.75,59.77277053599737,77.6,83.8,60.0,37.98425756434621,17.9946954251371,19.285714285714285,21.142857142857142,27.0,14.9286050499592,8.201158791873059,8.114561925369353,8.695473976128609,15.0,5.178190013209606,104.48033419364856,113.90683376349095,25.184308162240907,73.72425684533245
Kashmir,Srinagar,"Hokersar Wildlife Office (PM-10, PM-2.5) 1076",2024-09-01,59.0,125.66666666666669,59.0,17.9946954251371,8.201158791873059,9,2024,-1.0,-1.8369701987210297e-16,59.0,75.4,119.02050129047284,126.0,33.0,125.66666666666669,125.66666666666669,125.66666666666669,126.0,55.0,59.77277053599737,59.77277053599737,77.6,85.0,31.763770738088198,17.9946954251371,17.9946954251371,19.285714285714285,24.0,11.277780364139728,8.201158791873059,8.201158791873059,8.114561925369353,13.0,4.854982005680899,84.47350043015761,103.90683376349095,31.02195112064948,65.71518035733158
Kashmir,Srinagar,"Hokersar Wildlife Office (PM-10, PM-2.5) 1076",2024-10-01,111.62807795872251,128.0,34.0,19.219522179021684,5.54770710267939,10,2024,-0.8660254037844386,0.5000000000000001,59.0,59.0,75.4,125.0,111.0,125.66666666666669,125.66666666666669,125.66666666666669,125.0,55.0,59.0,59.77277053599737,59.77277053599737,90.0,27.88060115562593,17.9946954251371,17.9946954251371,17.9946954251371,23.0,10.519937750388614,8.201158791873059,8.201158791873059,8.201158791873059,14.0,4.65297062165527,64.46666666666665,92.74016709682428,9.468544414709859,59.51518035733158
Kashmir,Srinagar,"Hokersar Wildlife Office (PM-10, PM-2.5) 1076",2024-11-01,118.0,128.0,9.0,10.0,9.0,11,2024,-0.5000000000000004,0.8660254037844384,111.62807795872251,59.0,59.0,119.02050129047284,111.0,128.0,125.66666666666669,125.66666666666669,125.33333333333331,55.0,34.0,59.0,59.77277053599737,83.8,56.0,19.219522179021684,17.9946954251371,17.9946954251371,21.142857142857142,11.0,5.54770710267939,8.201158791873059,8.201158791873059,8.695473976128609,5.0,76.5426926529075,90.51151342327803,30.384834976401052,50.92425684533246
Kashmir,Srinagar,"Hokersar Wildlife Office (PM-10, PM-2.5) 1076",2024-12-01,127.0,128.0,42.0,13.0,8.0,12,2024,-2.4492935982947064e-16,1.0,118.0,111.62807795872251,59.0,119.02050129047284,112.30354183819064,128.0,128.0,125.66666666666669,125.66666666666669,89.5,9.0,34.0,59.0,77.6,39.0,10.0,19.219522179021684,17.9946954251371,19.285714285714285,16.0,9.0,5.54770710267939,8.201158791873059,8.114561925369353,6.093532166605812,96.20935931957418,90.34142987486591,32.38136290144248,34.0
Kashmir,Srinagar,"Hokersar Wildlife Office (PM-10, PM-2.5) 1076",2025-01-01,128.0,128.0,52.0,13.0,7.0,1,2025,0.49999999999999994,0.8660254037844387,127.0,118.0,111.62807795872251,75.4,124.0,128.0,128.0,128.0,125.66666666666669,124.0,42.0,9.0,34.0,59.77277053599737,49.5,13.0,10.0,19.219522179021684,17.9946954251371,21.0,8.0,9.0,5.54770710267939,8.201158791873059,1.0,118.87602598624085,91.67134632645376,7.723312952173075,28.333333333333332
Kashmir,Srinagar,"Hokersar Wildlife Office (PM-10, PM-2.5) 1076",2025-02-01,132.0,132.0,67.0,19.0,11.0,2,2025,0.8660254037844386,0.5000000000000001,128.0,127.0,118.0,59.0,119.0,128.0,128.0,128.0,125.66666666666669,119.0,52.0,42.0,9.0,59.77277053599737,60.0,13.0,13.0,10.0,17.9946954251371,27.0,7.0,8.0,9.0,8.201158791873059,15.0,124.33333333333333,100.43801299312042,5.507570547286024,34.333333333333336
Kashmir,Srinagar,"Hokersar Wildlife Office (PM-10, PM-2.5) 1076",2025-03-01,116.0,116.0,48.0,11.0,7.0,3,2025,1.0,6.123233995736766e-17,132.0,128.0,127.0,59.0,126.0,132.0,128.0,128.0,125.66666666666669,126.0,67.0,52.0,42.0,59.0,85.0,19.0,13.0,13.0,17.9946954251371,24.0,11.0,7.0,8.0,8.201158791873059,13.0,129.0,112.6046796597871,2.645751311064406,53.666666666666664
Kashmir,Srinagar,"Hokersar Wildlife Office (PM-10, PM-2.5) 1076",2025-04-01,114.00901190661403,114.5,47.0,15.5,7.816747538864615,4,2025,0.8660254037844387,-0.4999999999999998,116.0,132.0,128.0,111.62807795872251,125.0,116.0,132.0,128.0,128.0,125.0,48.0,67.0,52.0,34.0,90.0,11.0,19.0,13.0,19.219522179021684,23.0,7.0,11.0,7.0,5.54770710267939,14.0,125.33333333333333,122.1046796597871,8.32666399786447,55.666666666666664
Kashmir,Srinagar,"Hokersar Wildlife Office (PM-10, PM-2.5) 1076",2025-05-01,113.0,113.0,46.0,20.0,12.0,5,2025,0.49999999999999994,-0.8660254037844387,114.00901190661403,116.0,132.0,118.0,119.02050129047284,114.5,116.0,132.0,128.0,125.33333333333331,47.0,48.0,67.0,9.0,83.8,15.5,11.0,19.0,10.0,21.142857142857142,7.816747538864615,7.0,11.0,9.0,8.695473976128609,120.66967063553801,122.50150198443566,9.862721785967217,54.0
Kashmir,Srinagar,"Hokersar Wildlife Office (PM-10, PM-2.5) 1076",2025-06-01,110.0,110.0,35.0,13.0,5.0,6,2025,1.2246467991473532e-16,-1.0,113.0,114.00901190661403,116.0,127.0,119.02050129047284,113.0,114.5,116.0,128.0,125.66666666666669,46.0,47.0,48.0,42.0,77.6,20.0,15.5,11.0,13.0,19.285714285714285,12.0,7.816747538864615,7.0,8.0,8.114561925369353,114.33633730220468,121.66816865110233,1.5265505022592343,47.0
Kashmir,Srinagar,"Hokersar Wildlife Office (PM-10, PM-2.5) 1076",2025-07-01,111.0,111.0,18.0,12.0,6.0,7,2025,-0.4999999999999997,-0.8660254037844388,110.0,113.0,114.00901190661403,128.0,75.4,110.0,113.0,114.5,128.0,125.66666666666669,35.0,46.0,47.0,52.0,59.77277053599737,13.0,20.0,15.5,13.0,17.9946954251371,5.0,12.0,7.816747538864615,7.0,8.201158791873059,112.33633730220468,118.83483531776899,2.0852770197688373,42.666666666666664
Kashmir,Srinagar,"Hokersar Wildlife Office (PM-10, PM-2.5) 1076",2025-08-01,111.0,99.0,48.0,7.0,3.0,8,2025,-0.8660254037844384,-0.5000000000000004,111.0,110.0,113.0,132.0,59.0,111.0,110.0,113.0,132.0,125.66666666666669,18.0,35.0,46.0,67.0,59.77277053599737,12.0,13.0,20.0,19.0,17.9946954251371,6.0,5.0,12.0,11.0,8.201158791873059,111.33333333333333,116.00150198443566,1.5275252316516228,33.0
Kashmir,Srinagar,"Hokersar Wildlife Office (PM-10, PM-2.5) 1076",2025-09-01,116.0,116.0,28.0,10.0,5.0,9,2025,-1.0,-1.8369701987210297e-16,111.0,111.0,110.0,116.0,59.0,99.0,111.0,110.0,116.0,125.66666666666669,48.0,18.0,35.0,48.0,59.0,7.0,12.0,13.0,11.0,17.9946954251371,3.0,6.0,5.0,7.0,8.201158791873059,110.66666666666667,112.50150198443566,0.5773502691887625,33.666666666666664
Kashmir,Srinagar,"Hokersar Wildlife Office (PM-10, PM-2.5) 1076",2025-10-01,114.0,114.0,22.0,17.0,4.744286626812495,10,2025,-0.8660254037844386,0.5000000000000001,116.0,111.0,111.0,114.00901190661403,111.62807795872251,116.0,99.0,111.0,114.5,128.0,28.0,48.0,18.0,47.0,34.0,10.0,7.0,12.0,15.5,19.219522179021684,5.0,3.0,6.0,7.816747538864615,5.54770710267939,112.66666666666667,112.50150198443566,2.886751345948127,31.333333333333332
Kashmir,Srinagar,"Hokersar Wildlife Office (PM-10, PM-2.5) 1076",2025-11-01,106.77636513463648,107.0,22.0,20.0,4.505459314474934,11,2025,-0.5000000000000004,0.8660254037844384,114.0,116.0,111.0,113.0,118.0,114.0,116.0,99.0,113.0,128.0,22.0,28.0,48.0,46.0,9.0,17.0,10.0,7.0,20.0,10.0,4.744286626812495,5.0,3.0,12.0,9.0,113.66666666666667,112.5,2.5166114784235796,32.666666666666664
Kashmir,Srinagar,"Hokersar Wildlife Office (PM-10, PM-2.5) 1076",2025-12-01,106.77636513463648,116.0,22.0,23.0,3.900150596547489,12,2025,-2.4492935982947064e-16,1.0,106.77636513463648,114.0,116.0,110.0,127.0,107.0,114.0,116.0,110.0,128.0,22.0,22.0,28.0,35.0,42.0,20.0,17.0,10.0,13.0,13.0,4.505459314474934,4.744286626812495,5.0,5.0,8.0,112.25878837821216,111.46272752243942,4.852084445501143,24.0
Kashmir,Srinagar,"Hokersar Wildlife Office (PM-10, PM-2.5) 1076",2026-01-01,107.0,107.0,39.0,23.0,5.165713016854755,1,2026,0.49999999999999994,0.8660254037844387,106.77636513463648,106.77636513463648,114.0,111.0,128.0,116.0,107.0,114.0,111.0,128.0,22.0,22.0,22.0,18.0,52.0,23.0,20.0,17.0,12.0,13.0,3.900150596547489,4.505459314474934,4.744286626812495,6.0,7.0,109.18424342309099,110.92545504487883,4.170567534045193,22.0
Kashmir,Srinagar,"Hokersar Wildlife Office (PM-10, PM-2.5) 1076",2026-02-01,111.0,111.0,36.0,26.0,4.300515667553837,2,2026,0.8660254037844386,0.5000000000000001,107.0,106.77636513463648,106.77636513463648,111.0,132.0,107.0,116.0,107.0,99.0,132.0,39.0,22.0,22.0,48.0,67.0,23.0,23.0,20.0,7.0,19.0,5.165713016854755,3.900150596547489,4.505459314474934,3.0,11.0,106.85091008975765,110.25878837821216,0.12911564971781708,27.666666666666668
Kashmir,Srinagar,"Hokersar Wildlife Office (PM-10, PM-2.5) 1076",2026-03-01,108.98716127444256,109.811320754717,60.0,25.75471698113208,7.8740683866279,3,2026,1.0,6.123233995736766e-17,111.0,107.0,106.77636513463648,116.0,116.0,111.0,107.0,116.0,116.0,116.0,36.0,39.0,22.0,28.0,48.0,26.0,23.0,23.0,10.0,11.0,4.300515667553837,5.165713016854755,3.900150596547489,5.0,7.0,108.25878837821216,110.25878837821216,2.3765908366439694,32.333333333333336
Kashmir,Srinagar,Hyderpora (Paraypora) Srinagar (PM-2.5),2023-01-01,80.0,100.1768815020032,80.0,16.75886771058337,6.102607143673925,1,2023,0.49999999999999994,0.8660254037844387,79.0,83.0,87.0,87.0,84.0,113.45220593144708,104.1602948400496,84.46554760931598,115.00409498681928,108.62264150943396,79.0,83.0,87.0,87.0,84.0,17.045178218143235,19.41794553172509,19.149810327136663,14.61216560535754,25.50943396226415,5.556237537905237,7.2191102456543295,7.558362399521002,8.09638476706475,5.624727141887518,83.0,81.33333333333333,4.000000000000008,83.0
Kashmir,Srinagar,Hyderpora (Paraypora) Srinagar (PM-2.5),2023-02-01,116.0,119.41875118394668,116.0,34.72644982448424,6.966765189071711,2,2023,0.8660254037844386,0.5000000000000001,80.0,79.0,83.0,75.0,63.0,100.1768815020032,113.45220593144708,104.1602948400496,110.4694029205506,108.62264150943396,80.0,79.0,83.0,75.0,63.0,16.75886771058337,17.045178218143235,19.41794553172509,22.425623676859168,18.19844243565865,6.102607143673925,5.556237537905237,7.2191102456543295,4.942793150274607,6.7431691517080985,80.66666666666667,80.16666666666667,2.0816659994661486,80.66666666666667
Kashmir,Srinagar,Hyderpora (Paraypora) Srinagar (PM-2.5),2023-03-01,103.0,99.81714383338978,103.0,17.148270213512887,9.36623941544934,3,2023,1.0,6.123233995736766e-17,116.0,80.0,79.0,77.0,91.0,119.41875118394668,100.1768815020032,113.45220593144708,112.91876405097295,108.62264150943396,116.0,80.0,79.0,77.0,91.0,34.72644982448424,16.75886771058337,17.045178218143235,15.925886235540183,18.19844243565865,6.966765189071711,6.102607143673925,5.556237537905237,5.622803111349819,7.381658382659114,91.66666666666667,87.0,21.07921567168317,91.66666666666667
Kashmir,Srinagar,Hyderpora (Paraypora) Srinagar (PM-2.5),2023-04-01,99.0,96.66811564973158,99.0,13.074098103180102,7.266980426320496,4,2023,0.8660254037844387,-0.4999999999999998,103.0,116.0,80.0,87.0,89.0,99.81714383338978,119.41875118394668,100.1768815020032,84.46554760931598,108.62264150943396,103.0,116.0,80.0,87.0,89.0,17.148270213512887,34.72644982448424,16.75886771058337,19.149810327136663,18.19844243565865,9.36623941544934,6.966765189071711,6.102607143673925,7.558362399521002,7.339467209067415,99.66666666666667,91.33333333333333,18.230011885167087,99.66666666666667
Kashmir,Srinagar,Hyderpora (Paraypora) Srinagar (PM-2.5),2023-05-01,75.0,125.6970128870039,75.0,19.526722820725244,6.724597114317045,5,2023,0.49999999999999994,-0.8660254037844387,99.0,103.0,116.0,83.0,92.0,96.66811564973158,99.81714383338978,119.41875118394668,104.1602948400496,108.62264150943396,99.0,103.0,116.0,83.0,92.0,13.074098103180102,17.148270213512887,34.72644982448424,19.41794553172509,18.19844243565865,7.266980426320496,9.36623941544934,6.966765189071711,7.2191102456543295,7.339467209067415,106.0,93.33333333333333,8.88819441731558,106.0
Kashmir,Srinagar,Hyderpora (Paraypora) Srinagar (PM-2.5),2023-06-01,80.0,91.76409822865809,80.0,16.102582386820835,5.645075691275269,6,2023,1.2246467991473532e-16,-1.0,75.0,99.0,103.0,79.0,92.0,125.6970128870039,96.66811564973158,99.81714383338978,113.45220593144708,110.64119342689952,75.0,99.0,103.0,79.0,92.0,19.526722820725244,13.074098103180102,17.148270213512887,17.045178218143235,7.584885451364866,6.724597114317045,7.266980426320496,9.36623941544934,5.556237537905237,7.563632543380599,92.33333333333333,92.0,15.14375558880072,92.33333333333333
Kashmir,Srinagar,Hyderpora (Paraypora) Srinagar (PM-2.5),2023-07-01,73.0,116.27330224925905,73.0,22.509757492552232,5.732551672041321,7,2023,-0.4999999999999997,-0.8660254037844388,80.0,75.0,99.0,80.0,87.0,91.76409822865809,125.6970128870039,96.66811564973158,100.1768815020032,115.00409498681928,80.0,75.0,99.0,80.0,87.0,16.102582386820835,19.526722820725244,13.074098103180102,16.75886771058337,14.61216560535754,5.645075691275269,6.724597114317045,7.266980426320496,6.102607143673925,8.09638476706475,84.66666666666667,92.16666666666667,12.662279942148375,84.66666666666667
Kashmir,Srinagar,Hyderpora (Paraypora) Srinagar (PM-2.5),2023-08-01,73.0,100.0741403174318,73.0,15.10171098464254,6.133367359138892,8,2023,-0.8660254037844384,-0.5000000000000004,73.0,80.0,75.0,116.0,75.0,116.27330224925905,91.76409822865809,125.6970128870039,119.41875118394668,110.4694029205506,73.0,80.0,75.0,116.0,75.0,22.509757492552232,16.102582386820835,19.526722820725244,34.72644982448424,22.425623676859168,5.732551672041321,5.645075691275269,6.724597114317045,6.966765189071711,4.942793150274607,76.0,91.0,3.6055512754639576,76.0
Kashmir,Srinagar,Hyderpora (Paraypora) Srinagar (PM-2.5),2023-09-01,63.0,120.87042191524031,63.0,17.887032789076038,7.48431850206569,9,2023,-1.0,-1.8369701987210297e-16,73.0,73.0,80.0,103.0,77.0,100.0741403174318,116.27330224925905,91.76409822865809,99.81714383338978,112.91876405097295,73.0,73.0,80.0,103.0,77.0,15.10171098464254,22.509757492552232,16.102582386820835,17.148270213512887,15.925886235540183,6.133367359138892,5.732551672041321,5.645075691275269,9.36623941544934,5.622803111349819,75.33333333333333,83.83333333333333,4.041451884327351,75.33333333333333
Kashmir,Srinagar,Hyderpora (Paraypora) Srinagar (PM-2.5),2023-10-01,78.0,92.61814820817268,78.0,16.713850740631198,5.205943024936208,10,2023,-0.8660254037844386,0.5000000000000001,63.0,73.0,73.0,99.0,87.0,120.87042191524031,100.0741403174318,116.27330224925905,96.66811564973158,84.46554760931598,63.0,73.0,73.0,99.0,87.0,17.887032789076038,15.10171098464254,22.509757492552232,13.074098103180102,19.149810327136663,7.48431850206569,6.133367359138892,5.732551672041321,7.266980426320496,7.558362399521002,69.66666666666667,77.16666666666667,5.77350269189626,69.66666666666667
Kashmir,Srinagar,Hyderpora (Paraypora) Srinagar (PM-2.5),2023-11-01,93.0,76.25012301759088,78.125,17.508837054734258,6.912533717442468,11,2023,-0.5000000000000004,0.8660254037844384,78.0,63.0,73.0,75.0,83.0,92.61814820817268,120.87042191524031,100.0741403174318,125.6970128870039,104.1602948400496,78.0,63.0,73.0,75.0,83.0,16.713850740631198,17.887032789076038,15.10171098464254,19.526722820725244,19.41794553172509,5.205943024936208,7.48431850206569,6.133367359138892,6.724597114317045,7.2191102456543295,71.33333333333333,73.66666666666667,7.637626158259737,71.33333333333333
Kashmir,Srinagar,Hyderpora (Paraypora) Srinagar (PM-2.5),2023-12-01,93.0,100.00922726704584,78.25,18.88815560810606,8.700223293600267,12,2023,-2.4492935982947064e-16,1.0,93.0,78.0,63.0,80.0,79.0,76.25012301759088,92.61814820817268,120.87042191524031,91.76409822865809,113.45220593144708,78.125,78.0,63.0,80.0,79.0,17.508837054734258,16.713850740631198,17.887032789076038,16.102582386820835,17.045178218143235,6.912533717442468,5.205943024936208,7.48431850206569,5.645075691275269,5.556237537905237,78.0,76.66666666666667,15.000000000000002,73.04166666666667
Kashmir,Srinagar,Hyderpora (Paraypora) Srinagar (PM-2.5),2024-01-01,93.0,208.59834539436432,78.25,31.38694208605437,5.493952857467828,1,2024,0.49999999999999994,0.8660254037844387,93.0,93.0,78.0,73.0,80.0,100.00922726704584,76.25012301759088,92.61814820817268,116.27330224925905,100.1768815020032,78.25,78.125,78.0,73.0,80.0,18.88815560810606,17.508837054734258,16.713850740631198,22.509757492552232,16.75886771058337,8.700223293600267,6.912533717442468,5.205943024936208,5.732551672041321,6.102607143673925,88.0,78.83333333333333,8.660254037844389,78.125
Kashmir,Srinagar,Hyderpora (Paraypora) Srinagar (PM-2.5),2024-02-01,94.39309303217156,97.17726946547948,45.4194897078592,16.90828403592742,5.830875792682721,2,2024,0.8660254037844386,0.5000000000000001,93.0,93.0,93.0,73.0,116.0,208.59834539436432,100.00922726704584,76.25012301759088,100.0741403174318,119.41875118394668,78.25,78.25,78.125,73.0,116.0,31.38694208605437,18.88815560810606,17.508837054734258,15.10171098464254,34.72644982448424,5.493952857467828,8.700223293600267,6.912533717442468,6.133367359138892,6.966765189071711,93.0,82.16666666666667,0.0,78.20833333333333
Kashmir,Srinagar,Hyderpora (Paraypora) Srinagar (PM-2.5),2024-03-01,94.39309303217156,97.17726946547948,45.4194897078592,16.90828403592742,5.830875792682721,3,2024,1.0,6.123233995736766e-17,94.39309303217156,93.0,93.0,63.0,103.0,97.17726946547948,208.59834539436432,100.00922726704584,120.87042191524031,99.81714383338978,45.4194897078592,78.25,78.25,63.0,103.0,16.90828403592742,31.38694208605437,18.88815560810606,17.887032789076038,17.148270213512887,5.830875792682721,5.493952857467828,8.700223293600267,7.48431850206569,9.36623941544934,93.46436434405719,85.7321821720286,0.8043026371304443,67.30649656928641
Kashmir,Srinagar,Hyderpora (Paraypora) Srinagar (PM-2.5),2024-04-01,94.39309303217156,97.17726946547948,45.4194897078592,16.90828403592742,5.830875792682721,4,2024,0.8660254037844387,-0.4999999999999998,94.39309303217156,94.39309303217156,93.0,78.0,99.0,97.17726946547948,97.17726946547948,208.59834539436432,92.61814820817268,96.66811564973158,45.4194897078592,45.4194897078592,78.25,78.0,99.0,16.90828403592742,16.90828403592742,31.38694208605437,16.713850740631198,13.074098103180102,5.830875792682721,5.830875792682721,5.493952857467828,5.205943024936208,7.266980426320496,93.92872868811439,90.96436434405719,0.8043026371304421,56.3629931385728
Kashmir,Srinagar,Hyderpora (Paraypora) Srinagar (PM-2.5),2024-05-01,79.0,91.05932077784416,79.0,15.72785492961029,5.935203384008962,5,2024,0.49999999999999994,-0.8660254037844387,94.39309303217156,94.39309303217156,94.39309303217156,93.0,75.0,97.17726946547948,97.17726946547948,97.17726946547948,76.25012301759088,125.6970128870039,45.4194897078592,45.4194897078592,45.4194897078592,78.125,75.0,16.90828403592742,16.90828403592742,16.90828403592742,17.508837054734258,19.526722820725244,5.830875792682721,5.830875792682721,5.830875792682721,6.912533717442468,6.724597114317045,94.39309303217156,93.69654651608579,0.0,45.4194897078592
Kashmir,Srinagar,Hyderpora (Paraypora) Srinagar (PM-2.5),2024-06-01,79.0,103.15692761276044,79.0,16.642410280466656,5.52954583939211,6,2024,1.2246467991473532e-16,-1.0,79.0,94.39309303217156,94.39309303217156,93.0,80.0,91.05932077784416,97.17726946547948,97.17726946547948,100.00922726704584,91.76409822865809,79.0,45.4194897078592,45.4194897078592,78.25,80.0,15.72785492961029,16.90828403592742,16.90828403592742,18.88815560810606,16.102582386820835,5.935203384008962,5.830875792682721,5.830875792682721,8.700223293600267,5.645075691275269,89.2620620214477,91.36321318275246,8.887206405785204,56.6129931385728
Kashmir,Srinagar,Hyderpora (Paraypora) Srinagar (PM-2.5),2024-07-01,82.0,91.11092740602396,82.0,19.355411586087765,6.833829433590453,7,2024,-0.4999999999999997,-0.8660254037844388,79.0,79.0,94.39309303217156,93.0,73.0,103.15692761276044,91.05932077784416,97.17726946547948,208.59834539436432,116.27330224925905,79.0,79.0,45.4194897078592,78.25,73.0,16.642410280466656,15.72785492961029,16.90828403592742,31.38694208605437,22.509757492552232,5.52954583939211,5.935203384008962,5.830875792682721,5.493952857467828,5.732551672041321,84.13103101072386,89.02987984941912,8.887206405785198,67.80649656928641
Kashmir,Srinagar,Hyderpora (Paraypora) Srinagar (PM-2.5),2024-08-01,77.0,110.58215299412862,77.0,18.36688292600853,4.784369601086564,8,2024,-0.8660254037844384,-0.5000000000000004,82.0,79.0,79.0,94.39309303217156,73.0,91.11092740602396,103.15692761276044,91.05932077784416,97.17726946547948,100.0741403174318,82.0,79.0,79.0,45.4194897078592,73.0,19.355411586087765,16.642410280466656,15.72785492961029,16.90828403592742,15.10171098464254,6.833829433590453,5.52954583939211,5.935203384008962,5.830875792682721,6.133367359138892,80.0,87.19654651608579,1.7320508075688772,80.0
Kashmir,Srinagar,Hyderpora (Paraypora) Srinagar (PM-2.5),2024-09-01,73.0,104.72572941638693,73.0,18.202541989807347,5.14275518103575,9,2024,-1.0,-1.8369701987210297e-16,77.0,82.0,79.0,94.39309303217156,63.0,110.58215299412862,91.11092740602396,103.15692761276044,97.17726946547948,120.87042191524031,77.0,82.0,79.0,45.4194897078592,63.0,18.36688292600853,19.355411586087765,16.642410280466656,16.90828403592742,17.887032789076038,4.784369601086564,6.833829433590453,5.52954583939211,5.830875792682721,7.48431850206569,79.33333333333333,84.29769767739052,2.516611478423582,79.33333333333333
Kashmir,Srinagar,Hyderpora (Paraypora) Srinagar (PM-2.5),2024-10-01,72.0,94.1417949223082,72.0,13.406453095181863,5.907568524395559,10,2024,-0.8660254037844386,0.5000000000000001,73.0,77.0,82.0,94.39309303217156,78.0,104.72572941638693,110.58215299412862,91.11092740602396,97.17726946547948,92.61814820817268,73.0,77.0,82.0,45.4194897078592,78.0,18.202541989807347,18.36688292600853,19.355411586087765,16.90828403592742,16.713850740631198,5.14275518103575,4.784369601086564,6.833829433590453,5.830875792682721,5.205943024936208,77.33333333333333,80.7321821720286,4.509249752822892,77.33333333333333
Kashmir,Srinagar,Hyderpora (Paraypora) Srinagar (PM-2.5),2024-11-01,72.0,91.44537960652367,84.0,16.79855175654789,5.611821447964756,11,2024,-0.5000000000000004,0.8660254037844384,72.0,73.0,77.0,79.0,93.0,94.1417949223082,104.72572941638693,110.58215299412862,91.05932077784416,76.25012301759088,72.0,73.0,77.0,79.0,78.125,13.406453095181863,18.202541989807347,18.36688292600853,15.72785492961029,17.508837054734258,5.907568524395559,5.14275518103575,4.784369601086564,5.935203384008962,6.912533717442468,74.0,77.0,2.645751311064583,74.0
Kashmir,Srinagar,Hyderpora (Paraypora) Srinagar (PM-2.5),2024-12-01,69.0,104.00049231696734,76.5,19.40874735123732,5.774223967552632,12,2024,-2.4492935982947064e-16,1.0,72.0,72.0,73.0,79.0,93.0,91.44537960652367,94.1417949223082,104.72572941638693,103.15692761276044,100.00922726704584,84.0,72.0,73.0,79.0,78.25,16.79855175654789,13.406453095181863,18.202541989807347,16.642410280466656,18.88815560810606,5.611821447964756,5.907568524395559,5.14275518103575,5.52954583939211,8.700223293600267,72.33333333333333,75.83333333333333,0.5773502691895909,76.33333333333333
Kashmir,Srinagar,Hyderpora (Paraypora) Srinagar (PM-2.5),2025-01-01,69.0,71.46778491012293,69.0,10.119480519425164,4.503945063975911,1,2025,0.49999999999999994,0.8660254037844387,69.0,72.0,72.0,82.0,93.0,104.00049231696734,91.44537960652367,94.1417949223082,91.11092740602396,208.59834539436432,76.5,84.0,72.0,82.0,78.25,19.40874735123732,16.79855175654789,13.406453095181863,19.355411586087765,31.38694208605437,5.774223967552632,5.611821447964756,5.907568524395559,6.833829433590453,5.493952857467828,71.0,74.16666666666667,1.7320508075688772,77.5
Kashmir,Srinagar,Hyderpora (Paraypora) Srinagar (PM-2.5),2025-02-01,72.0,78.7220617364557,72.0,12.819680276452036,5.569837050573058,2,2025,0.8660254037844386,0.5000000000000001,69.0,69.0,72.0,77.0,94.39309303217156,71.46778491012293,104.00049231696734,91.44537960652367,110.58215299412862,97.17726946547948,69.0,76.5,84.0,77.0,45.4194897078592,10.119480519425164,19.40874735123732,16.79855175654789,18.36688292600853,16.90828403592742,4.503945063975911,5.774223967552632,5.611821447964756,4.784369601086564,5.830875792682721,70.0,72.0,1.7320508075688772,76.5
Kashmir,Srinagar,Hyderpora (Paraypora) Srinagar (PM-2.5),2025-03-01,76.0,104.22165244694754,76.0,16.583812650644504,5.908968501308906,3,2025,1.0,6.123233995736766e-17,72.0,69.0,69.0,73.0,94.39309303217156,78.7220617364557,71.46778491012293,104.00049231696734,104.72572941638693,97.17726946547948,72.0,69.0,76.5,73.0,45.4194897078592,12.819680276452036,10.119480519425164,19.40874735123732,18.202541989807347,16.90828403592742,5.569837050573058,4.503945063975911,5.774223967552632,5.14275518103575,5.830875792682721,70.0,71.16666666666667,1.7320508075688772,72.5
Kashmir,Srinagar,Hyderpora (Paraypora) Srinagar (PM-2.5),2025-04-01,70.0,92.489846681609,70.0,16.780046524205165,5.282795730490978,4,2025,0.8660254037844387,-0.4999999999999998,76.0,72.0,69.0,72.0,94.39309303217156,104.22165244694754,78.7220617364557,71.46778491012293,94.1417949223082,97.17726946547948,76.0,72.0,69.0,72.0,45.4194897078592,16.583812650644504,12.819680276452036,10.119480519425164,13.406453095181863,16.90828403592742,5.908968501308906,5.569837050573058,4.503945063975911,5.907568524395559,5.830875792682721,72.33333333333333,71.66666666666667,3.5118845842842483,72.33333333333333
Kashmir,Srinagar,Hyderpora (Paraypora) Srinagar (PM-2.5),2025-05-01,69.0,67.94893176815737,69.0,9.53668630122907,4.249942244359663,5,2025,0.49999999999999994,-0.8660254037844387,70.0,76.0,72.0,72.0,79.0,92.489846681609,104.22165244694754,78.7220617364557,91.44537960652367,91.05932077784416,70.0,76.0,72.0,84.0,79.0,16.780046524205165,16.583812650644504,12.819680276452036,16.79855175654789,15.72785492961029,5.282795730490978,5.908968501308906,5.569837050573058,5.611821447964756,5.935203384008962,72.66666666666667,71.33333333333333,3.055050463303899,72.66666666666667
Kashmir,Srinagar,Hyderpora (Paraypora) Srinagar (PM-2.5),2025-06-01,75.0,95.20963776205528,75.0,16.335366792441274,5.49499583016348,6,2025,1.2246467991473532e-16,-1.0,69.0,70.0,76.0,69.0,79.0,67.94893176815737,92.489846681609,104.22165244694754,104.00049231696734,103.15692761276044,69.0,70.0,76.0,76.5,79.0,9.53668630122907,16.780046524205165,16.583812650644504,19.40874735123732,16.642410280466656,4.249942244359663,5.282795730490978,5.908968501308906,5.774223967552632,5.52954583939211,71.66666666666667,70.83333333333333,3.7859388972001877,71.66666666666667
Kashmir,Srinagar,Hyderpora (Paraypora) Srinagar (PM-2.5),2025-07-01,72.0,96.99535689975626,72.0,13.896489406089945,6.105127659043728,7,2025,-0.4999999999999997,-0.8660254037844388,75.0,69.0,70.0,69.0,82.0,95.20963776205528,67.94893176815737,92.489846681609,71.46778491012293,91.11092740602396,75.0,69.0,70.0,69.0,82.0,16.335366792441274,9.53668630122907,16.780046524205165,10.119480519425164,19.355411586087765,5.49499583016348,4.249942244359663,5.282795730490978,4.503945063975911,6.833829433590453,71.33333333333333,71.83333333333333,3.214550253664329,71.33333333333333
Kashmir,Srinagar,Hyderpora (Paraypora) Srinagar (PM-2.5),2025-08-01,75.0,103.3915789322139,75.0,16.26207865899649,5.8757317927687,8,2025,-0.8660254037844384,-0.5000000000000004,72.0,75.0,69.0,72.0,77.0,96.99535689975626,95.20963776205528,67.94893176815737,78.7220617364557,110.58215299412862,72.0,75.0,69.0,72.0,77.0,13.896489406089945,16.335366792441274,9.53668630122907,12.819680276452036,18.36688292600853,6.105127659043728,5.49499583016348,4.249942244359663,5.569837050573058,4.784369601086564,72.0,72.33333333333333,3.0000000000000124,72.0
Kashmir,Srinagar,Hyderpora (Paraypora) Srinagar (PM-2.5),2025-09-01,65.0,106.3084609969538,65.0,15.34340779661026,6.784407232471545,9,2025,-1.0,-1.8369701987210297e-16,75.0,72.0,75.0,76.0,73.0,103.3915789322139,96.99535689975626,95.20963776205528,104.22165244694754,104.72572941638693,75.0,72.0,75.0,76.0,73.0,16.26207865899649,13.896489406089945,16.335366792441274,16.583812650644504,18.202541989807347,5.8757317927687,6.105127659043728,5.49499583016348,5.908968501308906,5.14275518103575,74.0,72.83333333333333,1.7320508075688987,74.0
Kashmir,Srinagar,Hyderpora (Paraypora) Srinagar (PM-2.5),2025-10-01,63.0,118.78758975995174,63.0,18.31046327700548,7.662468063505636,10,2025,-0.8660254037844386,0.5000000000000001,65.0,75.0,72.0,70.0,72.0,106.3084609969538,103.3915789322139,96.99535689975626,92.489846681609,94.1417949223082,65.0,75.0,72.0,70.0,72.0,15.34340779661026,16.26207865899649,13.896489406089945,16.780046524205165,13.406453095181863,6.784407232471545,5.8757317927687,6.105127659043728,5.282795730490978,5.907568524395559,70.66666666666667,71.0,5.131601439446893,70.66666666666667
Kashmir,Srinagar,Hyderpora (Paraypora) Srinagar (PM-2.5),2025-11-01,66.0,93.11991970865846,66.0,13.329509462558796,6.297749280989293,11,2025,-0.5000000000000004,0.8660254037844384,63.0,65.0,75.0,69.0,72.0,118.78758975995174,106.3084609969538,103.3915789322139,67.94893176815737,91.44537960652367,63.0,65.0,75.0,69.0,84.0,18.31046327700548,15.34340779661026,16.26207865899649,9.53668630122907,16.79855175654789,7.662468063505636,6.784407232471545,5.8757317927687,4.249942244359663,5.611821447964756,67.66666666666667,69.83333333333333,6.429100507328646,67.66666666666667
Kashmir,Srinagar,Hyderpora (Paraypora) Srinagar (PM-2.5),2025-12-01,77.0,48.0,77.0,19.200000000000003,5.237035017396429,12,2025,-2.4492935982947064e-16,1.0,66.0,63.0,65.0,75.0,69.0,93.11991970865846,118.78758975995174,106.3084609969538,95.20963776205528,104.00049231696734,66.0,63.0,65.0,75.0,76.5,13.329509462558796,18.31046327700548,15.34340779661026,16.335366792441274,19.40874735123732,6.297749280989293,7.662468063505636,6.784407232471545,5.49499583016348,5.774223967552632,64.66666666666667,69.33333333333333,1.5275252316519916,64.66666666666667
Kashmir,Srinagar,Hyderpora (Paraypora) Srinagar (PM-2.5),2026-01-01,83.0,48.0,83.0,19.200000000000003,5.64995648214434,1,2026,0.49999999999999994,0.8660254037844387,77.0,66.0,63.0,72.0,69.0,48.0,93.11991970865846,118.78758975995174,96.99535689975626,71.46778491012293,77.0,66.0,63.0,72.0,69.0,19.200000000000003,13.329509462558796,18.31046327700548,13.896489406089945,10.119480519425164,5.237035017396429,6.297749280989293,7.662468063505636,6.105127659043728,4.503945063975911,68.66666666666667,69.66666666666667,7.371114795832001,68.66666666666667
Kashmir,Srinagar,Hyderpora (Paraypora) Srinagar (PM-2.5),2026-02-01,85.0,48.0,85.0,12.362557865873246,6.314868780243459,2,2026,0.8660254037844386,0.5000000000000001,83.0,77.0,66.0,75.0,72.0,48.0,48.0,93.11991970865846,103.3915789322139,78.7220617364557,83.0,77.0,66.0,75.0,72.0,19.200000000000003,19.200000000000003,13.329509462558796,16.26207865899649,12.819680276452036,5.64995648214434,5.237035017396429,6.297749280989293,5.8757317927687,5.569837050573058,75.33333333333333,71.5,8.621678104251714,75.33333333333333
Kashmir,Srinagar,Hyderpora (Paraypora) Srinagar (PM-2.5),2026-03-01,95.4236543283045,48.0,58.5,12.362557865873246,6.314868780243459,3,2026,1.0,6.123233995736766e-17,85.0,83.0,77.0,65.0,76.0,48.0,48.0,48.0,106.3084609969538,104.22165244694754,85.0,83.0,77.0,65.0,76.0,12.362557865873246,19.200000000000003,19.200000000000003,15.34340779661026,16.583812650644504,6.314868780243459,5.64995648214434,5.237035017396429,6.784407232471545,5.908968501308906,81.66666666666667,73.16666666666667,4.163331998932281,81.66666666666667
Kashmir,Pulwama,"I.G.C Lassipora Pulwama (PM-10, PM-2.5) 1082",2023-01-01,116.0,69.0,46.0,13.0,7.0,1,2023,0.49999999999999994,0.8660254037844387,83.0,83.0,29.4,94.39309303217156,39.17142857142857,49.0,49.0,49.0,97.17726946547948,65.28571428571429,33.0,34.45178201599842,34.45178201599842,45.4194897078592,35.58847570917411,15.0,12.430196849395546,12.430196849395546,16.90828403592742,10.7428215450951,9.0,6.256633498302223,6.256633498302223,5.830875792682721,5.539131844085375,65.13333333333333,58.098848838695254,30.94597442856394,33.96785467733228
Kashmir,Pulwama,"I.G.C Lassipora Pulwama (PM-10, PM-2.5) 1082",2023-02-01,114.0,67.0,47.0,14.0,8.0,2,2023,0.8660254037844386,0.5000000000000001,116.0,83.0,83.0,29.4,39.17142857142857,69.0,49.0,49.0,49.0,65.28571428571429,46.0,33.0,34.45178201599842,19.6,35.86830207979346,13.0,15.0,12.430196849395546,19.6,11.216006999414702,7.0,9.0,6.256633498302223,3.6519463086702313,5.539131844085375,94.0,61.70000000000001,19.05255888325765,37.81726067199947
Kashmir,Pulwama,"I.G.C Lassipora Pulwama (PM-10, PM-2.5) 1082",2023-03-01,124.0,76.0,48.0,16.0,9.0,3,2023,1.0,6.123233995736766e-17,114.0,116.0,83.0,29.4,39.17142857142857,67.0,69.0,49.0,49.0,65.28571428571429,47.0,46.0,33.0,19.6,35.86830207979346,14.0,13.0,15.0,19.6,11.216006999414702,8.0,7.0,9.0,4.403544647134765,5.539131844085375,104.33333333333333,75.8,18.502252115170556,42.0
Kashmir,Pulwama,"I.G.C Lassipora Pulwama (PM-10, PM-2.5) 1082",2023-04-01,102.04218649214587,82.9,46.66666666666666,16.6,6.942279506341301,4,2023,0.8660254037844387,-0.4999999999999998,124.0,114.0,116.0,29.4,39.17142857142857,76.0,67.0,69.0,49.0,65.28571428571429,48.0,47.0,46.0,34.45178201599842,35.86830207979346,16.0,14.0,13.0,12.430196849395546,11.216006999414702,9.0,8.0,7.0,6.256633498302223,5.539131844085375,118.0,91.56666666666666,5.291502622129192,47.0
Kashmir,Pulwama,"I.G.C Lassipora Pulwama (PM-10, PM-2.5) 1082",2023-05-01,102.04218649214587,89.8,45.333333333333336,17.2,6.738426443120575,5,2023,0.49999999999999994,-0.8660254037844387,102.04218649214587,124.0,114.0,83.0,39.17142857142857,82.9,76.0,67.0,49.0,65.28571428571429,46.66666666666666,48.0,47.0,34.45178201599842,35.86830207979346,16.6,16.0,14.0,12.430196849395546,11.216006999414702,6.942279506341301,9.0,8.0,6.256633498302223,5.539131844085375,113.34739549738197,103.67369774869098,10.993444091323399,47.22222222222222
Kashmir,Pulwama,"I.G.C Lassipora Pulwama (PM-10, PM-2.5) 1082",2023-06-01,53.88,89.8,34.812077807289725,14.81949409744993,4.068826163558235,6,2023,1.2246467991473532e-16,-1.0,102.04218649214587,102.04218649214587,124.0,83.0,94.39309303217156,89.8,82.9,76.0,49.0,97.17726946547948,45.333333333333336,46.66666666666666,48.0,33.0,45.4194897078592,17.2,16.6,16.0,15.0,16.90828403592742,6.738426443120575,6.942279506341301,9.0,9.0,5.830875792682721,109.36145766143058,106.84739549738197,12.67734953957518,46.666666666666664
Kashmir,Pulwama,"I.G.C Lassipora Pulwama (PM-10, PM-2.5) 1082",2023-07-01,53.88,89.8,33.23335634370523,14.923230876000602,3.623796294796823,7,2023,-0.4999999999999997,-0.8660254037844388,53.88,102.04218649214587,102.04218649214587,116.0,94.39309303217156,89.8,89.8,82.9,69.0,97.17726946547948,34.812077807289725,45.333333333333336,46.66666666666666,46.0,45.4194897078592,14.81949409744993,17.2,16.6,13.0,16.90828403592742,4.068826163558235,6.738426443120575,6.942279506341301,7.0,5.830875792682721,85.98812432809724,101.99406216404863,27.80645133600138,42.27069260242991
Kashmir,Pulwama,"I.G.C Lassipora Pulwama (PM-10, PM-2.5) 1082",2023-08-01,53.88,89.8,33.23335634370523,14.923230876000602,3.623796294796823,8,2023,-0.8660254037844384,-0.5000000000000004,53.88,53.88,102.04218649214587,114.0,29.4,89.8,89.8,89.8,67.0,49.0,33.23335634370523,34.812077807289725,45.333333333333336,47.0,19.6,14.923230876000602,14.81949409744993,17.2,14.0,19.6,3.623796294796823,4.068826163558235,6.738426443120575,8.0,3.6519463086702313,69.93406216404861,91.6407288307153,27.806451336001388,37.79292249477609
Kashmir,Pulwama,"I.G.C Lassipora Pulwama (PM-10, PM-2.5) 1082",2023-09-01,53.88,89.8,33.23335634370523,14.923230876000602,3.623796294796823,9,2023,-1.0,-1.8369701987210297e-16,53.88,53.88,53.88,124.0,29.4,89.8,89.8,89.8,76.0,49.0,33.23335634370523,33.23335634370523,34.812077807289725,48.0,19.6,14.923230876000602,14.923230876000602,14.81949409744993,16.0,19.6,3.623796294796823,3.623796294796823,4.068826163558235,9.0,4.403544647134765,53.88,81.6207288307153,0.0,33.75959683156673
Kashmir,Pulwama,"I.G.C Lassipora Pulwama (PM-10, PM-2.5) 1082",2023-10-01,87.0,145.0,58.0,58.0,9.348925796513178,10,2023,-0.8660254037844386,0.5000000000000001,53.88,53.88,53.88,102.04218649214587,29.4,89.8,89.8,89.8,82.9,49.0,33.23335634370523,33.23335634370523,33.23335634370523,46.66666666666666,34.45178201599842,14.923230876000602,14.923230876000602,14.923230876000602,16.6,12.430196849395546,3.623796294796823,3.623796294796823,3.623796294796823,6.942279506341301,6.256633498302223,53.88,69.93406216404863,0.0,33.23335634370523
Kashmir,Pulwama,"I.G.C Lassipora Pulwama (PM-10, PM-2.5) 1082",2023-11-01,87.0,145.0,36.0,27.839935897389346,8.98963338771143,11,2023,-0.5000000000000004,0.8660254037844384,87.0,53.88,53.88,102.04218649214587,83.0,145.0,89.8,89.8,89.8,49.0,58.0,33.23335634370523,33.23335634370523,45.333333333333336,34.45178201599842,58.0,14.923230876000602,14.923230876000602,17.2,12.430196849395546,9.348925796513178,3.623796294796823,3.623796294796823,6.738426443120575,6.256633498302223,64.92,67.42703108202431,19.1218409155604,41.48890422913683
Kashmir,Pulwama,"I.G.C Lassipora Pulwama (PM-10, PM-2.5) 1082",2023-12-01,145.0,145.0,36.0,27.839935897389346,8.98963338771143,12,2023,-2.4492935982947064e-16,1.0,87.0,87.0,53.88,53.88,83.0,145.0,145.0,89.8,89.8,49.0,36.0,58.0,33.23335634370523,34.812077807289725,33.0,27.839935897389346,58.0,14.923230876000602,14.81949409744993,15.0,8.98963338771143,9.348925796513178,3.623796294796823,4.068826163558235,9.0,75.96,64.92,19.121840915560405,42.411118781235075
Kashmir,Pulwama,"I.G.C Lassipora Pulwama (PM-10, PM-2.5) 1082",2024-01-01,145.0,145.0,42.0,22.0,9.04780847796542,1,2024,0.49999999999999994,0.8660254037844387,145.0,87.0,87.0,53.88,116.0,145.0,145.0,145.0,89.8,69.0,36.0,36.0,58.0,33.23335634370523,46.0,27.839935897389346,27.839935897389346,58.0,14.923230876000602,13.0,8.98963338771143,8.98963338771143,9.348925796513178,3.623796294796823,7.0,106.33333333333333,80.10666666666667,33.4863156129983,43.333333333333336
Kashmir,Pulwama,"I.G.C Lassipora Pulwama (PM-10, PM-2.5) 1082",2024-02-01,142.0,142.0,48.0,25.0,13.0,2,2024,0.8660254037844386,0.5000000000000001,145.0,145.0,87.0,53.88,114.0,145.0,145.0,145.0,89.8,67.0,42.0,36.0,36.0,33.23335634370523,47.0,22.0,27.839935897389346,27.839935897389346,14.923230876000602,14.0,9.04780847796542,8.98963338771143,8.98963338771143,3.623796294796823,8.0,125.66666666666667,95.29333333333334,33.4863156129983,38.0
Kashmir,Pulwama,"I.G.C Lassipora Pulwama (PM-10, PM-2.5) 1082",2024-03-01,126.0,126.0,63.0,19.0,9.0,3,2024,1.0,6.123233995736766e-17,142.0,145.0,145.0,53.88,124.0,142.0,145.0,145.0,89.8,76.0,48.0,42.0,36.0,33.23335634370523,48.0,25.0,22.0,27.839935897389346,14.923230876000602,16.0,13.0,9.04780847796542,8.98963338771143,3.623796294796823,9.0,144.0,109.98,1.7320508075688772,42.0
Kashmir,Pulwama,"I.G.C Lassipora Pulwama (PM-10, PM-2.5) 1082",2024-04-01,124.0,124.0,50.0,22.0,11.0,4,2024,0.8660254037844387,-0.4999999999999998,126.0,142.0,145.0,87.0,102.04218649214587,126.0,142.0,145.0,145.0,82.9,63.0,48.0,42.0,58.0,46.66666666666666,19.0,25.0,22.0,58.0,16.6,9.0,13.0,9.04780847796542,9.348925796513178,6.942279506341301,137.66666666666666,122.0,10.214368964029704,51.0
Kashmir,Pulwama,"I.G.C Lassipora Pulwama (PM-10, PM-2.5) 1082",2024-05-01,123.26843189649075,127.71428571428572,44.285714285714285,20.285714285714285,9.086796333058992,5,2024,0.49999999999999994,-0.8660254037844387,124.0,126.0,142.0,87.0,102.04218649214587,124.0,126.0,142.0,145.0,89.8,50.0,63.0,48.0,36.0,45.333333333333336,22.0,19.0,25.0,27.839935897389346,17.2,11.0,9.0,13.0,8.98963338771143,6.738426443120575,130.66666666666666,128.16666666666666,9.865765724632485,53.666666666666664
Kashmir,Pulwama,"I.G.C Lassipora Pulwama (PM-10, PM-2.5) 1082",2024-06-01,123.26843189649075,131.42857142857142,38.57142857142857,18.571428571428573,5.335029748414678,6,2024,1.2246467991473532e-16,-1.0,123.26843189649075,124.0,126.0,145.0,53.88,127.71428571428572,124.0,126.0,145.0,89.8,44.285714285714285,50.0,63.0,36.0,34.812077807289725,20.285714285714285,22.0,19.0,27.839935897389346,14.81949409744993,9.086796333058992,11.0,9.0,8.98963338771143,4.068826163558235,124.42281063216359,134.2114053160818,1.4140165129975837,52.42857142857142
Kashmir,Pulwama,"I.G.C Lassipora Pulwama (PM-10, PM-2.5) 1082",2024-07-01,78.85714285714285,131.42857142857142,68.03728232798288,18.91147572431349,8.196927815256757,7,2024,-0.4999999999999997,-0.8660254037844388,123.26843189649075,123.26843189649075,124.0,145.0,53.88,131.42857142857142,127.71428571428572,124.0,145.0,89.8,38.57142857142857,44.285714285714285,50.0,42.0,33.23335634370523,18.571428571428573,20.285714285714285,22.0,22.0,14.923230876000602,5.335029748414678,9.086796333058992,11.0,9.04780847796542,3.623796294796823,123.51228793099385,130.58947729883025,0.42237104149114507,44.285714285714285
Kashmir,Pulwama,"I.G.C Lassipora Pulwama (PM-10, PM-2.5) 1082",2024-08-01,78.85714285714285,131.42857142857142,68.03728232798288,19.87471520196074,9.037631700009436,8,2024,-0.8660254037844384,-0.5000000000000004,78.85714285714285,123.26843189649075,123.26843189649075,142.0,53.88,131.42857142857142,131.42857142857142,127.71428571428572,142.0,89.8,68.03728232798288,38.57142857142857,44.285714285714285,48.0,33.23335634370523,18.91147572431349,18.571428571428573,20.285714285714285,25.0,14.923230876000602,8.196927815256757,5.335029748414678,9.086796333058992,13.0,3.623796294796823,108.46466888337478,119.56566777502071,25.64086968192579,50.29814172837524
Kashmir,Pulwama,"I.G.C Lassipora Pulwama (PM-10, PM-2.5) 1082",2024-09-01,78.85714285714285,131.42857142857142,68.03728232798288,19.87471520196074,9.037631700009436,9,2024,-1.0,-1.8369701987210297e-16,78.85714285714285,78.85714285714285,123.26843189649075,126.0,53.88,131.42857142857142,131.42857142857142,131.42857142857142,126.0,89.8,68.03728232798288,68.03728232798288,38.57142857142857,63.0,33.23335634370523,19.87471520196074,18.91147572431349,18.571428571428573,19.0,14.923230876000602,9.037631700009436,8.196927815256757,5.335029748414678,9.0,3.623796294796823,93.66090587025882,109.0418582512112,25.64086968192579,58.21533107579811
Kashmir,Pulwama,"I.G.C Lassipora Pulwama (PM-10, PM-2.5) 1082",2024-10-01,90.0,150.0,47.31603272726579,24.694097938406763,9.88651954985196,10,2024,-0.8660254037844386,0.5000000000000001,78.85714285714285,78.85714285714285,78.85714285714285,124.0,87.0,131.42857142857142,131.42857142857142,131.42857142857142,124.0,145.0,68.03728232798288,68.03728232798288,68.03728232798288,50.0,58.0,19.87471520196074,19.87471520196074,18.91147572431349,22.0,58.0,9.037631700009436,9.037631700009436,8.196927815256757,11.0,9.348925796513178,78.85714285714285,101.18471539406835,0.0,68.03728232798288
Kashmir,Pulwama,"I.G.C Lassipora Pulwama (PM-10, PM-2.5) 1082",2024-11-01,90.0,150.0,10.0,10.0,4.0,11,2024,-0.5000000000000004,0.8660254037844384,90.0,78.85714285714285,78.85714285714285,123.26843189649075,87.0,150.0,131.42857142857142,131.42857142857142,127.71428571428572,145.0,47.31603272726579,68.03728232798288,68.03728232798288,44.285714285714285,36.0,24.694097938406763,19.87471520196074,19.87471520196074,20.285714285714285,27.839935897389346,9.88651954985196,9.037631700009436,9.037631700009436,9.086796333058992,8.98963338771143,82.57142857142857,95.51804872740168,6.433331570970119,61.13019912774385
Kashmir,Pulwama,"I.G.C Lassipora Pulwama (PM-10, PM-2.5) 1082",2024-12-01,153.0,146.0,10.0,19.0,13.0,12,2024,-2.4492935982947064e-16,1.0,90.0,90.0,78.85714285714285,123.26843189649075,145.0,150.0,150.0,131.42857142857142,131.42857142857142,145.0,10.0,47.31603272726579,68.03728232798288,38.57142857142857,36.0,10.0,24.694097938406763,19.87471520196074,18.571428571428573,27.839935897389346,4.0,9.88651954985196,9.037631700009436,5.335029748414678,8.98963338771143,86.28571428571428,89.97331007798654,6.433331570970115,41.78443835174956
Kashmir,Pulwama,"I.G.C Lassipora Pulwama (PM-10, PM-2.5) 1082",2025-01-01,153.0,153.0,10.0,22.0,16.0,1,2025,0.49999999999999994,0.8660254037844387,153.0,90.0,90.0,78.85714285714285,145.0,146.0,150.0,150.0,131.42857142857142,145.0,10.0,10.0,47.31603272726579,68.03728232798288,42.0,19.0,10.0,24.694097938406763,18.91147572431349,22.0,13.0,4.0,9.88651954985196,8.196927815256757,9.04780847796542,111.0,94.92857142857143,36.373066958946424,22.438677575755264
Kashmir,Pulwama,"I.G.C Lassipora Pulwama (PM-10, PM-2.5) 1082",2025-02-01,148.0,148.0,46.0,24.0,19.0,2,2025,0.8660254037844386,0.5000000000000001,153.0,153.0,90.0,78.85714285714285,142.0,153.0,146.0,150.0,131.42857142857142,142.0,10.0,10.0,10.0,68.03728232798288,48.0,22.0,19.0,10.0,19.87471520196074,25.0,16.0,13.0,4.0,9.037631700009436,13.0,132.0,107.28571428571428,36.373066958946424,10.0
Kashmir,Pulwama,"I.G.C Lassipora Pulwama (PM-10, PM-2.5) 1082",2025-03-01,141.0,141.0,34.0,9.0,8.0,3,2025,1.0,6.123233995736766e-17,148.0,153.0,153.0,78.85714285714285,126.0,148.0,153.0,146.0,131.42857142857142,126.0,46.0,10.0,10.0,68.03728232798288,63.0,24.0,22.0,19.0,19.87471520196074,19.0,19.0,16.0,13.0,9.037631700009436,9.0,151.33333333333334,118.80952380952381,2.886751345948133,22.0
Kashmir,Pulwama,"I.G.C Lassipora Pulwama (PM-10, PM-2.5) 1082",2025-04-01,111.0,111.0,46.0,15.0,10.0,4,2025,0.8660254037844387,-0.4999999999999998,141.0,148.0,153.0,90.0,124.0,141.0,148.0,153.0,150.0,124.0,34.0,46.0,10.0,47.31603272726579,50.0,9.0,24.0,22.0,24.694097938406763,22.0,8.0,19.0,16.0,9.88651954985196,11.0,147.33333333333334,129.16666666666666,6.0277137733417145,30.0
Kashmir,Pulwama,"I.G.C Lassipora Pulwama (PM-10, PM-2.5) 1082",2025-05-01,163.0,163.0,74.0,24.0,11.0,5,2025,0.49999999999999994,-0.8660254037844387,111.0,141.0,148.0,90.0,123.26843189649075,111.0,141.0,148.0,150.0,127.71428571428572,46.0,34.0,46.0,10.0,44.285714285714285,15.0,9.0,24.0,10.0,20.285714285714285,10.0,8.0,19.0,4.0,9.086796333058992,133.33333333333334,132.66666666666666,19.655363983740763,42.0
Kashmir,Pulwama,"I.G.C Lassipora Pulwama (PM-10, PM-2.5) 1082",2025-06-01,144.0,144.0,66.0,10.0,6.0,6,2025,1.2246467991473532e-16,-1.0,163.0,111.0,141.0,153.0,123.26843189649075,163.0,111.0,141.0,146.0,131.42857142857142,74.0,46.0,34.0,10.0,38.57142857142857,24.0,15.0,9.0,19.0,18.571428571428573,11.0,10.0,8.0,13.0,5.335029748414678,138.33333333333334,144.83333333333334,26.102362600602525,51.333333333333336
Kashmir,Pulwama,"I.G.C Lassipora Pulwama (PM-10, PM-2.5) 1082",2025-07-01,142.0,142.0,69.0,22.0,12.0,7,2025,-0.4999999999999997,-0.8660254037844388,144.0,163.0,111.0,153.0,78.85714285714285,144.0,163.0,111.0,153.0,131.42857142857142,66.0,74.0,46.0,10.0,68.03728232798288,10.0,24.0,15.0,22.0,18.91147572431349,6.0,11.0,10.0,16.0,8.196927815256757,139.33333333333334,143.33333333333334,26.31222782915452,62.0
Kashmir,Pulwama,"I.G.C Lassipora Pulwama (PM-10, PM-2.5) 1082",2025-08-01,146.0,146.0,69.0,18.0,10.0,8,2025,-0.8660254037844384,-0.5000000000000004,142.0,144.0,163.0,148.0,78.85714285714285,142.0,144.0,163.0,148.0,131.42857142857142,69.0,66.0,74.0,46.0,68.03728232798288,22.0,10.0,24.0,24.0,19.87471520196074,12.0,6.0,11.0,19.0,9.037631700009436,149.66666666666666,141.5,11.59022576714247,69.66666666666667
Kashmir,Pulwama,"I.G.C Lassipora Pulwama (PM-10, PM-2.5) 1082",2025-09-01,140.0,140.0,56.0,26.0,13.0,9,2025,-1.0,-1.8369701987210297e-16,146.0,142.0,144.0,141.0,78.85714285714285,146.0,142.0,144.0,141.0,131.42857142857142,69.0,69.0,66.0,34.0,68.03728232798288,18.0,22.0,10.0,9.0,19.87471520196074,10.0,12.0,6.0,8.0,9.037631700009436,144.0,141.16666666666666,1.9999999999999645,68.0
Kashmir,Pulwama,"I.G.C Lassipora Pulwama (PM-10, PM-2.5) 1082",2025-10-01,137.0,137.0,58.0,22.0,9.448997561796292,10,2025,-0.8660254037844386,0.5000000000000001,140.0,146.0,142.0,111.0,90.0,140.0,146.0,142.0,111.0,150.0,56.0,69.0,69.0,46.0,47.31603272726579,26.0,18.0,22.0,15.0,24.694097938406763,13.0,10.0,12.0,10.0,9.88651954985196,142.66666666666666,141.0,3.055050463303867,64.66666666666667
Kashmir,Pulwama,"I.G.C Lassipora Pulwama (PM-10, PM-2.5) 1082",2025-11-01,108.0,98.0,49.0,16.0,6.859587299145032,11,2025,-0.5000000000000004,0.8660254037844384,137.0,140.0,146.0,163.0,90.0,137.0,140.0,146.0,163.0,150.0,58.0,56.0,69.0,74.0,10.0,22.0,26.0,18.0,24.0,10.0,9.448997561796292,13.0,10.0,11.0,4.0,141.0,145.33333333333334,4.582575694955823,61.0
Kashmir,Pulwama,"I.G.C Lassipora Pulwama (PM-10, PM-2.5) 1082",2025-12-01,137.21508985389005,136.0,62.0,27.0,6.640205734264514,12,2025,-2.4492935982947064e-16,1.0,108.0,137.0,140.0,144.0,153.0,98.0,137.0,140.0,144.0,146.0,49.0,58.0,56.0,66.0,10.0,16.0,22.0,26.0,10.0,19.0,6.859587299145032,9.448997561796292,13.0,6.0,13.0,128.33333333333334,136.16666666666666,17.67295485574875,54.333333333333336
Kashmir,Pulwama,"I.G.C Lassipora Pulwama (PM-10, PM-2.5) 1082",2026-01-01,144.0,144.0,60.0,32.0,10.399391454282176,1,2026,0.49999999999999994,0.8660254037844387,137.21508985389005,108.0,137.0,142.0,153.0,136.0,98.0,137.0,142.0,153.0,62.0,49.0,58.0,69.0,10.0,27.0,16.0,22.0,22.0,22.0,6.640205734264514,6.859587299145032,9.448997561796292,12.0,16.0,127.40502995129668,135.03584830898168,16.805593011534956,56.333333333333336
Kashmir,Pulwama,"I.G.C Lassipora Pulwama (PM-10, PM-2.5) 1082",2026-02-01,143.91908351215915,141.66666666666666,59.75384615384616,32.333333333333336,11.795503130790328,2,2026,0.8660254037844386,0.5000000000000001,144.0,137.21508985389005,108.0,146.0,148.0,144.0,136.0,98.0,146.0,148.0,60.0,62.0,49.0,69.0,46.0,32.0,27.0,16.0,18.0,24.0,10.399391454282176,6.640205734264514,6.859587299145032,10.0,19.0,129.73836328463003,135.369181642315,19.129194445757747,57.0
Kashmir,Pulwama,"I.G.C Lassipora Pulwama (PM-10, PM-2.5) 1082",2026-03-01,143.91908351215915,139.33333333333334,59.50769230769231,32.666666666666664,10.359774628368127,3,2026,1.0,6.123233995736766e-17,143.91908351215915,144.0,137.21508985389005,140.0,141.0,141.66666666666666,144.0,136.0,140.0,141.0,59.75384615384616,60.0,62.0,56.0,34.0,32.333333333333336,32.0,27.0,26.0,9.0,11.795503130790328,10.399391454282176,6.640205734264514,13.0,8.0,141.7113911220164,135.02236222767488,3.89412129880629,60.58461538461538
Kashmir,Srinagar,"J&K PCC Rajbagh Srinagar (PM-10, PM-2.5) 910",2023-01-01,88.0,59.0,29.0,11.0,6.0,1,2023,0.49999999999999994,0.8660254037844387,103.0,105.0,93.0,87.0,81.0,56.5,54.0,51.5,67.0,48.0,27.0,34.0,35.0,20.0,32.0,17.0,12.0,14.0,16.0,13.0,9.0,7.0,7.0,8.0,5.0,100.33333333333333,90.66666666666667,6.429100507328657,32.0
Kashmir,Srinagar,"J&K PCC Rajbagh Srinagar (PM-10, PM-2.5) 910",2023-02-01,91.0,59.0,31.0,13.0,6.0,2,2023,0.8660254037844386,0.5000000000000001,88.0,103.0,105.0,77.0,96.0,59.0,56.5,54.0,46.0,71.0,29.0,27.0,34.0,29.0,25.0,11.0,17.0,12.0,12.0,12.0,6.0,9.0,7.0,6.0,6.0,98.66666666666667,90.83333333333333,9.291573243177586,30.0
Kashmir,Srinagar,"J&K PCC Rajbagh Srinagar (PM-10, PM-2.5) 910",2023-03-01,109.0,81.0,27.0,17.0,8.0,3,2023,1.0,6.123233995736766e-17,91.0,88.0,103.0,79.0,96.0,59.0,59.0,56.5,49.0,80.0,31.0,29.0,27.0,29.0,16.0,13.0,11.0,17.0,12.0,22.0,6.0,6.0,9.0,7.0,8.0,94.0,93.16666666666667,7.9372539331937935,29.0
Kashmir,Srinagar,"J&K PCC Rajbagh Srinagar (PM-10, PM-2.5) 910",2023-04-01,88.0,38.0,50.0,9.0,4.0,4,2023,0.8660254037844387,-0.4999999999999998,109.0,91.0,88.0,93.0,71.0,81.0,59.0,59.0,51.5,42.0,27.0,31.0,29.0,35.0,28.0,17.0,13.0,11.0,14.0,14.0,8.0,6.0,6.0,7.0,7.0,96.0,98.16666666666667,11.357816691600561,29.0
Kashmir,Srinagar,"J&K PCC Rajbagh Srinagar (PM-10, PM-2.5) 910",2023-05-01,101.0,101.0,85.0,22.0,9.0,5,2023,0.49999999999999994,-0.8660254037844387,88.0,109.0,91.0,105.0,78.0,38.0,81.0,59.0,54.0,46.0,50.0,27.0,31.0,34.0,32.0,9.0,17.0,13.0,12.0,15.0,4.0,8.0,6.0,7.0,5.0,96.0,97.33333333333333,11.357816691600561,36.0
Kashmir,Srinagar,"J&K PCC Rajbagh Srinagar (PM-10, PM-2.5) 910",2023-06-01,92.0,48.0,43.0,13.0,6.0,6,2023,1.2246467991473532e-16,-1.0,101.0,88.0,109.0,103.0,77.0,101.0,38.0,81.0,56.5,53.0,85.0,50.0,27.0,27.0,23.0,22.0,9.0,17.0,17.0,15.0,9.0,4.0,8.0,9.0,5.0,99.33333333333333,96.66666666666667,10.598742063723114,54.0
Kashmir,Srinagar,"J&K PCC Rajbagh Srinagar (PM-10, PM-2.5) 910",2023-07-01,93.0,50.0,43.0,11.0,5.0,7,2023,-0.4999999999999997,-0.8660254037844388,92.0,101.0,88.0,88.0,87.0,48.0,101.0,38.0,59.0,67.0,43.0,85.0,50.0,29.0,20.0,13.0,22.0,9.0,11.0,16.0,6.0,9.0,4.0,6.0,8.0,93.66666666666667,94.83333333333333,6.658328118479417,59.333333333333336
Kashmir,Srinagar,"J&K PCC Rajbagh Srinagar (PM-10, PM-2.5) 910",2023-08-01,74.0,38.0,35.0,11.0,4.0,8,2023,-0.8660254037844384,-0.5000000000000004,93.0,92.0,101.0,91.0,77.0,50.0,48.0,101.0,59.0,46.0,43.0,43.0,85.0,31.0,29.0,11.0,13.0,22.0,13.0,12.0,5.0,6.0,9.0,6.0,6.0,95.33333333333333,95.66666666666667,4.932882862316277,57.0
Kashmir,Srinagar,"J&K PCC Rajbagh Srinagar (PM-10, PM-2.5) 910",2023-09-01,94.0,55.0,38.0,12.0,6.0,9,2023,-1.0,-1.8369701987210297e-16,74.0,93.0,92.0,109.0,79.0,38.0,50.0,48.0,81.0,49.0,35.0,43.0,43.0,27.0,29.0,11.0,11.0,13.0,17.0,12.0,4.0,5.0,6.0,8.0,7.0,86.33333333333333,92.83333333333333,10.692676621563637,40.333333333333336
Kashmir,Srinagar,"J&K PCC Rajbagh Srinagar (PM-10, PM-2.5) 910",2023-10-01,89.0,56.0,32.0,11.0,4.0,10,2023,-0.8660254037844386,0.5000000000000001,94.0,74.0,93.0,88.0,93.0,55.0,38.0,50.0,38.0,51.5,38.0,35.0,43.0,50.0,35.0,12.0,11.0,11.0,9.0,14.0,6.0,4.0,5.0,4.0,7.0,87.0,90.33333333333333,11.269427669584653,38.666666666666664
Kashmir,Srinagar,"J&K PCC Rajbagh Srinagar (PM-10, PM-2.5) 910",2023-11-01,110.59108050753116,84.33333333333333,49.0,9.0,3.0,11,2023,-0.5000000000000004,0.8660254037844384,89.0,94.0,74.0,101.0,105.0,56.0,55.0,38.0,101.0,54.0,32.0,38.0,35.0,85.0,34.0,11.0,12.0,11.0,22.0,12.0,4.0,6.0,4.0,9.0,7.0,85.66666666666667,90.5,10.408329997330672,35.0
Kashmir,Srinagar,"J&K PCC Rajbagh Srinagar (PM-10, PM-2.5) 910",2023-12-01,110.59108050753116,112.66666666666666,36.0,7.0,2.569501827307938,12,2023,-2.4492935982947064e-16,1.0,110.59108050753116,89.0,94.0,92.0,103.0,84.33333333333333,56.0,55.0,48.0,56.5,49.0,32.0,38.0,43.0,27.0,9.0,11.0,12.0,13.0,17.0,3.0,4.0,6.0,6.0,9.0,97.86369350251039,92.09851341792186,11.302202660617924,39.666666666666664
Kashmir,Srinagar,"J&K PCC Rajbagh Srinagar (PM-10, PM-2.5) 910",2024-01-01,141.0,141.0,37.0,16.0,4.875526525760353,1,2024,0.49999999999999994,0.8660254037844387,110.59108050753116,110.59108050753116,89.0,93.0,88.0,112.66666666666666,84.33333333333333,56.0,50.0,59.0,36.0,49.0,32.0,43.0,29.0,7.0,9.0,11.0,11.0,11.0,2.569501827307938,3.0,4.0,5.0,6.0,103.39405367168744,95.19702683584372,12.465616143118002,39.0
Kashmir,Srinagar,"J&K PCC Rajbagh Srinagar (PM-10, PM-2.5) 910",2024-02-01,101.0,101.0,38.0,19.0,9.0,2,2024,0.8660254037844386,0.5000000000000001,141.0,110.59108050753116,110.59108050753116,74.0,91.0,141.0,112.66666666666666,84.33333333333333,38.0,59.0,37.0,36.0,49.0,35.0,31.0,16.0,7.0,9.0,11.0,13.0,4.875526525760353,2.569501827307938,3.0,4.0,6.0,120.72738700502077,103.19702683584372,17.55659785474254,40.666666666666664
Kashmir,Srinagar,"J&K PCC Rajbagh Srinagar (PM-10, PM-2.5) 910",2024-03-01,84.0,60.0,39.0,13.0,6.0,3,2024,1.0,6.123233995736766e-17,101.0,141.0,110.59108050753116,94.0,109.0,101.0,141.0,112.66666666666666,55.0,81.0,38.0,37.0,36.0,38.0,27.0,19.0,16.0,7.0,12.0,17.0,9.0,4.875526525760353,2.569501827307938,6.0,8.0,117.53036016917706,107.69702683584372,20.883371415240866,37.0
Kashmir,Srinagar,"J&K PCC Rajbagh Srinagar (PM-10, PM-2.5) 910",2024-04-01,80.0,80.0,40.333333333333336,20.0,8.0,4,2024,0.8660254037844387,-0.4999999999999998,84.0,101.0,141.0,89.0,88.0,60.0,101.0,141.0,56.0,38.0,39.0,38.0,37.0,32.0,50.0,13.0,19.0,16.0,11.0,9.0,6.0,9.0,4.875526525760353,4.0,4.0,108.66666666666667,106.03036016917706,29.263173671584795,38.0
Kashmir,Srinagar,"J&K PCC Rajbagh Srinagar (PM-10, PM-2.5) 910",2024-05-01,93.0,93.0,41.66666666666666,21.0,11.0,5,2024,0.49999999999999994,-0.8660254037844387,80.0,84.0,101.0,110.59108050753116,101.0,80.0,60.0,101.0,84.33333333333333,101.0,40.333333333333336,39.0,38.0,49.0,85.0,20.0,13.0,19.0,9.0,22.0,8.0,6.0,9.0,3.0,9.0,88.33333333333333,104.53036016917706,11.150485789118497,39.111111111111114
Kashmir,Srinagar,"J&K PCC Rajbagh Srinagar (PM-10, PM-2.5) 910",2024-06-01,81.0,70.0,43.0,11.0,7.0,6,2024,1.2246467991473532e-16,-1.0,93.0,80.0,84.0,110.59108050753116,92.0,93.0,80.0,60.0,112.66666666666666,48.0,41.66666666666666,40.333333333333336,39.0,36.0,43.0,21.0,20.0,13.0,7.0,13.0,11.0,8.0,6.0,2.569501827307938,6.0,85.66666666666667,101.59851341792186,6.658328118479402,40.333333333333336
Kashmir,Srinagar,"J&K PCC Rajbagh Srinagar (PM-10, PM-2.5) 910",2024-07-01,67.0,52.0,33.0,10.0,4.0,7,2024,-0.4999999999999997,-0.8660254037844388,81.0,93.0,80.0,141.0,93.0,70.0,93.0,80.0,141.0,50.0,43.0,41.66666666666666,40.333333333333336,37.0,43.0,11.0,21.0,20.0,16.0,11.0,7.0,11.0,8.0,4.875526525760353,5.0,84.66666666666667,96.66666666666667,7.234178138070245,41.666666666666664
Kashmir,Srinagar,"J&K PCC Rajbagh Srinagar (PM-10, PM-2.5) 910",2024-08-01,60.0,39.0,26.0,7.0,2.0,8,2024,-0.8660254037844384,-0.5000000000000004,67.0,81.0,93.0,101.0,74.0,52.0,70.0,93.0,101.0,38.0,33.0,43.0,41.66666666666666,38.0,35.0,10.0,11.0,21.0,19.0,11.0,4.0,7.0,11.0,9.0,4.0,80.33333333333333,84.33333333333333,13.012814197295427,39.22222222222222
Kashmir,Srinagar,"J&K PCC Rajbagh Srinagar (PM-10, PM-2.5) 910",2024-09-01,64.0,30.0,39.0,4.0,2.0,9,2024,-1.0,-1.8369701987210297e-16,60.0,67.0,81.0,84.0,94.0,39.0,52.0,70.0,60.0,55.0,26.0,33.0,43.0,39.0,38.0,7.0,10.0,11.0,13.0,12.0,2.0,4.0,7.0,6.0,6.0,69.33333333333333,77.5,10.692676621563626,34.0
Kashmir,Srinagar,"J&K PCC Rajbagh Srinagar (PM-10, PM-2.5) 910",2024-10-01,76.0,37.0,49.0,3.0,2.0,10,2024,-0.8660254037844386,0.5000000000000001,64.0,60.0,67.0,80.0,89.0,30.0,39.0,52.0,80.0,56.0,39.0,26.0,33.0,40.333333333333336,32.0,4.0,7.0,10.0,20.0,11.0,2.0,2.0,4.0,8.0,4.0,63.666666666666664,74.16666666666667,3.5118845842842346,32.666666666666664
Kashmir,Srinagar,"J&K PCC Rajbagh Srinagar (PM-10, PM-2.5) 910",2024-11-01,110.0,43.66666666666666,34.0,10.0,2.0,11,2024,-0.5000000000000004,0.8660254037844384,76.0,64.0,60.0,93.0,110.59108050753116,37.0,30.0,39.0,93.0,84.33333333333333,49.0,39.0,26.0,41.66666666666666,49.0,3.0,4.0,7.0,21.0,9.0,2.0,2.0,2.0,11.0,3.0,66.66666666666667,73.5,8.326663997864523,38.0
Kashmir,Srinagar,"J&K PCC Rajbagh Srinagar (PM-10, PM-2.5) 910",2024-12-01,139.0,50.333333333333336,64.0,10.0,6.0,12,2024,-2.4492935982947064e-16,1.0,110.0,76.0,64.0,81.0,110.59108050753116,43.66666666666666,37.0,30.0,70.0,112.66666666666666,34.0,49.0,39.0,43.0,36.0,10.0,3.0,4.0,11.0,7.0,2.0,2.0,2.0,7.0,2.569501827307938,83.33333333333333,76.33333333333333,23.86070689089771,40.666666666666664
Kashmir,Srinagar,"J&K PCC Rajbagh Srinagar (PM-10, PM-2.5) 910",2025-01-01,85.0,57.0,35.0,5.0,3.0,1,2025,0.49999999999999994,0.8660254037844387,139.0,110.0,76.0,67.0,141.0,50.333333333333336,43.66666666666666,37.0,52.0,141.0,64.0,34.0,49.0,33.0,37.0,10.0,10.0,3.0,10.0,16.0,6.0,2.0,2.0,4.0,4.875526525760353,108.33333333333333,86.0,31.53305144341939,49.0
Kashmir,Srinagar,"J&K PCC Rajbagh Srinagar (PM-10, PM-2.5) 910",2025-02-01,80.0,46.0,34.0,5.0,3.0,2,2025,0.8660254037844386,0.5000000000000001,85.0,139.0,110.0,60.0,101.0,57.0,50.333333333333336,43.66666666666666,39.0,101.0,35.0,64.0,34.0,26.0,38.0,5.0,10.0,10.0,7.0,19.0,3.0,6.0,2.0,2.0,9.0,111.33333333333333,89.0,27.02468007827907,44.333333333333336
Kashmir,Srinagar,"J&K PCC Rajbagh Srinagar (PM-10, PM-2.5) 910",2025-03-01,63.0,32.0,30.0,5.0,2.0,3,2025,1.0,6.123233995736766e-17,80.0,85.0,139.0,64.0,84.0,46.0,57.0,50.333333333333336,30.0,60.0,34.0,35.0,64.0,39.0,39.0,5.0,5.0,10.0,4.0,13.0,3.0,3.0,6.0,2.0,6.0,101.33333333333333,92.33333333333333,32.715949219506584,44.333333333333336
Kashmir,Srinagar,"J&K PCC Rajbagh Srinagar (PM-10, PM-2.5) 910",2025-04-01,58.0,44.0,35.0,7.0,4.0,4,2025,0.8660254037844387,-0.4999999999999998,63.0,80.0,85.0,76.0,80.0,32.0,46.0,57.0,37.0,80.0,30.0,34.0,35.0,49.0,40.333333333333336,5.0,5.0,5.0,3.0,20.0,2.0,3.0,3.0,2.0,8.0,76.0,92.16666666666667,11.532562594670797,33.0
Kashmir,Srinagar,"J&K PCC Rajbagh Srinagar (PM-10, PM-2.5) 910",2025-05-01,69.0,35.0,34.0,5.0,2.0,5,2025,0.49999999999999994,-0.8660254037844387,58.0,63.0,80.0,110.0,93.0,44.0,32.0,46.0,43.66666666666666,93.0,35.0,30.0,34.0,34.0,41.66666666666666,7.0,5.0,5.0,10.0,21.0,4.0,2.0,3.0,2.0,11.0,67.0,89.16666666666667,11.532562594670797,33.0
Kashmir,Srinagar,"J&K PCC Rajbagh Srinagar (PM-10, PM-2.5) 910",2025-06-01,53.0,34.0,36.0,6.0,2.0,6,2025,1.2246467991473532e-16,-1.0,69.0,58.0,63.0,139.0,81.0,35.0,44.0,32.0,50.333333333333336,70.0,34.0,35.0,30.0,64.0,43.0,5.0,7.0,5.0,10.0,11.0,2.0,4.0,2.0,6.0,7.0,63.333333333333336,82.33333333333333,5.507570547286101,33.0
Kashmir,Srinagar,"J&K PCC Rajbagh Srinagar (PM-10, PM-2.5) 910",2025-07-01,59.0,26.0,38.0,3.0,1.0,7,2025,-0.4999999999999997,-0.8660254037844388,53.0,69.0,58.0,85.0,67.0,34.0,35.0,44.0,57.0,52.0,36.0,34.0,35.0,35.0,33.0,6.0,5.0,7.0,5.0,10.0,2.0,2.0,4.0,3.0,4.0,60.0,68.0,8.185352771872449,35.0
Kashmir,Srinagar,"J&K PCC Rajbagh Srinagar (PM-10, PM-2.5) 910",2025-08-01,63.0,62.0,36.0,9.0,3.0,8,2025,-0.8660254037844384,-0.5000000000000004,59.0,53.0,69.0,80.0,60.0,26.0,34.0,35.0,46.0,39.0,38.0,36.0,34.0,34.0,26.0,3.0,6.0,5.0,5.0,7.0,1.0,2.0,2.0,3.0,2.0,60.333333333333336,63.666666666666664,8.08290376865476,36.0
Kashmir,Srinagar,"J&K PCC Rajbagh Srinagar (PM-10, PM-2.5) 910",2025-09-01,48.0,17.0,38.0,3.0,1.0,9,2025,-1.0,-1.8369701987210297e-16,63.0,59.0,53.0,63.0,64.0,62.0,26.0,34.0,32.0,30.0,36.0,38.0,36.0,30.0,39.0,9.0,3.0,6.0,5.0,4.0,3.0,1.0,2.0,2.0,2.0,58.333333333333336,60.833333333333336,5.033222956847165,36.666666666666664
Kashmir,Srinagar,"J&K PCC Rajbagh Srinagar (PM-10, PM-2.5) 910",2025-10-01,68.0,40.0,32.0,5.0,2.335415455502392,10,2025,-0.8660254037844386,0.5000000000000001,48.0,63.0,59.0,58.0,76.0,17.0,62.0,26.0,44.0,37.0,38.0,36.0,38.0,35.0,49.0,3.0,9.0,3.0,7.0,3.0,1.0,3.0,1.0,4.0,2.0,56.666666666666664,58.333333333333336,7.767453465154027,37.333333333333336
Kashmir,Srinagar,"J&K PCC Rajbagh Srinagar (PM-10, PM-2.5) 910",2025-11-01,166.0,102.0,72.0,7.0,3.389630109468294,11,2025,-0.5000000000000004,0.8660254037844384,68.0,48.0,63.0,69.0,110.0,40.0,17.0,62.0,35.0,43.66666666666666,32.0,38.0,36.0,34.0,34.0,5.0,3.0,9.0,5.0,10.0,2.335415455502392,1.0,3.0,2.0,2.0,59.666666666666664,60.0,10.408329997330663,35.333333333333336
Kashmir,Srinagar,"J&K PCC Rajbagh Srinagar (PM-10, PM-2.5) 910",2025-12-01,120.0,118.0,86.0,7.0,3.992746791429386,12,2025,-2.4492935982947064e-16,1.0,166.0,68.0,48.0,53.0,139.0,102.0,40.0,17.0,34.0,50.333333333333336,72.0,32.0,38.0,36.0,64.0,7.0,5.0,3.0,6.0,10.0,3.389630109468294,2.335415455502392,1.0,2.0,6.0,94.0,76.16666666666667,63.150613615387776,47.333333333333336
Kashmir,Srinagar,"J&K PCC Rajbagh Srinagar (PM-10, PM-2.5) 910",2026-01-01,134.0,134.0,68.0,15.0,7.812458205259428,1,2026,0.49999999999999994,0.8660254037844387,120.0,166.0,68.0,59.0,85.0,118.0,102.0,40.0,26.0,57.0,86.0,72.0,32.0,38.0,35.0,7.0,7.0,5.0,3.0,5.0,3.992746791429386,3.389630109468294,2.335415455502392,1.0,3.0,118.0,87.33333333333333,49.03060268852505,63.333333333333336
Kashmir,Srinagar,"J&K PCC Rajbagh Srinagar (PM-10, PM-2.5) 910",2026-02-01,127.0,127.0,67.0,14.0,6.522793163046225,2,2026,0.8660254037844386,0.5000000000000001,134.0,120.0,166.0,63.0,80.0,134.0,118.0,102.0,62.0,46.0,68.0,86.0,72.0,36.0,34.0,15.0,7.0,7.0,9.0,5.0,7.812458205259428,3.992746791429386,3.389630109468294,3.0,3.0,140.0,99.83333333333333,23.57965224510319,75.33333333333333
Kashmir,Srinagar,"J&K PCC Rajbagh Srinagar (PM-10, PM-2.5) 910",2026-03-01,123.549765869453,127.32075471698111,76.5,14.452830188679243,6.484531967854797,3,2026,1.0,6.123233995736766e-17,127.0,134.0,120.0,48.0,63.0,127.0,134.0,118.0,17.0,32.0,67.0,68.0,86.0,38.0,30.0,14.0,15.0,7.0,3.0,5.0,6.522793163046225,7.812458205259428,3.992746791429386,1.0,2.0,127.0,110.5,7.0,73.66666666666667
Jammu,Jammu,Jammu Bantalab Ayurvedic Hospital,2023-01-01,94.39309303217156,97.17726946547948,45.4194897078592,16.90828403592742,5.830875792682721,1,2023,0.49999999999999994,0.8660254037844387,94.39309303217156,94.39309303217156,94.39309303217156,94.39309303217156,53.0189014994331,97.17726946547948,97.17726946547948,97.17726946547948,97.17726946547948,52.23809523809524,45.4194897078592,45.4194897078592,45.4194897078592,45.4194897078592,35.857142857142854,16.90828403592742,16.90828403592742,16.90828403592742,16.90828403592742,9.680712951340809,5.830875792682721,5.830875792682721,5.830875792682721,5.830875792682721,4.891972228131251,94.39309303217156,94.39309303217156,0.0,45.4194897078592
Jammu,Jammu,Jammu Bantalab Ayurvedic Hospital,2023-02-01,94.39309303217156,97.17726946547948,45.4194897078592,16.90828403592742,5.830875792682721,2,2023,0.8660254037844386,0.5000000000000001,94.39309303217156,94.39309303217156,94.39309303217156,94.39309303217156,31.34285714285714,97.17726946547948,97.17726946547948,97.17726946547948,97.17726946547948,52.23809523809524,45.4194897078592,45.4194897078592,45.4194897078592,45.4194897078592,33.17116661972343,16.90828403592742,16.90828403592742,16.90828403592742,16.90828403592742,9.730346731378775,5.830875792682721,5.830875792682721,5.830875792682721,5.830875792682721,4.734001704514372,94.39309303217156,94.39309303217156,0.0,45.4194897078592
Jammu,Jammu,Jammu Bantalab Ayurvedic Hospital,2023-03-01,94.39309303217156,97.17726946547948,45.4194897078592,16.90828403592742,5.830875792682721,3,2023,1.0,6.123233995736766e-17,94.39309303217156,94.39309303217156,94.39309303217156,94.39309303217156,31.34285714285714,97.17726946547948,97.17726946547948,97.17726946547948,97.17726946547948,52.23809523809524,45.4194897078592,45.4194897078592,45.4194897078592,45.4194897078592,33.17116661972343,16.90828403592742,16.90828403592742,16.90828403592742,16.90828403592742,9.730346731378775,5.830875792682721,5.830875792682721,5.830875792682721,5.830875792682721,4.734001704514372,94.39309303217156,94.39309303217156,0.0,45.4194897078592
Jammu,Jammu,Jammu Bantalab Ayurvedic Hospital,2023-04-01,38.4,64.0,25.6,25.6,4.870275208158976,4,2023,0.8660254037844387,-0.4999999999999998,94.39309303217156,94.39309303217156,94.39309303217156,94.39309303217156,31.34285714285714,97.17726946547948,97.17726946547948,97.17726946547948,97.17726946547948,52.23809523809524,45.4194897078592,45.4194897078592,45.4194897078592,45.4194897078592,33.17116661972343,16.90828403592742,16.90828403592742,16.90828403592742,16.90828403592742,9.730346731378775,5.830875792682721,5.830875792682721,5.830875792682721,5.830875792682721,4.734001704514372,94.39309303217156,94.39309303217156,0.0,45.4194897078592
Jammu,Jammu,Jammu Bantalab Ayurvedic Hospital,2023-05-01,38.4,64.0,25.6,25.6,5.419801653135702,5,2023,0.49999999999999994,-0.8660254037844387,38.4,94.39309303217156,94.39309303217156,94.39309303217156,31.34285714285714,64.0,97.17726946547948,97.17726946547948,97.17726946547948,52.23809523809524,25.6,45.4194897078592,45.4194897078592,45.4194897078592,33.17116661972343,25.6,16.90828403592742,16.90828403592742,16.90828403592742,9.730346731378775,4.870275208158976,5.830875792682721,5.830875792682721,5.830875792682721,4.734001704514372,75.72872868811437,85.06091086014297,32.32762733488401,38.8129931385728
Jammu,Jammu,Jammu Bantalab Ayurvedic Hospital,2023-06-01,38.4,64.0,35.86830207979346,11.460111151733004,5.539131844085375,6,2023,1.2246467991473532e-16,-1.0,38.4,38.4,94.39309303217156,94.39309303217156,31.34285714285714,64.0,64.0,97.17726946547948,97.17726946547948,52.23809523809524,25.6,25.6,45.4194897078592,45.4194897078592,33.17116661972343,25.6,25.6,16.90828403592742,16.90828403592742,9.730346731378775,5.419801653135702,4.870275208158976,5.830875792682721,5.830875792682721,4.734001704514372,57.064364344057175,75.72872868811437,32.327627334884006,32.2064965692864
Jammu,Jammu,Jammu Bantalab Ayurvedic Hospital,2023-07-01,64.0,64.0,35.86830207979346,11.460111151733004,5.539131844085375,7,2023,-0.4999999999999997,-0.8660254037844388,38.4,38.4,38.4,94.39309303217156,94.39309303217156,64.0,64.0,64.0,97.17726946547948,97.17726946547948,35.86830207979346,25.6,25.6,45.4194897078592,45.4194897078592,11.460111151733004,25.6,25.6,16.90828403592742,16.90828403592742,5.539131844085375,5.419801653135702,4.870275208158976,5.830875792682721,5.830875792682721,38.4,66.39654651608578,0.0,29.02276735993115
Jammu,Jammu,Jammu Bantalab Ayurvedic Hospital,2023-08-01,64.0,64.0,25.0,11.460111151733004,3.780907316340228,8,2023,-0.8660254037844384,-0.5000000000000004,64.0,38.4,38.4,94.39309303217156,94.39309303217156,64.0,64.0,64.0,97.17726946547948,97.17726946547948,35.86830207979346,35.86830207979346,25.6,45.4194897078592,45.4194897078592,11.460111151733004,11.460111151733004,25.6,16.90828403592742,16.90828403592742,5.539131844085375,5.539131844085375,5.419801653135702,5.830875792682721,5.830875792682721,46.93333333333333,61.33103101072385,14.78016689125442,32.44553471986231
Jammu,Jammu,Jammu Bantalab Ayurvedic Hospital,2023-09-01,59.0,59.0,27.0,11.447688783803194,4.420420672057543,9,2023,-1.0,-1.8369701987210297e-16,64.0,64.0,38.4,94.39309303217156,94.39309303217156,64.0,64.0,64.0,97.17726946547948,97.17726946547948,25.0,35.86830207979346,35.86830207979346,45.4194897078592,45.4194897078592,11.460111151733004,11.460111151733004,11.460111151733004,16.90828403592742,16.90828403592742,3.780907316340228,5.539131844085375,5.539131844085375,5.830875792682721,5.830875792682721,55.46666666666666,56.265515505361925,14.780166891254423,32.24553471986231
Jammu,Jammu,Jammu Bantalab Ayurvedic Hospital,2023-10-01,52.0,52.0,26.0,8.560218632043112,2.8275697523425203,10,2023,-0.8660254037844386,0.5000000000000001,59.0,64.0,64.0,38.4,94.39309303217156,59.0,64.0,64.0,64.0,97.17726946547948,27.0,25.0,35.86830207979346,25.6,45.4194897078592,11.447688783803194,11.460111151733004,11.460111151733004,25.6,16.90828403592742,4.420420672057543,3.780907316340228,5.539131844085375,4.870275208158976,5.830875792682721,62.333333333333336,50.36666666666667,2.88675134594813,29.28943402659782
Jammu,Jammu,Jammu Bantalab Ayurvedic Hospital,2023-11-01,40.0,40.0,25.0,13.0,2.0,11,2023,-0.5000000000000004,0.8660254037844384,52.0,59.0,64.0,38.4,94.39309303217156,52.0,59.0,64.0,64.0,97.17726946547948,26.0,27.0,25.0,25.6,45.4194897078592,8.560218632043112,11.447688783803194,11.460111151733004,25.6,16.90828403592742,2.8275697523425203,4.420420672057543,3.780907316340228,5.419801653135702,5.830875792682721,58.333333333333336,52.63333333333333,6.027713773341709,26.0
Jammu,Jammu,Jammu Bantalab Ayurvedic Hospital,2023-12-01,68.0,68.0,27.0,9.5,1.0,12,2023,-2.4492935982947064e-16,1.0,40.0,52.0,59.0,38.4,94.39309303217156,40.0,52.0,59.0,64.0,97.17726946547948,25.0,26.0,27.0,35.86830207979346,45.4194897078592,13.0,8.560218632043112,11.447688783803194,11.460111151733004,16.90828403592742,2.0,2.8275697523425203,4.420420672057543,5.539131844085375,5.830875792682721,50.333333333333336,52.9,9.609023536933051,26.0
Jammu,Jammu,Jammu Bantalab Ayurvedic Hospital,2024-01-01,65.0,65.0,29.0,6.0,2.0,1,2024,0.49999999999999994,0.8660254037844387,68.0,40.0,52.0,64.0,94.39309303217156,68.0,40.0,52.0,64.0,97.17726946547948,27.0,25.0,26.0,35.86830207979346,45.4194897078592,9.5,13.0,8.560218632043112,11.460111151733004,16.90828403592742,1.0,2.0,2.8275697523425203,5.539131844085375,5.830875792682721,53.333333333333336,57.833333333333336,14.047538337136986,26.0
Jammu,Jammu,Jammu Bantalab Ayurvedic Hospital,2024-02-01,66.0,66.0,28.0,5.0,2.0,2,2024,0.8660254037844386,0.5000000000000001,65.0,68.0,40.0,64.0,94.39309303217156,65.0,68.0,40.0,64.0,97.17726946547948,29.0,27.0,25.0,25.0,45.4194897078592,6.0,9.5,13.0,11.460111151733004,16.90828403592742,2.0,1.0,2.0,3.780907316340228,5.830875792682721,57.666666666666664,58.0,15.373136743466942,27.0
Jammu,Jammu,Jammu Bantalab Ayurvedic Hospital,2024-03-01,81.0,81.0,30.0,9.0,4.0,3,2024,1.0,6.123233995736766e-17,66.0,65.0,68.0,59.0,94.39309303217156,66.0,65.0,68.0,59.0,97.17726946547948,28.0,29.0,27.0,27.0,45.4194897078592,5.0,6.0,9.5,11.447688783803194,16.90828403592742,2.0,2.0,1.0,4.420420672057543,5.830875792682721,66.33333333333333,58.333333333333336,1.527525231651965,28.0
Jammu,Jammu,Jammu Bantalab Ayurvedic Hospital,2024-04-01,73.0,73.0,28.0,4.0,1.0,4,2024,0.8660254037844387,-0.4999999999999998,81.0,66.0,65.0,52.0,38.4,81.0,66.0,65.0,52.0,64.0,30.0,28.0,29.0,26.0,25.6,9.0,5.0,6.0,8.560218632043112,25.6,4.0,2.0,2.0,2.8275697523425203,4.870275208158976,70.66666666666667,62.0,8.962886439832502,29.0
Jammu,Jammu,Jammu Bantalab Ayurvedic Hospital,2024-05-01,88.0,88.0,33.0,7.0,2.0,5,2024,0.49999999999999994,-0.8660254037844387,73.0,81.0,66.0,40.0,38.4,73.0,81.0,66.0,40.0,64.0,28.0,30.0,28.0,25.0,25.6,4.0,9.0,5.0,13.0,25.6,1.0,4.0,2.0,2.0,5.419801653135702,73.33333333333333,65.5,7.505553499465134,28.666666666666668
Jammu,Jammu,Jammu Bantalab Ayurvedic Hospital,2024-06-01,88.0,88.0,36.0,8.0,2.0,6,2024,1.2246467991473532e-16,-1.0,88.0,73.0,81.0,68.0,38.4,88.0,73.0,81.0,68.0,64.0,33.0,28.0,30.0,27.0,35.86830207979346,7.0,4.0,9.0,9.5,11.460111151733004,2.0,1.0,4.0,1.0,5.539131844085375,80.66666666666667,73.5,7.505553499465134,30.333333333333332
Jammu,Jammu,Jammu Bantalab Ayurvedic Hospital,2024-07-01,69.0,69.0,25.0,5.0,2.0,7,2024,-0.4999999999999997,-0.8660254037844388,88.0,88.0,73.0,65.0,64.0,88.0,88.0,73.0,65.0,64.0,36.0,33.0,28.0,29.0,35.86830207979346,8.0,7.0,4.0,6.0,11.460111151733004,2.0,2.0,1.0,2.0,5.539131844085375,83.0,76.83333333333333,8.660254037844386,32.333333333333336
Jammu,Jammu,Jammu Bantalab Ayurvedic Hospital,2024-08-01,54.0,54.0,15.0,5.0,2.0,8,2024,-0.8660254037844384,-0.5000000000000004,69.0,88.0,88.0,66.0,64.0,69.0,88.0,88.0,66.0,64.0,25.0,36.0,33.0,28.0,25.0,5.0,8.0,7.0,5.0,11.460111151733004,2.0,2.0,2.0,2.0,3.780907316340228,81.66666666666667,77.5,10.969655114602892,31.333333333333332
Jammu,Jammu,Jammu Bantalab Ayurvedic Hospital,2024-09-01,71.0,71.0,25.0,5.5,1.9327741224791533,9,2024,-1.0,-1.8369701987210297e-16,54.0,69.0,88.0,81.0,59.0,54.0,69.0,88.0,81.0,59.0,15.0,25.0,36.0,30.0,27.0,5.0,5.0,8.0,9.0,11.447688783803194,2.0,2.0,2.0,4.0,4.420420672057543,70.33333333333333,75.5,17.039170558842745,25.333333333333332
Jammu,Jammu,Jammu Bantalab Ayurvedic Hospital,2024-10-01,86.0,86.0,12.0,6.0,1.0,10,2024,-0.8660254037844386,0.5000000000000001,71.0,54.0,69.0,73.0,52.0,71.0,54.0,69.0,73.0,52.0,25.0,15.0,25.0,28.0,26.0,5.5,5.0,5.0,4.0,8.560218632043112,1.9327741224791533,2.0,2.0,1.0,2.8275697523425203,64.66666666666667,73.83333333333333,9.291573243177568,21.666666666666668
Jammu,Jammu,Jammu Bantalab Ayurvedic Hospital,2024-11-01,96.0,96.0,12.0,14.0,2.0,11,2024,-0.5000000000000004,0.8660254037844384,86.0,71.0,54.0,88.0,40.0,86.0,71.0,54.0,88.0,40.0,12.0,25.0,15.0,33.0,25.0,6.0,5.5,5.0,7.0,13.0,1.0,1.9327741224791533,2.0,2.0,2.0,70.33333333333333,76.0,16.01041327803044,17.333333333333332
Jammu,Jammu,Jammu Bantalab Ayurvedic Hospital,2024-12-01,113.0,113.0,40.0,25.0,4.0,12,2024,-2.4492935982947064e-16,1.0,96.0,86.0,71.0,88.0,68.0,96.0,86.0,71.0,88.0,68.0,12.0,12.0,25.0,36.0,27.0,14.0,6.0,5.5,8.0,9.5,2.0,1.0,1.9327741224791533,2.0,1.0,84.33333333333333,77.33333333333333,12.583057392117924,16.333333333333332
Jammu,Jammu,Jammu Bantalab Ayurvedic Hospital,2025-01-01,115.0,115.0,66.0,19.0,3.0,1,2025,0.49999999999999994,0.8660254037844387,113.0,96.0,86.0,69.0,65.0,113.0,96.0,86.0,69.0,65.0,40.0,12.0,12.0,25.0,29.0,25.0,14.0,6.0,5.0,6.0,4.0,2.0,1.0,2.0,2.0,98.33333333333333,81.5,13.650396819628856,21.333333333333332
Jammu,Jammu,Jammu Bantalab Ayurvedic Hospital,2025-02-01,94.0,77.0,59.0,15.0,2.0,2,2025,0.8660254037844386,0.5000000000000001,115.0,113.0,96.0,54.0,66.0,115.0,113.0,96.0,54.0,66.0,66.0,40.0,12.0,15.0,28.0,19.0,25.0,14.0,5.0,5.0,3.0,4.0,2.0,2.0,2.0,108.0,89.16666666666667,10.440306508910565,39.333333333333336
Jammu,Jammu,Jammu Bantalab Ayurvedic Hospital,2025-03-01,84.0,84.0,45.0,20.0,2.0,3,2025,1.0,6.123233995736766e-17,94.0,115.0,113.0,71.0,81.0,77.0,115.0,113.0,71.0,81.0,59.0,66.0,40.0,25.0,30.0,15.0,19.0,25.0,5.5,9.0,2.0,3.0,4.0,1.9327741224791533,4.0,107.33333333333333,95.83333333333333,11.590225767142485,55.0
Jammu,Jammu,Jammu Bantalab Ayurvedic Hospital,2025-04-01,102.0,102.0,46.0,10.0,4.7805665078334,4,2025,0.8660254037844387,-0.4999999999999998,84.0,94.0,115.0,86.0,73.0,84.0,77.0,115.0,86.0,73.0,45.0,59.0,66.0,12.0,28.0,20.0,15.0,19.0,6.0,4.0,2.0,2.0,3.0,1.0,1.0,97.66666666666667,98.0,15.821925715074432,56.666666666666664
Jammu,Jammu,Jammu Bantalab Ayurvedic Hospital,2025-05-01,105.0,105.0,51.0,13.0,5.728507474868713,5,2025,0.49999999999999994,-0.8660254037844387,102.0,84.0,94.0,96.0,88.0,102.0,84.0,77.0,96.0,88.0,46.0,45.0,59.0,12.0,33.0,10.0,20.0,15.0,14.0,7.0,4.7805665078334,2.0,2.0,2.0,2.0,93.33333333333333,100.66666666666667,9.01849950564581,50.0
Jammu,Jammu,Jammu Bantalab Ayurvedic Hospital,2025-06-01,97.0,97.0,42.0,16.0,4.081249287430726,6,2025,1.2246467991473532e-16,-1.0,105.0,102.0,84.0,113.0,88.0,105.0,102.0,84.0,113.0,88.0,51.0,46.0,45.0,40.0,36.0,13.0,10.0,20.0,25.0,8.0,5.728507474868713,4.7805665078334,2.0,4.0,2.0,97.0,102.16666666666667,11.357816691600563,47.333333333333336
Jammu,Jammu,Jammu Bantalab Ayurvedic Hospital,2025-07-01,73.0,73.0,28.0,19.0,2.0,7,2025,-0.4999999999999997,-0.8660254037844388,97.0,105.0,102.0,115.0,69.0,97.0,105.0,102.0,115.0,69.0,42.0,51.0,46.0,66.0,25.0,16.0,13.0,10.0,19.0,5.0,4.081249287430726,5.728507474868713,4.7805665078334,3.0,2.0,101.33333333333333,99.5,4.041451884327424,46.333333333333336
Jammu,Jammu,Jammu Bantalab Ayurvedic Hospital,2025-08-01,53.0,53.0,28.0,17.0,2.0,8,2025,-0.8660254037844384,-0.5000000000000004,73.0,97.0,105.0,94.0,54.0,73.0,97.0,105.0,77.0,54.0,28.0,42.0,51.0,59.0,15.0,19.0,16.0,13.0,15.0,5.0,2.0,4.081249287430726,5.728507474868713,2.0,2.0,91.66666666666667,92.5,16.65332799572907,40.333333333333336
Jammu,Jammu,Jammu Bantalab Ayurvedic Hospital,2025-09-01,61.0,61.0,23.0,12.0,2.0,9,2025,-1.0,-1.8369701987210297e-16,53.0,73.0,97.0,84.0,71.0,53.0,73.0,97.0,84.0,71.0,28.0,28.0,42.0,45.0,25.0,17.0,19.0,16.0,20.0,5.5,2.0,2.0,4.081249287430726,2.0,1.9327741224791533,74.33333333333333,85.66666666666667,22.030282189144415,32.666666666666664
Jammu,Jammu,Jammu Bantalab Ayurvedic Hospital,2025-10-01,67.0,67.0,24.0,15.0,2.0,10,2025,-0.8660254037844386,0.5000000000000001,61.0,53.0,73.0,102.0,86.0,61.0,53.0,73.0,102.0,86.0,23.0,28.0,28.0,46.0,12.0,12.0,17.0,19.0,10.0,6.0,2.0,2.0,2.0,4.7805665078334,1.0,62.333333333333336,81.83333333333333,10.066445913694343,26.333333333333332
Jammu,Jammu,Jammu Bantalab Ayurvedic Hospital,2025-11-01,80.0,80.0,39.0,20.33333333333333,2.0,11,2025,-0.5000000000000004,0.8660254037844384,67.0,61.0,53.0,105.0,96.0,67.0,61.0,53.0,105.0,96.0,24.0,23.0,28.0,51.0,12.0,15.0,12.0,17.0,13.0,14.0,2.0,2.0,2.0,5.728507474868713,2.0,60.333333333333336,76.0,7.0237691685685055,25.0
Jammu,Jammu,Jammu Bantalab Ayurvedic Hospital,2025-12-01,105.0,105.0,58.0,25.666666666666664,3.0,12,2025,-2.4492935982947064e-16,1.0,80.0,67.0,61.0,97.0,113.0,80.0,67.0,61.0,97.0,113.0,39.0,24.0,23.0,42.0,40.0,20.33333333333333,15.0,12.0,16.0,25.0,2.0,2.0,2.0,4.081249287430726,4.0,69.33333333333333,71.83333333333333,9.712534856222327,28.666666666666668
Jammu,Jammu,Jammu Bantalab Ayurvedic Hospital,2026-01-01,120.0,120.0,54.0,31.0,3.0,1,2026,0.49999999999999994,0.8660254037844387,105.0,80.0,67.0,73.0,115.0,105.0,80.0,67.0,73.0,115.0,58.0,39.0,24.0,28.0,66.0,25.666666666666664,20.33333333333333,15.0,19.0,19.0,3.0,2.0,2.0,2.0,3.0,84.0,73.16666666666667,19.313207915827974,40.333333333333336
Jammu,Jammu,Jammu Bantalab Ayurvedic Hospital,2026-02-01,110.0,110.0,63.0,32.0,3.0,2,2026,0.8660254037844386,0.5000000000000001,120.0,105.0,80.0,53.0,94.0,120.0,105.0,80.0,53.0,77.0,54.0,58.0,39.0,28.0,59.0,31.0,25.666666666666664,20.33333333333333,17.0,15.0,3.0,3.0,2.0,2.0,2.0,101.66666666666667,81.0,20.20725942163691,50.333333333333336
Jammu,Jammu,Jammu Bantalab Ayurvedic Hospital,2026-03-01,93.0,93.0,48.0,28.0,2.0,3,2026,1.0,6.123233995736766e-17,110.0,120.0,105.0,61.0,84.0,110.0,120.0,105.0,61.0,84.0,63.0,54.0,58.0,23.0,45.0,32.0,31.0,25.666666666666664,12.0,20.0,3.0,3.0,3.0,2.0,2.0,111.66666666666667,90.5,7.637626158259745,58.333333333333336
Jammu,Jammu,Jammu Belicharana,2023-01-01,94.39309303217156,97.17726946547948,45.4194897078592,16.90828403592742,5.830875792682721,1,2023,0.49999999999999994,0.8660254037844387,94.39309303217156,94.39309303217156,94.39309303217156,52.95,91.65263656711936,97.17726946547948,97.17726946547948,97.17726946547948,88.25,91.2,45.4194897078592,45.4194897078592,45.4194897078592,33.23335634370523,46.85,16.90828403592742,16.90828403592742,16.90828403592742,14.90963550127229,27.0,5.830875792682721,5.830875792682721,5.830875792682721,3.623796294796823,4.876989980250364,94.39309303217156,87.48591086014297,0.0,45.4194897078592
Jammu,Jammu,Jammu Belicharana,2023-02-01,94.39309303217156,97.17726946547948,45.4194897078592,16.90828403592742,5.830875792682721,2,2023,0.8660254037844386,0.5000000000000001,94.39309303217156,94.39309303217156,94.39309303217156,94.39309303217156,91.65263656711936,97.17726946547948,97.17726946547948,97.17726946547948,97.17726946547948,89.4,45.4194897078592,45.4194897078592,45.4194897078592,45.4194897078592,45.7,16.90828403592742,16.90828403592742,16.90828403592742,16.90828403592742,26.0,5.830875792682721,5.830875792682721,5.830875792682721,5.830875792682721,5.166056676381861,94.39309303217156,94.39309303217156,0.0,45.4194897078592
Jammu,Jammu,Jammu Belicharana,2023-03-01,94.39309303217156,97.17726946547948,45.4194897078592,16.90828403592742,5.830875792682721,3,2023,1.0,6.123233995736766e-17,94.39309303217156,94.39309303217156,94.39309303217156,94.39309303217156,53.64,97.17726946547948,97.17726946547948,97.17726946547948,97.17726946547948,89.4,45.4194897078592,45.4194897078592,45.4194897078592,45.4194897078592,32.99920188168114,16.90828403592742,16.90828403592742,16.90828403592742,16.90828403592742,15.292753038577914,5.830875792682721,5.830875792682721,5.830875792682721,5.830875792682721,3.623796294796823,94.39309303217156,94.39309303217156,0.0,45.4194897078592
Jammu,Jammu,Jammu Belicharana,2023-04-01,34.2,57.0,22.8,22.8,4.161936106835946,4,2023,0.8660254037844387,-0.4999999999999998,94.39309303217156,94.39309303217156,94.39309303217156,94.39309303217156,53.64,97.17726946547948,97.17726946547948,97.17726946547948,97.17726946547948,89.4,45.4194897078592,45.4194897078592,45.4194897078592,45.4194897078592,33.23335634370523,16.90828403592742,16.90828403592742,16.90828403592742,16.90828403592742,14.923230876000602,5.830875792682721,5.830875792682721,5.830875792682721,5.830875792682721,3.623796294796823,94.39309303217156,94.39309303217156,0.0,45.4194897078592
Jammu,Jammu,Jammu Belicharana,2023-05-01,34.2,57.0,22.8,22.8,4.606001340947207,5,2023,0.49999999999999994,-0.8660254037844387,34.2,94.39309303217156,94.39309303217156,94.39309303217156,53.64,57.0,97.17726946547948,97.17726946547948,97.17726946547948,89.4,22.8,45.4194897078592,45.4194897078592,45.4194897078592,33.23335634370523,22.8,16.90828403592742,16.90828403592742,16.90828403592742,14.923230876000602,4.161936106835946,5.830875792682721,5.830875792682721,5.830875792682721,3.623796294796823,74.32872868811437,84.36091086014297,34.752498465480436,37.87965980523946
Jammu,Jammu,Jammu Belicharana,2023-06-01,34.2,57.0,29.10033320848771,9.89241322172378,4.0058110057011405,6,2023,1.2246467991473532e-16,-1.0,34.2,34.2,94.39309303217156,94.39309303217156,53.64,57.0,57.0,97.17726946547948,97.17726946547948,89.4,22.8,22.8,45.4194897078592,45.4194897078592,33.23335634370523,22.8,22.8,16.90828403592742,16.90828403592742,14.923230876000602,4.606001340947207,4.161936106835946,5.830875792682721,5.830875792682721,3.623796294796823,54.264364344057185,74.32872868811437,34.752498465480436,30.339829902619737
Jammu,Jammu,Jammu Belicharana,2023-07-01,57.0,57.0,29.10033320848771,9.89241322172378,4.0058110057011405,7,2023,-0.4999999999999997,-0.8660254037844388,34.2,34.2,34.2,94.39309303217156,52.95,57.0,57.0,57.0,97.17726946547948,88.25,29.10033320848771,22.8,22.8,45.4194897078592,33.23335634370523,9.89241322172378,22.8,22.8,16.90828403592742,14.90963550127229,4.0058110057011405,4.606001340947207,4.161936106835946,5.830875792682721,3.623796294796823,34.2,64.2965465160858,0.0,24.900111069495903
Jammu,Jammu,Jammu Belicharana,2023-08-01,57.0,57.0,25.0,9.89241322172378,3.3133587604700696,8,2023,-0.8660254037844384,-0.5000000000000004,57.0,34.2,34.2,94.39309303217156,94.39309303217156,57.0,57.0,57.0,97.17726946547948,97.17726946547948,29.10033320848771,29.10033320848771,22.8,45.4194897078592,45.4194897078592,9.89241322172378,9.89241322172378,22.8,16.90828403592742,16.90828403592742,4.0058110057011405,4.0058110057011405,4.606001340947207,5.830875792682721,5.830875792682721,41.8,58.064364344057196,13.163586137523465,27.000222138991813
Jammu,Jammu,Jammu Belicharana,2023-09-01,56.0,56.0,28.0,9.63543983248399,4.0058110057011405,9,2023,-1.0,-1.8369701987210297e-16,57.0,57.0,34.2,94.39309303217156,94.39309303217156,57.0,57.0,57.0,97.17726946547948,97.17726946547948,25.0,29.10033320848771,29.10033320848771,45.4194897078592,45.4194897078592,9.89241322172378,9.89241322172378,9.89241322172378,16.90828403592742,16.90828403592742,3.3133587604700696,4.0058110057011405,4.0058110057011405,5.830875792682721,5.830875792682721,49.4,51.8321821720286,13.163586137523462,27.73355547232514
Jammu,Jammu,Jammu Belicharana,2023-10-01,56.0,56.0,32.0,9.90494006933386,4.734001704514372,10,2023,-0.8660254037844386,0.5000000000000001,56.0,57.0,57.0,34.2,94.39309303217156,56.0,57.0,57.0,57.0,97.17726946547948,28.0,25.0,29.10033320848771,22.8,45.4194897078592,9.63543983248399,9.89241322172378,9.89241322172378,22.8,16.90828403592742,4.0058110057011405,3.3133587604700696,4.0058110057011405,4.161936106835946,5.830875792682721,56.666666666666664,45.43333333333334,0.5773502691896247,27.36677773616257
Jammu,Jammu,Jammu Belicharana,2023-11-01,41.0,41.0,19.0,5.0,2.0,11,2023,-0.5000000000000004,0.8660254037844384,56.0,56.0,57.0,34.2,94.39309303217156,56.0,56.0,57.0,57.0,97.17726946547948,32.0,28.0,25.0,22.8,45.4194897078592,9.90494006933386,9.63543983248399,9.89241322172378,22.8,16.90828403592742,4.734001704514372,4.0058110057011405,3.3133587604700696,4.606001340947207,5.830875792682721,56.333333333333336,49.06666666666666,0.5773502691896247,28.333333333333332
Jammu,Jammu,Jammu Belicharana,2023-12-01,44.40844703694468,50.0,24.0,6.0,2.0,12,2023,-2.4492935982947064e-16,1.0,41.0,56.0,56.0,34.2,94.39309303217156,41.0,56.0,56.0,57.0,97.17726946547948,19.0,32.0,28.0,29.10033320848771,45.4194897078592,5.0,9.90494006933386,9.63543983248399,9.89241322172378,16.90828403592742,2.0,4.734001704514372,4.0058110057011405,4.0058110057011405,5.830875792682721,51.0,50.20000000000001,8.660254037844387,26.333333333333332
Jammu,Jammu,Jammu Belicharana,2024-01-01,59.0,59.0,27.0,7.0,2.0,1,2024,0.49999999999999994,0.8660254037844387,44.40844703694468,41.0,56.0,57.0,94.39309303217156,50.0,41.0,56.0,57.0,97.17726946547948,24.0,19.0,32.0,29.10033320848771,45.4194897078592,6.0,5.0,9.90494006933386,9.89241322172378,16.90828403592742,2.0,2.0,4.734001704514372,4.0058110057011405,5.830875792682721,47.13614901231489,51.90140783949078,7.8632225295885485,25.0
Jammu,Jammu,Jammu Belicharana,2024-02-01,53.0,53.0,25.0,5.0,2.0,2,2024,0.8660254037844386,0.5000000000000001,59.0,44.40844703694468,41.0,57.0,94.39309303217156,59.0,50.0,41.0,57.0,97.17726946547948,27.0,24.0,19.0,25.0,45.4194897078592,7.0,6.0,5.0,9.89241322172378,16.90828403592742,2.0,2.0,2.0,3.3133587604700696,5.830875792682721,48.13614901231489,52.23474117282411,9.561475906620496,23.333333333333332
Jammu,Jammu,Jammu Belicharana,2024-03-01,51.0,51.0,25.0,5.0,2.0,3,2024,1.0,6.123233995736766e-17,53.0,59.0,44.40844703694468,56.0,94.39309303217156,53.0,59.0,50.0,56.0,97.17726946547948,25.0,27.0,24.0,28.0,45.4194897078592,5.0,7.0,6.0,9.63543983248399,16.90828403592742,2.0,2.0,2.0,4.0058110057011405,5.830875792682721,52.13614901231489,51.568074506157444,7.3340325445900145,25.333333333333332
Jammu,Jammu,Jammu Belicharana,2024-04-01,56.0,56.0,17.0,4.0,2.0,4,2024,0.8660254037844387,-0.4999999999999998,51.0,53.0,59.0,56.0,34.2,51.0,53.0,59.0,56.0,57.0,25.0,25.0,27.0,32.0,22.8,5.0,5.0,7.0,9.90494006933386,22.8,2.0,2.0,2.0,4.734001704514372,4.161936106835946,54.333333333333336,50.73474117282411,4.163331998932258,25.666666666666668
Jammu,Jammu,Jammu Belicharana,2024-05-01,54.0,54.0,22.0,3.0,2.0,5,2024,0.49999999999999994,-0.8660254037844387,56.0,51.0,53.0,41.0,34.2,56.0,51.0,53.0,41.0,57.0,17.0,25.0,25.0,19.0,22.8,4.0,5.0,5.0,5.0,22.8,2.0,2.0,2.0,2.0,4.606001340947207,53.333333333333336,50.73474117282411,2.5166114784235725,22.333333333333332
Jammu,Jammu,Jammu Belicharana,2024-06-01,60.0,60.0,26.0,3.0,2.0,6,2024,1.2246467991473532e-16,-1.0,54.0,56.0,51.0,44.40844703694468,34.2,54.0,56.0,51.0,50.0,57.0,22.0,17.0,25.0,24.0,29.10033320848771,3.0,4.0,5.0,6.0,9.89241322172378,2.0,2.0,2.0,2.0,4.0058110057011405,53.666666666666664,52.90140783949078,2.5166114784235725,21.333333333333332
Jammu,Jammu,Jammu Belicharana,2024-07-01,59.0,59.0,28.0,3.0,2.0,7,2024,-0.4999999999999997,-0.8660254037844388,60.0,54.0,56.0,59.0,57.0,60.0,54.0,56.0,59.0,57.0,26.0,22.0,17.0,27.0,29.10033320848771,3.0,3.0,4.0,7.0,9.89241322172378,2.0,2.0,2.0,2.0,4.0058110057011405,56.666666666666664,55.5,3.055050463303886,21.666666666666668
Jammu,Jammu,Jammu Belicharana,2024-08-01,48.0,48.0,30.0,2.0,1.0,8,2024,-0.8660254037844384,-0.5000000000000004,59.0,60.0,54.0,53.0,57.0,59.0,60.0,54.0,53.0,57.0,28.0,26.0,22.0,25.0,25.0,3.0,3.0,3.0,5.0,9.89241322172378,2.0,2.0,2.0,2.0,3.3133587604700696,57.666666666666664,55.5,3.2145502536643122,25.333333333333332
Jammu,Jammu,Jammu Belicharana,2024-09-01,53.0,53.0,33.79000186178333,2.5,2.412290881904745,9,2024,-1.0,-1.8369701987210297e-16,48.0,59.0,60.0,51.0,56.0,48.0,59.0,60.0,51.0,56.0,30.0,28.0,26.0,25.0,28.0,2.0,3.0,3.0,5.0,9.63543983248399,1.0,2.0,2.0,2.0,4.0058110057011405,55.666666666666664,54.666666666666664,6.658328118479389,28.0
Jammu,Jammu,Jammu Belicharana,2024-10-01,74.0,74.0,36.62135318745255,3.0,1.0,10,2024,-0.8660254037844386,0.5000000000000001,53.0,48.0,59.0,56.0,56.0,53.0,48.0,59.0,56.0,56.0,33.79000186178333,30.0,28.0,17.0,32.0,2.5,2.0,3.0,4.0,9.90494006933386,2.412290881904745,1.0,2.0,2.0,4.734001704514372,53.333333333333336,55.0,5.507570547286097,30.596667287261113
Jammu,Jammu,Jammu Belicharana,2024-11-01,97.0,97.0,45.21788194194229,6.0,1.0,11,2024,-0.5000000000000004,0.8660254037844384,74.0,53.0,48.0,54.0,41.0,74.0,53.0,48.0,54.0,41.0,36.62135318745255,33.79000186178333,30.0,22.0,19.0,3.0,2.5,2.0,3.0,5.0,1.0,2.412290881904745,1.0,2.0,2.0,58.333333333333336,58.0,13.796134724383249,33.47045168307863
Jammu,Jammu,Jammu Belicharana,2024-12-01,92.0,92.0,33.01759658875398,17.0,3.0,12,2024,-2.4492935982947064e-16,1.0,97.0,74.0,53.0,60.0,44.40844703694468,97.0,74.0,53.0,60.0,50.0,45.21788194194229,36.62135318745255,33.79000186178333,26.0,24.0,6.0,3.0,2.5,3.0,6.0,1.0,1.0,2.412290881904745,2.0,2.0,74.66666666666667,65.16666666666667,22.007574453658748,38.54307899705939
Jammu,Jammu,Jammu Belicharana,2025-01-01,94.0,94.0,40.0,22.0,3.0,1,2025,0.49999999999999994,0.8660254037844387,92.0,97.0,74.0,59.0,59.0,92.0,97.0,74.0,59.0,59.0,33.01759658875398,45.21788194194229,36.62135318745255,28.0,27.0,17.0,6.0,3.0,3.0,7.0,3.0,1.0,1.0,2.0,2.0,87.66666666666667,70.5,12.096831541082691,38.28561057271627
Jammu,Jammu,Jammu Belicharana,2025-02-01,69.0,43.0,40.0,11.0,1.0,2,2025,0.8660254037844386,0.5000000000000001,94.0,92.0,97.0,48.0,53.0,94.0,92.0,97.0,48.0,53.0,40.0,33.01759658875398,45.21788194194229,30.0,25.0,22.0,17.0,6.0,2.0,5.0,3.0,3.0,1.0,1.0,2.0,94.33333333333333,76.33333333333333,2.516611478423515,39.41182617689876
Jammu,Jammu,Jammu Belicharana,2025-03-01,80.0,80.0,42.0,21.0,2.0,3,2025,1.0,6.123233995736766e-17,69.0,94.0,92.0,53.0,51.0,43.0,94.0,92.0,53.0,51.0,40.0,40.0,33.01759658875398,33.79000186178333,25.0,11.0,22.0,17.0,2.5,5.0,1.0,3.0,3.0,2.412290881904745,2.0,85.0,79.83333333333333,13.892443989449792,37.672532196251325
Jammu,Jammu,Jammu Belicharana,2025-04-01,88.0,88.0,44.0,4.0,2.3066202790604384,4,2025,0.8660254037844387,-0.4999999999999998,80.0,69.0,94.0,74.0,56.0,80.0,43.0,94.0,74.0,56.0,42.0,40.0,40.0,36.62135318745255,17.0,21.0,11.0,22.0,3.0,4.0,2.0,1.0,3.0,1.0,2.0,81.0,84.33333333333333,12.529964086141653,40.666666666666664
Jammu,Jammu,Jammu Belicharana,2025-05-01,95.0,95.0,39.0,7.333333333333334,2.522414681598501,5,2025,0.49999999999999994,-0.8660254037844387,88.0,80.0,69.0,97.0,54.0,88.0,80.0,43.0,97.0,54.0,44.0,42.0,40.0,45.21788194194229,22.0,4.0,21.0,11.0,6.0,3.0,2.3066202790604384,2.0,1.0,1.0,2.0,79.0,86.66666666666667,9.539392014169438,42.0
Jammu,Jammu,Jammu Belicharana,2025-06-01,84.0,84.0,33.0,10.666666666666668,3.613347095493395,6,2025,1.2246467991473532e-16,-1.0,95.0,88.0,80.0,92.0,60.0,95.0,88.0,80.0,92.0,60.0,39.0,44.0,42.0,33.01759658875398,26.0,7.333333333333334,4.0,21.0,17.0,3.0,2.522414681598501,2.3066202790604384,2.0,3.0,2.0,87.66666666666667,86.33333333333333,7.50555349946511,41.666666666666664
Jammu,Jammu,Jammu Belicharana,2025-07-01,63.0,63.0,27.0,14.0,2.0,7,2025,-0.4999999999999997,-0.8660254037844388,84.0,95.0,88.0,94.0,59.0,84.0,95.0,88.0,94.0,59.0,33.0,39.0,44.0,40.0,28.0,10.666666666666668,7.333333333333334,4.0,22.0,3.0,3.613347095493395,2.522414681598501,2.3066202790604384,3.0,2.0,89.0,85.0,5.567764362829987,38.666666666666664
Jammu,Jammu,Jammu Belicharana,2025-08-01,45.0,45.0,24.0,12.0,1.0,8,2025,-0.8660254037844384,-0.5000000000000004,63.0,84.0,95.0,69.0,48.0,63.0,84.0,95.0,43.0,48.0,27.0,33.0,39.0,40.0,30.0,14.0,10.666666666666668,7.333333333333334,11.0,2.0,2.0,3.613347095493395,2.522414681598501,1.0,1.0,80.66666666666667,79.83333333333333,16.258331197676256,33.0
Jammu,Jammu,Jammu Belicharana,2025-09-01,60.0,60.0,23.0,14.0,2.0,9,2025,-1.0,-1.8369701987210297e-16,45.0,63.0,84.0,80.0,53.0,45.0,63.0,84.0,80.0,53.0,24.0,27.0,33.0,42.0,33.79000186178333,12.0,14.0,10.666666666666668,21.0,2.5,1.0,2.0,3.613347095493395,2.0,2.412290881904745,64.0,75.83333333333333,19.51922129594313,28.0
Jammu,Jammu,Jammu Belicharana,2025-10-01,68.0,68.0,26.0,14.0,2.0,10,2025,-0.8660254037844386,0.5000000000000001,60.0,45.0,63.0,88.0,74.0,60.0,45.0,63.0,88.0,74.0,23.0,24.0,27.0,44.0,36.62135318745255,14.0,12.0,14.0,4.0,3.0,2.0,1.0,2.0,2.3066202790604384,1.0,56.0,72.5,9.643650760992942,24.666666666666668
Jammu,Jammu,Jammu Belicharana,2025-11-01,67.0,67.0,44.0,22.0,2.0,11,2025,-0.5000000000000004,0.8660254037844384,68.0,60.0,45.0,95.0,97.0,68.0,60.0,45.0,95.0,97.0,26.0,23.0,24.0,39.0,45.21788194194229,14.0,14.0,12.0,7.333333333333334,6.0,2.0,2.0,1.0,2.522414681598501,1.0,57.666666666666664,69.16666666666667,11.676186592091321,24.333333333333332
Jammu,Jammu,Jammu Belicharana,2025-12-01,91.0,80.5,48.0,27.0,3.0,12,2025,-2.4492935982947064e-16,1.0,67.0,68.0,60.0,84.0,92.0,67.0,68.0,60.0,84.0,92.0,44.0,26.0,23.0,33.0,33.01759658875398,22.0,14.0,14.0,10.666666666666668,17.0,2.0,2.0,2.0,3.613347095493395,3.0,65.0,64.5,4.3588989435406535,31.0
Jammu,Jammu,Jammu Belicharana,2026-01-01,94.0,94.0,46.0,26.0,2.0,1,2026,0.49999999999999994,0.8660254037844387,91.0,67.0,68.0,63.0,94.0,80.5,67.0,68.0,63.0,94.0,48.0,44.0,26.0,27.0,40.0,27.0,22.0,14.0,14.0,22.0,3.0,2.0,2.0,2.0,3.0,75.33333333333333,65.66666666666667,13.57694123627753,39.333333333333336
Jammu,Jammu,Jammu Belicharana,2026-02-01,86.0,86.0,39.0,24.0,2.0,2,2026,0.8660254037844386,0.5000000000000001,94.0,91.0,67.0,45.0,69.0,94.0,80.5,67.0,45.0,43.0,46.0,48.0,44.0,24.0,40.0,26.0,27.0,22.0,12.0,11.0,2.0,3.0,2.0,1.0,1.0,84.0,70.83333333333333,14.798648586948739,46.0
Jammu,Jammu,Jammu Belicharana,2026-03-01,69.0,69.0,41.0,20.0,2.0,3,2026,1.0,6.123233995736766e-17,86.0,94.0,91.0,60.0,80.0,86.0,94.0,80.5,60.0,80.0,39.0,46.0,48.0,23.0,42.0,24.0,26.0,27.0,14.0,21.0,2.0,2.0,3.0,2.0,2.0,90.33333333333333,77.66666666666667,4.041451884327368,44.333333333333336
Jammu,Jammu,Jammu Dogra Hall CCF Office 1070,2023-01-01,115.0,115.0,18.0,23.0,2.0,1,2023,0.49999999999999994,0.8660254037844387,176.0,131.0,157.0,71.0,92.0,129.0,143.0,157.0,71.0,92.0,15.0,12.0,36.0,27.06436362331805,27.0,15.0,19.5,24.0,12.934260124790098,22.0,1.0,9.786925967041384,2.0,3.174596354108113,4.0,154.66666666666666,151.16666666666666,22.590558499809863,21.0
Jammu,Jammu,Jammu Dogra Hall CCF Office 1070,2023-02-01,139.0,139.0,44.0,5.0,4.46691097414514,2,2023,0.8660254037844386,0.5000000000000001,115.0,176.0,131.0,71.0,113.0,115.0,129.0,143.0,71.0,113.0,18.0,15.0,12.0,29.0,44.0,23.0,15.0,19.5,9.0,14.0,2.0,1.0,9.786925967041384,2.0,2.0,140.66666666666666,158.5,31.628046625318667,15.0
Jammu,Jammu,Jammu Dogra Hall CCF Office 1070,2023-03-01,115.0,115.0,72.0,8.0,5.222360905510148,3,2023,1.0,6.123233995736766e-17,139.0,115.0,176.0,301.0,94.0,139.0,115.0,129.0,301.0,94.0,44.0,18.0,15.0,32.5,41.0,5.0,23.0,15.0,15.0,16.0,4.46691097414514,2.0,1.0,2.0,2.0,143.33333333333334,169.83333333333334,30.730007050655416,25.666666666666668
Jammu,Jammu,Jammu Dogra Hall CCF Office 1070,2023-04-01,94.0,94.0,44.0,11.0,2.0,4,2023,0.8660254037844387,-0.4999999999999998,115.0,139.0,115.0,157.0,87.64132130455128,115.0,139.0,115.0,157.0,89.4,72.0,44.0,18.0,36.0,38.6,8.0,5.0,23.0,24.0,14.6,5.222360905510148,4.46691097414514,2.0,2.0,4.068826163558235,123.0,138.83333333333334,13.856406460550975,44.666666666666664
Jammu,Jammu,Jammu Dogra Hall CCF Office 1070,2023-05-01,90.0,90.0,14.0,15.0,2.0,5,2023,0.49999999999999994,-0.8660254037844387,94.0,115.0,139.0,131.0,87.64132130455128,94.0,115.0,139.0,143.0,84.8,44.0,72.0,44.0,12.0,36.2,11.0,8.0,5.0,19.5,13.2,2.0,5.222360905510148,4.46691097414514,9.786925967041384,4.068826163558235,116.0,128.33333333333334,22.516660498395385,53.333333333333336
Jammu,Jammu,Jammu Dogra Hall CCF Office 1070,2023-06-01,92.0,92.0,32.0,16.0,2.0,6,2023,1.2246467991473532e-16,-1.0,90.0,94.0,115.0,176.0,50.88,90.0,94.0,115.0,129.0,84.8,14.0,44.0,72.0,15.0,33.23335634370523,15.0,11.0,8.0,15.0,14.86884937708735,2.0,2.0,5.222360905510148,1.0,3.623796294796823,99.66666666666667,121.5,13.428824718989123,43.333333333333336
Jammu,Jammu,Jammu Dogra Hall CCF Office 1070,2023-07-01,94.0,94.0,26.0,20.0,2.0,7,2023,-0.4999999999999997,-0.8660254037844388,92.0,90.0,94.0,115.0,71.0,92.0,90.0,94.0,115.0,71.0,32.0,14.0,44.0,18.0,27.06436362331805,16.0,15.0,11.0,23.0,12.934260124790098,2.0,2.0,2.0,2.0,3.174596354108113,92.0,107.5,2.0000000000001066,30.0
Jammu,Jammu,Jammu Dogra Hall CCF Office 1070,2023-08-01,87.0,87.0,17.0,18.0,2.0,8,2023,-0.8660254037844384,-0.5000000000000004,94.0,92.0,90.0,139.0,71.0,94.0,92.0,90.0,139.0,71.0,26.0,32.0,14.0,44.0,29.0,20.0,16.0,15.0,5.0,9.0,2.0,2.0,2.0,4.46691097414514,2.0,92.0,104.0,2.0000000000001066,24.0
Jammu,Jammu,Jammu Dogra Hall CCF Office 1070,2023-09-01,91.0,91.0,4.0,14.0,2.0,9,2023,-1.0,-1.8369701987210297e-16,87.0,94.0,92.0,115.0,301.0,87.0,94.0,92.0,115.0,301.0,17.0,26.0,32.0,72.0,32.5,18.0,20.0,16.0,8.0,15.0,2.0,2.0,2.0,5.222360905510148,2.0,91.0,95.33333333333333,3.6055512754640553,25.0
Jammu,Jammu,Jammu Dogra Hall CCF Office 1070,2023-10-01,86.0,86.0,29.0,16.0,2.0,10,2023,-0.8660254037844386,0.5000000000000001,91.0,87.0,94.0,94.0,157.0,91.0,87.0,94.0,94.0,157.0,4.0,17.0,26.0,44.0,36.0,14.0,18.0,20.0,11.0,24.0,2.0,2.0,2.0,2.0,2.0,90.66666666666667,91.33333333333333,3.5118845842843163,15.666666666666666
Jammu,Jammu,Jammu Dogra Hall CCF Office 1070,2023-11-01,82.0,82.0,31.0,18.0,4.0,11,2023,-0.5000000000000004,0.8660254037844384,86.0,91.0,87.0,90.0,131.0,86.0,91.0,87.0,90.0,143.0,29.0,4.0,17.0,14.0,12.0,16.0,14.0,18.0,15.0,19.5,2.0,2.0,2.0,2.0,9.786925967041384,88.0,90.0,2.6457513110647106,16.666666666666668
Jammu,Jammu,Jammu Dogra Hall CCF Office 1070,2023-12-01,97.3598233169599,99.0,32.0,13.0,1.0,12,2023,-2.4492935982947064e-16,1.0,82.0,86.0,91.0,92.0,176.0,82.0,86.0,91.0,92.0,129.0,31.0,29.0,4.0,32.0,15.0,18.0,16.0,14.0,16.0,15.0,4.0,2.0,2.0,2.0,1.0,86.33333333333333,88.66666666666667,4.509249752822977,21.333333333333332
Jammu,Jammu,Jammu Dogra Hall CCF Office 1070,2024-01-01,89.0,89.0,35.0,18.0,2.0,1,2024,0.49999999999999994,0.8660254037844387,97.3598233169599,82.0,86.0,94.0,115.0,99.0,82.0,86.0,94.0,115.0,32.0,31.0,29.0,26.0,18.0,13.0,18.0,16.0,20.0,23.0,1.0,4.0,2.0,2.0,2.0,88.45327443898664,89.55997055282666,7.968372461600664,30.666666666666668
Jammu,Jammu,Jammu Dogra Hall CCF Office 1070,2024-02-01,90.0,90.0,32.0,15.0,2.0,2,2024,0.8660254037844386,0.5000000000000001,89.0,97.3598233169599,82.0,87.0,139.0,89.0,99.0,82.0,87.0,139.0,35.0,32.0,31.0,17.0,44.0,18.0,13.0,18.0,18.0,5.0,2.0,1.0,4.0,2.0,4.46691097414514,89.45327443898664,88.72663721949333,7.68993734498766,32.666666666666664
Jammu,Jammu,Jammu Dogra Hall CCF Office 1070,2024-03-01,98.0,98.0,34.0,17.0,3.0,3,2024,1.0,6.123233995736766e-17,90.0,89.0,97.3598233169599,91.0,115.0,90.0,89.0,99.0,91.0,115.0,32.0,35.0,32.0,4.0,72.0,15.0,18.0,13.0,14.0,8.0,2.0,2.0,1.0,2.0,5.222360905510148,92.11994110565331,89.22663721949333,4.565333962732187,33.0
Jammu,Jammu,Jammu Dogra Hall CCF Office 1070,2024-04-01,96.0,96.0,22.0,13.0,2.0,4,2024,0.8660254037844387,-0.4999999999999998,98.0,90.0,89.0,86.0,94.0,98.0,90.0,89.0,86.0,94.0,34.0,32.0,35.0,29.0,44.0,17.0,15.0,18.0,16.0,11.0,3.0,2.0,2.0,2.0,2.0,92.33333333333333,90.39330388615998,4.9328828623162915,33.666666666666664
Jammu,Jammu,Jammu Dogra Hall CCF Office 1070,2024-05-01,81.0,81.0,2.0,12.0,2.0,5,2024,0.49999999999999994,-0.8660254037844387,96.0,98.0,90.0,82.0,90.0,96.0,98.0,90.0,82.0,90.0,22.0,34.0,32.0,31.0,14.0,13.0,17.0,15.0,18.0,15.0,2.0,3.0,2.0,4.0,2.0,94.66666666666667,92.05997055282666,4.1633319989323,29.333333333333332
Jammu,Jammu,Jammu Dogra Hall CCF Office 1070,2024-06-01,87.0,87.0,4.166666666666666,16.0,2.0,6,2024,1.2246467991473532e-16,-1.0,81.0,96.0,98.0,97.3598233169599,92.0,81.0,96.0,98.0,99.0,92.0,2.0,22.0,34.0,32.0,32.0,12.0,13.0,17.0,13.0,16.0,2.0,2.0,3.0,1.0,2.0,91.66666666666667,91.89330388615998,9.291573243177595,19.333333333333332
Jammu,Jammu,Jammu Dogra Hall CCF Office 1070,2024-07-01,78.0,78.0,6.333333333333333,11.0,2.0,7,2024,-0.4999999999999997,-0.8660254037844388,87.0,81.0,96.0,89.0,94.0,87.0,81.0,96.0,89.0,94.0,4.166666666666666,2.0,22.0,35.0,26.0,16.0,12.0,13.0,18.0,20.0,2.0,2.0,2.0,2.0,2.0,88.0,90.16666666666667,7.549834435270794,9.388888888888888
Jammu,Jammu,Jammu Dogra Hall CCF Office 1070,2024-08-01,59.0,59.0,29.702001887741737,8.0,2.0,8,2024,-0.8660254037844384,-0.5000000000000004,78.0,87.0,81.0,90.0,87.0,78.0,87.0,81.0,90.0,87.0,6.333333333333333,4.166666666666666,2.0,32.0,17.0,11.0,16.0,12.0,15.0,18.0,2.0,2.0,2.0,2.0,2.0,82.0,88.33333333333333,4.5825756949559455,4.166666666666667
Jammu,Jammu,Jammu Dogra Hall CCF Office 1070,2024-09-01,79.0,79.0,31.89164148325302,12.5,5.7375995225926975,9,2024,-1.0,-1.8369701987210297e-16,59.0,78.0,87.0,98.0,91.0,59.0,78.0,87.0,98.0,91.0,29.702001887741737,6.333333333333333,4.166666666666666,34.0,4.0,8.0,11.0,16.0,17.0,14.0,2.0,2.0,2.0,3.0,2.0,74.66666666666667,83.16666666666667,14.29452109492776,13.400667295913912
Jammu,Jammu,Jammu Dogra Hall CCF Office 1070,2024-10-01,104.5619906673176,107.0,43.23865499595807,17.0,3.0,10,2024,-0.8660254037844386,0.5000000000000001,79.0,59.0,78.0,96.0,86.0,79.0,59.0,78.0,96.0,86.0,31.89164148325302,29.702001887741737,6.333333333333333,22.0,29.0,12.5,8.0,11.0,13.0,16.0,5.7375995225926975,2.0,2.0,2.0,2.0,72.0,80.0,11.269427669584713,22.642325568109367
Jammu,Jammu,Jammu Dogra Hall CCF Office 1070,2024-11-01,104.5619906673176,166.0,15.0,25.0,6.0,11,2024,-0.5000000000000004,0.8660254037844384,104.5619906673176,79.0,59.0,81.0,82.0,107.0,79.0,59.0,81.0,82.0,43.23865499595807,31.89164148325302,29.702001887741737,2.0,31.0,17.0,12.5,8.0,12.0,18.0,3.0,5.7375995225926975,2.0,2.0,4.0,80.85399688910587,81.42699844455292,22.837507016765112,34.94409945565095
Jammu,Jammu,Jammu Dogra Hall CCF Office 1070,2024-12-01,154.0,135.0,136.0,28.0,4.0,12,2024,-2.4492935982947064e-16,1.0,104.5619906673176,104.5619906673176,79.0,87.0,97.3598233169599,166.0,107.0,79.0,87.0,99.0,15.0,43.23865499595807,31.89164148325302,4.166666666666666,32.0,25.0,17.0,12.5,16.0,13.0,6.0,3.0,5.7375995225926975,2.0,1.0,96.04132711154507,85.35399688910586,14.75822219279852,30.043432159737034
Jammu,Jammu,Jammu Dogra Hall CCF Office 1070,2025-01-01,154.0,140.0,146.0,28.0,4.0,1,2025,0.49999999999999994,0.8660254037844387,154.0,104.5619906673176,104.5619906673176,78.0,89.0,135.0,166.0,107.0,78.0,89.0,136.0,15.0,43.23865499595807,6.333333333333333,35.0,28.0,25.0,17.0,11.0,18.0,4.0,6.0,3.0,2.0,2.0,121.04132711154507,96.52066355577251,28.54304799642341,64.74621833198603
Jammu,Jammu,Jammu Dogra Hall CCF Office 1070,2025-02-01,97.0,68.0,63.0,14.0,2.0,2,2025,0.8660254037844386,0.5000000000000001,154.0,154.0,104.5619906673176,59.0,90.0,140.0,135.0,166.0,59.0,90.0,146.0,136.0,15.0,29.702001887741737,32.0,28.0,28.0,25.0,8.0,15.0,4.0,4.0,6.0,2.0,2.0,137.52066355577253,109.18733022243919,28.54304799642341,99.0
Jammu,Jammu,Jammu Dogra Hall CCF Office 1070,2025-03-01,88.0,88.0,34.0,26.0,3.0,3,2025,1.0,6.123233995736766e-17,97.0,154.0,154.0,79.0,98.0,68.0,140.0,135.0,79.0,98.0,63.0,146.0,136.0,31.89164148325302,34.0,14.0,28.0,28.0,12.5,17.0,2.0,4.0,4.0,5.7375995225926975,3.0,135.0,115.52066355577251,32.90896534380867,115.0
Jammu,Jammu,Jammu Dogra Hall CCF Office 1070,2025-04-01,95.0,95.0,45.0,25.0,3.0,4,2025,0.8660254037844387,-0.4999999999999998,88.0,97.0,154.0,104.5619906673176,96.0,88.0,68.0,140.0,107.0,96.0,34.0,63.0,146.0,43.23865499595807,22.0,26.0,14.0,28.0,17.0,13.0,3.0,2.0,4.0,3.0,2.0,113.0,117.02066355577251,35.79106033634656,81.0
Jammu,Jammu,Jammu Dogra Hall CCF Office 1070,2025-05-01,101.0,101.0,53.0,23.0,7.646132287781124,5,2025,0.49999999999999994,-0.8660254037844387,95.0,88.0,97.0,104.5619906673176,81.0,95.0,88.0,68.0,166.0,81.0,45.0,34.0,63.0,15.0,2.0,25.0,26.0,14.0,25.0,12.0,3.0,3.0,2.0,6.0,2.0,93.33333333333333,115.42699844455292,4.725815626252609,47.333333333333336
Jammu,Jammu,Jammu Dogra Hall CCF Office 1070,2025-06-01,98.0,98.0,48.0,21.0,7.3040705553689795,6,2025,1.2246467991473532e-16,-1.0,101.0,95.0,88.0,154.0,87.0,101.0,95.0,88.0,135.0,87.0,53.0,45.0,34.0,136.0,4.166666666666666,23.0,25.0,26.0,28.0,16.0,7.646132287781124,3.0,3.0,4.0,2.0,94.66666666666667,114.83333333333333,6.506407098647709,44.0
Jammu,Jammu,Jammu Dogra Hall CCF Office 1070,2025-07-01,77.0,77.0,25.0,19.0,2.0,7,2025,-0.4999999999999997,-0.8660254037844388,98.0,101.0,95.0,154.0,78.0,98.0,101.0,95.0,140.0,78.0,48.0,53.0,45.0,146.0,6.333333333333333,21.0,23.0,25.0,28.0,11.0,7.3040705553689795,7.646132287781124,3.0,4.0,2.0,98.0,105.5,2.9999999999999907,48.666666666666664
Jammu,Jammu,Jammu Dogra Hall CCF Office 1070,2025-08-01,55.0,55.0,29.0,15.0,2.0,8,2025,-0.8660254037844384,-0.5000000000000004,77.0,98.0,101.0,97.0,59.0,77.0,98.0,101.0,68.0,59.0,25.0,48.0,53.0,63.0,29.702001887741737,19.0,21.0,23.0,14.0,8.0,2.0,7.3040705553689795,7.646132287781124,2.0,2.0,92.0,92.66666666666667,13.07669683062202,42.0
Jammu,Jammu,Jammu Dogra Hall CCF Office 1070,2025-09-01,61.0,61.0,26.0,17.0,2.0,9,2025,-1.0,-1.8369701987210297e-16,55.0,77.0,98.0,88.0,79.0,55.0,77.0,98.0,88.0,79.0,29.0,25.0,48.0,34.0,31.89164148325302,15.0,19.0,21.0,26.0,12.5,2.0,2.0,7.3040705553689795,3.0,5.7375995225926975,76.66666666666667,85.66666666666667,21.501937897160186,34.0
Jammu,Jammu,Jammu Dogra Hall CCF Office 1070,2025-10-01,84.0,79.0,33.0,22.0,3.0,10,2025,-0.8660254037844386,0.5000000000000001,61.0,55.0,77.0,95.0,104.5619906673176,61.0,55.0,77.0,95.0,107.0,26.0,29.0,25.0,45.0,43.23865499595807,17.0,15.0,19.0,25.0,17.0,2.0,2.0,2.0,3.0,3.0,64.33333333333333,81.16666666666667,11.372481406154659,26.666666666666668
Jammu,Jammu,Jammu Dogra Hall CCF Office 1070,2025-11-01,86.0,97.0,57.0,25.666666666666668,3.0,11,2025,-0.5000000000000004,0.8660254037844384,84.0,61.0,55.0,101.0,104.5619906673176,79.0,61.0,55.0,101.0,166.0,33.0,26.0,29.0,53.0,15.0,22.0,17.0,15.0,23.0,25.0,3.0,2.0,2.0,7.646132287781124,6.0,66.66666666666667,79.33333333333333,15.307950004273385,29.333333333333332
Jammu,Jammu,Jammu Dogra Hall CCF Office 1070,2025-12-01,110.0,115.0,57.0,29.33333333333333,3.0,12,2025,-2.4492935982947064e-16,1.0,86.0,84.0,61.0,98.0,154.0,97.0,79.0,61.0,98.0,135.0,57.0,33.0,26.0,48.0,136.0,25.666666666666668,22.0,17.0,21.0,28.0,3.0,3.0,2.0,7.3040705553689795,4.0,77.0,76.83333333333333,13.892443989449824,38.666666666666664
Jammu,Jammu,Jammu Dogra Hall CCF Office 1070,2026-01-01,133.0,133.0,22.0,33.0,3.0,1,2026,0.49999999999999994,0.8660254037844387,110.0,86.0,84.0,77.0,154.0,115.0,97.0,79.0,77.0,140.0,57.0,57.0,33.0,25.0,146.0,29.33333333333333,25.666666666666668,22.0,19.0,28.0,3.0,3.0,3.0,2.0,4.0,93.33333333333333,78.83333333333333,14.468356276140518,49.0
Jammu,Jammu,Jammu Dogra Hall CCF Office 1070,2026-02-01,105.0,105.0,59.0,32.0,3.0,2,2026,0.8660254037844386,0.5000000000000001,133.0,110.0,86.0,55.0,97.0,133.0,115.0,97.0,55.0,68.0,22.0,57.0,57.0,29.0,63.0,33.0,29.33333333333333,25.666666666666668,15.0,14.0,3.0,3.0,3.0,2.0,2.0,109.66666666666667,88.16666666666667,23.501772982763146,45.333333333333336
Jammu,Jammu,Jammu Dogra Hall CCF Office 1070,2026-03-01,98.0,98.0,46.0,28.0,2.0,3,2026,1.0,6.123233995736766e-17,105.0,133.0,110.0,61.0,88.0,105.0,133.0,115.0,61.0,88.0,59.0,22.0,57.0,26.0,34.0,32.0,33.0,29.33333333333333,17.0,26.0,3.0,3.0,3.0,2.0,3.0,116.0,96.5,14.933184523068176,46.0
Jammu,Jammu,Jammu JKPCC Narwal  184,2023-01-01,149.0,130.0,59.0,19.0,2.0,1,2023,0.49999999999999994,0.8660254037844387,147.0,144.0,145.0,87.0,108.0,147.0,144.0,145.0,87.0,108.0,66.0,46.0,47.0,38.0,46.0,21.33333333333333,23.666666666666668,26.0,16.0,26.0,10.365002594638806,11.525240982559223,5.652133455254789,2.0,4.0,145.33333333333334,122.83333333333333,1.5275252316509753,53.0
Jammu,Jammu,Jammu JKPCC Narwal  184,2023-02-01,133.09182933043994,129.0,55.0,20.5,8.872184721319375,2,2023,0.8660254037844386,0.5000000000000001,149.0,147.0,144.0,121.0,280.0,130.0,147.0,144.0,115.0,280.0,59.0,66.0,46.0,46.0,60.0,19.0,21.33333333333333,23.666666666666668,19.0,32.0,2.0,10.365002594638806,11.525240982559223,3.0,5.0,146.66666666666666,133.16666666666666,2.5166114784229965,57.0
Jammu,Jammu,Jammu JKPCC Narwal  184,2023-03-01,128.0,128.0,51.0,22.0,3.0,3,2023,1.0,6.123233995736766e-17,133.09182933043994,149.0,147.0,93.0,254.0,129.0,130.0,147.0,93.0,254.0,55.0,59.0,66.0,23.0,92.0,20.5,19.0,21.33333333333333,21.0,34.0,8.872184721319375,2.0,10.365002594638806,3.0,5.0,143.03060977681332,135.18197155507332,8.6651322881366,60.0
Jammu,Jammu,Jammu JKPCC Narwal  184,2023-04-01,114.0,114.0,38.0,19.0,2.0,4,2023,0.8660254037844387,-0.4999999999999998,128.0,133.09182933043994,149.0,145.0,161.0,128.0,129.0,130.0,145.0,161.0,51.0,55.0,59.0,47.0,64.0,22.0,20.5,19.0,26.0,35.0,3.0,8.872184721319375,2.0,5.652133455254789,3.0,136.69727644347998,141.01530488840666,10.954425437406282,55.0
Jammu,Jammu,Jammu JKPCC Narwal  184,2023-05-01,106.0,106.0,32.0,13.0,2.0,5,2023,0.49999999999999994,-0.8660254037844387,114.0,128.0,133.09182933043994,144.0,217.0,114.0,128.0,129.0,144.0,217.0,38.0,51.0,55.0,46.0,88.0,19.0,22.0,20.5,23.666666666666668,34.0,2.0,3.0,8.872184721319375,11.525240982559223,4.0,125.03060977681332,135.84863822174,9.886225038852123,48.0
Jammu,Jammu,Jammu JKPCC Narwal  184,2023-06-01,100.0,100.0,33.0,21.0,3.0,6,2023,1.2246467991473532e-16,-1.0,106.0,114.0,128.0,147.0,169.0,106.0,114.0,128.0,147.0,169.0,32.0,38.0,51.0,66.0,65.0,13.0,19.0,22.0,21.33333333333333,35.0,2.0,2.0,3.0,10.365002594638806,3.0,116.0,129.51530488840666,11.135528725659944,40.333333333333336
Jammu,Jammu,Jammu JKPCC Narwal  184,2023-07-01,100.0,100.0,19.0,15.0,2.0,7,2023,-0.4999999999999997,-0.8660254037844388,100.0,106.0,114.0,149.0,87.0,100.0,106.0,114.0,130.0,87.0,33.0,32.0,38.0,59.0,38.0,21.0,13.0,19.0,19.0,16.0,3.0,2.0,2.0,2.0,2.0,106.66666666666667,121.68197155507333,7.02376916856837,34.333333333333336
Jammu,Jammu,Jammu JKPCC Narwal  184,2023-08-01,92.0,92.0,30.0,18.0,3.0,8,2023,-0.8660254037844384,-0.5000000000000004,100.0,100.0,106.0,133.09182933043994,121.0,100.0,100.0,106.0,129.0,115.0,19.0,33.0,32.0,55.0,46.0,15.0,21.0,13.0,20.5,19.0,2.0,3.0,2.0,8.872184721319375,3.0,102.0,113.51530488840666,3.464101615137542,28.0
Jammu,Jammu,Jammu JKPCC Narwal  184,2023-09-01,84.0,84.0,5.0,16.0,3.0,9,2023,-1.0,-1.8369701987210297e-16,92.0,100.0,100.0,128.0,93.0,92.0,100.0,100.0,128.0,93.0,30.0,19.0,33.0,51.0,23.0,18.0,15.0,21.0,22.0,21.0,3.0,2.0,3.0,3.0,3.0,97.33333333333333,106.66666666666667,4.618802153517004,27.333333333333332
Jammu,Jammu,Jammu JKPCC Narwal  184,2023-10-01,94.0,94.0,12.0,19.0,3.0,10,2023,-0.8660254037844386,0.5000000000000001,84.0,92.0,100.0,114.0,145.0,84.0,92.0,100.0,114.0,145.0,5.0,30.0,19.0,38.0,47.0,16.0,18.0,15.0,19.0,26.0,3.0,3.0,2.0,2.0,5.652133455254789,92.0,99.33333333333333,7.999999999999998,18.0
Jammu,Jammu,Jammu JKPCC Narwal  184,2023-11-01,107.0,107.0,37.0,24.0,4.0,11,2023,-0.5000000000000004,0.8660254037844384,94.0,84.0,92.0,106.0,144.0,94.0,84.0,92.0,106.0,144.0,12.0,5.0,30.0,32.0,46.0,19.0,16.0,18.0,13.0,23.666666666666668,3.0,3.0,3.0,2.0,11.525240982559223,90.0,96.0,5.291502622129179,15.666666666666666
Jammu,Jammu,Jammu JKPCC Narwal  184,2023-12-01,130.0,130.0,39.0,19.0,2.0,12,2023,-2.4492935982947064e-16,1.0,107.0,94.0,84.0,100.0,147.0,107.0,94.0,84.0,100.0,147.0,37.0,12.0,5.0,33.0,66.0,24.0,19.0,16.0,21.0,21.33333333333333,4.0,3.0,3.0,3.0,10.365002594638806,95.0,96.16666666666667,11.532562594670795,18.0
Jammu,Jammu,Jammu JKPCC Narwal  184,2024-01-01,122.0,122.0,41.0,25.0,3.0,1,2024,0.49999999999999994,0.8660254037844387,130.0,107.0,94.0,100.0,149.0,130.0,107.0,94.0,100.0,130.0,39.0,37.0,12.0,19.0,59.0,19.0,24.0,19.0,15.0,19.0,2.0,4.0,3.0,2.0,2.0,110.33333333333333,101.16666666666667,18.23001188516709,29.333333333333332
Jammu,Jammu,Jammu JKPCC Narwal  184,2024-02-01,121.0,121.0,42.0,21.0,3.0,2,2024,0.8660254037844386,0.5000000000000001,122.0,130.0,107.0,92.0,133.09182933043994,122.0,130.0,107.0,92.0,129.0,41.0,39.0,37.0,30.0,55.0,25.0,19.0,24.0,18.0,20.5,3.0,2.0,4.0,3.0,8.872184721319375,119.66666666666667,104.83333333333333,11.676186592091332,39.0
Jammu,Jammu,Jammu JKPCC Narwal  184,2024-03-01,124.0,124.0,38.0,19.0,3.0,3,2024,1.0,6.123233995736766e-17,121.0,122.0,130.0,84.0,128.0,121.0,122.0,130.0,84.0,128.0,42.0,41.0,39.0,5.0,51.0,21.0,25.0,19.0,16.0,22.0,3.0,3.0,2.0,3.0,3.0,124.33333333333333,109.66666666666667,4.932882862316249,40.666666666666664
Jammu,Jammu,Jammu JKPCC Narwal  184,2024-04-01,110.0,110.0,34.0,19.0,2.0,4,2024,0.8660254037844387,-0.4999999999999998,124.0,121.0,122.0,94.0,114.0,124.0,121.0,122.0,94.0,114.0,38.0,42.0,41.0,12.0,38.0,19.0,21.0,25.0,19.0,19.0,3.0,3.0,3.0,3.0,2.0,122.33333333333333,116.33333333333333,1.5275252316519474,40.333333333333336
Jammu,Jammu,Jammu JKPCC Narwal  184,2024-05-01,113.0,113.0,36.0,17.0,3.0,5,2024,0.49999999999999994,-0.8660254037844387,110.0,124.0,121.0,107.0,106.0,110.0,124.0,121.0,107.0,106.0,34.0,38.0,42.0,37.0,32.0,19.0,19.0,21.0,24.0,13.0,2.0,3.0,3.0,4.0,2.0,118.33333333333333,119.0,7.371114795831992,38.0
Jammu,Jammu,Jammu JKPCC Narwal  184,2024-06-01,112.0,112.0,36.0,25.0,4.0,6,2024,1.2246467991473532e-16,-1.0,113.0,110.0,124.0,130.0,100.0,113.0,110.0,124.0,130.0,100.0,36.0,34.0,38.0,39.0,33.0,17.0,19.0,19.0,19.0,21.0,3.0,2.0,3.0,2.0,3.0,115.66666666666667,120.0,7.371114795831992,36.0
Jammu,Jammu,Jammu JKPCC Narwal  184,2024-07-01,93.0,93.0,32.0,15.0,2.0,7,2024,-0.4999999999999997,-0.8660254037844388,112.0,113.0,110.0,122.0,100.0,112.0,113.0,110.0,122.0,100.0,36.0,36.0,34.0,41.0,19.0,25.0,17.0,19.0,25.0,15.0,4.0,3.0,2.0,3.0,2.0,111.66666666666667,117.0,1.5275252316519463,35.333333333333336
Jammu,Jammu,Jammu JKPCC Narwal  184,2024-08-01,72.0,72.0,17.0,9.0,1.0,8,2024,-0.8660254037844384,-0.5000000000000004,93.0,112.0,113.0,121.0,92.0,93.0,112.0,113.0,121.0,92.0,32.0,36.0,36.0,42.0,30.0,15.0,25.0,17.0,21.0,18.0,2.0,4.0,3.0,3.0,3.0,106.0,112.16666666666667,11.269427669584644,34.666666666666664
Jammu,Jammu,Jammu JKPCC Narwal  184,2024-09-01,92.0,92.0,31.0,16.0,4.563600627006846,9,2024,-1.0,-1.8369701987210297e-16,72.0,93.0,112.0,124.0,84.0,72.0,93.0,112.0,124.0,84.0,17.0,32.0,36.0,38.0,5.0,9.0,15.0,25.0,19.0,16.0,1.0,2.0,4.0,3.0,3.0,92.33333333333333,104.0,20.008331597945222,28.333333333333332
Jammu,Jammu,Jammu JKPCC Narwal  184,2024-10-01,127.0,127.0,14.0,23.0,4.0,10,2024,-0.8660254037844386,0.5000000000000001,92.0,72.0,93.0,110.0,94.0,92.0,72.0,93.0,110.0,94.0,31.0,17.0,32.0,34.0,12.0,16.0,9.0,15.0,19.0,19.0,4.563600627006846,1.0,2.0,2.0,3.0,85.66666666666667,98.66666666666667,11.846237095944566,26.666666666666668
Jammu,Jammu,Jammu JKPCC Narwal  184,2024-11-01,153.1257573490076,156.0,25.0,30.0,6.0,11,2024,-0.5000000000000004,0.8660254037844384,127.0,92.0,72.0,113.0,107.0,127.0,92.0,72.0,113.0,107.0,14.0,31.0,17.0,36.0,37.0,23.0,16.0,9.0,17.0,24.0,4.0,4.563600627006846,1.0,3.0,4.0,97.0,101.5,27.838821814150105,20.666666666666668
Jammu,Jammu,Jammu JKPCC Narwal  184,2024-12-01,153.1257573490076,168.0,62.0,36.0,6.0,12,2024,-2.4492935982947064e-16,1.0,153.1257573490076,127.0,92.0,112.0,130.0,156.0,127.0,92.0,112.0,130.0,25.0,14.0,31.0,36.0,39.0,30.0,23.0,16.0,25.0,19.0,6.0,4.0,4.563600627006846,4.0,2.0,124.04191911633586,108.1876262248346,30.670054365099578,23.333333333333332
Jammu,Jammu,Jammu JKPCC Narwal  184,2025-01-01,180.0,180.0,78.0,34.0,4.0,1,2025,0.49999999999999994,0.8660254037844387,153.1257573490076,153.1257573490076,127.0,93.0,122.0,168.0,156.0,127.0,93.0,122.0,62.0,25.0,14.0,32.0,41.0,36.0,30.0,23.0,15.0,25.0,6.0,6.0,4.0,2.0,3.0,144.41717156600507,115.04191911633586,15.083713038232363,33.666666666666664
Jammu,Jammu,Jammu JKPCC Narwal  184,2025-02-01,150.0,118.0,93.0,13.0,2.0,2,2025,0.8660254037844386,0.5000000000000001,180.0,153.1257573490076,153.1257573490076,72.0,121.0,180.0,168.0,156.0,72.0,121.0,78.0,62.0,25.0,17.0,42.0,34.0,36.0,30.0,9.0,21.0,4.0,6.0,6.0,1.0,3.0,162.08383823267175,129.54191911633586,15.515851228817771,55.0
Jammu,Jammu,Jammu JKPCC Narwal  184,2025-03-01,107.0,107.0,44.0,30.0,3.0,3,2025,1.0,6.123233995736766e-17,150.0,180.0,153.1257573490076,92.0,124.0,118.0,180.0,168.0,92.0,124.0,93.0,78.0,62.0,31.0,38.0,13.0,34.0,36.0,16.0,19.0,2.0,4.0,6.0,4.563600627006846,3.0,161.04191911633586,142.54191911633586,16.492398638308565,77.66666666666667
Jammu,Jammu,Jammu JKPCC Narwal  184,2025-04-01,122.0,122.0,73.0,25.0,3.0,4,2025,0.8660254037844387,-0.4999999999999998,107.0,150.0,180.0,127.0,110.0,107.0,118.0,180.0,127.0,110.0,44.0,93.0,78.0,14.0,34.0,30.0,13.0,34.0,23.0,19.0,3.0,2.0,4.0,4.0,2.0,145.66666666666666,145.04191911633586,36.692415201691674,71.66666666666667
Jammu,Jammu,Jammu JKPCC Narwal  184,2025-05-01,120.0,120.0,70.0,24.0,9.937604130241708,5,2025,0.49999999999999994,-0.8660254037844387,122.0,107.0,150.0,153.1257573490076,113.0,122.0,107.0,118.0,156.0,113.0,73.0,44.0,93.0,25.0,36.0,25.0,30.0,13.0,30.0,17.0,3.0,3.0,2.0,6.0,3.0,126.33333333333333,144.20858578300252,21.825062046494516,70.0
Jammu,Jammu,Jammu JKPCC Narwal  184,2025-06-01,108.0,108.0,51.0,23.0,9.666844690615507,6,2025,1.2246467991473532e-16,-1.0,120.0,122.0,107.0,153.1257573490076,112.0,120.0,122.0,107.0,168.0,112.0,70.0,73.0,44.0,62.0,36.0,24.0,25.0,30.0,36.0,25.0,9.937604130241708,3.0,3.0,6.0,4.0,116.33333333333333,138.6876262248346,8.144527815247237,62.333333333333336
Jammu,Jammu,Jammu JKPCC Narwal  184,2025-07-01,87.0,87.0,31.0,22.0,2.0,7,2025,-0.4999999999999997,-0.8660254037844388,108.0,120.0,122.0,180.0,93.0,108.0,120.0,122.0,180.0,93.0,51.0,70.0,73.0,78.0,32.0,23.0,24.0,25.0,34.0,15.0,9.666844690615507,9.937604130241708,3.0,4.0,2.0,116.66666666666667,131.16666666666666,7.5718777944005335,64.66666666666667
Jammu,Jammu,Jammu JKPCC Narwal  184,2025-08-01,70.0,70.0,31.0,22.0,2.0,8,2025,-0.8660254037844384,-0.5000000000000004,87.0,108.0,120.0,150.0,72.0,87.0,108.0,120.0,118.0,72.0,31.0,51.0,70.0,93.0,17.0,22.0,23.0,24.0,13.0,9.0,2.0,9.666844690615507,9.937604130241708,2.0,1.0,105.0,115.66666666666667,16.70329308849016,50.666666666666664
Jammu,Jammu,Jammu JKPCC Narwal  184,2025-09-01,82.0,82.0,34.0,20.0,2.0,9,2025,-1.0,-1.8369701987210297e-16,70.0,87.0,108.0,107.0,92.0,70.0,87.0,108.0,107.0,92.0,31.0,31.0,51.0,44.0,31.0,22.0,22.0,23.0,30.0,16.0,2.0,2.0,9.666844690615507,3.0,4.563600627006846,88.33333333333333,102.33333333333333,19.035055380359086,37.666666666666664
Jammu,Jammu,Jammu JKPCC Narwal  184,2025-10-01,107.0,107.0,44.0,24.0,4.0,10,2025,-0.8660254037844386,0.5000000000000001,82.0,70.0,87.0,122.0,127.0,82.0,70.0,87.0,122.0,127.0,34.0,31.0,31.0,73.0,14.0,20.0,22.0,22.0,25.0,23.0,2.0,2.0,2.0,3.0,4.0,79.66666666666667,98.16666666666667,8.736894948054374,32.0
Jammu,Jammu,Jammu JKPCC Narwal  184,2025-11-01,148.0,148.0,66.0,34.0,3.0,11,2025,-0.5000000000000004,0.8660254037844384,107.0,82.0,70.0,120.0,153.1257573490076,107.0,82.0,70.0,120.0,156.0,44.0,34.0,31.0,70.0,25.0,24.0,20.0,22.0,24.0,30.0,4.0,2.0,2.0,9.937604130241708,6.0,86.33333333333333,95.66666666666667,18.876793513023806,36.333333333333336
Jammu,Jammu,Jammu JKPCC Narwal  184,2025-12-01,152.0,149.5,51.0,35.0,4.0,12,2025,-2.4492935982947064e-16,1.0,148.0,107.0,82.0,108.0,153.1257573490076,148.0,107.0,82.0,108.0,168.0,66.0,44.0,34.0,51.0,62.0,34.0,24.0,20.0,23.0,36.0,3.0,4.0,2.0,9.666844690615507,6.0,112.33333333333333,100.33333333333333,33.32166462428514,48.0
Jammu,Jammu,Jammu JKPCC Narwal  184,2026-01-01,151.0,151.0,67.0,39.0,3.0,1,2026,0.49999999999999994,0.8660254037844387,152.0,148.0,107.0,87.0,180.0,149.5,148.0,107.0,87.0,180.0,51.0,66.0,44.0,31.0,78.0,35.0,34.0,24.0,22.0,34.0,4.0,3.0,4.0,2.0,4.0,135.66666666666666,107.66666666666667,24.90649179096355,53.666666666666664
Jammu,Jammu,Jammu JKPCC Narwal  184,2026-02-01,126.0,126.0,75.0,37.0,4.0,2,2026,0.8660254037844386,0.5000000000000001,151.0,152.0,148.0,70.0,150.0,151.0,149.5,148.0,70.0,118.0,67.0,51.0,66.0,31.0,93.0,39.0,35.0,34.0,22.0,13.0,3.0,4.0,3.0,2.0,2.0,150.33333333333334,118.33333333333333,2.0816659994662383,61.333333333333336
Jammu,Jammu,Jammu JKPCC Narwal  184,2026-03-01,130.0,130.0,56.0,34.0,3.0,3,2026,1.0,6.123233995736766e-17,126.0,151.0,152.0,82.0,107.0,126.0,151.0,149.5,82.0,107.0,75.0,67.0,51.0,34.0,44.0,37.0,39.0,35.0,20.0,30.0,4.0,3.0,4.0,2.0,3.0,143.0,127.66666666666667,14.73091986265625,64.33333333333333
Jammu,Jammu,Jammu MAM Stadium  482,2023-01-01,138.0,138.0,47.0,21.0,2.0,1,2023,0.49999999999999994,0.8660254037844387,102.56565437407626,92.0,95.0,77.0,86.0,123.66666666666669,109.33333333333331,95.0,77.0,86.0,61.0,50.0,42.0,32.0,41.0,16.0,18.0,19.0,17.0,24.0,6.666811833247598,6.752822362299059,2.0,3.0,2.0,96.52188479135874,91.01161387475992,5.444755557115134,51.0
Jammu,Jammu,Jammu MAM Stadium  482,2023-02-01,120.0,120.0,64.0,22.5,9.22599969531746,2,2023,0.8660254037844386,0.5000000000000001,138.0,102.56565437407626,92.0,89.0,148.0,138.0,123.66666666666669,109.33333333333331,89.0,148.0,47.0,61.0,50.0,33.0,45.0,21.0,16.0,18.0,8.0,28.0,2.0,6.666811833247598,6.752822362299059,1.0,3.0,110.85521812469209,101.17828054142659,24.094348930436844,52.666666666666664
Jammu,Jammu,Jammu MAM Stadium  482,2023-03-01,121.0,121.0,59.0,24.0,3.0,3,2023,1.0,6.123233995736766e-17,120.0,138.0,102.56565437407626,90.50402887448324,136.0,120.0,138.0,123.66666666666669,92.0,136.0,64.0,47.0,61.0,37.5,57.0,22.5,21.0,16.0,13.5,21.0,9.22599969531746,2.0,6.666811833247598,4.068826163558235,3.0,120.18855145802542,106.34494720809325,17.717925279885282,57.333333333333336
Jammu,Jammu,Jammu MAM Stadium  482,2023-04-01,106.0,106.0,37.0,18.0,2.0,4,2023,0.8660254037844387,-0.4999999999999998,121.0,120.0,138.0,95.0,91.0,121.0,120.0,138.0,95.0,91.0,59.0,64.0,47.0,42.0,27.0,24.0,22.5,21.0,19.0,16.0,3.0,9.22599969531746,2.0,2.0,2.0,126.33333333333333,111.42760906234604,10.11599393699569,56.666666666666664
Jammu,Jammu,Jammu MAM Stadium  482,2023-05-01,104.0,104.0,38.0,16.0,2.0,5,2023,0.49999999999999994,-0.8660254037844387,106.0,121.0,120.0,92.0,84.2527935457511,106.0,121.0,120.0,109.33333333333331,86.33333333333333,37.0,59.0,64.0,50.0,28.666666666666668,18.0,24.0,22.5,18.0,16.333333333333332,2.0,3.0,9.22599969531746,6.752822362299059,3.030356886375052,115.66666666666667,113.26094239567936,8.386497083606095,53.333333333333336
Jammu,Jammu,Jammu MAM Stadium  482,2023-06-01,99.0,99.0,33.0,14.0,2.0,6,2023,1.2246467991473532e-16,-1.0,104.0,106.0,121.0,102.56565437407626,84.2527935457511,104.0,106.0,121.0,123.66666666666669,81.66666666666667,38.0,37.0,59.0,61.0,30.33333333333333,16.0,18.0,24.0,16.0,16.666666666666668,2.0,2.0,3.0,6.666811833247598,3.765416669195728,110.33333333333333,115.26094239567936,9.29157324317758,44.666666666666664
Jammu,Jammu,Jammu MAM Stadium  482,2023-07-01,85.0,85.0,24.0,11.0,2.0,7,2023,-0.4999999999999997,-0.8660254037844388,99.0,104.0,106.0,138.0,77.0,99.0,104.0,106.0,138.0,77.0,33.0,38.0,37.0,47.0,32.0,14.0,16.0,18.0,21.0,17.0,2.0,2.0,2.0,2.0,3.0,103.0,114.66666666666667,3.605551275464013,36.0
Jammu,Jammu,Jammu MAM Stadium  482,2023-08-01,93.0,93.0,15.5,14.0,2.0,8,2023,-0.8660254037844384,-0.5000000000000004,85.0,99.0,104.0,120.0,89.0,85.0,99.0,104.0,120.0,89.0,24.0,33.0,38.0,64.0,33.0,11.0,14.0,16.0,22.5,8.0,2.0,2.0,2.0,9.22599969531746,1.0,96.0,105.83333333333333,9.848857801796113,31.666666666666668
Jammu,Jammu,Jammu MAM Stadium  482,2023-09-01,84.0,84.0,7.0,19.0,3.0,9,2023,-1.0,-1.8369701987210297e-16,93.0,85.0,99.0,121.0,90.50402887448324,93.0,85.0,99.0,121.0,92.0,15.5,24.0,33.0,59.0,37.5,14.0,11.0,14.0,24.0,13.5,2.0,2.0,2.0,3.0,4.068826163558235,92.33333333333333,101.33333333333333,7.023769168568505,24.166666666666668
Jammu,Jammu,Jammu MAM Stadium  482,2023-10-01,85.0,85.0,32.0,16.0,2.0,10,2023,-0.8660254037844386,0.5000000000000001,84.0,93.0,85.0,106.0,95.0,84.0,93.0,85.0,106.0,95.0,7.0,15.5,24.0,37.0,42.0,19.0,14.0,11.0,18.0,19.0,3.0,2.0,2.0,2.0,2.0,87.33333333333333,95.16666666666667,4.932882862316261,15.5
Jammu,Jammu,Jammu MAM Stadium  482,2023-11-01,82.81319514909926,82.0,31.0,16.333333333333332,3.0,11,2023,-0.5000000000000004,0.8660254037844384,85.0,84.0,93.0,104.0,92.0,85.0,84.0,93.0,104.0,109.33333333333331,32.0,7.0,15.5,38.0,50.0,16.0,19.0,14.0,16.0,18.0,2.0,3.0,2.0,2.0,6.752822362299059,87.33333333333333,91.66666666666667,4.932882862316261,18.166666666666668
Jammu,Jammu,Jammu MAM Stadium  482,2023-12-01,82.81319514909926,98.0,38.0,16.666666666666668,4.222350639507493,12,2023,-2.4492935982947064e-16,1.0,82.81319514909926,85.0,84.0,99.0,102.56565437407626,82.0,85.0,84.0,99.0,123.66666666666669,31.0,32.0,7.0,33.0,61.0,16.333333333333332,16.0,19.0,14.0,16.0,3.0,2.0,3.0,2.0,6.666811833247598,83.93773171636643,88.13553252484989,1.0947314137910138,23.333333333333332
Jammu,Jammu,Jammu MAM Stadium  482,2024-01-01,102.0,102.0,42.0,17.0,2.0,1,2024,0.49999999999999994,0.8660254037844387,82.81319514909926,82.81319514909926,85.0,85.0,138.0,98.0,82.0,85.0,85.0,138.0,38.0,31.0,32.0,24.0,47.0,16.666666666666668,16.333333333333332,16.0,11.0,21.0,4.222350639507493,3.0,2.0,2.0,2.0,83.5421300993995,85.43773171636643,1.2625523693327656,33.666666666666664
Jammu,Jammu,Jammu MAM Stadium  482,2024-02-01,96.529090554491,96.5,38.0,17.0,4.081249287430726,2,2024,0.8660254037844386,0.5000000000000001,102.0,82.81319514909926,82.81319514909926,93.0,120.0,102.0,98.0,82.0,93.0,120.0,42.0,38.0,31.0,15.5,64.0,17.0,16.666666666666668,16.333333333333332,14.0,22.5,2.0,4.222350639507493,3.0,2.0,9.22599969531746,89.20879676606619,88.27106504969976,11.07750694555636,37.0
Jammu,Jammu,Jammu MAM Stadium  482,2024-03-01,91.0,91.0,34.0,17.0,2.0,3,2024,1.0,6.123233995736766e-17,96.529090554491,102.0,82.81319514909926,84.0,121.0,96.5,102.0,98.0,84.0,121.0,38.0,42.0,38.0,7.0,59.0,17.0,17.0,16.666666666666668,19.0,24.0,4.081249287430726,2.0,4.222350639507493,3.0,3.0,93.78076190119675,88.8592468087816,9.884247714749245,39.333333333333336
Jammu,Jammu,Jammu MAM Stadium  482,2024-04-01,82.0,82.0,31.0,13.0,2.0,4,2024,0.8660254037844387,-0.4999999999999998,91.0,96.529090554491,102.0,85.0,106.0,91.0,96.5,102.0,85.0,106.0,34.0,38.0,42.0,32.0,37.0,17.0,17.0,17.0,16.0,18.0,2.0,4.081249287430726,2.0,2.0,2.0,96.509696851497,90.02591347544826,5.500025644193563,38.0
Jammu,Jammu,Jammu MAM Stadium  482,2024-05-01,83.0,83.0,31.0,15.0,3.0,5,2024,0.49999999999999994,-0.8660254037844387,82.0,91.0,96.529090554491,82.81319514909926,104.0,82.0,91.0,96.5,82.0,104.0,31.0,34.0,38.0,31.0,38.0,13.0,17.0,17.0,16.333333333333332,16.0,2.0,2.0,4.081249287430726,3.0,2.0,89.84303018483034,89.52591347544826,7.333317970063769,34.333333333333336
Jammu,Jammu,Jammu MAM Stadium  482,2024-06-01,87.0,87.0,31.0,16.0,2.0,6,2024,1.2246467991473532e-16,-1.0,83.0,82.0,91.0,82.81319514909926,99.0,83.0,82.0,91.0,98.0,99.0,31.0,31.0,34.0,38.0,33.0,15.0,13.0,17.0,16.666666666666668,14.0,3.0,2.0,2.0,4.222350639507493,2.0,85.33333333333333,89.55704761726504,4.932882862316245,32.0
Jammu,Jammu,Jammu MAM Stadium  482,2024-07-01,79.0,79.0,8.0,13.0,2.0,7,2024,-0.4999999999999997,-0.8660254037844388,87.0,83.0,82.0,102.0,85.0,87.0,83.0,82.0,102.0,85.0,31.0,31.0,31.0,42.0,24.0,16.0,15.0,13.0,17.0,11.0,2.0,3.0,2.0,2.0,2.0,84.0,90.25484842574849,2.6457513110645827,31.0
Jammu,Jammu,Jammu MAM Stadium  482,2024-08-01,70.0,70.0,11.75,7.0,1.0,8,2024,-0.8660254037844384,-0.5000000000000004,79.0,87.0,83.0,96.529090554491,93.0,79.0,87.0,83.0,96.5,93.0,8.0,31.0,31.0,38.0,15.5,13.0,16.0,15.0,17.0,14.0,2.0,2.0,3.0,4.081249287430726,2.0,83.0,86.42151509241516,3.9999999999999947,23.333333333333332
Jammu,Jammu,Jammu MAM Stadium  482,2024-09-01,76.0,76.0,15.5,12.5,3.95728107414656,9,2024,-1.0,-1.8369701987210297e-16,70.0,79.0,87.0,91.0,84.0,70.0,79.0,87.0,91.0,84.0,11.75,8.0,31.0,34.0,7.0,7.0,13.0,16.0,17.0,19.0,1.0,2.0,2.0,2.0,3.0,78.66666666666667,82.0,8.504900548115382,16.916666666666668
Jammu,Jammu,Jammu MAM Stadium  482,2024-10-01,120.0,120.0,19.25,18.0,4.0,10,2024,-0.8660254037844386,0.5000000000000001,76.0,70.0,79.0,82.0,85.0,76.0,70.0,79.0,82.0,85.0,15.5,11.75,8.0,31.0,32.0,12.5,7.0,13.0,13.0,16.0,3.95728107414656,1.0,2.0,2.0,2.0,75.0,79.5,4.582575694955842,11.75
Jammu,Jammu,Jammu MAM Stadium  482,2024-11-01,156.0,156.0,23.0,20.33333333333333,5.0,11,2024,-0.5000000000000004,0.8660254037844384,120.0,76.0,70.0,83.0,82.81319514909926,120.0,76.0,70.0,83.0,82.0,19.25,15.5,11.75,31.0,31.0,18.0,12.5,7.0,15.0,16.333333333333332,4.0,3.95728107414656,1.0,3.0,3.0,88.66666666666667,85.83333333333333,27.30079363925769,15.5
Jammu,Jammu,Jammu MAM Stadium  482,2024-12-01,159.0,159.0,67.0,22.666666666666668,4.0,12,2024,-2.4492935982947064e-16,1.0,156.0,120.0,76.0,87.0,82.81319514909926,156.0,120.0,76.0,87.0,98.0,23.0,19.25,15.5,31.0,38.0,20.33333333333333,18.0,12.5,16.0,16.666666666666668,5.0,4.0,3.95728107414656,2.0,4.222350639507493,117.33333333333333,98.0,40.06661120351125,19.25
Jammu,Jammu,Jammu MAM Stadium  482,2025-01-01,167.0,167.0,111.0,25.0,3.0,1,2025,0.49999999999999994,0.8660254037844387,159.0,156.0,120.0,79.0,102.0,159.0,156.0,120.0,79.0,102.0,67.0,23.0,19.25,8.0,42.0,22.666666666666668,20.33333333333333,18.0,13.0,17.0,4.0,5.0,4.0,2.0,2.0,145.0,110.0,21.70253441421071,36.416666666666664
Jammu,Jammu,Jammu MAM Stadium  482,2025-02-01,112.0,67.0,90.0,14.0,1.0,2,2025,0.8660254037844386,0.5000000000000001,167.0,159.0,156.0,70.0,96.529090554491,167.0,159.0,156.0,70.0,96.5,111.0,67.0,23.0,11.75,38.0,25.0,22.666666666666668,20.33333333333333,7.0,17.0,3.0,4.0,5.0,1.0,4.081249287430726,160.66666666666666,124.66666666666667,5.686240703077351,67.0
Jammu,Jammu,Jammu MAM Stadium  482,2025-03-01,94.0,94.0,37.0,31.0,3.0,3,2025,1.0,6.123233995736766e-17,112.0,167.0,159.0,76.0,91.0,67.0,167.0,159.0,76.0,91.0,90.0,111.0,67.0,15.5,34.0,14.0,25.0,22.666666666666668,12.5,17.0,1.0,3.0,4.0,3.95728107414656,2.0,146.0,131.66666666666666,29.715315916207256,89.33333333333333
Jammu,Jammu,Jammu MAM Stadium  482,2025-04-01,133.0,133.0,52.0,37.0,4.0,4,2025,0.8660254037844387,-0.4999999999999998,94.0,112.0,167.0,120.0,82.0,94.0,67.0,167.0,120.0,82.0,37.0,90.0,111.0,19.25,31.0,31.0,14.0,25.0,18.0,13.0,3.0,1.0,3.0,4.0,2.0,124.33333333333333,134.66666666666666,38.03068936179482,79.33333333333333
Jammu,Jammu,Jammu MAM Stadium  482,2025-05-01,103.0,103.0,49.0,30.33333333333333,9.474172477557124,5,2025,0.49999999999999994,-0.8660254037844387,133.0,94.0,112.0,156.0,83.0,133.0,94.0,67.0,156.0,83.0,52.0,37.0,90.0,23.0,31.0,37.0,31.0,14.0,20.33333333333333,15.0,4.0,3.0,1.0,5.0,3.0,113.0,136.83333333333334,19.519221295943137,59.666666666666664
Jammu,Jammu,Jammu MAM Stadium  482,2025-06-01,84.19931788562502,84.0,38.5,23.666666666666664,2.725326166060041,6,2025,1.2246467991473532e-16,-1.0,103.0,133.0,94.0,159.0,87.0,103.0,133.0,94.0,159.0,87.0,49.0,52.0,37.0,67.0,31.0,30.33333333333333,37.0,31.0,22.666666666666668,16.0,9.474172477557124,4.0,3.0,4.0,2.0,110.0,128.0,20.42057785666214,46.0
Jammu,Jammu,Jammu MAM Stadium  482,2025-07-01,65.0,65.0,28.0,17.0,2.0,7,2025,-0.4999999999999997,-0.8660254037844388,84.19931788562502,103.0,133.0,167.0,79.0,84.0,103.0,133.0,167.0,79.0,38.5,49.0,52.0,111.0,8.0,23.666666666666664,30.33333333333333,37.0,25.0,13.0,2.725326166060041,9.474172477557124,4.0,3.0,2.0,106.73310596187501,115.53321964760418,24.613587788028987,46.5
Jammu,Jammu,Jammu MAM Stadium  482,2025-08-01,56.0,56.0,27.0,13.0,1.0,8,2025,-0.8660254037844384,-0.5000000000000004,65.0,84.19931788562502,103.0,112.0,70.0,65.0,84.0,103.0,67.0,70.0,28.0,38.5,49.0,90.0,11.75,17.0,23.666666666666664,30.33333333333333,14.0,7.0,2.0,2.725326166060041,9.474172477557124,1.0,1.0,84.06643929520834,98.53321964760418,19.00034848469479,38.5
Jammu,Jammu,Jammu MAM Stadium  482,2025-09-01,55.0,55.0,24.0,15.0,2.0,9,2025,-1.0,-1.8369701987210297e-16,56.0,65.0,84.19931788562502,94.0,76.0,56.0,65.0,84.0,94.0,76.0,27.0,28.0,38.5,37.0,15.5,13.0,17.0,23.666666666666664,31.0,12.5,1.0,2.0,2.725326166060041,3.0,3.95728107414656,68.39977262854167,89.19988631427084,14.403791957257951,31.166666666666668
Jammu,Jammu,Jammu MAM Stadium  482,2025-10-01,69.0,69.0,30.0,19.0,3.0,10,2025,-0.8660254037844386,0.5000000000000001,55.0,56.0,65.0,133.0,120.0,55.0,56.0,65.0,133.0,120.0,24.0,27.0,28.0,52.0,19.25,15.0,13.0,17.0,37.0,18.0,2.0,1.0,2.0,4.0,4.0,58.666666666666664,82.69988631427084,5.507570547286106,26.333333333333332
Jammu,Jammu,Jammu MAM Stadium  482,2025-11-01,106.0,102.0,46.33333333333333,24.0,3.0,11,2025,-0.5000000000000004,0.8660254037844384,69.0,55.0,56.0,103.0,156.0,69.0,55.0,56.0,103.0,156.0,30.0,24.0,27.0,49.0,23.0,19.0,15.0,13.0,30.33333333333333,20.33333333333333,3.0,2.0,1.0,9.474172477557124,5.0,60.0,72.03321964760417,7.810249675906657,27.0
Jammu,Jammu,Jammu MAM Stadium  482,2025-12-01,127.0,127.0,62.66666666666666,29.0,3.0,12,2025,-2.4492935982947064e-16,1.0,106.0,69.0,55.0,84.19931788562502,159.0,102.0,69.0,55.0,84.0,159.0,46.33333333333333,30.0,24.0,38.5,67.0,24.0,19.0,15.0,23.666666666666664,22.666666666666668,3.0,3.0,2.0,2.725326166060041,4.0,76.66666666666667,72.53321964760417,26.350205565295564,33.44444444444444
Jammu,Jammu,Jammu MAM Stadium  482,2026-01-01,138.0,138.0,79.0,34.0,3.0,1,2026,0.49999999999999994,0.8660254037844387,127.0,106.0,69.0,65.0,167.0,127.0,102.0,69.0,65.0,167.0,62.66666666666666,46.33333333333333,30.0,28.0,111.0,29.0,24.0,19.0,17.0,25.0,3.0,3.0,3.0,2.0,3.0,100.66666666666667,79.66666666666667,29.365512652316035,46.333333333333336
Jammu,Jammu,Jammu MAM Stadium  482,2026-02-01,109.0,109.0,50.0,29.0,3.0,2,2026,0.8660254037844386,0.5000000000000001,138.0,127.0,106.0,56.0,112.0,138.0,127.0,102.0,56.0,67.0,79.0,62.66666666666666,46.33333333333333,27.0,90.0,34.0,29.0,24.0,13.0,14.0,3.0,3.0,3.0,1.0,1.0,123.66666666666667,91.83333333333333,16.25833119767625,62.666666666666664
Jammu,Jammu,Jammu MAM Stadium  482,2026-03-01,94.0,94.0,41.0,25.0,2.0,3,2026,1.0,6.123233995736766e-17,109.0,138.0,127.0,55.0,94.0,109.0,138.0,127.0,55.0,94.0,50.0,79.0,62.66666666666666,24.0,37.0,29.0,34.0,29.0,15.0,31.0,3.0,3.0,3.0,2.0,3.0,124.66666666666667,100.66666666666667,14.640127503998482,63.88888888888889
Jammu,Jammu,Jammu Manda Zoo,2023-01-01,76.0,76.0,7.0,9.0,2.0,1,2023,0.49999999999999994,0.8660254037844387,76.0,45.6,45.6,54.738461538461536,94.05218158785785,76.0,76.0,76.0,91.23076923076924,92.6153846153846,29.55466926072707,29.55466926072707,30.4,32.6631995559172,38.38461538461539,11.40364794973972,11.40364794973972,30.4,16.07552108858594,23.76923076923077,3.8668051825078686,3.8668051825078686,4.6111396336377,3.623796294796824,2.5112268095763217,55.73333333333334,60.321925761772185,17.55144818336462,29.836446173818047
Jammu,Jammu,Jammu Manda Zoo,2023-02-01,80.0,80.0,10.0,5.0,1.0,2,2023,0.8660254037844386,0.5000000000000001,76.0,76.0,45.6,94.39309303217156,94.05218158785785,76.0,76.0,76.0,97.17726946547948,91.23076923076924,7.0,29.55466926072707,29.55466926072707,45.4194897078592,35.76923076923077,9.0,11.40364794973972,11.40364794973972,16.90828403592742,22.53846153846154,2.0,3.8668051825078686,3.8668051825078686,5.830875792682721,4.487933225159465,65.86666666666667,63.86551550536192,17.551448183364624,22.036446173818046
Jammu,Jammu,Jammu Manda Zoo,2023-03-01,77.03576155084836,78.2,13.0,5.181818181818182,1.9533329514250848,3,2023,1.0,6.123233995736766e-17,80.0,76.0,76.0,45.6,54.738461538461536,80.0,76.0,76.0,76.0,91.23076923076924,10.0,7.0,29.55466926072707,30.4,32.6631995559172,5.0,9.0,11.40364794973972,30.4,16.733514529847653,1.0,2.0,3.8668051825078686,5.02690885583505,3.623796294796823,77.33333333333333,61.46666666666667,2.309401076758505,15.518223086909025
Jammu,Jammu,Jammu Manda Zoo,2023-04-01,77.03576155084836,76.4,29.71503698215724,5.363636363636363,2.027582644487428,4,2023,0.8660254037844387,-0.4999999999999998,77.03576155084836,80.0,76.0,45.6,54.738461538461536,78.2,80.0,76.0,76.0,91.23076923076924,13.0,10.0,7.0,30.4,32.6631995559172,5.181818181818182,5.0,9.0,30.4,16.07552108858594,1.9533329514250848,1.0,2.0,4.6111396336377,3.623796294796823,77.67858718361613,66.70596025847472,2.076034343552019,10.0
Jammu,Jammu,Jammu Manda Zoo,2023-05-01,45.84,76.4,29.71503698215724,11.40364794973972,3.8668051825078686,5,2023,0.49999999999999994,-0.8660254037844387,77.03576155084836,77.03576155084836,80.0,45.6,54.738461538461536,76.4,78.2,80.0,76.0,91.23076923076924,29.71503698215724,13.0,10.0,29.55466926072707,32.6631995559172,5.363636363636363,5.181818181818182,5.0,11.40364794973972,16.07552108858594,2.027582644487428,1.9533329514250848,1.0,3.8668051825078686,3.623796294796823,78.02384103389892,71.94525385028278,1.7114038665599414,17.571678994052416
Jammu,Jammu,Jammu Manda Zoo,2023-06-01,71.0,71.0,27.381420196245134,11.19311757967995,3.8668051825078686,6,2023,1.2246467991473532e-16,-1.0,45.84,77.03576155084836,77.03576155084836,76.0,54.738461538461536,76.4,76.4,78.2,76.0,91.23076923076924,29.71503698215724,29.71503698215724,13.0,29.55466926072707,32.6631995559172,11.40364794973972,5.363636363636363,5.181818181818182,11.40364794973972,16.07552108858594,3.8668051825078686,2.027582644487428,1.9533329514250848,3.8668051825078686,3.623796294796823,66.63717436723225,71.98525385028279,18.01088132895768,24.143357988104828
Jammu,Jammu,Jammu Manda Zoo,2023-07-01,71.0,71.0,25.0,13.149730426397582,3.9810587221465696,7,2023,-0.4999999999999997,-0.8660254037844388,71.0,45.84,77.03576155084836,76.0,54.738461538461536,71.0,76.4,76.4,76.0,91.23076923076924,27.381420196245134,29.71503698215724,29.71503698215724,7.0,32.6631995559172,11.19311757967995,11.40364794973972,5.363636363636363,9.0,16.07552108858594,3.8668051825078686,3.8668051825078686,2.027582644487428,2.0,3.623796294796824,64.62525385028279,71.15192051694946,16.546054697097677,28.93716472018654
Jammu,Jammu,Jammu Manda Zoo,2023-08-01,71.0,71.0,25.0,13.516270526758976,3.9810587221465696,8,2023,-0.8660254037844384,-0.5000000000000004,71.0,71.0,45.84,80.0,94.39309303217156,71.0,71.0,76.4,80.0,97.17726946547948,25.0,27.381420196245134,29.71503698215724,10.0,45.4194897078592,13.149730426397582,11.19311757967995,11.40364794973972,5.0,16.90828403592742,3.9810587221465696,3.8668051825078686,3.8668051825078686,1.0,5.830875792682721,62.613333333333344,70.31858718361612,14.526132772810985,27.365485726134125
Jammu,Jammu,Jammu Manda Zoo,2023-09-01,66.0,66.0,24.0,11.808670007355554,4.082742222733614,9,2023,-1.0,-1.8369701987210297e-16,71.0,71.0,71.0,77.03576155084836,45.6,71.0,71.0,71.0,78.2,76.0,25.0,25.0,27.381420196245134,13.0,30.4,13.516270526758976,13.149730426397582,11.19311757967995,5.181818181818182,30.4,3.9810587221465696,3.9810587221465696,3.8668051825078686,1.9533329514250848,5.02690885583505,71.0,68.81858718361612,0.0,25.79380673208171
Jammu,Jammu,Jammu Manda Zoo,2023-10-01,66.0,66.0,26.0,10.63834601760437,3.907320133802055,10,2023,-0.8660254037844386,0.5000000000000001,66.0,71.0,71.0,77.03576155084836,45.6,66.0,71.0,71.0,76.4,76.0,24.0,25.0,25.0,29.71503698215724,30.4,11.808670007355554,13.516270526758976,13.149730426397582,5.363636363636363,30.4,4.082742222733614,3.9810587221465696,3.9810587221465696,2.027582644487428,4.6111396336377,69.33333333333333,66.97929359180806,2.886751345948127,24.666666666666668
Jammu,Jammu,Jammu Manda Zoo,2023-11-01,65.51989407793891,66.0,27.666666666666668,10.494907216719012,2.0,11,2023,-0.5000000000000004,0.8660254037844384,66.0,66.0,71.0,45.84,45.6,66.0,66.0,71.0,76.4,76.0,26.0,24.0,25.0,29.71503698215724,29.55466926072707,10.63834601760437,11.808670007355554,13.516270526758976,11.40364794973972,11.40364794973972,3.907320133802055,4.082742222733614,3.9810587221465696,3.8668051825078686,3.8668051825078686,67.66666666666667,65.14,2.886751345948127,25.0
Jammu,Jammu,Jammu Manda Zoo,2023-12-01,65.51989407793891,71.5,29.33333333333333,12.358208430699452,1.0,12,2023,-2.4492935982947064e-16,1.0,65.51989407793891,66.0,66.0,71.0,76.0,66.0,66.0,66.0,71.0,76.0,27.666666666666668,26.0,24.0,27.381420196245134,29.55466926072707,10.494907216719012,10.63834601760437,11.808670007355554,11.19311757967995,11.40364794973972,2.0,3.907320133802055,4.082742222733614,3.8668051825078686,3.8668051825078686,65.83996469264632,68.41998234632315,0.27718928334150106,25.88888888888889
Jammu,Jammu,Jammu Manda Zoo,2024-01-01,77.0,77.0,31.0,7.0,2.0,1,2024,0.49999999999999994,0.8660254037844387,65.51989407793891,65.51989407793891,66.0,71.0,76.0,71.5,66.0,66.0,71.0,76.0,29.33333333333333,27.666666666666668,26.0,25.0,7.0,12.358208430699452,10.494907216719012,10.63834601760437,13.149730426397582,9.0,1.0,2.0,3.907320133802055,3.9810587221465696,2.0,65.67992938529261,67.50663135931298,0.27718928334150106,27.666666666666668
Jammu,Jammu,Jammu Manda Zoo,2024-02-01,81.0,81.0,27.0,5.0,2.0,2,2024,0.8660254037844386,0.5000000000000001,77.0,65.51989407793891,65.51989407793891,71.0,80.0,77.0,71.5,66.0,71.0,80.0,31.0,29.33333333333333,27.666666666666668,25.0,10.0,7.0,12.358208430699452,10.494907216719012,13.516270526758976,5.0,2.0,1.0,2.0,3.9810587221465696,1.0,69.34659605195928,68.50663135931298,6.628042244427382,29.333333333333332
Jammu,Jammu,Jammu Manda Zoo,2024-03-01,80.0,80.0,29.0,6.0,3.0,3,2024,1.0,6.123233995736766e-17,81.0,77.0,65.51989407793891,66.0,77.03576155084836,81.0,77.0,71.5,66.0,78.2,27.0,31.0,29.33333333333333,24.0,13.0,5.0,7.0,12.358208430699452,11.808670007355554,5.181818181818182,2.0,2.0,1.0,4.082742222733614,1.9533329514250848,74.50663135931298,70.17329802597963,8.035613556121813,29.11111111111111
Jammu,Jammu,Jammu Manda Zoo,2024-04-01,74.0,74.0,21.0,5.0,2.0,4,2024,0.8660254037844387,-0.4999999999999998,80.0,81.0,77.0,66.0,77.03576155084836,80.0,81.0,77.0,66.0,76.4,29.0,27.0,31.0,26.0,29.71503698215724,6.0,5.0,7.0,10.63834601760437,5.363636363636363,3.0,2.0,2.0,3.907320133802055,2.027582644487428,79.33333333333333,72.50663135931298,2.081665999466094,29.0
Jammu,Jammu,Jammu Manda Zoo,2024-05-01,61.17035736268216,62.0,21.09523809523809,5.0,2.006943771693384,5,2024,0.49999999999999994,-0.8660254037844387,74.0,80.0,81.0,65.51989407793891,45.84,74.0,80.0,81.0,66.0,76.4,21.0,29.0,27.0,27.666666666666668,29.71503698215724,5.0,6.0,5.0,10.494907216719012,11.40364794973972,2.0,3.0,2.0,2.0,3.8668051825078686,78.33333333333333,73.8399646926463,3.78593889720016,25.666666666666668
Jammu,Jammu,Jammu Manda Zoo,2024-06-01,61.17035736268216,61.8780487804878,21.19047619047619,5.0,1.863386979875452,6,2024,1.2246467991473532e-16,-1.0,61.17035736268216,74.0,80.0,65.51989407793891,71.0,62.0,74.0,80.0,71.5,71.0,21.09523809523809,21.0,29.0,29.33333333333333,27.381420196245134,5.0,5.0,6.0,12.358208430699452,11.19311757967995,2.006943771693384,2.0,3.0,1.0,3.8668051825078686,71.7234524542274,73.11504190677019,9.61903643866665,23.698412698412696
Jammu,Jammu,Jammu Manda Zoo,2024-07-01,37.05365853658537,61.75609756097561,35.92907164227069,11.528282393213852,6.256633498302223,7,2024,-0.4999999999999997,-0.8660254037844388,61.17035736268216,61.17035736268216,74.0,77.0,71.0,61.8780487804878,62.0,74.0,77.0,71.0,21.19047619047619,21.09523809523809,21.0,31.0,25.0,5.0,5.0,5.0,7.0,13.149730426397582,1.863386979875452,2.006943771693384,2.0,2.0,3.9810587221465696,65.44690490845478,72.39011912089406,7.407197630262138,21.09523809523809
Jammu,Jammu,Jammu Manda Zoo,2024-08-01,37.05365853658537,61.75609756097561,35.92907164227069,11.61285731255391,6.256633498302223,8,2024,-0.8660254037844384,-0.5000000000000004,37.05365853658537,61.17035736268216,61.17035736268216,81.0,71.0,61.75609756097561,61.8780487804878,62.0,81.0,71.0,35.92907164227069,21.19047619047619,21.09523809523809,27.0,25.0,11.528282393213852,5.0,5.0,5.0,13.516270526758976,6.256633498302223,1.863386979875452,2.006943771693384,2.0,3.9810587221465696,53.131457753983234,65.73239554365828,13.923782559212116,26.071595309328327
Jammu,Jammu,Jammu Manda Zoo,2024-09-01,37.05365853658537,61.75609756097561,35.92907164227069,11.61285731255391,6.256633498302223,9,2024,-1.0,-1.8369701987210297e-16,37.05365853658537,37.05365853658537,61.17035736268216,80.0,66.0,61.75609756097561,61.75609756097561,61.8780487804878,80.0,66.0,35.92907164227069,35.92907164227069,21.19047619047619,29.0,24.0,11.61285731255391,11.528282393213852,5.0,6.0,11.808670007355554,6.256633498302223,6.256633498302223,1.863386979875452,3.0,4.082742222733614,45.09255814528431,58.40800529975584,13.923782559212116,31.016206491672524
Jammu,Jammu,Jammu Manda Zoo,2024-10-01,37.05365853658537,61.75609756097561,35.92907164227069,11.61285731255391,6.256633498302223,10,2024,-0.8660254037844386,0.5000000000000001,37.05365853658537,37.05365853658537,37.05365853658537,74.0,66.0,61.75609756097561,61.75609756097561,61.75609756097561,74.0,66.0,35.92907164227069,35.92907164227069,35.92907164227069,21.0,26.0,11.61285731255391,11.61285731255391,11.528282393213852,5.0,10.63834601760437,6.256633498302223,6.256633498302223,6.256633498302223,2.0,3.907320133802055,37.05365853658537,51.25028172252007,0.0,35.92907164227069
Jammu,Jammu,Jammu Manda Zoo,2024-11-01,37.05365853658537,61.75609756097561,35.92907164227069,11.61285731255391,6.256633498302223,11,2024,-0.5000000000000004,0.8660254037844384,37.05365853658537,37.05365853658537,37.05365853658537,61.17035736268216,65.51989407793891,61.75609756097561,61.75609756097561,61.75609756097561,62.0,66.0,35.92907164227069,35.92907164227069,35.92907164227069,21.09523809523809,27.666666666666668,11.61285731255391,11.61285731255391,11.61285731255391,5.0,10.494907216719012,6.256633498302223,6.256633498302223,6.256633498302223,2.006943771693384,2.0,37.05365853658537,45.0925581452843,0.0,35.92907164227069
Jammu,Jammu,Jammu Manda Zoo,2024-12-01,37.05365853658537,61.75609756097561,35.92907164227069,11.612857312553908,6.256633498302224,12,2024,-2.4492935982947064e-16,1.0,37.05365853658537,37.05365853658537,37.05365853658537,61.17035736268216,65.51989407793891,61.75609756097561,61.75609756097561,61.75609756097561,61.8780487804878,71.5,35.92907164227069,35.92907164227069,35.92907164227069,21.19047619047619,29.33333333333333,11.61285731255391,11.61285731255391,11.61285731255391,5.0,12.358208430699452,6.256633498302223,6.256633498302223,6.256633498302223,1.863386979875452,1.0,37.05365853658537,41.07310834093483,0.0,35.92907164227069
Jammu,Jammu,Jammu Manda Zoo,2025-01-01,94.39309303217156,97.17726946547948,45.4194897078592,16.90828403592742,5.830875792682721,1,2025,0.49999999999999994,0.8660254037844387,37.05365853658537,37.05365853658537,37.05365853658537,37.05365853658537,77.0,61.75609756097561,61.75609756097561,61.75609756097561,61.75609756097561,77.0,35.92907164227069,35.92907164227069,35.92907164227069,35.92907164227069,31.0,11.612857312553908,11.61285731255391,11.61285731255391,11.528282393213852,7.0,6.256633498302224,6.256633498302223,6.256633498302223,6.256633498302223,2.0,37.05365853658537,37.05365853658537,0.0,35.92907164227069
Jammu,Jammu,Jammu Manda Zoo,2025-02-01,94.39309303217156,97.17726946547948,45.4194897078592,16.90828403592742,5.830875792682721,2,2025,0.8660254037844386,0.5000000000000001,94.39309303217156,37.05365853658537,37.05365853658537,37.05365853658537,81.0,97.17726946547948,61.75609756097561,61.75609756097561,61.75609756097561,81.0,45.4194897078592,35.92907164227069,35.92907164227069,35.92907164227069,27.0,16.90828403592742,11.612857312553908,11.61285731255391,11.61285731255391,5.0,5.830875792682721,6.256633498302224,6.256633498302223,6.256633498302223,2.0,56.16680336844744,46.610230952516396,33.1049379412076,39.092544330800195
Jammu,Jammu,Jammu Manda Zoo,2025-03-01,94.39309303217156,97.17726946547948,45.4194897078592,16.90828403592742,5.830875792682721,3,2025,1.0,6.123233995736766e-17,94.39309303217156,94.39309303217156,37.05365853658537,37.05365853658537,80.0,97.17726946547948,97.17726946547948,61.75609756097561,61.75609756097561,80.0,45.4194897078592,45.4194897078592,35.92907164227069,35.92907164227069,29.0,16.90828403592742,16.90828403592742,11.612857312553908,11.61285731255391,6.0,5.830875792682721,5.830875792682721,6.256633498302224,6.256633498302223,3.0,75.2799482003095,56.16680336844743,33.10493794120761,42.2560170193297
Jammu,Jammu,Jammu Manda Zoo,2025-04-01,94.39309303217156,97.17726946547948,45.4194897078592,16.90828403592742,5.830875792682721,4,2025,0.8660254037844387,-0.4999999999999998,94.39309303217156,94.39309303217156,94.39309303217156,37.05365853658537,74.0,97.17726946547948,97.17726946547948,97.17726946547948,61.75609756097561,74.0,45.4194897078592,45.4194897078592,45.4194897078592,35.92907164227069,21.0,16.90828403592742,16.90828403592742,16.90828403592742,11.61285731255391,5.0,5.830875792682721,5.830875792682721,5.830875792682721,6.256633498302223,2.0,94.39309303217156,65.72337578437846,0.0,45.4194897078592
Jammu,Jammu,Jammu Manda Zoo,2025-05-01,94.39309303217156,97.17726946547948,45.4194897078592,16.90828403592742,5.830875792682721,5,2025,0.49999999999999994,-0.8660254037844387,94.39309303217156,94.39309303217156,94.39309303217156,37.05365853658537,61.17035736268216,97.17726946547948,97.17726946547948,97.17726946547948,61.75609756097561,62.0,45.4194897078592,45.4194897078592,45.4194897078592,35.92907164227069,21.09523809523809,16.90828403592742,16.90828403592742,16.90828403592742,11.61285731255391,5.0,5.830875792682721,5.830875792682721,5.830875792682721,6.256633498302223,2.006943771693384,94.39309303217156,75.27994820030949,0.0,45.4194897078592
Jammu,Jammu,Jammu Manda Zoo,2025-06-01,94.39309303217156,97.17726946547948,45.4194897078592,16.90828403592742,5.830875792682721,6,2025,1.2246467991473532e-16,-1.0,94.39309303217156,94.39309303217156,94.39309303217156,37.05365853658537,61.17035736268216,97.17726946547948,97.17726946547948,97.17726946547948,61.75609756097561,61.8780487804878,45.4194897078592,45.4194897078592,45.4194897078592,35.92907164227069,21.19047619047619,16.90828403592742,16.90828403592742,16.90828403592742,11.612857312553908,5.0,5.830875792682721,5.830875792682721,5.830875792682721,6.256633498302224,1.863386979875452,94.39309303217156,84.83652061624052,0.0,45.4194897078592
Jammu,Jammu,Jammu Manda Zoo,2025-07-01,94.39309303217156,97.17726946547948,45.4194897078592,16.90828403592742,5.830875792682721,7,2025,-0.4999999999999997,-0.8660254037844388,94.39309303217156,94.39309303217156,94.39309303217156,94.39309303217156,37.05365853658537,97.17726946547948,97.17726946547948,97.17726946547948,97.17726946547948,61.75609756097561,45.4194897078592,45.4194897078592,45.4194897078592,45.4194897078592,35.92907164227069,16.90828403592742,16.90828403592742,16.90828403592742,16.90828403592742,11.528282393213852,5.830875792682721,5.830875792682721,5.830875792682721,5.830875792682721,6.256633498302223,94.39309303217156,94.39309303217156,0.0,45.4194897078592
Jammu,Jammu,Jammu Manda Zoo,2025-08-01,94.39309303217156,97.17726946547948,45.4194897078592,16.90828403592742,5.830875792682721,8,2025,-0.8660254037844384,-0.5000000000000004,94.39309303217156,94.39309303217156,94.39309303217156,94.39309303217156,37.05365853658537,97.17726946547948,97.17726946547948,97.17726946547948,97.17726946547948,61.75609756097561,45.4194897078592,45.4194897078592,45.4194897078592,45.4194897078592,35.92907164227069,16.90828403592742,16.90828403592742,16.90828403592742,16.90828403592742,11.61285731255391,5.830875792682721,5.830875792682721,5.830875792682721,5.830875792682721,6.256633498302223,94.39309303217156,94.39309303217156,0.0,45.4194897078592
Jammu,Jammu,Jammu Manda Zoo,2025-09-01,94.39309303217156,97.17726946547948,45.4194897078592,16.90828403592742,5.830875792682721,9,2025,-1.0,-1.8369701987210297e-16,94.39309303217156,94.39309303217156,94.39309303217156,94.39309303217156,37.05365853658537,97.17726946547948,97.17726946547948,97.17726946547948,97.17726946547948,61.75609756097561,45.4194897078592,45.4194897078592,45.4194897078592,45.4194897078592,35.92907164227069,16.90828403592742,16.90828403592742,16.90828403592742,16.90828403592742,11.61285731255391,5.830875792682721,5.830875792682721,5.830875792682721,5.830875792682721,6.256633498302223,94.39309303217156,94.39309303217156,0.0,45.4194897078592
Jammu,Jammu,Jammu Manda Zoo,2025-10-01,94.39309303217156,97.17726946547948,45.4194897078592,16.90828403592742,5.830875792682721,10,2025,-0.8660254037844386,0.5000000000000001,94.39309303217156,94.39309303217156,94.39309303217156,94.39309303217156,37.05365853658537,97.17726946547948,97.17726946547948,97.17726946547948,97.17726946547948,61.75609756097561,45.4194897078592,45.4194897078592,45.4194897078592,45.4194897078592,35.92907164227069,16.90828403592742,16.90828403592742,16.90828403592742,16.90828403592742,11.61285731255391,5.830875792682721,5.830875792682721,5.830875792682721,5.830875792682721,6.256633498302223,94.39309303217156,94.39309303217156,0.0,45.4194897078592
Jammu,Jammu,Jammu Manda Zoo,2025-11-01,94.39309303217156,97.17726946547948,45.4194897078592,16.90828403592742,5.830875792682721,11,2025,-0.5000000000000004,0.8660254037844384,94.39309303217156,94.39309303217156,94.39309303217156,94.39309303217156,37.05365853658537,97.17726946547948,97.17726946547948,97.17726946547948,97.17726946547948,61.75609756097561,45.4194897078592,45.4194897078592,45.4194897078592,45.4194897078592,35.92907164227069,16.90828403592742,16.90828403592742,16.90828403592742,16.90828403592742,11.61285731255391,5.830875792682721,5.830875792682721,5.830875792682721,5.830875792682721,6.256633498302223,94.39309303217156,94.39309303217156,0.0,45.4194897078592
Jammu,Jammu,Jammu Manda Zoo,2025-12-01,94.39309303217156,97.17726946547948,45.4194897078592,16.90828403592742,5.830875792682721,12,2025,-2.4492935982947064e-16,1.0,94.39309303217156,94.39309303217156,94.39309303217156,94.39309303217156,37.05365853658537,97.17726946547948,97.17726946547948,97.17726946547948,97.17726946547948,61.75609756097561,45.4194897078592,45.4194897078592,45.4194897078592,45.4194897078592,35.92907164227069,16.90828403592742,16.90828403592742,16.90828403592742,16.90828403592742,11.612857312553908,5.830875792682721,5.830875792682721,5.830875792682721,5.830875792682721,6.256633498302224,94.39309303217156,94.39309303217156,0.0,45.4194897078592
Jammu,Jammu,Jammu Manda Zoo,2026-01-01,94.39309303217156,97.17726946547948,45.4194897078592,16.90828403592742,5.830875792682721,1,2026,0.49999999999999994,0.8660254037844387,94.39309303217156,94.39309303217156,94.39309303217156,94.39309303217156,94.39309303217156,97.17726946547948,97.17726946547948,97.17726946547948,97.17726946547948,97.17726946547948,45.4194897078592,45.4194897078592,45.4194897078592,45.4194897078592,45.4194897078592,16.90828403592742,16.90828403592742,16.90828403592742,16.90828403592742,16.90828403592742,5.830875792682721,5.830875792682721,5.830875792682721,5.830875792682721,5.830875792682721,94.39309303217156,94.39309303217156,0.0,45.4194897078592
Jammu,Jammu,Jammu Manda Zoo,2026-02-01,94.39309303217156,97.17726946547948,45.4194897078592,16.90828403592742,5.830875792682721,2,2026,0.8660254037844386,0.5000000000000001,94.39309303217156,94.39309303217156,94.39309303217156,94.39309303217156,94.39309303217156,97.17726946547948,97.17726946547948,97.17726946547948,97.17726946547948,97.17726946547948,45.4194897078592,45.4194897078592,45.4194897078592,45.4194897078592,45.4194897078592,16.90828403592742,16.90828403592742,16.90828403592742,16.90828403592742,16.90828403592742,5.830875792682721,5.830875792682721,5.830875792682721,5.830875792682721,5.830875792682721,94.39309303217156,94.39309303217156,0.0,45.4194897078592
Jammu,Jammu,Jammu Manda Zoo,2026-03-01,94.39309303217156,97.17726946547948,45.4194897078592,16.90828403592742,5.830875792682721,3,2026,1.0,6.123233995736766e-17,94.39309303217156,94.39309303217156,94.39309303217156,94.39309303217156,94.39309303217156,97.17726946547948,97.17726946547948,97.17726946547948,97.17726946547948,97.17726946547948,45.4194897078592,45.4194897078592,45.4194897078592,45.4194897078592,45.4194897078592,16.90828403592742,16.90828403592742,16.90828403592742,16.90828403592742,16.90828403592742,5.830875792682721,5.830875792682721,5.830875792682721,5.830875792682721,5.830875792682721,94.39309303217156,94.39309303217156,0.0,45.4194897078592
Jammu,Jammu,Jammu Nagbani Forest Office,2023-01-01,94.39309303217156,97.17726946547948,45.4194897078592,16.90828403592742,5.830875792682721,1,2023,0.49999999999999994,0.8660254037844387,94.39309303217156,94.39309303217156,94.39309303217156,94.39309303217156,94.39309303217156,97.17726946547948,97.17726946547948,97.17726946547948,97.17726946547948,97.17726946547948,45.4194897078592,45.4194897078592,45.4194897078592,45.4194897078592,45.4194897078592,16.90828403592742,16.90828403592742,16.90828403592742,16.90828403592742,16.90828403592742,5.830875792682721,5.830875792682721,5.830875792682721,5.830875792682721,5.830875792682721,94.39309303217156,94.39309303217156,0.0,45.4194897078592
Jammu,Jammu,Jammu Nagbani Forest Office,2023-02-01,94.39309303217156,97.17726946547948,45.4194897078592,16.90828403592742,5.830875792682721,2,2023,0.8660254037844386,0.5000000000000001,94.39309303217156,94.39309303217156,94.39309303217156,94.39309303217156,94.39309303217156,97.17726946547948,97.17726946547948,97.17726946547948,97.17726946547948,97.17726946547948,45.4194897078592,45.4194897078592,45.4194897078592,45.4194897078592,45.4194897078592,16.90828403592742,16.90828403592742,16.90828403592742,16.90828403592742,16.90828403592742,5.830875792682721,5.830875792682721,5.830875792682721,5.830875792682721,5.830875792682721,94.39309303217156,94.39309303217156,0.0,45.4194897078592
Jammu,Jammu,Jammu Nagbani Forest Office,2023-03-01,34.2,57.0,22.8,22.8,4.161936106835946,3,2023,1.0,6.123233995736766e-17,94.39309303217156,94.39309303217156,94.39309303217156,94.39309303217156,94.39309303217156,97.17726946547948,97.17726946547948,97.17726946547948,97.17726946547948,97.17726946547948,45.4194897078592,45.4194897078592,45.4194897078592,45.4194897078592,45.4194897078592,16.90828403592742,16.90828403592742,16.90828403592742,16.90828403592742,16.90828403592742,5.830875792682721,5.830875792682721,5.830875792682721,5.830875792682721,5.830875792682721,94.39309303217156,94.39309303217156,0.0,45.4194897078592
Jammu,Jammu,Jammu Nagbani Forest Office,2023-04-01,34.2,57.0,22.8,22.8,4.606001340947207,4,2023,0.8660254037844387,-0.4999999999999998,34.2,94.39309303217156,94.39309303217156,94.39309303217156,94.39309303217156,57.0,97.17726946547948,97.17726946547948,97.17726946547948,97.17726946547948,22.8,45.4194897078592,45.4194897078592,45.4194897078592,45.4194897078592,22.8,16.90828403592742,16.90828403592742,16.90828403592742,16.90828403592742,4.161936106835946,5.830875792682721,5.830875792682721,5.830875792682721,5.830875792682721,74.32872868811438,84.36091086014297,34.752498465480436,37.87965980523946
Jammu,Jammu,Jammu Nagbani Forest Office,2023-05-01,34.2,57.0,29.10033320848771,9.89241322172378,4.0058110057011405,5,2023,0.49999999999999994,-0.8660254037844387,34.2,34.2,94.39309303217156,94.39309303217156,94.39309303217156,57.0,57.0,97.17726946547948,97.17726946547948,97.17726946547948,22.8,22.8,45.4194897078592,45.4194897078592,45.4194897078592,22.8,22.8,16.90828403592742,16.90828403592742,16.90828403592742,4.606001340947207,4.161936106835946,5.830875792682721,5.830875792682721,5.830875792682721,54.264364344057185,74.32872868811437,34.752498465480436,30.339829902619737
Jammu,Jammu,Jammu Nagbani Forest Office,2023-06-01,57.0,57.0,29.10033320848771,9.89241322172378,4.0058110057011405,6,2023,1.2246467991473532e-16,-1.0,34.2,34.2,34.2,94.39309303217156,94.39309303217156,57.0,57.0,57.0,97.17726946547948,97.17726946547948,29.10033320848771,22.8,22.8,45.4194897078592,45.4194897078592,9.89241322172378,22.8,22.8,16.90828403592742,16.90828403592742,4.0058110057011405,4.606001340947207,4.161936106835946,5.830875792682721,5.830875792682721,34.2,64.29654651608578,0.0,24.900111069495903
Jammu,Jammu,Jammu Nagbani Forest Office,2023-07-01,57.0,57.0,25.0,9.89241322172378,3.3133587604700696,7,2023,-0.4999999999999997,-0.8660254037844388,57.0,34.2,34.2,94.39309303217156,94.39309303217156,57.0,57.0,57.0,97.17726946547948,97.17726946547948,29.10033320848771,29.10033320848771,22.8,45.4194897078592,45.4194897078592,9.89241322172378,9.89241322172378,22.8,16.90828403592742,16.90828403592742,4.0058110057011405,4.0058110057011405,4.606001340947207,5.830875792682721,5.830875792682721,41.800000000000004,58.06436434405719,13.163586137523465,27.000222138991813
Jammu,Jammu,Jammu Nagbani Forest Office,2023-08-01,60.0,60.0,26.0,10.006987550334108,3.3133587604700696,8,2023,-0.8660254037844384,-0.5000000000000004,57.0,57.0,34.2,94.39309303217156,94.39309303217156,57.0,57.0,57.0,97.17726946547948,97.17726946547948,25.0,29.10033320848771,29.10033320848771,45.4194897078592,45.4194897078592,9.89241322172378,9.89241322172378,9.89241322172378,16.90828403592742,16.90828403592742,3.3133587604700696,4.0058110057011405,4.0058110057011405,5.830875792682721,5.830875792682721,49.400000000000006,51.83218217202859,13.163586137523462,27.73355547232514
Jammu,Jammu,Jammu Nagbani Forest Office,2023-09-01,55.0,55.0,24.0,9.63543983248399,3.2304928363508933,9,2023,-1.0,-1.8369701987210297e-16,60.0,57.0,57.0,34.2,94.39309303217156,60.0,57.0,57.0,57.0,97.17726946547948,26.0,25.0,29.10033320848771,22.8,45.4194897078592,10.006987550334108,9.89241322172378,9.89241322172378,22.8,16.90828403592742,3.3133587604700696,3.3133587604700696,4.0058110057011405,4.161936106835946,5.830875792682721,58.0,46.1,1.7320508075688772,26.700111069495904
Jammu,Jammu,Jammu Nagbani Forest Office,2023-10-01,53.0,53.0,25.0,9.81755946648691,3.3133587604700696,10,2023,-0.8660254037844386,0.5000000000000001,55.0,60.0,57.0,34.2,94.39309303217156,55.0,60.0,57.0,57.0,97.17726946547948,24.0,26.0,25.0,22.8,45.4194897078592,9.63543983248399,10.006987550334108,9.89241322172378,22.8,16.90828403592742,3.2304928363508933,3.3133587604700696,3.3133587604700696,4.606001340947207,5.830875792682721,57.333333333333336,49.56666666666667,2.516611478423584,25.0
Jammu,Jammu,Jammu Nagbani Forest Office,2023-11-01,45.0,54.0,27.0,9.238900412607054,3.467083108059835,11,2023,-0.5000000000000004,0.8660254037844384,53.0,55.0,60.0,34.2,94.39309303217156,53.0,55.0,60.0,57.0,97.17726946547948,25.0,24.0,26.0,29.10033320848771,45.4194897078592,9.81755946648691,9.63543983248399,10.006987550334108,9.89241322172378,16.90828403592742,3.3133587604700696,3.2304928363508933,3.3133587604700696,4.0058110057011405,5.830875792682721,56.0,52.70000000000001,3.6055512754639896,25.0
Jammu,Jammu,Jammu Nagbani Forest Office,2023-12-01,50.48424793785792,55.0,26.0,10.057532269990883,3.3133587604700696,12,2023,-2.4492935982947064e-16,1.0,45.0,53.0,55.0,57.0,94.39309303217156,54.0,53.0,55.0,57.0,97.17726946547948,27.0,25.0,24.0,29.10033320848771,45.4194897078592,9.238900412607054,9.81755946648691,9.63543983248399,9.89241322172378,16.90828403592742,3.467083108059835,3.3133587604700696,3.2304928363508933,4.0058110057011405,5.830875792682721,51.0,54.5,5.291502622129181,25.333333333333332
Jammu,Jammu,Jammu Nagbani Forest Office,2024-01-01,56.0,56.0,25.0,5.0,2.0,1,2024,0.49999999999999994,0.8660254037844387,50.48424793785792,45.0,53.0,57.0,94.39309303217156,55.0,54.0,53.0,57.0,97.17726946547948,26.0,27.0,25.0,25.0,45.4194897078592,10.057532269990883,9.238900412607054,9.81755946648691,9.89241322172378,16.90828403592742,3.3133587604700696,3.467083108059835,3.3133587604700696,3.3133587604700696,5.830875792682721,49.49474931261931,53.41404132297632,4.09076162187579,26.0
Jammu,Jammu,Jammu Nagbani Forest Office,2024-02-01,53.0,53.0,24.0,4.0,2.0,2,2024,0.8660254037844386,0.5000000000000001,56.0,50.48424793785792,45.0,60.0,94.39309303217156,56.0,55.0,54.0,60.0,97.17726946547948,25.0,26.0,27.0,26.0,45.4194897078592,5.0,10.057532269990883,9.238900412607054,10.006987550334108,16.90828403592742,2.0,3.3133587604700696,3.467083108059835,3.3133587604700696,5.830875792682721,50.49474931261931,53.24737465630965,5.500007519008854,26.0
Jammu,Jammu,Jammu Nagbani Forest Office,2024-03-01,74.0,74.0,29.0,5.0,4.0,3,2024,1.0,6.123233995736766e-17,53.0,56.0,50.48424793785792,55.0,34.2,53.0,56.0,55.0,55.0,57.0,24.0,25.0,26.0,24.0,22.8,4.0,5.0,10.057532269990883,9.63543983248399,22.8,2.0,2.0,3.3133587604700696,3.2304928363508933,4.161936106835946,53.16141597928598,52.08070798964298,2.7614165823962185,25.0
Jammu,Jammu,Jammu Nagbani Forest Office,2024-04-01,61.0,61.0,24.0,3.0,1.0,4,2024,0.8660254037844387,-0.4999999999999998,74.0,53.0,56.0,53.0,34.2,74.0,53.0,56.0,53.0,57.0,29.0,24.0,25.0,25.0,22.8,5.0,4.0,5.0,9.81755946648691,22.8,4.0,2.0,2.0,3.3133587604700696,4.606001340947207,61.0,55.24737465630965,11.357816691600554,26.0
Jammu,Jammu,Jammu Nagbani Forest Office,2024-05-01,63.0,63.0,23.0,4.0,2.0,5,2024,0.49999999999999994,-0.8660254037844387,61.0,74.0,53.0,45.0,34.2,61.0,74.0,53.0,54.0,57.0,24.0,29.0,24.0,27.0,29.10033320848771,3.0,5.0,4.0,9.238900412607054,9.89241322172378,1.0,4.0,2.0,3.467083108059835,4.0058110057011405,62.666666666666664,56.58070798964298,10.598742063723106,25.666666666666668
Jammu,Jammu,Jammu Nagbani Forest Office,2024-06-01,81.0,81.0,31.0,6.0,2.0,6,2024,1.2246467991473532e-16,-1.0,63.0,61.0,74.0,50.48424793785792,57.0,63.0,61.0,74.0,55.0,57.0,23.0,24.0,29.0,26.0,29.10033320848771,4.0,3.0,5.0,10.057532269990883,9.89241322172378,2.0,1.0,4.0,3.3133587604700696,4.0058110057011405,66.0,59.58070798964298,7.00000000000002,25.333333333333332
Jammu,Jammu,Jammu Nagbani Forest Office,2024-07-01,59.0,59.0,21.0,4.0,2.0,7,2024,-0.4999999999999997,-0.8660254037844388,81.0,63.0,61.0,56.0,57.0,81.0,63.0,61.0,56.0,57.0,31.0,23.0,24.0,25.0,25.0,6.0,4.0,3.0,5.0,9.89241322172378,2.0,2.0,1.0,2.0,3.3133587604700696,68.33333333333333,64.66666666666667,11.015141094572224,26.0
Jammu,Jammu,Jammu Nagbani Forest Office,2024-08-01,48.0,48.0,15.0,4.0,2.0,8,2024,-0.8660254037844384,-0.5000000000000004,59.0,81.0,63.0,53.0,60.0,59.0,81.0,63.0,53.0,60.0,21.0,31.0,23.0,24.0,26.0,4.0,6.0,4.0,4.0,10.006987550334108,2.0,2.0,2.0,2.0,3.3133587604700696,67.66666666666667,65.16666666666667,11.718930554164647,25.0
Jammu,Jammu,Jammu Nagbani Forest Office,2024-09-01,62.44186976365565,63.0,15.0,4.5,1.704520764050405,9,2024,-1.0,-1.8369701987210297e-16,48.0,59.0,81.0,74.0,55.0,48.0,59.0,81.0,74.0,55.0,15.0,21.0,31.0,29.0,24.0,4.0,4.0,6.0,5.0,9.63543983248399,2.0,2.0,2.0,4.0,3.2304928363508933,62.666666666666664,64.33333333333333,16.802777548171417,22.333333333333332
Jammu,Jammu,Jammu Nagbani Forest Office,2024-10-01,78.0,78.0,15.0,5.0,1.0,10,2024,-0.8660254037844386,0.5000000000000001,62.44186976365565,48.0,59.0,61.0,53.0,63.0,48.0,59.0,61.0,53.0,15.0,15.0,21.0,24.0,25.0,4.5,4.0,4.0,3.0,9.81755946648691,1.704520764050405,2.0,2.0,1.0,3.3133587604700696,56.48062325455189,62.40697829394261,7.543364299616334,17.0
Jammu,Jammu,Jammu Nagbani Forest Office,2024-11-01,87.7236634253959,86.0,24.0,9.0,2.6457461072548973,11,2024,-0.5000000000000004,0.8660254037844384,78.0,62.44186976365565,48.0,63.0,45.0,78.0,63.0,48.0,63.0,54.0,15.0,15.0,15.0,23.0,27.0,5.0,4.5,4.0,4.0,9.238900412607054,1.0,1.704520764050405,2.0,2.0,3.467083108059835,62.81395658788522,65.24031162727594,15.003460815877583,15.0
Jammu,Jammu,Jammu Nagbani Forest Office,2024-12-01,87.7236634253959,80.0,33.0,15.0,3.8021243346250007,12,2024,-2.4492935982947064e-16,1.0,87.7236634253959,78.0,62.44186976365565,81.0,50.48424793785792,86.0,78.0,63.0,81.0,55.0,24.0,15.0,15.0,31.0,26.0,9.0,5.0,4.5,6.0,10.057532269990883,2.6457461072548973,1.0,1.704520764050405,2.0,3.3133587604700696,76.05517772968385,69.36092219817526,12.75260847576061,18.0
Jammu,Jammu,Jammu Nagbani Forest Office,2025-01-01,83.0,83.0,42.0,17.0,3.0,1,2025,0.49999999999999994,0.8660254037844387,87.7236634253959,87.7236634253959,78.0,59.0,56.0,80.0,86.0,78.0,59.0,56.0,33.0,24.0,15.0,21.0,25.0,15.0,9.0,5.0,4.0,5.0,3.8021243346250007,2.6457461072548973,1.0,2.0,2.0,84.48244228359727,70.48153276907458,5.61395969616175,24.0
Jammu,Jammu,Jammu Nagbani Forest Office,2025-02-01,90.0,73.0,65.0,13.0,2.0,2,2025,0.8660254037844386,0.5000000000000001,83.0,87.7236634253959,87.7236634253959,48.0,53.0,83.0,80.0,86.0,48.0,53.0,42.0,33.0,24.0,15.0,24.0,17.0,15.0,9.0,4.0,4.0,3.0,3.8021243346250007,2.6457461072548973,2.0,2.0,86.14910895026394,74.48153276907458,2.727208350213514,33.0
Jammu,Jammu,Jammu Nagbani Forest Office,2025-03-01,69.0,69.0,33.0,17.0,2.0,3,2025,1.0,6.123233995736766e-17,90.0,83.0,87.7236634253959,62.44186976365565,74.0,73.0,83.0,80.0,63.0,74.0,65.0,42.0,33.0,15.0,29.0,13.0,17.0,15.0,4.5,5.0,2.0,3.0,3.8021243346250007,1.704520764050405,4.0,86.9078878084653,81.48153276907458,3.570590622415832,46.666666666666664
Jammu,Jammu,Jammu Nagbani Forest Office,2025-04-01,90.0,90.0,43.0,7.0,1.0,4,2025,0.8660254037844387,-0.4999999999999998,69.0,90.0,83.0,78.0,61.0,69.0,73.0,83.0,78.0,61.0,33.0,65.0,42.0,15.0,24.0,17.0,13.0,17.0,5.0,3.0,2.0,2.0,3.0,1.0,1.0,80.66666666666667,82.57455447513196,10.692676621563628,46.666666666666664
Jammu,Jammu,Jammu Nagbani Forest Office,2025-05-01,100.0,100.0,50.0,9.333333333333334,4.712100181218527,5,2025,0.49999999999999994,-0.8660254037844387,90.0,69.0,90.0,87.7236634253959,63.0,90.0,69.0,73.0,86.0,63.0,43.0,33.0,65.0,24.0,23.0,7.0,17.0,13.0,9.0,4.0,1.0,2.0,2.0,2.6457461072548973,2.0,83.0,84.57455447513196,12.124355652982143,47.0
Jammu,Jammu,Jammu Nagbani Forest Office,2025-06-01,89.0,89.0,5.0,11.666666666666668,2.8358406661380298,6,2025,1.2246467991473532e-16,-1.0,100.0,90.0,69.0,87.7236634253959,81.0,100.0,90.0,69.0,80.0,81.0,50.0,43.0,33.0,33.0,31.0,9.333333333333334,7.0,17.0,15.0,6.0,4.712100181218527,1.0,2.0,3.8021243346250007,2.0,86.33333333333333,86.62061057089932,15.821925715074427,42.0
Jammu,Jammu,Jammu Nagbani Forest Office,2025-07-01,63.0,63.0,15.5,14.0,2.0,7,2025,-0.4999999999999997,-0.8660254037844388,89.0,100.0,90.0,83.0,59.0,89.0,100.0,90.0,83.0,59.0,5.0,50.0,43.0,42.0,21.0,11.666666666666668,9.333333333333334,7.0,17.0,4.0,2.8358406661380298,4.712100181218527,1.0,3.0,2.0,93.0,86.83333333333333,6.0827625302982335,32.666666666666664
Jammu,Jammu,Jammu Nagbani Forest Office,2025-08-01,50.0,50.0,26.0,16.0,1.0,8,2025,-0.8660254037844384,-0.5000000000000004,63.0,89.0,100.0,90.0,48.0,63.0,89.0,100.0,73.0,48.0,15.5,5.0,50.0,65.0,15.0,14.0,11.666666666666668,9.333333333333334,13.0,4.0,2.0,2.8358406661380298,4.712100181218527,2.0,2.0,84.0,83.5,19.000000000000004,23.5
Jammu,Jammu,Jammu Nagbani Forest Office,2025-09-01,48.0,48.0,9.0,12.0,2.0,9,2025,-1.0,-1.8369701987210297e-16,50.0,63.0,89.0,69.0,62.44186976365565,50.0,63.0,89.0,69.0,63.0,26.0,15.5,5.0,33.0,15.0,16.0,14.0,11.666666666666668,17.0,4.5,1.0,2.0,2.8358406661380298,2.0,1.704520764050405,67.33333333333333,76.83333333333333,19.85782801147531,15.5
Jammu,Jammu,Jammu Nagbani Forest Office,2025-10-01,48.0,48.0,17.5,13.0,2.0,10,2025,-0.8660254037844386,0.5000000000000001,48.0,50.0,63.0,90.0,78.0,48.0,50.0,63.0,90.0,78.0,9.0,26.0,15.5,43.0,15.0,12.0,16.0,14.0,7.0,5.0,2.0,1.0,2.0,1.0,1.0,53.666666666666664,73.33333333333333,8.144527815247072,16.833333333333332
Jammu,Jammu,Jammu Nagbani Forest Office,2025-11-01,60.0,67.0,26.0,20.0,2.0,11,2025,-0.5000000000000004,0.8660254037844384,48.0,48.0,50.0,100.0,87.7236634253959,48.0,48.0,50.0,100.0,86.0,17.5,9.0,26.0,50.0,24.0,13.0,12.0,16.0,9.333333333333334,9.0,2.0,2.0,1.0,4.712100181218527,2.6457461072548973,48.666666666666664,66.33333333333333,1.154700538379208,17.5
Jammu,Jammu,Jammu Nagbani Forest Office,2025-12-01,100.0,86.0,28.666666666666668,24.0,2.0,12,2025,-2.4492935982947064e-16,1.0,60.0,48.0,48.0,89.0,87.7236634253959,67.0,48.0,48.0,89.0,80.0,26.0,17.5,9.0,5.0,33.0,20.0,13.0,12.0,11.666666666666668,15.0,2.0,2.0,2.0,2.8358406661380298,3.8021243346250007,52.0,59.666666666666664,6.928203230275509,17.5
Jammu,Jammu,Jammu Nagbani Forest Office,2026-01-01,105.0,105.0,31.33333333333333,28.0,2.0,1,2026,0.49999999999999994,0.8660254037844387,100.0,60.0,48.0,63.0,83.0,86.0,67.0,48.0,63.0,83.0,28.666666666666668,26.0,17.5,15.5,42.0,24.0,20.0,13.0,14.0,17.0,2.0,2.0,2.0,2.0,3.0,69.33333333333333,61.5,27.227437142216186,24.055555555555557
Jammu,Jammu,Jammu Nagbani Forest Office,2026-02-01,93.0,93.0,34.0,27.0,2.0,2,2026,0.8660254037844386,0.5000000000000001,105.0,100.0,60.0,50.0,90.0,105.0,86.0,67.0,50.0,73.0,31.33333333333333,28.666666666666668,26.0,26.0,65.0,28.0,24.0,20.0,16.0,13.0,2.0,2.0,2.0,1.0,2.0,88.33333333333333,68.5,24.664414311581243,28.666666666666668
Jammu,Jammu,Jammu Nagbani Forest Office,2026-03-01,83.0,83.0,43.0,26.0,2.0,3,2026,1.0,6.123233995736766e-17,93.0,105.0,100.0,48.0,69.0,93.0,105.0,86.0,48.0,69.0,34.0,31.33333333333333,28.666666666666668,9.0,33.0,27.0,28.0,24.0,12.0,17.0,2.0,2.0,2.0,2.0,2.0,99.33333333333333,75.66666666666667,6.027713773341735,31.333333333333332
Jammu,Jammu,Jammu PDD Power House near High Court Janipur 1071,2023-01-01,117.0,114.25,35.0,8.5,4.498586319349896,1,2023,0.49999999999999994,0.8660254037844387,106.3222211265914,106.3222211265914,106.0,62.0,74.0,111.5,108.75,106.0,62.0,74.0,38.0,39.5,41.0,29.160932594322343,40.125,12.0,11.0,24.0,10.52567652240674,20.0,4.658347089601394,2.0,2.0,3.205285369500137,3.0,106.21481408439426,87.10740704219712,0.18603445417579045,39.5
Jammu,Jammu,Jammu PDD Power House near High Court Janipur 1071,2023-02-01,117.0,117.0,32.0,5.0,3.978054955639688,2,2023,0.8660254037844386,0.5000000000000001,117.0,106.3222211265914,106.3222211265914,62.0,115.0,114.25,111.5,108.75,62.0,115.0,35.0,38.0,39.5,20.0,37.25,8.5,12.0,11.0,11.766223763553148,16.0,4.498586319349896,4.658347089601394,2.0,3.7133515753241215,3.0,109.88148075106092,96.2740737088638,6.164818506909754,37.5
Jammu,Jammu,Jammu PDD Power House near High Court Janipur 1071,2023-03-01,125.0,125.0,23.0,10.0,5.419543443807956,3,2023,1.0,6.123233995736766e-17,117.0,117.0,106.3222211265914,80.0,106.0,117.0,114.25,111.5,80.0,106.0,32.0,35.0,38.0,7.0,47.84723193495096,5.0,8.5,12.0,14.05695347617424,18.0,3.978054955639688,4.498586319349896,4.658347089601394,3.54708984483402,2.0,113.44074037553048,105.44074037553047,6.164818506909755,35.0
Jammu,Jammu,Jammu PDD Power House near High Court Janipur 1071,2023-04-01,113.0,113.0,18.0,15.0,2.0,4,2023,0.8660254037844387,-0.4999999999999998,125.0,117.0,117.0,106.0,93.61287371363598,125.0,117.0,114.25,106.0,97.2,23.0,32.0,35.0,41.0,34.034447445215974,10.0,5.0,8.5,24.0,18.857142857142858,5.419543443807956,3.978054955639688,4.498586319349896,2.0,4.687385951249457,119.66666666666667,112.94074037553047,4.618802153517004,30.0
Jammu,Jammu,Jammu PDD Power House near High Court Janipur 1071,2023-05-01,112.0,112.0,10.0,13.0,2.0,5,2023,0.49999999999999994,-0.8660254037844387,113.0,125.0,117.0,106.3222211265914,93.61287371363598,113.0,125.0,117.0,108.75,88.4,18.0,23.0,32.0,39.5,26.51122267979937,15.0,10.0,5.0,11.0,19.714285714285715,2.0,5.419543443807956,3.978054955639688,2.0,3.583554660680032,118.33333333333333,114.10740704219712,6.110100926607783,24.333333333333332
Jammu,Jammu,Jammu PDD Power House near High Court Janipur 1071,2023-06-01,105.0,105.0,23.0,13.0,2.0,6,2023,1.2246467991473532e-16,-1.0,112.0,113.0,125.0,106.3222211265914,53.04,112.0,113.0,125.0,111.5,88.4,10.0,18.0,23.0,38.0,30.76629582413659,13.0,15.0,10.0,12.0,15.244371373092914,2.0,2.0,5.419543443807956,4.658347089601394,3.587088629367553,116.66666666666667,115.05370352109857,7.2341781380702335,17.0
Jammu,Jammu,Jammu PDD Power House near High Court Janipur 1071,2023-07-01,92.0,92.0,19.0,9.0,1.0,7,2023,-0.4999999999999997,-0.8660254037844388,105.0,112.0,113.0,117.0,62.0,105.0,112.0,113.0,114.25,62.0,23.0,10.0,18.0,35.0,29.160932594322343,13.0,13.0,15.0,8.5,10.52567652240674,2.0,2.0,2.0,4.498586319349896,3.205285369500137,110.0,114.83333333333333,4.358898943540674,17.0
Jammu,Jammu,Jammu PDD Power House near High Court Janipur 1071,2023-08-01,85.0,85.0,23.0,15.0,3.0,8,2023,-0.8660254037844384,-0.5000000000000004,92.0,105.0,112.0,117.0,62.0,92.0,105.0,112.0,117.0,62.0,19.0,23.0,10.0,32.0,20.0,9.0,13.0,13.0,5.0,11.766223763553148,1.0,2.0,2.0,3.978054955639688,3.7133515753241215,103.0,110.66666666666667,10.14889156509222,17.333333333333332
Jammu,Jammu,Jammu PDD Power House near High Court Janipur 1071,2023-09-01,80.0,80.0,25.0,17.0,3.0,9,2023,-1.0,-1.8369701987210297e-16,85.0,92.0,105.0,125.0,80.0,85.0,92.0,105.0,125.0,80.0,23.0,19.0,23.0,23.0,7.0,15.0,9.0,13.0,10.0,14.05695347617424,3.0,1.0,2.0,5.419543443807956,3.54708984483402,94.0,105.33333333333333,10.14889156509222,21.666666666666668
Jammu,Jammu,Jammu PDD Power House near High Court Janipur 1071,2023-10-01,84.0,84.0,19.0,17.0,3.0,10,2023,-0.8660254037844386,0.5000000000000001,80.0,85.0,92.0,113.0,106.0,80.0,85.0,92.0,113.0,106.0,25.0,23.0,19.0,18.0,41.0,17.0,15.0,9.0,15.0,24.0,3.0,3.0,1.0,2.0,2.0,85.66666666666667,97.83333333333333,6.02771377334171,22.333333333333332
Jammu,Jammu,Jammu PDD Power House near High Court Janipur 1071,2023-11-01,105.0,105.0,35.0,20.0,3.0,11,2023,-0.5000000000000004,0.8660254037844384,84.0,80.0,85.0,112.0,106.3222211265914,84.0,80.0,85.0,112.0,108.75,19.0,25.0,23.0,10.0,39.5,17.0,17.0,15.0,13.0,11.0,3.0,3.0,3.0,2.0,2.0,83.0,93.0,2.645751311064599,22.333333333333332
Jammu,Jammu,Jammu PDD Power House near High Court Janipur 1071,2023-12-01,98.0,98.0,25.0,22.0,3.0,12,2023,-2.4492935982947064e-16,1.0,105.0,84.0,80.0,105.0,106.3222211265914,105.0,84.0,80.0,105.0,111.5,35.0,19.0,25.0,23.0,38.0,20.0,17.0,17.0,13.0,12.0,3.0,3.0,3.0,2.0,4.658347089601394,89.66666666666667,91.83333333333333,13.428824718989125,26.333333333333332
Jammu,Jammu,Jammu PDD Power House near High Court Janipur 1071,2024-01-01,108.0,108.0,34.0,20.0,2.0,1,2024,0.49999999999999994,0.8660254037844387,98.0,105.0,84.0,92.0,117.0,98.0,105.0,84.0,92.0,114.25,25.0,35.0,19.0,19.0,35.0,22.0,20.0,17.0,9.0,8.5,3.0,3.0,3.0,1.0,4.498586319349896,95.66666666666667,90.66666666666667,10.692676621563626,26.333333333333332
Jammu,Jammu,Jammu PDD Power House near High Court Janipur 1071,2024-02-01,91.0,91.0,28.0,16.0,2.0,2,2024,0.8660254037844386,0.5000000000000001,108.0,98.0,105.0,85.0,117.0,108.0,98.0,105.0,85.0,117.0,34.0,25.0,35.0,23.0,32.0,20.0,22.0,20.0,15.0,5.0,2.0,3.0,3.0,3.0,3.978054955639688,103.66666666666667,93.33333333333333,5.131601439446876,31.333333333333332
Jammu,Jammu,Jammu PDD Power House near High Court Janipur 1071,2024-03-01,98.0,98.0,27.0,18.0,3.0,3,2024,1.0,6.123233995736766e-17,91.0,108.0,98.0,80.0,125.0,91.0,108.0,98.0,80.0,125.0,28.0,34.0,25.0,25.0,23.0,16.0,20.0,22.0,17.0,10.0,2.0,2.0,3.0,3.0,5.419543443807956,99.0,94.33333333333333,8.544003745317527,29.0
Jammu,Jammu,Jammu PDD Power House near High Court Janipur 1071,2024-04-01,96.0,96.0,26.0,13.0,3.0,4,2024,0.8660254037844387,-0.4999999999999998,98.0,91.0,108.0,84.0,113.0,98.0,91.0,108.0,84.0,113.0,27.0,28.0,34.0,19.0,18.0,18.0,16.0,20.0,17.0,15.0,3.0,2.0,2.0,3.0,2.0,99.0,97.33333333333333,8.544003745317527,29.666666666666668
Jammu,Jammu,Jammu PDD Power House near High Court Janipur 1071,2024-05-01,102.0,102.0,17.0,20.0,4.0,5,2024,0.49999999999999994,-0.8660254037844387,96.0,98.0,91.0,105.0,112.0,96.0,98.0,91.0,105.0,112.0,26.0,27.0,28.0,35.0,10.0,13.0,18.0,16.0,20.0,13.0,3.0,3.0,2.0,3.0,2.0,95.0,99.33333333333333,3.6055512754639776,27.0
Jammu,Jammu,Jammu PDD Power House near High Court Janipur 1071,2024-06-01,106.0,106.0,21.0,19.0,3.0,6,2024,1.2246467991473532e-16,-1.0,102.0,96.0,98.0,98.0,105.0,102.0,96.0,98.0,98.0,105.0,17.0,26.0,27.0,25.0,23.0,20.0,13.0,18.0,22.0,13.0,4.0,3.0,3.0,3.0,2.0,98.66666666666667,98.83333333333333,3.0550504633038775,23.333333333333332
Jammu,Jammu,Jammu PDD Power House near High Court Janipur 1071,2024-07-01,94.0,94.0,6.0,14.0,2.0,7,2024,-0.4999999999999997,-0.8660254037844388,106.0,102.0,96.0,108.0,92.0,106.0,102.0,96.0,108.0,92.0,21.0,17.0,26.0,34.0,19.0,19.0,20.0,13.0,20.0,9.0,3.0,4.0,3.0,2.0,1.0,101.33333333333333,100.16666666666667,5.033222956847158,21.333333333333332
Jammu,Jammu,Jammu PDD Power House near High Court Janipur 1071,2024-08-01,72.0,72.0,12.5,10.0,1.0,8,2024,-0.8660254037844384,-0.5000000000000004,94.0,106.0,102.0,91.0,85.0,94.0,106.0,102.0,91.0,85.0,6.0,21.0,17.0,28.0,23.0,14.0,19.0,20.0,16.0,15.0,2.0,3.0,4.0,2.0,3.0,100.66666666666667,97.83333333333333,6.1101009266077835,14.666666666666666
Jammu,Jammu,Jammu PDD Power House near High Court Janipur 1071,2024-09-01,81.0,81.0,19.0,14.5,4.006702617611334,9,2024,-1.0,-1.8369701987210297e-16,72.0,94.0,106.0,98.0,80.0,72.0,94.0,106.0,98.0,80.0,12.5,6.0,21.0,27.0,25.0,10.0,14.0,19.0,18.0,17.0,1.0,2.0,3.0,3.0,3.0,90.66666666666667,94.66666666666667,17.243356208503418,13.166666666666666
Jammu,Jammu,Jammu PDD Power House near High Court Janipur 1071,2024-10-01,115.0,115.0,25.5,19.0,4.0,10,2024,-0.8660254037844386,0.5000000000000001,81.0,72.0,94.0,96.0,84.0,81.0,72.0,94.0,96.0,84.0,19.0,12.5,6.0,26.0,19.0,14.5,10.0,14.0,13.0,17.0,4.006702617611334,1.0,2.0,3.0,3.0,82.33333333333333,91.83333333333333,11.06044001535804,12.5
Jammu,Jammu,Jammu PDD Power House near High Court Janipur 1071,2024-11-01,130.0,129.0,32.0,22.0,4.0,11,2024,-0.5000000000000004,0.8660254037844384,115.0,81.0,72.0,102.0,105.0,115.0,81.0,72.0,102.0,105.0,25.5,19.0,12.5,17.0,35.0,19.0,14.5,10.0,20.0,20.0,4.0,4.006702617611334,1.0,4.0,3.0,89.33333333333333,95.0,22.678918257565403,19.0
Jammu,Jammu,Jammu PDD Power House near High Court Janipur 1071,2024-12-01,128.0,146.0,83.0,24.0,4.0,12,2024,-2.4492935982947064e-16,1.0,130.0,115.0,81.0,106.0,98.0,129.0,115.0,81.0,106.0,98.0,32.0,25.5,19.0,21.0,25.0,22.0,19.0,14.5,19.0,22.0,4.0,4.0,4.006702617611334,3.0,3.0,108.66666666666667,99.66666666666667,25.106440076867397,25.5
Jammu,Jammu,Jammu PDD Power House near High Court Janipur 1071,2025-01-01,163.0,163.0,93.0,26.0,4.0,1,2025,0.49999999999999994,0.8660254037844387,128.0,130.0,115.0,94.0,108.0,146.0,129.0,115.0,94.0,108.0,83.0,32.0,25.5,6.0,34.0,24.0,22.0,19.0,14.0,20.0,4.0,4.0,4.0,2.0,2.0,124.33333333333333,103.33333333333333,8.144527815247072,46.833333333333336
Jammu,Jammu,Jammu PDD Power House near High Court Janipur 1071,2025-02-01,85.0,55.0,58.0,13.0,1.0,2,2025,0.8660254037844386,0.5000000000000001,163.0,128.0,130.0,72.0,91.0,163.0,146.0,129.0,72.0,91.0,93.0,83.0,32.0,12.5,28.0,26.0,24.0,22.0,10.0,16.0,4.0,4.0,4.0,1.0,2.0,140.33333333333334,114.83333333333333,19.655363983740752,69.33333333333333
Jammu,Jammu,Jammu PDD Power House near High Court Janipur 1071,2025-03-01,93.0,93.0,47.0,28.0,3.0,3,2025,1.0,6.123233995736766e-17,85.0,163.0,128.0,81.0,98.0,55.0,163.0,146.0,81.0,98.0,58.0,93.0,83.0,19.0,27.0,13.0,26.0,24.0,14.5,18.0,1.0,4.0,4.0,4.006702617611334,3.0,125.33333333333333,117.0,39.068316233660916,78.0
Jammu,Jammu,Jammu PDD Power House near High Court Janipur 1071,2025-04-01,111.0,111.0,59.0,31.0,3.0,4,2025,0.8660254037844387,-0.4999999999999998,93.0,85.0,163.0,115.0,96.0,93.0,55.0,163.0,115.0,96.0,47.0,58.0,93.0,25.5,26.0,28.0,13.0,26.0,19.0,13.0,3.0,1.0,4.0,4.0,3.0,113.66666666666667,119.0,42.91076011134425,66.0
Jammu,Jammu,Jammu PDD Power House near High Court Janipur 1071,2025-05-01,103.0,103.0,57.0,27.33333333333333,8.007453430947237,5,2025,0.49999999999999994,-0.8660254037844387,111.0,93.0,85.0,130.0,102.0,111.0,93.0,55.0,129.0,102.0,59.0,47.0,58.0,32.0,17.0,31.0,28.0,13.0,22.0,20.0,3.0,3.0,1.0,4.0,4.0,96.33333333333333,118.33333333333333,13.316656236958787,54.666666666666664
Jammu,Jammu,Jammu PDD Power House near High Court Janipur 1071,2025-06-01,104.0,104.0,49.0,23.666666666666668,5.699802974819546,6,2025,1.2246467991473532e-16,-1.0,103.0,111.0,93.0,128.0,106.0,103.0,111.0,93.0,146.0,106.0,57.0,59.0,47.0,83.0,21.0,27.33333333333333,31.0,28.0,24.0,19.0,8.007453430947237,3.0,3.0,4.0,3.0,102.33333333333333,113.83333333333333,9.018499505645794,54.333333333333336
Jammu,Jammu,Jammu PDD Power House near High Court Janipur 1071,2025-07-01,79.0,79.0,26.0,20.0,2.0,7,2025,-0.4999999999999997,-0.8660254037844388,104.0,103.0,111.0,163.0,94.0,104.0,103.0,111.0,163.0,94.0,49.0,57.0,59.0,93.0,6.0,23.666666666666668,27.33333333333333,31.0,26.0,14.0,5.699802974819546,8.007453430947237,3.0,4.0,2.0,106.0,109.83333333333333,4.358898943540688,55.0
Jammu,Jammu,Jammu PDD Power House near High Court Janipur 1071,2025-08-01,69.0,69.0,28.0,16.0,1.0,8,2025,-0.8660254037844384,-0.5000000000000004,79.0,104.0,103.0,85.0,72.0,79.0,104.0,103.0,55.0,72.0,26.0,49.0,57.0,58.0,12.5,20.0,23.666666666666668,27.33333333333333,13.0,10.0,2.0,5.699802974819546,8.007453430947237,1.0,1.0,95.33333333333333,95.83333333333333,14.153915830374768,44.0
Jammu,Jammu,Jammu PDD Power House near High Court Janipur 1071,2025-09-01,71.0,71.0,4.0,17.0,2.0,9,2025,-1.0,-1.8369701987210297e-16,69.0,79.0,104.0,93.0,81.0,69.0,79.0,104.0,93.0,81.0,28.0,26.0,49.0,47.0,19.0,16.0,20.0,23.666666666666668,28.0,14.5,1.0,2.0,5.699802974819546,3.0,4.006702617611334,84.0,93.16666666666667,18.02775637731995,34.333333333333336
Jammu,Jammu,Jammu PDD Power House near High Court Janipur 1071,2025-10-01,104.0,104.0,37.0,23.0,3.0,10,2025,-0.8660254037844386,0.5000000000000001,71.0,69.0,79.0,111.0,115.0,71.0,69.0,79.0,111.0,115.0,4.0,28.0,26.0,59.0,25.5,17.0,16.0,20.0,31.0,19.0,2.0,1.0,2.0,3.0,4.0,73.0,89.5,5.291502622129187,19.333333333333332
Jammu,Jammu,Jammu PDD Power House near High Court Janipur 1071,2025-11-01,109.0,109.0,31.33333333333333,28.0,3.0,11,2025,-0.5000000000000004,0.8660254037844384,104.0,71.0,69.0,103.0,130.0,104.0,71.0,69.0,103.0,129.0,37.0,4.0,28.0,57.0,32.0,23.0,17.0,16.0,27.33333333333333,22.0,3.0,2.0,1.0,8.007453430947237,4.0,81.33333333333333,88.33333333333333,19.65536398374076,23.0
Jammu,Jammu,Jammu PDD Power House near High Court Janipur 1071,2025-12-01,129.0,129.0,25.666666666666664,34.0,4.0,12,2025,-2.4492935982947064e-16,1.0,109.0,104.0,71.0,104.0,128.0,109.0,104.0,71.0,104.0,146.0,31.33333333333333,37.0,4.0,49.0,83.0,28.0,23.0,17.0,23.666666666666668,24.0,3.0,3.0,2.0,5.699802974819546,4.0,94.66666666666667,89.33333333333333,20.64784088793144,24.11111111111111
Jammu,Jammu,Jammu PDD Power House near High Court Janipur 1071,2026-01-01,124.0,124.0,20.0,35.0,3.0,1,2026,0.49999999999999994,0.8660254037844387,129.0,109.0,104.0,79.0,163.0,129.0,109.0,104.0,79.0,163.0,25.666666666666664,31.33333333333333,37.0,26.0,93.0,34.0,28.0,23.0,20.0,26.0,4.0,3.0,3.0,2.0,4.0,114.0,93.5,13.228756555322954,31.333333333333332
Jammu,Jammu,Jammu PDD Power House near High Court Janipur 1071,2026-02-01,112.0,112.0,71.0,31.0,3.0,2,2026,0.8660254037844386,0.5000000000000001,124.0,129.0,109.0,69.0,85.0,124.0,129.0,109.0,69.0,55.0,20.0,25.666666666666664,31.33333333333333,28.0,58.0,35.0,34.0,28.0,16.0,13.0,3.0,4.0,3.0,1.0,1.0,120.66666666666667,101.0,10.408329997330666,25.666666666666668
Jammu,Jammu,Jammu PDD Power House near High Court Janipur 1071,2026-03-01,110.0,110.0,57.0,28.0,2.0,3,2026,1.0,6.123233995736766e-17,112.0,124.0,129.0,71.0,93.0,112.0,124.0,129.0,71.0,93.0,71.0,20.0,25.666666666666664,4.0,47.0,31.0,35.0,34.0,17.0,28.0,3.0,3.0,4.0,2.0,3.0,121.66666666666667,108.16666666666667,8.736894948054106,38.88888888888889
Jammu,Jammu,Jammu Sidhra Forest Nursery,2023-01-01,94.39309303217156,97.17726946547948,45.4194897078592,16.90828403592742,5.830875792682721,1,2023,0.49999999999999994,0.8660254037844387,94.39309303217156,94.39309303217156,94.39309303217156,62.52631578947368,105.77134212517916,97.17726946547948,97.17726946547948,97.17726946547948,104.21052631578948,107.10526315789474,45.4194897078592,45.4194897078592,45.4194897078592,33.58104572010595,55.36842105263158,16.90828403592742,16.90828403592742,16.90828403592742,16.882879542703225,26.956521739130437,5.830875792682721,5.830875792682721,5.830875792682721,3.6362194186693135,5.586744554346093,94.39309303217156,89.08196349172192,0.0,45.4194897078592
Jammu,Jammu,Jammu Sidhra Forest Nursery,2023-02-01,94.39309303217156,97.17726946547948,45.4194897078592,16.90828403592742,5.830875792682721,2,2023,0.8660254037844386,0.5000000000000001,94.39309303217156,94.39309303217156,94.39309303217156,94.39309303217156,105.77134212517916,97.17726946547948,97.17726946547948,97.17726946547948,97.17726946547948,104.21052631578948,45.4194897078592,45.4194897078592,45.4194897078592,45.4194897078592,53.73684210526316,16.90828403592742,16.90828403592742,16.90828403592742,16.90828403592742,25.91304347826087,5.830875792682721,5.830875792682721,5.830875792682721,5.830875792682721,5.458171914462661,94.39309303217156,94.39309303217156,0.0,45.4194897078592
Jammu,Jammu,Jammu Sidhra Forest Nursery,2023-03-01,33.0,55.0,22.0,22.0,4.159531369757586,3,2023,1.0,6.123233995736766e-17,94.39309303217156,94.39309303217156,94.39309303217156,94.39309303217156,62.526315789473685,97.17726946547948,97.17726946547948,97.17726946547948,97.17726946547948,104.21052631578948,45.4194897078592,45.4194897078592,45.4194897078592,45.4194897078592,36.01789376711078,16.90828403592742,16.90828403592742,16.90828403592742,16.90828403592742,16.772685588197497,5.830875792682721,5.830875792682721,5.830875792682721,5.830875792682721,4.081249287430726,94.39309303217156,94.39309303217156,0.0,45.4194897078592
Jammu,Jammu,Jammu Sidhra Forest Nursery,2023-04-01,33.0,55.0,22.0,22.0,4.415164504168864,4,2023,0.8660254037844387,-0.4999999999999998,33.0,94.39309303217156,94.39309303217156,94.39309303217156,62.526315789473685,55.0,97.17726946547948,97.17726946547948,97.17726946547948,104.21052631578948,22.0,45.4194897078592,45.4194897078592,45.4194897078592,33.58104572010595,22.0,16.90828403592742,16.90828403592742,16.90828403592742,16.882879542703225,4.159531369757586,5.830875792682721,5.830875792682721,5.830875792682721,3.6362194186693135,73.92872868811439,84.16091086014298,35.44531878850799,37.6129931385728
Jammu,Jammu,Jammu Sidhra Forest Nursery,2023-05-01,33.0,55.0,30.54493214183771,9.917398859233987,4.697294039085102,5,2023,0.49999999999999994,-0.8660254037844387,33.0,33.0,94.39309303217156,94.39309303217156,62.526315789473685,55.0,55.0,97.17726946547948,97.17726946547948,104.21052631578948,22.0,22.0,45.4194897078592,45.4194897078592,33.58104572010595,22.0,22.0,16.90828403592742,16.90828403592742,16.882879542703225,4.415164504168864,4.159531369757586,5.830875792682721,5.830875792682721,3.6362194186693135,53.464364344057195,73.92872868811438,35.44531878850799,29.8064965692864
Jammu,Jammu,Jammu Sidhra Forest Nursery,2023-06-01,55.0,55.0,30.54493214183771,9.917398859233987,4.697294039085102,6,2023,1.2246467991473532e-16,-1.0,33.0,33.0,33.0,94.39309303217156,62.526315789473685,55.0,55.0,55.0,97.17726946547948,104.21052631578948,30.54493214183771,22.0,22.0,45.4194897078592,33.58104572010595,9.917398859233987,22.0,22.0,16.90828403592742,16.882879542703225,4.697294039085102,4.415164504168864,4.159531369757586,5.830875792682721,3.6362194186693135,33.0,63.69654651608578,0.0,24.848310713945903
Jammu,Jammu,Jammu Sidhra Forest Nursery,2023-07-01,55.0,55.0,26.0,9.917398859233987,3.3133587604700696,7,2023,-0.4999999999999997,-0.8660254037844388,55.0,33.0,33.0,94.39309303217156,62.52631578947368,55.0,55.0,55.0,97.17726946547948,104.21052631578948,30.54493214183771,30.54493214183771,22.0,45.4194897078592,33.58104572010595,9.917398859233987,9.917398859233987,22.0,16.90828403592742,16.882879542703225,4.697294039085102,4.697294039085102,4.415164504168864,5.830875792682721,3.6362194186693135,40.333333333333336,57.13103101072386,12.701705922171765,27.696621427891802
Jammu,Jammu,Jammu Sidhra Forest Nursery,2023-08-01,55.0,55.0,22.0,9.917398859233987,3.3133587604700696,8,2023,-0.8660254037844384,-0.5000000000000004,55.0,55.0,33.0,94.39309303217156,94.39309303217156,55.0,55.0,55.0,97.17726946547948,97.17726946547948,26.0,30.54493214183771,30.54493214183771,45.4194897078592,45.4194897078592,9.917398859233987,9.917398859233987,9.917398859233987,16.90828403592742,16.90828403592742,3.3133587604700696,4.697294039085102,4.697294039085102,5.830875792682721,5.830875792682721,47.666666666666664,50.56551550536193,12.701705922171765,29.029954761225138
Jammu,Jammu,Jammu Sidhra Forest Nursery,2023-09-01,56.0,56.0,4.0,9.917398859233987,3.223136635102248,9,2023,-1.0,-1.8369701987210297e-16,55.0,55.0,55.0,33.0,94.39309303217156,55.0,55.0,55.0,55.0,97.17726946547948,22.0,26.0,30.54493214183771,22.0,45.4194897078592,9.917398859233987,9.917398859233987,9.917398859233987,22.0,16.90828403592742,3.3133587604700696,3.3133587604700696,4.697294039085102,4.159531369757586,5.830875792682721,55.0,44.0,0.0,26.181644047279235
Jammu,Jammu,Jammu Sidhra Forest Nursery,2023-10-01,57.0,57.0,23.0,10.200413320664424,3.3133587604700696,10,2023,-0.8660254037844386,0.5000000000000001,56.0,55.0,55.0,33.0,94.39309303217156,56.0,55.0,55.0,55.0,97.17726946547948,4.0,22.0,26.0,22.0,45.4194897078592,9.917398859233987,9.917398859233987,9.917398859233987,22.0,16.90828403592742,3.223136635102248,3.3133587604700696,3.3133587604700696,4.415164504168864,5.830875792682721,55.333333333333336,47.833333333333336,0.5773502691896247,17.333333333333332
Jammu,Jammu,Jammu Sidhra Forest Nursery,2023-11-01,74.0,63.0,16.0,4.0,1.0,11,2023,-0.5000000000000004,0.8660254037844384,57.0,56.0,55.0,33.0,94.39309303217156,57.0,56.0,55.0,55.0,97.17726946547948,23.0,4.0,22.0,30.54493214183771,45.4194897078592,10.200413320664424,9.917398859233987,9.917398859233987,9.917398859233987,16.90828403592742,3.3133587604700696,3.223136635102248,3.3133587604700696,4.697294039085102,5.830875792682721,56.0,51.833333333333336,0.9999999999999991,16.333333333333332
Jammu,Jammu,Jammu Sidhra Forest Nursery,2023-12-01,78.84657801716924,69.0,23.5,5.0,1.847892660644763,12,2023,-2.4492935982947064e-16,1.0,74.0,57.0,56.0,55.0,94.39309303217156,63.0,57.0,56.0,55.0,97.17726946547948,16.0,23.0,4.0,30.54493214183771,45.4194897078592,4.0,10.200413320664424,9.917398859233987,9.917398859233987,16.90828403592742,1.0,3.3133587604700696,3.223136635102248,4.697294039085102,5.830875792682721,62.333333333333336,58.666666666666664,10.115993936995677,14.333333333333334
Jammu,Jammu,Jammu Sidhra Forest Nursery,2024-01-01,75.0,75.0,31.0,5.0,2.0,1,2024,0.49999999999999994,0.8660254037844387,78.84657801716924,74.0,57.0,55.0,94.39309303217156,69.0,63.0,57.0,55.0,97.17726946547948,23.5,16.0,23.0,26.0,45.4194897078592,5.0,4.0,10.200413320664424,9.917398859233987,16.90828403592742,1.847892660644763,1.0,3.3133587604700696,3.3133587604700696,5.830875792682721,69.94885933905641,62.64109633619487,11.472883171031086,20.833333333333332
Jammu,Jammu,Jammu Sidhra Forest Nursery,2024-02-01,66.0,66.0,27.0,5.0,2.0,2,2024,0.8660254037844386,0.5000000000000001,75.0,78.84657801716924,74.0,55.0,94.39309303217156,75.0,69.0,63.0,55.0,97.17726946547948,31.0,23.5,16.0,22.0,45.4194897078592,5.0,5.0,4.0,9.917398859233987,16.90828403592742,2.0,1.847892660644763,1.0,3.3133587604700696,5.830875792682721,75.94885933905641,65.9744296695282,2.5588239785325015,23.5
Jammu,Jammu,Jammu Sidhra Forest Nursery,2024-03-01,75.0,75.0,30.0,4.0,2.0,3,2024,1.0,6.123233995736766e-17,66.0,75.0,78.84657801716924,56.0,33.0,66.0,75.0,69.0,56.0,55.0,27.0,31.0,23.5,4.0,22.0,5.0,5.0,5.0,9.917398859233987,22.0,2.0,2.0,1.847892660644763,3.223136635102248,4.159531369757586,73.28219267238974,67.80776300286153,6.593313901134809,27.166666666666668
Jammu,Jammu,Jammu Sidhra Forest Nursery,2024-04-01,66.0,66.0,12.0,3.0,2.0,4,2024,0.8660254037844387,-0.4999999999999998,75.0,66.0,75.0,57.0,33.0,75.0,66.0,75.0,57.0,55.0,30.0,27.0,31.0,23.0,22.0,4.0,5.0,5.0,10.200413320664424,22.0,2.0,2.0,2.0,3.3133587604700696,4.415164504168864,72.0,70.9744296695282,5.196152422706623,29.333333333333332
Jammu,Jammu,Jammu Sidhra Forest Nursery,2024-05-01,58.0,58.0,24.0,3.0,1.0,5,2024,0.49999999999999994,-0.8660254037844387,66.0,75.0,66.0,74.0,33.0,66.0,75.0,66.0,63.0,55.0,12.0,30.0,27.0,16.0,30.54493214183771,3.0,4.0,5.0,4.0,9.917398859233987,2.0,2.0,2.0,1.0,4.697294039085102,69.0,72.4744296695282,5.196152422706623,23.0
Jammu,Jammu,Jammu Sidhra Forest Nursery,2024-06-01,66.0,66.0,25.0,3.0,2.0,6,2024,1.2246467991473532e-16,-1.0,58.0,66.0,75.0,78.84657801716924,55.0,58.0,66.0,75.0,69.0,55.0,24.0,12.0,30.0,23.5,30.54493214183771,3.0,3.0,4.0,5.0,9.917398859233987,1.0,2.0,2.0,1.847892660644763,4.697294039085102,66.33333333333333,69.80776300286153,8.504900548115375,22.0
Jammu,Jammu,Jammu Sidhra Forest Nursery,2024-07-01,63.0,63.0,24.0,2.0,2.0,7,2024,-0.4999999999999997,-0.8660254037844388,66.0,58.0,66.0,75.0,55.0,66.0,58.0,66.0,75.0,55.0,25.0,24.0,12.0,31.0,26.0,3.0,3.0,3.0,5.0,9.917398859233987,2.0,1.0,2.0,2.0,3.3133587604700696,63.333333333333336,67.66666666666667,4.618802153516987,20.333333333333332
Jammu,Jammu,Jammu Sidhra Forest Nursery,2024-08-01,50.0,50.0,2.0,2.0,1.0,8,2024,-0.8660254037844384,-0.5000000000000004,63.0,66.0,58.0,66.0,55.0,63.0,66.0,58.0,66.0,55.0,24.0,25.0,24.0,27.0,22.0,2.0,3.0,3.0,5.0,9.917398859233987,2.0,2.0,1.0,2.0,3.3133587604700696,62.333333333333336,65.66666666666667,4.0414518843273575,24.333333333333332
Jammu,Jammu,Jammu Sidhra Forest Nursery,2024-09-01,66.0,66.0,25.0,2.5,1.4869873478365825,9,2024,-1.0,-1.8369701987210297e-16,50.0,63.0,66.0,75.0,56.0,50.0,63.0,66.0,75.0,56.0,2.0,24.0,25.0,30.0,4.0,2.0,2.0,3.0,4.0,9.917398859233987,1.0,2.0,2.0,2.0,3.223136635102248,59.666666666666664,63.0,8.504900548115371,17.0
Jammu,Jammu,Jammu Sidhra Forest Nursery,2024-10-01,80.0,80.0,17.0,3.0,1.0,10,2024,-0.8660254037844386,0.5000000000000001,66.0,50.0,63.0,66.0,57.0,66.0,50.0,63.0,66.0,57.0,25.0,2.0,24.0,12.0,23.0,2.5,2.0,2.0,3.0,10.200413320664424,1.4869873478365825,1.0,2.0,2.0,3.3133587604700696,59.666666666666664,61.5,8.504900548115371,17.0
Jammu,Jammu,Jammu Sidhra Forest Nursery,2024-11-01,95.0,95.0,28.5,8.0,1.0,11,2024,-0.5000000000000004,0.8660254037844384,80.0,66.0,50.0,58.0,74.0,80.0,66.0,50.0,58.0,63.0,17.0,25.0,2.0,24.0,16.0,3.0,2.5,2.0,3.0,4.0,1.0,1.4869873478365825,1.0,1.0,1.0,65.33333333333333,63.833333333333336,15.011106998930265,14.666666666666666
Jammu,Jammu,Jammu Sidhra Forest Nursery,2024-12-01,99.0,101.5,40.0,12.0,2.0,12,2024,-2.4492935982947064e-16,1.0,95.0,80.0,66.0,66.0,78.84657801716924,95.0,80.0,66.0,66.0,69.0,28.5,17.0,25.0,25.0,23.5,8.0,3.0,2.5,3.0,5.0,1.0,1.0,1.4869873478365825,2.0,1.847892660644763,80.33333333333333,70.0,14.50287327853806,23.5
Jammu,Jammu,Jammu Sidhra Forest Nursery,2025-01-01,108.0,108.0,44.0,24.0,3.0,1,2025,0.49999999999999994,0.8660254037844387,99.0,95.0,80.0,63.0,75.0,101.5,95.0,80.0,63.0,75.0,40.0,28.5,17.0,24.0,31.0,12.0,8.0,3.0,2.0,5.0,2.0,1.0,1.0,2.0,2.0,91.33333333333333,75.5,10.016652800877813,28.5
Jammu,Jammu,Jammu Sidhra Forest Nursery,2025-02-01,67.0,31.0,52.0,8.0,1.0,2,2025,0.8660254037844386,0.5000000000000001,108.0,99.0,95.0,50.0,66.0,108.0,101.5,95.0,50.0,66.0,44.0,40.0,28.5,2.0,27.0,24.0,12.0,8.0,2.0,5.0,3.0,2.0,1.0,1.0,2.0,100.66666666666667,83.0,6.658328118479394,37.5
Jammu,Jammu,Jammu Sidhra Forest Nursery,2025-03-01,77.0,77.0,32.0,20.0,2.0,3,2025,1.0,6.123233995736766e-17,67.0,108.0,99.0,66.0,75.0,31.0,108.0,101.5,66.0,75.0,52.0,44.0,40.0,25.0,30.0,8.0,24.0,12.0,2.5,4.0,1.0,3.0,2.0,1.4869873478365825,2.0,91.33333333333333,85.83333333333333,21.54839514519198,45.333333333333336
Jammu,Jammu,Jammu Sidhra Forest Nursery,2025-04-01,84.0,84.0,30.0,9.0,1.0,4,2025,0.8660254037844387,-0.4999999999999998,77.0,67.0,108.0,80.0,66.0,77.0,31.0,108.0,80.0,66.0,32.0,52.0,44.0,17.0,12.0,20.0,8.0,24.0,3.0,3.0,2.0,1.0,3.0,1.0,2.0,84.0,87.66666666666667,21.37755832643195,42.666666666666664
Jammu,Jammu,Jammu Sidhra Forest Nursery,2025-05-01,92.0,92.0,28.0,10.666666666666666,2.985819114976509,5,2025,0.49999999999999994,-0.8660254037844387,84.0,77.0,67.0,95.0,58.0,84.0,77.0,31.0,95.0,58.0,30.0,32.0,52.0,28.5,24.0,9.0,20.0,8.0,8.0,3.0,1.0,2.0,1.0,1.0,1.0,76.0,88.33333333333333,8.544003745317525,38.0
Jammu,Jammu,Jammu Sidhra Forest Nursery,2025-06-01,90.0,90.0,21.75,12.333333333333334,2.91363966763336,6,2025,1.2246467991473532e-16,-1.0,92.0,84.0,77.0,99.0,66.0,92.0,84.0,77.0,101.5,66.0,28.0,30.0,32.0,40.0,25.0,10.666666666666666,9.0,20.0,12.0,3.0,2.985819114976509,1.0,2.0,2.0,2.0,84.33333333333333,87.83333333333333,7.505553499465129,30.0
Jammu,Jammu,Jammu Sidhra Forest Nursery,2025-07-01,63.0,63.0,15.5,14.0,2.0,7,2025,-0.4999999999999997,-0.8660254037844388,90.0,92.0,84.0,108.0,63.0,90.0,92.0,84.0,108.0,63.0,21.75,28.0,30.0,44.0,24.0,12.333333333333334,10.666666666666666,9.0,24.0,2.0,2.91363966763336,2.985819114976509,1.0,3.0,2.0,88.66666666666667,86.33333333333333,4.163331998932257,26.583333333333332
Jammu,Jammu,Jammu Sidhra Forest Nursery,2025-08-01,53.0,53.0,9.25,12.0,1.0,8,2025,-0.8660254037844384,-0.5000000000000004,63.0,90.0,92.0,67.0,50.0,63.0,90.0,92.0,31.0,50.0,15.5,21.75,28.0,52.0,2.0,14.0,12.333333333333334,10.666666666666666,8.0,2.0,2.0,2.91363966763336,2.985819114976509,1.0,1.0,81.66666666666667,78.83333333333333,16.196707484341786,21.75
Jammu,Jammu,Jammu Sidhra Forest Nursery,2025-09-01,52.0,52.0,3.0,13.0,2.0,9,2025,-1.0,-1.8369701987210297e-16,53.0,63.0,90.0,77.0,66.0,53.0,63.0,90.0,77.0,66.0,9.25,15.5,21.75,32.0,25.0,12.0,14.0,12.333333333333334,20.0,2.5,1.0,2.0,2.91363966763336,2.0,1.4869873478365825,68.66666666666667,76.5,19.139836293274126,15.5
Jammu,Jammu,Jammu Sidhra Forest Nursery,2025-10-01,60.0,60.0,15.0,13.0,3.796217499443298,10,2025,-0.8660254037844386,0.5000000000000001,52.0,53.0,63.0,84.0,80.0,52.0,53.0,63.0,84.0,80.0,3.0,9.25,15.5,30.0,17.0,13.0,12.0,14.0,9.0,3.0,2.0,1.0,2.0,1.0,1.0,56.0,72.33333333333333,6.082762530298236,9.25
Jammu,Jammu,Jammu Sidhra Forest Nursery,2025-11-01,73.0,73.0,27.0,18.0,4.531812769921019,11,2025,-0.5000000000000004,0.8660254037844384,60.0,52.0,53.0,92.0,95.0,60.0,52.0,53.0,92.0,95.0,15.0,3.0,9.25,28.0,28.5,13.0,13.0,12.0,10.666666666666666,8.0,3.796217499443298,2.0,1.0,2.985819114976509,1.0,55.0,68.33333333333333,4.3588989435407,9.083333333333334
Jammu,Jammu,Jammu Sidhra Forest Nursery,2025-12-01,103.0,92.5,31.33333333333333,23.0,4.865096371422995,12,2025,-2.4492935982947064e-16,1.0,73.0,60.0,52.0,90.0,99.0,73.0,60.0,52.0,90.0,101.5,27.0,15.0,3.0,21.75,40.0,18.0,13.0,13.0,12.333333333333334,12.0,4.531812769921019,3.796217499443298,2.0,2.91363966763336,2.0,61.666666666666664,65.16666666666667,10.5987420637231,15.0
Jammu,Jammu,Jammu Sidhra Forest Nursery,2026-01-01,112.0,112.0,35.666666666666664,28.0,2.0,1,2026,0.49999999999999994,0.8660254037844387,103.0,73.0,60.0,63.0,108.0,92.5,73.0,60.0,63.0,108.0,31.33333333333333,27.0,15.0,15.5,44.0,23.0,18.0,13.0,14.0,24.0,4.865096371422995,4.531812769921019,3.796217499443298,2.0,3.0,78.66666666666667,67.33333333333333,22.052966542697447,24.444444444444443
Jammu,Jammu,Jammu Sidhra Forest Nursery,2026-02-01,92.0,92.0,40.0,27.0,2.0,2,2026,0.8660254037844386,0.5000000000000001,112.0,103.0,73.0,53.0,67.0,112.0,92.5,73.0,53.0,31.0,35.666666666666664,31.33333333333333,27.0,9.25,52.0,28.0,23.0,18.0,12.0,8.0,2.0,4.865096371422995,4.531812769921019,1.0,1.0,96.0,75.5,20.420577856662128,31.333333333333332
Jammu,Jammu,Jammu Sidhra Forest Nursery,2026-03-01,78.0,78.0,22.0,22.0,2.0,3,2026,1.0,6.123233995736766e-17,92.0,112.0,103.0,52.0,77.0,92.0,112.0,92.5,52.0,77.0,40.0,35.666666666666664,31.33333333333333,3.0,32.0,27.0,28.0,23.0,13.0,20.0,2.0,2.0,4.865096371422995,2.0,2.0,102.33333333333333,82.0,10.016652800877791,35.666666666666664
Jammu,Jammu,Jammu Vikram Chowk Forest Information Center 1072,2023-01-01,107.0,107.0,33.0,18.0,3.0,1,2023,0.49999999999999994,0.8660254037844387,106.48092735331436,106.48092735331436,102.0,203.0,67.0,105.33333333333331,103.66666666666669,102.0,203.0,67.0,58.0,48.0,46.0,42.95613371065373,18.0,20.0,22.0,24.0,24.66213499250149,21.0,7.099623645059086,7.3040705553689795,3.0,16.407555306751608,3.0,104.98728490220958,131.9936424511048,2.587064613655075,50.666666666666664
Jammu,Jammu,Jammu Vikram Chowk Forest Information Center 1072,2023-02-01,113.0,113.0,49.0,6.0,3.2048987667996447,2,2023,0.8660254037844386,0.5000000000000001,107.0,106.48092735331436,106.48092735331436,203.0,343.0,107.0,105.33333333333331,103.66666666666669,203.0,343.0,33.0,58.0,48.0,49.0,75.0,18.0,20.0,22.0,26.0,34.0,3.0,7.099623645059086,7.3040705553689795,4.0,3.0,106.65395156887625,115.99364245110479,0.29968673229292764,46.333333333333336
Jammu,Jammu,Jammu Vikram Chowk Forest Information Center 1072,2023-03-01,114.0,114.0,55.0,13.5,6.529768195868917,3,2023,1.0,6.123233995736766e-17,113.0,107.0,106.48092735331436,71.0,448.0,113.0,107.0,105.33333333333331,70.0,448.0,49.0,33.0,58.0,15.0,85.0,6.0,18.0,20.0,22.0,39.0,3.2048987667996447,3.0,7.099623645059086,3.0,7.0,108.8269757844381,100.99364245110479,3.623252327796628,46.666666666666664
Jammu,Jammu,Jammu Vikram Chowk Forest Information Center 1072,2023-04-01,100.0,100.0,40.0,21.0,2.0,4,2023,0.8660254037844387,-0.4999999999999998,114.0,113.0,107.0,102.0,324.04100781687754,114.0,113.0,107.0,102.0,399.0,55.0,49.0,33.0,46.0,77.8,13.5,6.0,18.0,24.0,36.4,6.529768195868917,3.2048987667996447,3.0,3.0,7.393091649156094,111.33333333333333,108.16030911777146,3.785938897200182,45.666666666666664
Jammu,Jammu,Jammu Vikram Chowk Forest Information Center 1072,2023-05-01,81.0,81.0,35.0,16.0,2.0,5,2023,0.49999999999999994,-0.8660254037844387,100.0,114.0,113.0,106.48092735331436,324.04100781687754,100.0,114.0,113.0,103.66666666666669,350.0,40.0,55.0,49.0,48.0,70.6,21.0,13.5,6.0,22.0,33.8,2.0,6.529768195868917,3.2048987667996447,7.3040705553689795,12.042413024931587,109.0,107.82697578443812,7.810249675906655,48.0
Jammu,Jammu,Jammu Vikram Chowk Forest Information Center 1072,2023-06-01,90.0,90.0,30.0,19.0,3.0,6,2023,1.2246467991473532e-16,-1.0,81.0,100.0,114.0,106.48092735331436,210.0,81.0,100.0,114.0,105.33333333333331,350.0,35.0,40.0,55.0,58.0,42.95613371065373,16.0,21.0,13.5,20.0,26.66523969631055,2.0,2.0,6.529768195868917,7.099623645059086,15.93738935413742,98.33333333333333,103.58015455888574,16.563010998406458,43.333333333333336
Jammu,Jammu,Jammu Vikram Chowk Forest Information Center 1072,2023-07-01,85.0,85.0,37.0,17.0,3.0,7,2023,-0.4999999999999997,-0.8660254037844388,90.0,81.0,100.0,107.0,203.0,90.0,81.0,100.0,107.0,203.0,30.0,35.0,40.0,33.0,42.95613371065373,19.0,16.0,21.0,18.0,24.66213499250149,3.0,2.0,2.0,3.0,16.407555306751608,90.33333333333333,100.83333333333333,9.50438495292216,35.0
Jammu,Jammu,Jammu Vikram Chowk Forest Information Center 1072,2023-08-01,76.0,76.0,32.0,20.0,3.0,8,2023,-0.8660254037844384,-0.5000000000000004,85.0,90.0,81.0,113.0,203.0,85.0,90.0,81.0,113.0,203.0,37.0,30.0,35.0,49.0,49.0,17.0,19.0,16.0,6.0,26.0,3.0,3.0,2.0,3.2048987667996447,4.0,85.33333333333333,97.16666666666667,4.509249752822874,34.0
Jammu,Jammu,Jammu Vikram Chowk Forest Information Center 1072,2023-09-01,75.0,75.0,35.0,22.0,3.0,9,2023,-1.0,-1.8369701987210297e-16,76.0,85.0,90.0,114.0,71.0,76.0,85.0,90.0,114.0,70.0,32.0,37.0,30.0,55.0,15.0,20.0,17.0,19.0,13.5,22.0,3.0,3.0,3.0,6.529768195868917,3.0,83.66666666666667,91.0,7.094598884597577,33.0
Jammu,Jammu,Jammu Vikram Chowk Forest Information Center 1072,2023-10-01,67.92031458709889,68.0,31.0,21.0,3.0,10,2023,-0.8660254037844386,0.5000000000000001,75.0,76.0,85.0,100.0,102.0,75.0,76.0,85.0,100.0,102.0,35.0,32.0,37.0,40.0,46.0,22.0,20.0,17.0,21.0,24.0,3.0,3.0,3.0,2.0,3.0,78.66666666666667,84.5,5.507570547286092,34.666666666666664
Jammu,Jammu,Jammu Vikram Chowk Forest Information Center 1072,2023-11-01,67.92031458709889,104.0,37.0,20.0,5.0,11,2023,-0.5000000000000004,0.8660254037844384,67.92031458709889,75.0,76.0,81.0,106.48092735331436,68.0,75.0,76.0,81.0,103.66666666666669,31.0,35.0,32.0,35.0,48.0,21.0,22.0,20.0,16.0,22.0,3.0,3.0,3.0,2.0,7.3040705553689795,72.97343819569963,79.15338576451647,4.4046048236872,32.666666666666664
Jammu,Jammu,Jammu Vikram Chowk Forest Information Center 1072,2023-12-01,98.0,104.0,39.0,19.0,4.687385951249457,12,2023,-2.4492935982947064e-16,1.0,67.92031458709889,67.92031458709889,75.0,90.0,106.48092735331436,104.0,68.0,75.0,90.0,105.33333333333331,37.0,31.0,35.0,30.0,58.0,20.0,21.0,22.0,19.0,20.0,5.0,3.0,3.0,3.0,7.099623645059086,70.28020972473259,76.97343819569964,4.087458278916313,34.333333333333336
Jammu,Jammu,Jammu Vikram Chowk Forest Information Center 1072,2024-01-01,98.0,98.0,39.0,18.0,2.0,1,2024,0.49999999999999994,0.8660254037844387,98.0,67.92031458709889,67.92031458709889,85.0,107.0,104.0,104.0,68.0,85.0,107.0,39.0,37.0,31.0,37.0,33.0,19.0,20.0,21.0,17.0,18.0,4.687385951249457,5.0,3.0,3.0,3.0,77.94687639139926,78.30677152903297,17.366514470277718,35.666666666666664
Jammu,Jammu,Jammu Vikram Chowk Forest Information Center 1072,2024-02-01,102.0,102.0,34.0,17.0,3.0,2,2024,0.8660254037844386,0.5000000000000001,98.0,98.0,67.92031458709889,76.0,113.0,98.0,104.0,104.0,76.0,113.0,39.0,39.0,37.0,32.0,49.0,18.0,19.0,20.0,20.0,6.0,2.0,4.687385951249457,5.0,3.0,3.2048987667996447,87.97343819569964,80.47343819569964,17.366514470277718,38.333333333333336
Jammu,Jammu,Jammu Vikram Chowk Forest Information Center 1072,2024-03-01,110.0,110.0,38.0,21.0,6.0,3,2024,1.0,6.123233995736766e-17,102.0,98.0,98.0,75.0,114.0,102.0,98.0,104.0,75.0,114.0,34.0,39.0,39.0,35.0,55.0,17.0,18.0,19.0,22.0,13.5,3.0,2.0,4.687385951249457,3.0,6.529768195868917,99.33333333333333,84.80677152903297,2.309401076758505,37.333333333333336
Jammu,Jammu,Jammu Vikram Chowk Forest Information Center 1072,2024-04-01,95.0,95.0,34.0,13.0,2.0,4,2024,0.8660254037844387,-0.4999999999999998,110.0,102.0,98.0,67.92031458709889,100.0,110.0,102.0,98.0,68.0,100.0,38.0,34.0,39.0,31.0,40.0,21.0,17.0,18.0,21.0,21.0,6.0,3.0,2.0,3.0,2.0,103.33333333333333,90.6401048623663,6.11010092660779,37.0
Jammu,Jammu,Jammu Vikram Chowk Forest Information Center 1072,2024-05-01,106.0,106.0,39.0,19.0,4.0,5,2024,0.49999999999999994,-0.8660254037844387,95.0,110.0,102.0,67.92031458709889,81.0,95.0,110.0,102.0,104.0,81.0,34.0,38.0,34.0,37.0,35.0,13.0,21.0,17.0,20.0,16.0,2.0,6.0,3.0,5.0,2.0,102.33333333333333,95.15338576451649,7.505553499465137,35.333333333333336
Jammu,Jammu,Jammu Vikram Chowk Forest Information Center 1072,2024-06-01,109.0,109.0,37.0,14.0,2.0,6,2024,1.2246467991473532e-16,-1.0,106.0,95.0,110.0,98.0,90.0,106.0,95.0,110.0,104.0,90.0,39.0,34.0,38.0,39.0,30.0,19.0,13.0,21.0,19.0,19.0,4.0,2.0,6.0,4.687385951249457,3.0,103.66666666666667,101.5,7.767453465154031,37.0
Jammu,Jammu,Jammu Vikram Chowk Forest Information Center 1072,2024-07-01,99.0,99.0,35.0,13.0,2.0,7,2024,-0.4999999999999997,-0.8660254037844388,109.0,106.0,95.0,98.0,85.0,109.0,106.0,95.0,98.0,85.0,37.0,39.0,34.0,39.0,37.0,14.0,19.0,13.0,18.0,17.0,2.0,4.0,2.0,2.0,3.0,103.33333333333333,103.33333333333333,7.371114795831998,36.666666666666664
Jammu,Jammu,Jammu Vikram Chowk Forest Information Center 1072,2024-08-01,76.0,76.0,33.0,13.0,2.0,8,2024,-0.8660254037844384,-0.5000000000000004,99.0,109.0,106.0,102.0,76.0,99.0,109.0,106.0,102.0,76.0,35.0,37.0,39.0,34.0,32.0,13.0,14.0,19.0,17.0,20.0,2.0,2.0,4.0,3.0,3.0,104.66666666666667,103.5,5.131601439446896,37.0
Jammu,Jammu,Jammu Vikram Chowk Forest Information Center 1072,2024-09-01,97.0,97.0,36.05640780920144,17.6,4.932128612481652,9,2024,-1.0,-1.8369701987210297e-16,76.0,99.0,109.0,110.0,75.0,76.0,99.0,109.0,110.0,75.0,33.0,35.0,37.0,38.0,35.0,13.0,13.0,14.0,21.0,22.0,2.0,2.0,2.0,6.0,3.0,94.66666666666667,99.16666666666667,16.92138686199608,35.0
Jammu,Jammu,Jammu Vikram Chowk Forest Information Center 1072,2024-10-01,134.0,134.0,48.72981557108697,22.2,4.0,10,2024,-0.8660254037844386,0.5000000000000001,97.0,76.0,99.0,95.0,67.92031458709889,97.0,76.0,99.0,95.0,68.0,36.05640780920144,33.0,35.0,34.0,31.0,17.6,13.0,13.0,13.0,21.0,4.932128612481652,2.0,2.0,2.0,3.0,90.66666666666667,97.0,12.741009902410935,34.68546926973381
Jammu,Jammu,Jammu Vikram Chowk Forest Information Center 1072,2024-11-01,185.0,185.0,27.0,22.831760845686365,7.0,11,2024,-0.5000000000000004,0.8660254037844384,134.0,97.0,76.0,106.0,67.92031458709889,134.0,97.0,76.0,106.0,104.0,48.72981557108697,36.05640780920144,33.0,39.0,37.0,22.2,17.6,13.0,19.0,20.0,4.0,4.932128612481652,2.0,4.0,5.0,102.33333333333333,103.5,29.365512652316045,39.26207446009614
Jammu,Jammu,Jammu Vikram Chowk Forest Information Center 1072,2024-12-01,171.0,171.0,61.5,25.86909052792005,4.0,12,2024,-2.4492935982947064e-16,1.0,185.0,134.0,97.0,109.0,98.0,185.0,134.0,97.0,109.0,104.0,27.0,48.72981557108697,36.05640780920144,37.0,39.0,22.831760845686365,22.2,17.6,14.0,19.0,7.0,4.0,4.932128612481652,2.0,4.687385951249457,138.66666666666666,116.66666666666667,44.18521623046937,37.26207446009614
Jammu,Jammu,Jammu Vikram Chowk Forest Information Center 1072,2025-01-01,180.0,180.0,96.0,36.0,5.0,1,2025,0.49999999999999994,0.8660254037844387,171.0,185.0,134.0,99.0,98.0,171.0,185.0,134.0,99.0,98.0,61.5,27.0,48.72981557108697,35.0,39.0,25.86909052792005,22.831760845686365,22.2,13.0,18.0,4.0,7.0,4.0,2.0,2.0,163.33333333333334,127.0,26.350205565295585,45.74327185702899
Jammu,Jammu,Jammu Vikram Chowk Forest Information Center 1072,2025-02-01,134.0,105.0,94.0,27.0,3.0,2,2025,0.8660254037844386,0.5000000000000001,180.0,171.0,185.0,76.0,102.0,180.0,171.0,185.0,76.0,102.0,96.0,61.5,27.0,33.0,34.0,36.0,25.86909052792005,22.831760845686365,13.0,17.0,5.0,4.0,7.0,2.0,3.0,178.66666666666666,140.5,7.094598884597652,61.5
Jammu,Jammu,Jammu Vikram Chowk Forest Information Center 1072,2025-03-01,102.0,102.0,51.0,32.0,3.0,3,2025,1.0,6.123233995736766e-17,134.0,180.0,171.0,97.0,110.0,105.0,180.0,171.0,97.0,110.0,94.0,96.0,61.5,36.05640780920144,38.0,27.0,36.0,25.86909052792005,17.6,21.0,3.0,5.0,4.0,4.932128612481652,6.0,161.66666666666666,150.16666666666666,24.378952670968744,83.83333333333333
Jammu,Jammu,Jammu Vikram Chowk Forest Information Center 1072,2025-04-01,115.0,115.0,55.0,31.0,3.0,4,2025,0.8660254037844387,-0.4999999999999998,102.0,134.0,180.0,134.0,95.0,102.0,105.0,180.0,134.0,95.0,51.0,94.0,96.0,48.72981557108697,34.0,32.0,27.0,36.0,22.2,13.0,3.0,3.0,5.0,4.0,2.0,138.66666666666666,151.0,39.20884254008697,80.33333333333333
Jammu,Jammu,Jammu Vikram Chowk Forest Information Center 1072,2025-05-01,118.0,118.0,63.0,28.666666666666668,9.237722572074706,5,2025,0.49999999999999994,-0.8660254037844387,115.0,102.0,134.0,185.0,106.0,115.0,102.0,105.0,185.0,106.0,55.0,51.0,94.0,27.0,39.0,31.0,32.0,27.0,22.831760845686365,19.0,3.0,3.0,3.0,7.0,4.0,117.0,147.83333333333334,16.09347693943107,66.66666666666667
Jammu,Jammu,Jammu Vikram Chowk Forest Information Center 1072,2025-06-01,110.0,110.0,56.0,26.33333333333333,8.282491265700463,6,2025,1.2246467991473532e-16,-1.0,118.0,115.0,102.0,171.0,109.0,118.0,115.0,102.0,171.0,109.0,63.0,55.0,51.0,61.5,37.0,28.666666666666668,31.0,32.0,25.86909052792005,14.0,9.237722572074706,3.0,3.0,4.0,2.0,111.66666666666667,136.66666666666666,8.504900548115353,56.333333333333336
Jammu,Jammu,Jammu Vikram Chowk Forest Information Center 1072,2025-07-01,84.0,84.0,29.0,24.0,2.0,7,2025,-0.4999999999999997,-0.8660254037844388,110.0,118.0,115.0,180.0,99.0,110.0,118.0,115.0,180.0,99.0,56.0,63.0,55.0,96.0,35.0,26.33333333333333,28.666666666666668,31.0,36.0,13.0,8.282491265700463,9.237722572074706,3.0,5.0,2.0,114.33333333333333,126.5,4.041451884327341,58.0
Jammu,Jammu,Jammu Vikram Chowk Forest Information Center 1072,2025-08-01,64.0,64.0,29.0,21.0,2.0,8,2025,-0.8660254037844384,-0.5000000000000004,84.0,110.0,118.0,134.0,76.0,84.0,110.0,118.0,105.0,76.0,29.0,56.0,63.0,94.0,33.0,24.0,26.33333333333333,28.666666666666668,27.0,13.0,2.0,8.282491265700463,9.237722572074706,3.0,2.0,104.0,110.5,17.776388834631152,49.333333333333336
Jammu,Jammu,Jammu Vikram Chowk Forest Information Center 1072,2025-09-01,74.0,74.0,22.0,16.0,2.0,9,2025,-1.0,-1.8369701987210297e-16,64.0,84.0,110.0,102.0,97.0,64.0,84.0,110.0,102.0,97.0,29.0,29.0,56.0,51.0,36.05640780920144,21.0,24.0,26.33333333333333,32.0,17.6,2.0,2.0,8.282491265700463,3.0,4.932128612481652,86.0,98.83333333333333,23.065125189341554,38.0
Jammu,Jammu,Jammu Vikram Chowk Forest Information Center 1072,2025-10-01,110.0,110.0,51.0,25.0,4.0,10,2025,-0.8660254037844386,0.5000000000000001,74.0,64.0,84.0,115.0,134.0,74.0,64.0,84.0,115.0,134.0,22.0,29.0,29.0,55.0,48.72981557108697,16.0,21.0,24.0,31.0,22.2,2.0,2.0,2.0,3.0,4.0,74.0,94.16666666666667,9.999999999999877,26.666666666666668
Jammu,Jammu,Jammu Vikram Chowk Forest Information Center 1072,2025-11-01,127.0,127.0,59.0,35.0,3.0,11,2025,-0.5000000000000004,0.8660254037844384,110.0,74.0,64.0,118.0,185.0,110.0,74.0,64.0,118.0,185.0,51.0,22.0,29.0,63.0,27.0,25.0,16.0,21.0,28.666666666666668,22.831760845686365,4.0,2.0,2.0,9.237722572074706,7.0,82.66666666666667,93.33333333333333,24.19366308216537,34.0
Jammu,Jammu,Jammu Vikram Chowk Forest Information Center 1072,2025-12-01,133.0,133.0,80.0,39.0,3.0,12,2025,-2.4492935982947064e-16,1.0,127.0,110.0,74.0,110.0,171.0,127.0,110.0,74.0,110.0,171.0,59.0,51.0,22.0,56.0,61.5,35.0,25.0,16.0,26.33333333333333,25.86909052792005,3.0,4.0,2.0,8.282491265700463,4.0,103.66666666666667,94.83333333333333,27.061657993059715,44.0
Jammu,Jammu,Jammu Vikram Chowk Forest Information Center 1072,2026-01-01,162.0,162.0,101.0,45.0,3.0,1,2026,0.49999999999999994,0.8660254037844387,133.0,127.0,110.0,84.0,180.0,133.0,127.0,110.0,84.0,180.0,80.0,59.0,51.0,29.0,96.0,39.0,35.0,25.0,24.0,36.0,3.0,3.0,4.0,2.0,5.0,123.33333333333333,98.66666666666667,11.930353445448883,63.333333333333336
Jammu,Jammu,Jammu Vikram Chowk Forest Information Center 1072,2026-02-01,140.0,140.0,74.0,41.0,4.0,2,2026,0.8660254037844386,0.5000000000000001,162.0,133.0,127.0,64.0,134.0,162.0,133.0,127.0,64.0,105.0,101.0,80.0,59.0,29.0,94.0,45.0,39.0,35.0,21.0,27.0,3.0,3.0,3.0,2.0,3.0,140.66666666666666,111.66666666666667,18.717193521821983,80.0
Jammu,Jammu,Jammu Vikram Chowk Forest Information Center 1072,2026-03-01,144.0,144.0,71.0,40.0,4.0,3,2026,1.0,6.123233995736766e-17,140.0,162.0,133.0,74.0,102.0,140.0,162.0,133.0,74.0,102.0,74.0,101.0,80.0,22.0,51.0,41.0,45.0,39.0,16.0,32.0,4.0,3.0,3.0,2.0,3.0,145.0,124.33333333333333,15.13274595042161,85.0
Kashmir,Srinagar,Jehangir Chowk Srinagar (PM-2.5),2023-01-01,73.0,106.09827575662212,73.0,14.72277491281494,6.018711141655928,1,2023,0.49999999999999994,0.8660254037844387,74.0,79.0,72.0,68.0,86.0,111.7666723229677,94.8741534167726,78.85747530510321,102.03285955891523,127.64150943396228,74.0,79.0,72.0,68.0,86.0,20.18246959111289,15.415644589283012,12.679432607915182,14.255433297573497,14.90566037735849,5.067440896911481,5.843702690042838,5.492297863819264,6.541654792374862,7.799042310137985,75.0,72.16666666666667,3.605551275463984,75.0
Kashmir,Srinagar,Jehangir Chowk Srinagar (PM-2.5),2023-02-01,109.0,120.19819904028924,109.0,29.43013907503961,7.589174453671192,2,2023,0.8660254037844386,0.5000000000000001,73.0,74.0,79.0,70.0,65.0,106.09827575662212,111.7666723229677,94.8741534167726,76.25689267449239,127.64150943396228,73.0,74.0,79.0,70.0,65.0,14.72277491281494,20.18246959111289,15.415644589283012,10.94315534820676,17.489243618394184,6.018711141655928,5.067440896911481,5.843702690042838,4.875389239010092,7.544790745876556,75.33333333333333,73.0,3.214550253664311,75.33333333333333
Kashmir,Srinagar,Jehangir Chowk Srinagar (PM-2.5),2023-03-01,99.0,94.715859882027,99.0,11.763670915223836,7.241603085515249,3,2023,1.0,6.123233995736766e-17,109.0,73.0,74.0,70.0,73.0,120.19819904028924,106.09827575662212,111.7666723229677,39.66670494320927,127.64150943396228,109.0,73.0,74.0,70.0,73.0,29.43013907503961,14.72277491281494,20.18246959111289,4.993016216134769,17.489243618394184,7.589174453671192,6.018711141655928,5.067440896911481,2.298710448686212,7.634405836880809,85.33333333333333,79.5,20.50203241957571,85.33333333333333
Kashmir,Srinagar,Jehangir Chowk Srinagar (PM-2.5),2023-04-01,86.0,113.29136179220052,86.0,14.5996155871475,8.05042328914849,4,2023,0.8660254037844387,-0.4999999999999998,99.0,109.0,73.0,72.0,74.0,94.715859882027,120.19819904028924,106.09827575662212,78.85747530510321,127.64150943396228,99.0,109.0,73.0,72.0,74.0,11.763670915223836,29.43013907503961,14.72277491281494,12.679432607915182,17.489243618394184,7.241603085515249,7.589174453671192,6.018711141655928,5.492297863819264,7.634405836880809,93.66666666666667,84.33333333333333,18.58314648635514,93.66666666666667
Kashmir,Srinagar,Jehangir Chowk Srinagar (PM-2.5),2023-05-01,87.0,110.08810659901508,87.0,17.40501039988369,7.649380733727607,5,2023,0.49999999999999994,-0.8660254037844387,86.0,99.0,109.0,79.0,62.0,113.29136179220052,94.715859882027,120.19819904028924,94.8741534167726,127.64150943396228,86.0,99.0,109.0,79.0,62.0,14.5996155871475,11.763670915223836,29.43013907503961,15.415644589283012,17.489243618394184,8.05042328914849,7.241603085515249,7.589174453671192,5.843702690042838,7.634405836880809,98.0,86.66666666666667,11.532562594670797,98.0
Kashmir,Srinagar,Jehangir Chowk Srinagar (PM-2.5),2023-06-01,90.0,109.58038360888868,90.0,14.269962675875258,7.698461963505752,6,2023,1.2246467991473532e-16,-1.0,87.0,86.0,99.0,74.0,76.0,110.08810659901508,113.29136179220052,94.715859882027,111.7666723229677,106.97755886623328,87.0,86.0,99.0,74.0,76.0,17.40501039988369,14.5996155871475,11.763670915223836,20.18246959111289,18.092673678809437,7.649380733727607,8.05042328914849,7.241603085515249,5.067440896911481,6.640129140059512,90.66666666666667,88.0,7.234178138070236,90.66666666666667
Kashmir,Srinagar,Jehangir Chowk Srinagar (PM-2.5),2023-07-01,89.0,110.55186627107967,89.0,16.34394064909166,7.980173341885001,7,2023,-0.4999999999999997,-0.8660254037844388,90.0,87.0,86.0,73.0,68.0,109.58038360888868,110.08810659901508,113.29136179220052,106.09827575662212,102.03285955891523,90.0,87.0,86.0,73.0,68.0,14.269962675875258,17.40501039988369,14.5996155871475,14.72277491281494,14.255433297573497,7.698461963505752,7.649380733727607,8.05042328914849,6.018711141655928,6.541654792374862,87.66666666666667,90.66666666666667,2.081665999466141,87.66666666666667
Kashmir,Srinagar,Jehangir Chowk Srinagar (PM-2.5),2023-08-01,78.0,110.989784378831,78.0,15.929445200295266,5.101269617182993,8,2023,-0.8660254037844384,-0.5000000000000004,89.0,90.0,87.0,109.0,70.0,110.55186627107967,109.58038360888868,110.08810659901508,120.19819904028924,76.25689267449239,89.0,90.0,87.0,109.0,70.0,16.34394064909166,14.269962675875258,17.40501039988369,29.43013907503961,10.94315534820676,7.980173341885001,7.698461963505752,7.649380733727607,7.589174453671192,4.875389239010092,88.66666666666667,93.33333333333333,1.5275252316519556,88.66666666666667
Kashmir,Srinagar,Jehangir Chowk Srinagar (PM-2.5),2023-09-01,88.0,82.6735448982891,88.0,19.296578805162667,7.500525687926301,9,2023,-1.0,-1.8369701987210297e-16,78.0,89.0,90.0,99.0,70.0,110.989784378831,110.55186627107967,109.58038360888868,94.715859882027,39.66670494320927,78.0,89.0,90.0,99.0,70.0,15.929445200295266,16.34394064909166,14.269962675875258,11.763670915223836,4.993016216134769,5.101269617182993,7.980173341885001,7.698461963505752,7.241603085515249,2.298710448686212,85.66666666666667,88.16666666666667,6.658328118479396,85.66666666666667
Kashmir,Srinagar,Jehangir Chowk Srinagar (PM-2.5),2023-10-01,117.0,121.58588509979324,117.0,39.39845125457852,6.192983409483228,10,2023,-0.8660254037844386,0.5000000000000001,88.0,78.0,89.0,86.0,72.0,82.6735448982891,110.989784378831,110.55186627107967,113.29136179220052,78.85747530510321,88.0,78.0,89.0,86.0,72.0,19.296578805162667,15.929445200295266,16.34394064909166,14.5996155871475,12.679432607915182,7.500525687926301,5.101269617182993,7.980173341885001,8.05042328914849,5.492297863819264,85.0,86.33333333333333,6.082762530298225,85.0
Kashmir,Srinagar,Jehangir Chowk Srinagar (PM-2.5),2023-11-01,111.0,93.81836542776593,111.0,16.246304391523,9.238709197249886,11,2023,-0.5000000000000004,0.8660254037844384,117.0,88.0,78.0,87.0,79.0,121.58588509979324,82.6735448982891,110.989784378831,110.08810659901508,94.8741534167726,117.0,88.0,78.0,87.0,79.0,39.39845125457852,19.296578805162667,15.929445200295266,17.40501039988369,15.415644589283012,6.192983409483228,7.500525687926301,5.101269617182993,7.649380733727607,5.843702690042838,94.33333333333333,91.5,20.256686138984666,94.33333333333333
Kashmir,Srinagar,Jehangir Chowk Srinagar (PM-2.5),2023-12-01,103.0,95.31729784295692,103.0,17.596734237439154,8.017580792319677,12,2023,-2.4492935982947064e-16,1.0,111.0,117.0,88.0,90.0,74.0,93.81836542776593,121.58588509979324,82.6735448982891,109.58038360888868,111.7666723229677,111.0,117.0,88.0,90.0,74.0,16.246304391523,39.39845125457852,19.296578805162667,14.269962675875258,20.18246959111289,9.238709197249886,6.192983409483228,7.500525687926301,7.698461963505752,5.067440896911481,105.33333333333333,95.5,15.307950004273385,105.33333333333333
Kashmir,Srinagar,Jehangir Chowk Srinagar (PM-2.5),2024-01-01,103.0,105.58956264219492,96.0,17.105919288204863,7.440649029051037,1,2024,0.49999999999999994,0.8660254037844387,103.0,111.0,117.0,89.0,73.0,95.31729784295692,93.81836542776593,121.58588509979324,110.55186627107967,106.09827575662212,103.0,111.0,117.0,89.0,73.0,17.596734237439154,16.246304391523,39.39845125457852,16.34394064909166,14.72277491281494,8.017580792319677,9.238709197249886,6.192983409483228,7.980173341885001,6.018711141655928,110.33333333333333,97.66666666666667,7.023769168568511,110.33333333333333
Kashmir,Srinagar,Jehangir Chowk Srinagar (PM-2.5),2024-02-01,93.27994253496252,111.16820518022588,89.0,17.883676555786995,8.168767473759669,2,2024,0.8660254037844386,0.5000000000000001,103.0,103.0,111.0,78.0,109.0,105.58956264219492,95.31729784295692,93.81836542776593,110.989784378831,120.19819904028924,96.0,103.0,111.0,78.0,109.0,17.105919288204863,17.596734237439154,16.246304391523,15.929445200295266,29.43013907503961,7.440649029051037,8.017580792319677,9.238709197249886,5.101269617182993,7.589174453671192,105.66666666666667,100.0,4.6188021535170325,103.33333333333333
Kashmir,Srinagar,Jehangir Chowk Srinagar (PM-2.5),2024-03-01,93.27994253496252,111.16820518022588,89.0,17.883676555786995,8.168767473759669,3,2024,1.0,6.123233995736766e-17,93.27994253496252,103.0,103.0,88.0,99.0,111.16820518022588,105.58956264219492,95.31729784295692,82.6735448982891,94.715859882027,89.0,96.0,103.0,88.0,99.0,17.883676555786995,17.105919288204863,17.596734237439154,19.296578805162667,11.763670915223836,8.168767473759669,7.440649029051037,8.017580792319677,7.500525687926301,7.241603085515249,99.75998084498751,102.54665708916042,5.611877793978025,96.0
Kashmir,Srinagar,Jehangir Chowk Srinagar (PM-2.5),2024-04-01,94.39309303217156,97.17726946547948,45.4194897078592,16.90828403592742,5.830875792682721,4,2024,0.8660254037844387,-0.4999999999999998,93.27994253496252,93.27994253496252,103.0,117.0,86.0,111.16820518022588,111.16820518022588,105.58956264219492,121.58588509979324,113.29136179220052,89.0,89.0,96.0,117.0,86.0,17.883676555786995,17.883676555786995,17.105919288204863,39.39845125457852,14.5996155871475,8.168767473759669,8.168767473759669,7.440649029051037,6.192983409483228,8.05042328914849,96.519961689975,103.42664751165417,5.611877793978025,91.33333333333333
Kashmir,Srinagar,Jehangir Chowk Srinagar (PM-2.5),2024-05-01,61.0,116.30949913845708,61.0,16.991065119653655,7.433757742270375,5,2024,0.49999999999999994,-0.8660254037844387,94.39309303217156,93.27994253496252,93.27994253496252,111.0,87.0,97.17726946547948,111.16820518022588,111.16820518022588,93.81836542776593,110.08810659901508,45.4194897078592,89.0,89.0,111.0,87.0,16.90828403592742,17.883676555786995,17.883676555786995,16.246304391523,17.40501039988369,5.830875792682721,8.168767473759669,8.168767473759669,9.238709197249886,7.649380733727607,93.65099270069886,99.65882968368277,0.6426777392122097,74.47316323595307
Kashmir,Srinagar,Jehangir Chowk Srinagar (PM-2.5),2024-06-01,61.0,110.8701942914252,61.0,17.061944370178544,7.4500153141889776,6,2024,1.2246467991473532e-16,-1.0,61.0,94.39309303217156,93.27994253496252,103.0,90.0,116.30949913845708,97.17726946547948,111.16820518022588,95.31729784295692,109.58038360888868,61.0,45.4194897078592,89.0,103.0,90.0,16.991065119653655,16.90828403592742,17.883676555786995,17.596734237439154,14.269962675875258,7.433757742270375,5.830875792682721,8.168767473759669,8.017580792319677,7.698461963505752,82.89101185571137,91.32549635034944,18.966340607969975,65.13982990261974
Kashmir,Srinagar,Jehangir Chowk Srinagar (PM-2.5),2024-07-01,68.0,93.6434419309526,68.0,13.700284273857202,6.211522163988408,7,2024,-0.4999999999999997,-0.8660254037844388,61.0,61.0,94.39309303217156,103.0,89.0,110.8701942914252,116.30949913845708,97.17726946547948,105.58956264219492,110.55186627107967,61.0,61.0,45.4194897078592,96.0,89.0,17.061944370178544,16.991065119653655,16.90828403592742,17.105919288204863,16.34394064909166,7.4500153141889776,7.433757742270375,5.830875792682721,7.440649029051037,7.980173341885001,72.13103101072386,84.32549635034943,19.27951125119848,55.8064965692864
Kashmir,Srinagar,Jehangir Chowk Srinagar (PM-2.5),2024-08-01,85.0,75.69763209863456,85.0,17.551777344216966,7.327033353671066,8,2024,-0.8660254037844384,-0.5000000000000004,68.0,61.0,61.0,93.27994253496252,78.0,93.6434419309526,110.8701942914252,116.30949913845708,111.16820518022588,110.989784378831,68.0,61.0,61.0,89.0,78.0,13.700284273857202,17.061944370178544,16.991065119653655,17.883676555786995,15.929445200295266,6.211522163988408,7.4500153141889776,7.433757742270375,8.168767473759669,5.101269617182993,63.333333333333336,78.4921630170161,4.04145188432738,63.333333333333336
Kashmir,Srinagar,Jehangir Chowk Srinagar (PM-2.5),2024-09-01,77.0,110.42570799128146,77.0,18.60193852071792,4.673958903541683,9,2024,-1.0,-1.8369701987210297e-16,85.0,68.0,61.0,93.27994253496252,88.0,75.69763209863456,93.6434419309526,110.8701942914252,111.16820518022588,82.6735448982891,85.0,68.0,61.0,89.0,88.0,17.551777344216966,13.700284273857202,17.061944370178544,17.883676555786995,19.296578805162667,7.327033353671066,6.211522163988408,7.4500153141889776,8.168767473759669,7.500525687926301,71.33333333333333,77.11217259452235,12.342339054382414,71.33333333333333
Kashmir,Srinagar,Jehangir Chowk Srinagar (PM-2.5),2024-10-01,74.0,103.7907495343034,74.0,17.604773584959787,4.8006872972194605,10,2024,-0.8660254037844386,0.5000000000000001,77.0,85.0,68.0,94.39309303217156,117.0,110.42570799128146,75.69763209863456,93.6434419309526,97.17726946547948,121.58588509979324,77.0,85.0,68.0,45.4194897078592,117.0,18.60193852071792,17.551777344216966,13.700284273857202,16.90828403592742,39.39845125457852,4.673958903541683,7.327033353671066,6.211522163988408,5.830875792682721,6.192983409483228,76.66666666666667,74.39884883869526,8.504900548115387,76.66666666666667
Kashmir,Srinagar,Jehangir Chowk Srinagar (PM-2.5),2024-11-01,74.0,98.0312682207308,82.0,16.603345627621223,4.858505822017479,11,2024,-0.5000000000000004,0.8660254037844384,74.0,77.0,85.0,61.0,111.0,103.7907495343034,110.42570799128146,75.69763209863456,116.30949913845708,93.81836542776593,74.0,77.0,85.0,61.0,111.0,17.604773584959787,18.60193852071792,17.551777344216966,16.991065119653655,16.246304391523,4.8006872972194605,4.673958903541683,7.327033353671066,7.433757742270375,9.238709197249886,78.66666666666667,71.0,5.686240703077331,78.66666666666667
Kashmir,Srinagar,Jehangir Chowk Srinagar (PM-2.5),2024-12-01,88.0,106.49890224322432,85.0,26.072056597399506,7.392624295958056,12,2024,-2.4492935982947064e-16,1.0,74.0,74.0,77.0,61.0,103.0,98.0312682207308,103.7907495343034,110.42570799128146,110.8701942914252,95.31729784295692,82.0,74.0,77.0,61.0,103.0,16.603345627621223,17.604773584959787,18.60193852071792,17.061944370178544,17.596734237439154,4.858505822017479,4.8006872972194605,4.673958903541683,7.4500153141889776,8.017580792319677,75.0,73.16666666666667,1.7320508075688987,77.66666666666667
Kashmir,Srinagar,Jehangir Chowk Srinagar (PM-2.5),2025-01-01,88.0,112.4590489193829,88.0,16.560402015214986,8.02336703447007,1,2025,0.49999999999999994,0.8660254037844387,88.0,74.0,74.0,68.0,103.0,106.49890224322432,98.0312682207308,103.7907495343034,93.6434419309526,105.58956264219492,85.0,82.0,74.0,68.0,96.0,26.072056597399506,16.603345627621223,17.604773584959787,13.700284273857202,17.105919288204863,7.392624295958056,4.858505822017479,4.8006872972194605,6.211522163988408,7.440649029051037,78.66666666666667,77.66666666666667,8.08290376865476,80.33333333333333
Kashmir,Srinagar,Jehangir Chowk Srinagar (PM-2.5),2025-02-01,82.0,103.76835433793886,82.0,19.11969448679356,7.185581814376326,2,2025,0.8660254037844386,0.5000000000000001,88.0,88.0,74.0,85.0,93.27994253496252,112.4590489193829,106.49890224322432,98.0312682207308,75.69763209863456,111.16820518022588,88.0,85.0,82.0,85.0,89.0,16.560402015214986,26.072056597399506,16.603345627621223,17.551777344216966,17.883676555786995,8.02336703447007,7.392624295958056,4.858505822017479,7.327033353671066,8.168767473759669,83.33333333333333,81.0,8.08290376865476,85.0
Kashmir,Srinagar,Jehangir Chowk Srinagar (PM-2.5),2025-03-01,81.0,103.96746917875276,81.0,18.564696550368584,6.775055434107179,3,2025,1.0,6.123233995736766e-17,82.0,88.0,88.0,77.0,93.27994253496252,103.76835433793886,112.4590489193829,106.49890224322432,110.42570799128146,111.16820518022588,82.0,88.0,85.0,77.0,89.0,19.11969448679356,16.560402015214986,26.072056597399506,18.60193852071792,17.883676555786995,7.185581814376326,8.02336703447007,7.392624295958056,4.673958903541683,8.168767473759669,86.0,80.5,3.4641016151377544,85.0
Kashmir,Srinagar,Jehangir Chowk Srinagar (PM-2.5),2025-04-01,83.0,91.2446192945969,83.0,18.93663489846157,6.863461735387242,4,2025,0.8660254037844387,-0.4999999999999998,81.0,82.0,88.0,74.0,94.39309303217156,103.96746917875276,103.76835433793886,112.4590489193829,103.7907495343034,97.17726946547948,81.0,82.0,88.0,74.0,45.4194897078592,18.564696550368584,19.11969448679356,16.560402015214986,17.604773584959787,16.90828403592742,6.775055434107179,7.185581814376326,8.02336703447007,4.8006872972194605,5.830875792682721,83.66666666666667,81.16666666666667,3.7859388972001837,83.66666666666667
Kashmir,Srinagar,Jehangir Chowk Srinagar (PM-2.5),2025-05-01,77.0,110.4762924356846,77.0,18.444586845462076,4.763111938399598,5,2025,0.49999999999999994,-0.8660254037844387,83.0,81.0,82.0,74.0,61.0,91.2446192945969,103.96746917875276,103.76835433793886,98.0312682207308,116.30949913845708,83.0,81.0,82.0,82.0,61.0,18.93663489846157,18.564696550368584,19.11969448679356,16.603345627621223,16.991065119653655,6.863461735387242,6.775055434107179,7.185581814376326,4.858505822017479,7.433757742270375,82.0,82.66666666666667,1.0000000000000124,82.0
Kashmir,Srinagar,Jehangir Chowk Srinagar (PM-2.5),2025-06-01,57.0,108.77208107058853,57.0,18.68365257217934,7.545828311101216,6,2025,1.2246467991473532e-16,-1.0,77.0,83.0,81.0,88.0,61.0,110.4762924356846,91.2446192945969,103.96746917875276,106.49890224322432,110.8701942914252,77.0,83.0,81.0,85.0,61.0,18.444586845462076,18.93663489846157,18.564696550368584,26.072056597399506,17.061944370178544,4.763111938399598,6.863461735387242,6.775055434107179,7.392624295958056,7.4500153141889776,80.33333333333333,83.16666666666667,3.0550504633038953,80.33333333333333
Kashmir,Srinagar,Jehangir Chowk Srinagar (PM-2.5),2025-07-01,83.0,97.43051810218228,83.0,16.63055446404318,5.780921827817618,7,2025,-0.4999999999999997,-0.8660254037844388,57.0,77.0,83.0,88.0,68.0,108.77208107058853,110.4762924356846,91.2446192945969,112.4590489193829,93.6434419309526,57.0,77.0,83.0,88.0,68.0,18.68365257217934,18.444586845462076,18.93663489846157,16.560402015214986,13.700284273857202,7.545828311101216,4.763111938399598,6.863461735387242,8.02336703447007,6.211522163988408,72.33333333333333,78.0,13.61371857110809,72.33333333333333
Kashmir,Srinagar,Jehangir Chowk Srinagar (PM-2.5),2025-08-01,76.0,108.96015812394144,76.0,19.27683844152256,4.643020768691987,8,2025,-0.8660254037844384,-0.5000000000000004,83.0,57.0,77.0,82.0,85.0,97.43051810218228,108.77208107058853,110.4762924356846,103.76835433793886,75.69763209863456,83.0,57.0,77.0,82.0,85.0,16.63055446404318,18.68365257217934,18.444586845462076,19.11969448679356,17.551777344216966,5.780921827817618,7.545828311101216,4.763111938399598,7.185581814376326,7.327033353671066,72.33333333333333,77.16666666666667,13.61371857110809,72.33333333333333
Kashmir,Srinagar,Jehangir Chowk Srinagar (PM-2.5),2025-09-01,68.0,102.03285955891523,68.0,14.255433297573497,6.541654792374862,9,2025,-1.0,-1.8369701987210297e-16,76.0,83.0,57.0,81.0,77.0,108.96015812394144,97.43051810218228,108.77208107058853,103.96746917875276,110.42570799128146,76.0,83.0,57.0,81.0,77.0,19.27683844152256,16.63055446404318,18.68365257217934,18.564696550368584,18.60193852071792,4.643020768691987,5.780921827817618,7.545828311101216,6.775055434107179,4.673958903541683,72.0,76.16666666666667,13.453624047073708,72.0
Kashmir,Srinagar,Jehangir Chowk Srinagar (PM-2.5),2025-10-01,73.0,82.04570535990145,73.0,13.763668817663762,5.648980589856283,10,2025,-0.8660254037844386,0.5000000000000001,68.0,76.0,83.0,83.0,74.0,102.03285955891523,108.96015812394144,97.43051810218228,91.2446192945969,103.7907495343034,68.0,76.0,83.0,83.0,74.0,14.255433297573497,19.27683844152256,16.63055446404318,18.93663489846157,17.604773584959787,6.541654792374862,4.643020768691987,5.780921827817618,6.863461735387242,4.8006872972194605,75.66666666666667,74.0,7.505553499465133,75.66666666666667
Kashmir,Srinagar,Jehangir Chowk Srinagar (PM-2.5),2025-11-01,88.0,81.71486104263559,88.0,17.70487406974814,7.425974333236677,11,2025,-0.5000000000000004,0.8660254037844384,73.0,68.0,76.0,77.0,74.0,82.04570535990145,102.03285955891523,108.96015812394144,110.4762924356846,98.0312682207308,73.0,68.0,76.0,77.0,82.0,13.763668817663762,14.255433297573497,19.27683844152256,18.444586845462076,16.603345627621223,5.648980589856283,6.541654792374862,4.643020768691987,4.763111938399598,4.858505822017479,72.33333333333333,72.33333333333333,4.04145188432738,72.33333333333333
Kashmir,Srinagar,Jehangir Chowk Srinagar (PM-2.5),2025-12-01,120.0,144.0,120.0,57.6,7.703622183154844,12,2025,-2.4492935982947064e-16,1.0,88.0,73.0,68.0,57.0,88.0,81.71486104263559,82.04570535990145,102.03285955891523,108.77208107058853,106.49890224322432,88.0,73.0,68.0,57.0,85.0,17.70487406974814,13.763668817663762,14.255433297573497,18.68365257217934,26.072056597399506,7.425974333236677,5.648980589856283,6.541654792374862,7.545828311101216,7.392624295958056,76.33333333333333,74.16666666666667,10.408329997330664,76.33333333333333
Kashmir,Srinagar,Jehangir Chowk Srinagar (PM-2.5),2026-01-01,87.0,144.0,87.0,57.6,10.304029431551854,1,2026,0.49999999999999994,0.8660254037844387,120.0,88.0,73.0,83.0,88.0,144.0,81.71486104263559,82.04570535990145,97.43051810218228,112.4590489193829,120.0,88.0,73.0,83.0,88.0,57.6,17.70487406974814,13.763668817663762,16.63055446404318,16.560402015214986,7.703622183154844,7.425974333236677,5.648980589856283,5.780921827817618,8.02336703447007,93.66666666666667,84.66666666666667,24.006943440041116,93.66666666666667
Kashmir,Srinagar,Jehangir Chowk Srinagar (PM-2.5),2026-02-01,94.0,144.0,94.0,27.66043212032004,8.347705624285146,2,2026,0.8660254037844386,0.5000000000000001,87.0,120.0,88.0,76.0,82.0,144.0,144.0,81.71486104263559,108.96015812394144,103.76835433793886,87.0,120.0,88.0,76.0,82.0,57.6,57.6,17.70487406974814,19.27683844152256,19.11969448679356,10.304029431551854,7.703622183154844,7.425974333236677,4.643020768691987,7.185581814376326,98.33333333333333,85.33333333333333,18.770544300401443,98.33333333333333
Kashmir,Srinagar,Jehangir Chowk Srinagar (PM-2.5),2026-03-01,144.19697441202453,144.0,93.20689655172414,27.66043212032004,8.347705624285146,3,2026,1.0,6.123233995736766e-17,94.0,87.0,120.0,68.0,81.0,144.0,144.0,144.0,102.03285955891523,103.96746917875276,94.0,87.0,120.0,68.0,81.0,27.66043212032004,57.6,57.6,14.255433297573497,18.564696550368584,8.347705624285146,10.304029431551854,7.703622183154844,6.541654792374862,6.775055434107179,100.33333333333333,88.33333333333333,17.387735140993296,100.33333333333333
Jammu,Kathua,Kathua Forest Complex 1069,2023-01-01,83.0,83.0,25.363636363636363,14.747723493977018,3.762210812482216,1,2023,0.49999999999999994,0.8660254037844387,72.50222705158033,72.50222705158033,81.0,117.0,96.0,76.0,71.0,81.0,117.0,96.0,26.181818181818183,27.0,25.86094508085992,54.46113741735593,11.166666666666666,13.555129931582991,15.258476131988589,15.521142251502583,20.98475740263253,22.135135135135137,3.9810587221465696,3.8793215525693063,3.0045467245072723,9.27368694138073,3.3287188002920978,75.33481803438688,92.65134043820127,4.906191499282379,26.347587754226037
Jammu,Kathua,Kathua Forest Complex 1069,2023-02-01,80.0,80.0,29.91300172193315,12.403037578640117,3.307879942789216,2,2023,0.8660254037844386,0.5000000000000001,83.0,72.50222705158033,72.50222705158033,106.4517942630235,85.0,83.0,76.0,71.0,105.0,85.0,25.363636363636363,26.181818181818183,27.0,45.66087274707444,28.848905427956485,14.747723493977018,13.555129931582991,15.258476131988589,19.35118139301784,14.728821105733523,3.762210812482216,3.9810587221465696,3.8793215525693063,8.315526286104486,2.996268314279938,76.00148470105356,86.98467377153462,6.060892037661666,26.181818181818187
Jammu,Kathua,Kathua Forest Complex 1069,2023-03-01,72.0,72.0,26.75192454826925,12.687219201172931,3.8793215525693063,3,2023,1.0,6.123233995736766e-17,80.0,83.0,72.50222705158033,106.4517942630235,77.0,80.0,83.0,76.0,93.0,77.0,29.91300172193315,25.363636363636363,26.181818181818183,38.15235875624636,30.79196440848428,12.403037578640117,14.747723493977018,13.555129931582991,17.850388023964477,15.195799435826858,3.307879942789216,3.762210812482216,3.9810587221465696,4.2323638361953,3.765416669195728,78.50074235052678,82.57604139436403,5.407091579007229,27.152818755795902
Jammu,Kathua,Kathua Forest Complex 1069,2023-04-01,81.0,81.0,28.31999717821089,13.930681927945743,4.151108351747411,4,2023,0.8660254037844387,-0.4999999999999998,72.0,80.0,83.0,81.0,89.08767375897682,72.0,80.0,83.0,81.0,90.0,26.75192454826925,29.91300172193315,25.363636363636363,25.86094508085992,33.52118488149066,12.687219201172931,12.403037578640117,14.747723493977018,15.521142251502583,14.638026111150936,3.8793215525693063,3.307879942789216,3.762210812482216,3.0045467245072723,4.381460382771765,78.33333333333333,76.8340756838601,5.686240703077324,27.342854211279587
Jammu,Kathua,Kathua Forest Complex 1069,2023-05-01,86.0,86.0,34.595789630239125,16.490358895428507,4.781014063717078,5,2023,0.49999999999999994,-0.8660254037844387,81.0,72.0,80.0,72.50222705158033,89.08767375897682,81.0,72.0,80.0,71.0,103.0,28.31999717821089,26.75192454826925,29.91300172193315,27.0,38.33562787588486,13.930681927945743,12.687219201172931,12.403037578640117,15.258476131988589,16.228674425520175,4.151108351747411,3.8793215525693063,3.307879942789216,3.8793215525693063,4.068826163558235,77.66666666666667,76.8340756838601,4.932882862316241,28.328307816137766
Jammu,Kathua,Kathua Forest Complex 1069,2023-06-01,88.0,88.0,34.195409564040176,14.112556282630395,4.068826163558235,6,2023,1.2246467991473532e-16,-1.0,86.0,81.0,72.0,72.50222705158033,116.0,86.0,81.0,72.0,76.0,116.0,34.595789630239125,28.31999717821089,26.75192454826925,26.181818181818183,50.17370087991491,16.490358895428507,13.930681927945743,12.687219201172931,13.555129931582991,19.98355782681417,4.781014063717078,4.151108351747411,3.8793215525693063,3.9810587221465696,7.420121776716782,79.66666666666667,79.08370450859672,7.094598884597582,29.889237118906426
Jammu,Kathua,Kathua Forest Complex 1069,2023-07-01,83.06227064380656,84.33333333333333,34.53172172784067,14.607477915498416,4.068826163558235,7,2023,-0.4999999999999997,-0.8660254037844388,88.0,86.0,81.0,83.0,117.0,88.0,86.0,81.0,83.0,117.0,34.195409564040176,34.595789630239125,28.31999717821089,25.363636363636363,54.46113741735593,14.112556282630395,16.490358895428507,13.930681927945743,14.747723493977018,20.98475740263253,4.068826163558235,4.781014063717078,4.151108351747411,3.762210812482216,9.27368694138073,85.0,81.66666666666667,3.6055512754639754,32.370398790830066
Jammu,Kathua,Kathua Forest Complex 1069,2023-08-01,83.06227064380656,80.66666666666667,31.440600715865035,13.263476285082044,3.8021243346250007,8,2023,-0.8660254037844384,-0.5000000000000004,83.06227064380656,88.0,86.0,80.0,106.4517942630235,84.33333333333333,88.0,86.0,80.0,105.0,34.53172172784067,34.195409564040176,34.595789630239125,29.91300172193315,45.66087274707444,14.607477915498416,14.112556282630395,16.490358895428507,12.403037578640117,19.35118139301784,4.068826163558235,4.068826163558235,4.781014063717078,3.307879942789216,8.315526286104486,85.68742354793551,81.6770451073011,2.4836607714304413,34.44097364070666
Jammu,Kathua,Kathua Forest Complex 1069,2023-09-01,77.0,77.0,29.561979388680943,13.770607985592262,3.9322604420830616,9,2023,-1.0,-1.8369701987210297e-16,83.06227064380656,83.06227064380656,88.0,72.0,106.4517942630235,80.66666666666667,84.33333333333333,88.0,72.0,93.0,31.440600715865035,34.53172172784067,34.195409564040176,26.75192454826925,38.15235875624636,13.263476285082044,14.607477915498416,14.112556282630395,12.687219201172931,17.850388023964477,3.8021243346250007,4.068826163558235,4.068826163558235,3.8793215525693063,4.2323638361953,84.70818042920438,82.18742354793552,2.85079937298379,33.38924400258196
Jammu,Kathua,Kathua Forest Complex 1069,2023-10-01,81.0,81.0,18.0,13.657600580762336,3.787854707946981,10,2023,-0.8660254037844386,0.5000000000000001,77.0,83.06227064380656,83.06227064380656,81.0,81.0,77.0,80.66666666666667,84.33333333333333,81.0,81.0,29.561979388680943,31.440600715865035,34.53172172784067,28.31999717821089,25.86094508085992,13.770607985592262,13.263476285082044,14.607477915498416,13.930681927945743,15.521142251502583,3.9322604420830616,3.8021243346250007,4.068826163558235,4.151108351747411,3.0045467245072723,81.0415137625377,83.02075688126885,3.500053588102081,31.844767277462214
Jammu,Kathua,Kathua Forest Complex 1069,2023-11-01,79.0,79.0,16.333333333333332,12.269004059852875,3.787854707946981,11,2023,-0.5000000000000004,0.8660254037844384,81.0,77.0,83.06227064380656,86.0,72.50222705158033,81.0,77.0,80.66666666666667,86.0,71.0,18.0,29.561979388680943,31.440600715865035,34.595789630239125,27.0,13.657600580762336,13.770607985592262,13.263476285082044,16.490358895428507,15.258476131988589,3.787854707946981,3.9322604420830616,3.8021243346250007,4.781014063717078,3.8793215525693063,80.35409021460218,83.02075688126885,3.0823174605877606,26.334193368181996
Jammu,Kathua,Kathua Forest Complex 1069,2023-12-01,80.0,80.0,14.666666666666666,13.657600580762336,3.787854707946981,12,2023,-2.4492935982947064e-16,1.0,79.0,81.0,77.0,88.0,72.50222705158033,79.0,81.0,77.0,88.0,76.0,16.333333333333332,18.0,29.561979388680943,34.195409564040176,26.181818181818183,12.269004059852875,13.657600580762336,13.770607985592262,14.112556282630395,13.555129931582991,3.787854707946981,3.787854707946981,3.9322604420830616,4.068826163558235,3.9810587221465696,79.0,81.85409021460218,1.9999999999999984,21.298437574004762
Jammu,Kathua,Kathua Forest Complex 1069,2024-01-01,88.0,88.0,13.0,13.067151591160014,3.633187254570692,1,2024,0.49999999999999994,0.8660254037844387,80.0,79.0,81.0,83.06227064380656,83.0,80.0,79.0,81.0,84.33333333333333,83.0,14.666666666666666,16.333333333333332,18.0,34.53172172784067,25.363636363636363,13.657600580762336,12.269004059852875,13.657600580762336,14.607477915498416,14.747723493977018,3.787854707946981,3.787854707946981,3.787854707946981,4.068826163558235,3.762210812482216,80.0,80.52075688126885,0.9999999999999969,16.333333333333336
Jammu,Kathua,Kathua Forest Complex 1069,2024-02-01,78.0,78.0,14.5,12.550729545583662,3.030190619972037,2,2024,0.8660254037844386,0.5000000000000001,88.0,80.0,79.0,83.06227064380656,80.0,88.0,80.0,79.0,80.66666666666667,80.0,13.0,14.666666666666666,16.333333333333332,31.440600715865035,29.91300172193315,13.067151591160014,13.657600580762336,12.269004059852875,13.263476285082044,12.403037578640117,3.633187254570692,3.787854707946981,3.787854707946981,3.8021243346250007,3.307879942789216,82.33333333333333,81.34371177396775,4.932882862316249,14.66666666666667
Jammu,Kathua,Kathua Forest Complex 1069,2024-03-01,81.0,81.0,16.0,13.624047654995138,3.787854707946981,3,2024,1.0,6.123233995736766e-17,78.0,88.0,80.0,77.0,72.0,78.0,88.0,80.0,77.0,72.0,14.5,13.0,14.666666666666666,29.561979388680943,26.75192454826925,12.550729545583662,13.067151591160014,13.657600580762336,13.770607985592262,12.687219201172931,3.030190619972037,3.633187254570692,3.787854707946981,3.9322604420830616,3.8793215525693063,82.0,80.5,5.291502622129183,14.055555555555557
Jammu,Kathua,Kathua Forest Complex 1069,2024-04-01,83.0,83.0,15.0,13.536550314096734,3.787854707946981,4,2024,0.8660254037844387,-0.4999999999999998,81.0,78.0,88.0,81.0,81.0,81.0,78.0,88.0,81.0,81.0,16.0,14.5,13.0,18.0,28.31999717821089,13.624047654995138,12.550729545583662,13.067151591160014,13.657600580762336,13.930681927945743,3.787854707946981,3.030190619972037,3.633187254570692,3.787854707946981,4.151108351747411,82.33333333333333,81.16666666666667,5.131601439446886,14.500000000000002
Jammu,Kathua,Kathua Forest Complex 1069,2024-05-01,83.0,83.0,14.2,14.791113316218954,3.163474208653139,5,2024,0.49999999999999994,-0.8660254037844387,83.0,81.0,78.0,79.0,86.0,83.0,81.0,78.0,79.0,86.0,15.0,16.0,14.5,16.333333333333332,34.595789630239125,13.536550314096734,13.624047654995138,12.550729545583662,12.269004059852875,16.490358895428507,3.787854707946981,3.787854707946981,3.030190619972037,3.787854707946981,4.781014063717078,80.66666666666667,81.5,2.516611478423582,15.16666666666667
Jammu,Kathua,Kathua Forest Complex 1069,2024-06-01,86.0,86.0,13.4,14.347936013000098,3.0088067552768525,6,2024,1.2246467991473532e-16,-1.0,83.0,83.0,81.0,80.0,88.0,83.0,83.0,81.0,80.0,88.0,14.2,15.0,16.0,14.666666666666666,34.195409564040176,14.791113316218954,13.536550314096734,13.624047654995138,13.657600580762336,14.112556282630395,3.163474208653139,3.787854707946981,3.787854707946981,3.787854707946981,4.068826163558235,82.33333333333333,82.16666666666667,1.1547005383792448,15.066666666666668
Jammu,Kathua,Kathua Forest Complex 1069,2024-07-01,81.0,81.0,32.035205350205764,13.657600580762336,3.8021243346250007,7,2024,-0.4999999999999997,-0.8660254037844388,86.0,83.0,83.0,88.0,83.06227064380656,86.0,83.0,83.0,88.0,84.33333333333333,13.4,14.2,15.0,13.0,34.53172172784067,14.347936013000098,14.791113316218954,13.536550314096734,13.067151591160014,14.607477915498416,3.0088067552768525,3.163474208653139,3.787854707946981,3.633187254570692,4.068826163558235,84.0,83.16666666666667,1.7320508075688772,14.200000000000003
Jammu,Kathua,Kathua Forest Complex 1069,2024-08-01,81.0,81.0,30.705485867594383,13.770607985592262,4.523080757170671,8,2024,-0.8660254037844384,-0.5000000000000004,81.0,86.0,83.0,78.0,83.06227064380656,81.0,86.0,83.0,78.0,80.66666666666667,32.035205350205764,13.4,14.2,14.5,31.440600715865035,13.657600580762336,14.347936013000098,14.791113316218954,12.550729545583662,13.263476285082044,3.8021243346250007,3.0088067552768525,3.163474208653139,3.030190619972037,3.8021243346250007,83.33333333333333,82.0,2.516611478423582,19.878401783401923
Jammu,Kathua,Kathua Forest Complex 1069,2024-09-01,81.0,81.0,27.91507887556395,13.657600580762336,3.9322604420830616,9,2024,-1.0,-1.8369701987210297e-16,81.0,81.0,86.0,81.0,77.0,81.0,81.0,86.0,81.0,77.0,30.705485867594383,32.035205350205764,13.4,16.0,29.561979388680943,13.770607985592262,13.657600580762336,14.347936013000098,13.624047654995138,13.770607985592262,4.523080757170671,3.8021243346250007,3.0088067552768525,3.787854707946981,3.9322604420830616,82.66666666666667,82.5,2.8867513459481287,25.38023040593339
Jammu,Kathua,Kathua Forest Complex 1069,2024-10-01,87.0,87.0,32.8990177909781,14.029950349324633,4.381460382771765,10,2024,-0.8660254037844386,0.5000000000000001,81.0,81.0,81.0,83.0,81.0,81.0,81.0,81.0,83.0,81.0,27.91507887556395,30.705485867594383,32.035205350205764,15.0,18.0,13.657600580762336,13.770607985592262,13.657600580762336,13.536550314096734,13.657600580762336,3.9322604420830616,4.523080757170671,3.8021243346250007,3.787854707946981,3.787854707946981,81.0,82.5,0.0,30.21859003112137
Jammu,Kathua,Kathua Forest Complex 1069,2024-11-01,108.0,108.0,46.56860750317714,18.27581489461092,7.264869269271251,11,2024,-0.5000000000000004,0.8660254037844384,87.0,81.0,81.0,83.0,79.0,87.0,81.0,81.0,83.0,79.0,32.8990177909781,27.91507887556395,30.705485867594383,14.2,16.333333333333332,14.029950349324633,13.657600580762336,13.770607985592262,14.791113316218954,12.269004059852875,4.381460382771765,3.9322604420830616,4.523080757170671,3.163474208653139,3.787854707946981,83.0,83.16666666666667,3.4641016151377544,30.506527511378817
Jammu,Kathua,Kathua Forest Complex 1069,2024-12-01,105.0,109.0,56.852263447133794,7.0,1.0,12,2024,-2.4492935982947064e-16,1.0,108.0,87.0,81.0,86.0,80.0,108.0,87.0,81.0,86.0,80.0,46.56860750317714,32.8990177909781,27.91507887556395,13.4,14.666666666666666,18.27581489461092,14.029950349324633,13.657600580762336,14.347936013000098,13.657600580762336,7.264869269271251,4.381460382771765,3.9322604420830616,3.0088067552768525,3.787854707946981,92.0,87.33333333333333,14.177446878757825,35.79423472323973
Jammu,Kathua,Kathua Forest Complex 1069,2025-01-01,110.0,110.0,55.85025308929697,7.0,2.0,1,2025,0.49999999999999994,0.8660254037844387,105.0,108.0,87.0,81.0,88.0,109.0,108.0,87.0,81.0,88.0,56.852263447133794,46.56860750317714,32.8990177909781,32.035205350205764,13.0,7.0,18.27581489461092,14.029950349324633,13.657600580762336,13.067151591160014,1.0,7.264869269271251,4.381460382771765,3.8021243346250007,3.633187254570692,100.0,90.5,11.357816691600547,45.43996291376302
Jammu,Kathua,Kathua Forest Complex 1069,2025-02-01,104.0,104.0,7.0,9.0,3.0,2,2025,0.8660254037844386,0.5000000000000001,110.0,105.0,108.0,81.0,78.0,110.0,109.0,108.0,81.0,78.0,55.85025308929697,56.852263447133794,46.56860750317714,30.705485867594383,14.5,7.0,7.0,18.27581489461092,13.770607985592262,12.550729545583662,2.0,1.0,7.264869269271251,4.523080757170671,3.030190619972037,107.66666666666667,95.33333333333333,2.516611478423582,53.090374679869306
Jammu,Kathua,Kathua Forest Complex 1069,2025-03-01,100.0,100.0,16.0,9.0,3.0,3,2025,1.0,6.123233995736766e-17,104.0,110.0,105.0,81.0,81.0,104.0,110.0,109.0,81.0,81.0,7.0,55.85025308929697,56.852263447133794,27.91507887556395,16.0,9.0,7.0,7.0,13.657600580762336,13.624047654995138,3.0,2.0,1.0,3.9322604420830616,3.787854707946981,106.33333333333333,99.16666666666667,3.214550253664316,39.900838845476926
Jammu,Kathua,Kathua Forest Complex 1069,2025-04-01,98.0,98.0,15.0,9.0,3.0,4,2025,0.8660254037844387,-0.4999999999999998,100.0,104.0,110.0,87.0,83.0,100.0,104.0,110.0,87.0,83.0,16.0,7.0,55.85025308929697,32.8990177909781,15.0,9.0,9.0,7.0,14.029950349324633,13.536550314096734,3.0,3.0,2.0,4.381460382771765,3.787854707946981,104.66666666666667,102.33333333333333,5.033222956847167,26.283417696432327
Jammu,Kathua,Kathua Forest Complex 1069,2025-05-01,92.0,92.0,15.0,9.0,3.0,5,2025,0.49999999999999994,-0.8660254037844387,98.0,100.0,104.0,108.0,83.0,98.0,100.0,104.0,108.0,83.0,15.0,16.0,7.0,46.56860750317714,14.2,9.0,9.0,9.0,18.27581489461092,14.791113316218954,3.0,3.0,3.0,7.264869269271251,3.163474208653139,100.66666666666667,104.16666666666667,3.055050463303899,12.66666666666667
Jammu,Kathua,Kathua Forest Complex 1069,2025-06-01,85.0,85.0,11.0,7.0,2.0,6,2025,1.2246467991473532e-16,-1.0,92.0,98.0,100.0,105.0,86.0,92.0,98.0,100.0,109.0,86.0,15.0,15.0,16.0,56.852263447133794,13.4,9.0,9.0,9.0,7.0,14.347936013000098,3.0,3.0,3.0,1.0,3.0088067552768525,96.66666666666667,101.5,4.163331998932273,15.333333333333336
Jammu,Kathua,Kathua Forest Complex 1069,2025-07-01,78.0,78.0,9.0,8.0,2.0,7,2025,-0.4999999999999997,-0.8660254037844388,85.0,92.0,98.0,110.0,81.0,85.0,92.0,98.0,110.0,81.0,11.0,15.0,15.0,55.85025308929697,32.035205350205764,7.0,9.0,9.0,7.0,13.657600580762336,2.0,3.0,3.0,2.0,3.8021243346250007,91.66666666666667,98.16666666666667,6.506407098647719,13.66666666666667
Jammu,Kathua,Kathua Forest Complex 1069,2025-08-01,75.0,75.0,8.0,6.0,2.0,8,2025,-0.8660254037844384,-0.5000000000000004,78.0,85.0,92.0,104.0,81.0,78.0,85.0,92.0,104.0,81.0,9.0,11.0,15.0,7.0,30.705485867594383,8.0,7.0,9.0,9.0,13.770607985592262,2.0,2.0,3.0,3.0,4.523080757170671,85.0,92.83333333333333,7.000000000000008,11.66666666666667
Jammu,Kathua,Kathua Forest Complex 1069,2025-09-01,80.0,80.0,10.0,7.0,3.0,9,2025,-1.0,-1.8369701987210297e-16,75.0,78.0,85.0,100.0,81.0,75.0,78.0,85.0,100.0,81.0,8.0,9.0,11.0,16.0,27.91507887556395,6.0,8.0,7.0,9.0,13.657600580762336,2.0,2.0,2.0,3.0,3.9322604420830616,79.33333333333333,88.0,5.131601439446894,9.333333333333336
Jammu,Kathua,Kathua Forest Complex 1069,2025-10-01,95.0,95.0,10.5,6.0,2.0,10,2025,-0.8660254037844386,0.5000000000000001,80.0,75.0,78.0,98.0,87.0,80.0,75.0,78.0,98.0,87.0,10.0,8.0,9.0,15.0,32.8990177909781,7.0,6.0,8.0,9.0,14.029950349324633,3.0,2.0,2.0,3.0,4.381460382771765,77.66666666666667,84.66666666666667,2.516611478423597,9.000000000000002
Jammu,Kathua,Kathua Forest Complex 1069,2025-11-01,87.0,87.0,11.0,7.0,3.0,11,2025,-0.5000000000000004,0.8660254037844384,95.0,80.0,75.0,92.0,108.0,95.0,80.0,75.0,92.0,108.0,10.5,10.0,8.0,15.0,46.56860750317714,6.0,7.0,6.0,9.0,18.27581489461092,2.0,3.0,2.0,3.0,7.264869269271251,83.33333333333333,84.16666666666667,10.40832999733067,9.500000000000002
Jammu,Kathua,Kathua Forest Complex 1069,2025-12-01,94.0,94.0,13.0,7.0,3.0,12,2025,-2.4492935982947064e-16,1.0,87.0,95.0,80.0,85.0,105.0,87.0,95.0,80.0,85.0,109.0,11.0,10.5,10.0,11.0,56.852263447133794,7.0,6.0,7.0,7.0,7.0,3.0,2.0,3.0,2.0,1.0,87.33333333333333,83.33333333333333,7.505553499465144,10.500000000000002
Jammu,Kathua,Kathua Forest Complex 1069,2026-01-01,91.0,91.0,11.0,8.0,4.0,1,2026,0.49999999999999994,0.8660254037844387,94.0,87.0,95.0,78.0,110.0,94.0,87.0,95.0,78.0,110.0,13.0,11.0,10.5,9.0,55.85025308929697,7.0,7.0,6.0,8.0,7.0,3.0,3.0,2.0,2.0,2.0,92.0,84.83333333333333,4.358898943540693,11.500000000000002
Jammu,Kathua,Kathua Forest Complex 1069,2026-02-01,96.0,96.0,18.0,8.0,3.0,2,2026,0.8660254037844386,0.5000000000000001,91.0,94.0,87.0,75.0,104.0,91.0,94.0,87.0,75.0,104.0,11.0,13.0,11.0,8.0,7.0,8.0,7.0,7.0,6.0,9.0,4.0,3.0,3.0,2.0,3.0,90.66666666666667,87.0,3.511884584284269,11.66666666666667
Jammu,Kathua,Kathua Forest Complex 1069,2026-03-01,133.49898059975075,137.5,52.0,7.973684210526316,2.99718989810564,3,2026,1.0,6.123233995736766e-17,96.0,91.0,94.0,80.0,100.0,96.0,91.0,94.0,80.0,100.0,18.0,11.0,13.0,10.0,16.0,8.0,8.0,7.0,7.0,9.0,3.0,4.0,3.0,3.0,3.0,93.66666666666667,90.5,2.516611478423611,14.000000000000002
Jammu,Kathua,Kathua Industrial Area 1068,2023-01-01,149.0,149.0,30.0,29.447361784736707,12.462885325691264,1,2023,0.49999999999999994,0.8660254037844387,164.0,142.0,112.0,126.0,179.0,164.0,142.0,112.0,126.0,179.0,33.0,32.0,26.0,33.0,86.0,25.414669414625124,26.51764392325213,20.506151046665973,25.01213021692131,7.947368421052632,9.018983078665944,5.86758739413205,6.645726984697836,7.252791727418871,5.627108525628284,139.33333333333334,139.45216239027232,26.102362600602543,30.333333333333332
Jammu,Kathua,Kathua Industrial Area 1068,2023-02-01,170.0,170.0,48.0,27.5024114845099,11.654661549345509,2,2023,0.8660254037844386,0.5000000000000001,149.0,164.0,142.0,155.0,65.0,149.0,164.0,142.0,155.0,65.0,30.0,33.0,32.0,30.666666666666668,72.0,29.447361784736707,25.414669414625124,26.51764392325213,27.942860947431672,14.206248940372266,12.462885325691264,9.018983078665944,5.86758739413205,6.156342324486154,3.687075027160515,151.66666666666666,143.28549572360566,11.239810200058283,31.666666666666668
Jammu,Kathua,Kathua Industrial Area 1068,2023-03-01,163.0,163.0,15.0,27.7593981028641,9.343947691113204,3,2023,1.0,6.123233995736766e-17,170.0,149.0,164.0,137.71297434163398,194.0,170.0,149.0,164.0,133.5,194.0,48.0,30.0,33.0,28.33333333333333,58.0,27.5024114845099,29.447361784736707,25.414669414625124,20.780342817452905,29.72874164395305,11.654661549345509,12.462885325691264,9.018983078665944,7.084217847365506,7.43271312497355,161.0,145.78549572360566,10.816653826392013,37.0
Jammu,Kathua,Kathua Industrial Area 1068,2023-04-01,159.0,159.0,29.0,26.376602466790818,9.383195494823724,4,2023,0.8660254037844387,-0.4999999999999998,163.0,170.0,149.0,112.0,191.0,163.0,170.0,149.0,112.0,191.0,15.0,48.0,30.0,26.0,54.0,27.7593981028641,27.5024114845099,29.447361784736707,20.506151046665973,26.334875214894225,9.343947691113204,11.654661549345509,12.462885325691264,6.645726984697836,13.592437481476448,160.66666666666666,150.0,10.692676621563672,31.0
Jammu,Kathua,Kathua Industrial Area 1068,2023-05-01,145.0,145.0,18.0,23.927031702539843,10.239026203680307,5,2023,0.49999999999999994,-0.8660254037844387,159.0,163.0,170.0,142.0,206.0,159.0,163.0,170.0,142.0,206.0,29.0,15.0,48.0,32.0,51.0,26.376602466790818,27.7593981028641,27.5024114845099,26.51764392325213,29.688647573460177,9.383195494823724,9.343947691113204,11.654661549345509,5.86758739413205,16.842971092790105,164.0,157.83333333333334,5.5677643628301166,30.666666666666668
Jammu,Kathua,Kathua Industrial Area 1068,2023-06-01,163.0,163.0,24.0,28.452922006669976,8.954091379490661,6,2023,1.2246467991473532e-16,-1.0,145.0,159.0,163.0,164.0,200.0,145.0,159.0,163.0,164.0,200.0,18.0,29.0,15.0,33.0,42.0,23.927031702539843,26.376602466790818,27.7593981028641,25.414669414625124,29.44039848945321,10.239026203680307,9.383195494823724,9.343947691113204,9.018983078665944,16.56715659123408,155.66666666666666,158.33333333333334,9.451631252505269,20.666666666666668
Jammu,Kathua,Kathua Industrial Area 1068,2023-07-01,158.98990031421346,161.33333333333334,23.0,28.809452300368307,10.093767865283024,7,2023,-0.4999999999999997,-0.8660254037844388,163.0,145.0,159.0,149.0,126.0,163.0,145.0,159.0,149.0,126.0,24.0,18.0,29.0,30.0,33.0,28.452922006669976,23.927031702539843,26.376602466790818,29.447361784736707,25.01213021692131,8.954091379490661,10.239026203680307,9.383195494823724,12.462885325691264,7.252791727418871,155.66666666666666,158.16666666666666,9.451631252505269,23.666666666666668
Jammu,Kathua,Kathua Industrial Area 1068,2023-08-01,158.98990031421346,159.66666666666666,22.0,27.26654303846824,10.163675912953131,8,2023,-0.8660254037844384,-0.5000000000000004,158.98990031421346,163.0,145.0,170.0,155.0,161.33333333333334,163.0,145.0,170.0,155.0,23.0,24.0,18.0,48.0,30.666666666666668,28.809452300368307,28.452922006669976,23.927031702539843,27.5024114845099,27.942860947431672,10.093767865283024,8.954091379490661,10.239026203680307,11.654661549345509,6.156342324486154,155.66330010473783,159.8316500523689,9.449851941446672,21.666666666666668
Jammu,Kathua,Kathua Industrial Area 1068,2023-09-01,158.0,158.0,21.0,26.596147843557613,10.163675912953131,9,2023,-1.0,-1.8369701987210297e-16,158.98990031421346,158.98990031421346,163.0,163.0,137.71297434163398,159.66666666666666,161.33333333333334,163.0,163.0,133.5,22.0,23.0,24.0,15.0,28.33333333333333,27.26654303846824,28.809452300368307,28.452922006669976,27.7593981028641,20.780342817452905,10.163675912953131,10.093767865283024,8.954091379490661,9.343947691113204,7.084217847365506,160.32660020947563,157.99663343807114,2.315232133066254,23.0
Jammu,Kathua,Kathua Industrial Area 1068,2023-10-01,135.0,135.0,15.0,24.294023439435577,7.352869991798244,10,2023,-0.8660254037844386,0.5000000000000001,158.0,158.98990031421346,158.98990031421346,159.0,112.0,158.0,159.66666666666666,161.33333333333334,159.0,112.0,21.0,22.0,23.0,29.0,26.0,26.596147843557613,27.26654303846824,28.809452300368307,26.376602466790818,20.506151046665973,10.163675912953131,10.163675912953131,10.093767865283024,9.383195494823724,6.645726984697836,158.65993354280897,157.16330010473783,0.5715192128820348,22.0
Jammu,Kathua,Kathua Industrial Area 1068,2023-11-01,72.0,72.0,14.75,13.94136225278446,4.430377685232115,11,2023,-0.5000000000000004,0.8660254037844384,135.0,158.0,158.98990031421346,145.0,142.0,135.0,158.0,159.66666666666666,145.0,142.0,15.0,21.0,22.0,18.0,32.0,24.294023439435577,26.596147843557613,27.26654303846824,23.927031702539843,26.51764392325213,7.352869991798244,10.163675912953131,10.163675912953131,10.239026203680307,5.86758739413205,150.66330010473783,153.16330010473783,13.573842613141274,19.333333333333332
Jammu,Kathua,Kathua Industrial Area 1068,2023-12-01,80.0,80.0,14.5,18.358328029422232,4.570568952878205,12,2023,-2.4492935982947064e-16,1.0,72.0,135.0,158.0,163.0,164.0,72.0,135.0,158.0,163.0,164.0,14.75,15.0,21.0,24.0,33.0,13.94136225278446,24.294023439435577,26.596147843557613,28.452922006669976,25.414669414625124,4.430377685232115,7.352869991798244,10.163675912953131,8.954091379490661,9.018983078665944,121.66666666666667,140.99663343807114,44.52340208624374,16.916666666666668
Jammu,Kathua,Kathua Industrial Area 1068,2024-01-01,78.0,78.0,33.293833325572095,13.614210758520413,4.559788422599942,1,2024,0.49999999999999994,0.8660254037844387,80.0,72.0,135.0,158.98990031421346,149.0,80.0,72.0,135.0,161.33333333333334,149.0,14.5,14.75,15.0,23.0,30.0,18.358328029422232,13.94136225278446,24.294023439435577,28.809452300368307,29.447361784736707,4.570568952878205,4.430377685232115,7.352869991798244,10.093767865283024,12.462885325691264,95.66666666666667,127.16330010473781,34.29771615331455,14.75
Jammu,Kathua,Kathua Industrial Area 1068,2024-02-01,78.0,78.0,29.71503698215724,12.560768303810477,3.9322604420830616,2,2024,0.8660254037844386,0.5000000000000001,78.0,80.0,72.0,158.98990031421346,170.0,78.0,80.0,72.0,159.66666666666666,170.0,33.293833325572095,14.5,14.75,22.0,48.0,13.614210758520413,18.358328029422232,13.94136225278446,27.26654303846824,27.5024114845099,4.559788422599942,4.570568952878205,4.430377685232115,10.163675912953131,11.654661549345509,76.66666666666667,113.66498338570223,4.163331998932347,20.847944441857365
Jammu,Kathua,Kathua Industrial Area 1068,2024-03-01,78.0,78.0,29.71503698215724,12.269004059852875,3.9322604420830616,3,2024,1.0,6.123233995736766e-17,78.0,78.0,80.0,158.0,163.0,78.0,78.0,80.0,158.0,163.0,29.71503698215724,33.293833325572095,14.5,21.0,15.0,12.560768303810477,13.614210758520413,18.358328029422232,26.596147843557613,27.7593981028641,3.9322604420830616,4.559788422599942,4.570568952878205,10.163675912953131,9.343947691113204,78.66666666666667,100.16666666666667,1.1547005383795388,25.836290102576445
Jammu,Kathua,Kathua Industrial Area 1068,2024-04-01,93.0,93.0,32.93832312072066,15.498986633585307,4.381460382771765,4,2024,0.8660254037844387,-0.4999999999999998,78.0,78.0,78.0,135.0,159.0,78.0,78.0,78.0,135.0,159.0,29.71503698215724,29.71503698215724,33.293833325572095,15.0,29.0,12.269004059852875,12.560768303810477,13.614210758520413,24.294023439435577,26.376602466790818,3.9322604420830616,3.9322604420830616,4.559788422599942,7.352869991798244,9.383195494823724,78.0,86.83333333333333,8.172577143193536e-07,30.907969096628857
Jammu,Kathua,Kathua Industrial Area 1068,2024-05-01,85.0,85.0,31.526199937394136,14.10711581265175,3.623796294796823,5,2024,0.49999999999999994,-0.8660254037844387,93.0,78.0,78.0,72.0,145.0,93.0,78.0,78.0,72.0,145.0,32.93832312072066,29.71503698215724,29.71503698215724,14.75,18.0,15.498986633585307,12.269004059852875,12.560768303810477,13.94136225278446,23.927031702539843,4.381460382771765,3.9322604420830616,3.9322604420830616,4.430377685232115,10.239026203680307,83.0,79.83333333333333,8.660254037844425,30.789465695011714
Jammu,Kathua,Kathua Industrial Area 1068,2024-06-01,95.0,95.0,31.387357312834748,16.095100498930204,3.623796294796823,6,2024,1.2246467991473532e-16,-1.0,85.0,93.0,78.0,80.0,163.0,85.0,93.0,78.0,80.0,163.0,31.526199937394136,32.93832312072066,29.71503698215724,14.5,24.0,14.10711581265175,15.498986633585307,12.269004059852875,18.358328029422232,28.452922006669976,3.623796294796823,4.381460382771765,3.9322604420830616,4.570568952878205,8.954091379490661,85.33333333333333,82.0,7.505553499465179,31.39318668009068
Jammu,Kathua,Kathua Industrial Area 1068,2024-07-01,96.0,96.0,30.467773005625705,15.535270293218227,3.587088629367553,7,2024,-0.4999999999999997,-0.8660254037844388,95.0,85.0,93.0,78.0,158.98990031421346,95.0,85.0,93.0,78.0,161.33333333333334,31.387357312834748,31.526199937394136,32.93832312072066,33.293833325572095,23.0,16.095100498930204,14.10711581265175,15.498986633585307,13.614210758520413,28.809452300368307,3.623796294796823,3.623796294796823,4.381460382771765,4.559788422599942,10.093767865283024,91.0,84.5,5.291502622129246,31.950626790316516
Jammu,Kathua,Kathua Industrial Area 1068,2024-08-01,83.0,83.0,29.866223563912424,14.728821105733523,3.174596354108113,8,2024,-0.8660254037844384,-0.5000000000000004,96.0,95.0,85.0,78.0,158.98990031421346,96.0,95.0,85.0,78.0,159.66666666666666,30.467773005625705,31.387357312834748,31.526199937394136,29.71503698215724,22.0,15.535270293218227,16.095100498930204,14.10711581265175,12.560768303810477,27.26654303846824,3.587088629367553,3.623796294796823,3.623796294796823,3.9322604420830616,10.163675912953131,92.0,87.5,6.082762530298276,31.127110085284865
Jammu,Kathua,Kathua Industrial Area 1068,2024-09-01,79.0,79.0,31.65386320322158,15.13884626559248,3.935407923306104,9,2024,-1.0,-1.8369701987210297e-16,83.0,96.0,95.0,78.0,158.0,83.0,96.0,95.0,78.0,158.0,29.866223563912424,30.467773005625705,31.387357312834748,29.71503698215724,21.0,14.728821105733523,15.535270293218227,16.095100498930204,12.269004059852875,26.596147843557613,3.174596354108113,3.587088629367553,3.623796294796823,3.9322604420830616,10.163675912953131,91.33333333333333,88.33333333333333,7.2341781380702805,30.573784627457627
Jammu,Kathua,Kathua Industrial Area 1068,2024-10-01,91.0,91.0,34.14801224090102,14.744926980663536,4.781014063717078,10,2024,-0.8660254037844386,0.5000000000000001,79.0,83.0,96.0,93.0,135.0,79.0,83.0,96.0,93.0,135.0,31.65386320322158,29.866223563912424,30.467773005625705,32.93832312072066,15.0,15.13884626559248,14.728821105733523,15.535270293218227,15.498986633585307,24.294023439435577,3.935407923306104,3.174596354108113,3.587088629367553,4.381460382771765,7.352869991798244,86.0,88.5,8.888194417315624,30.662619924253235
Jammu,Kathua,Kathua Industrial Area 1068,2024-11-01,121.0,121.0,49.28258044055416,17.50389542254938,6.364925563246746,11,2024,-0.5000000000000004,0.8660254037844384,91.0,79.0,83.0,85.0,72.0,91.0,79.0,83.0,85.0,72.0,34.14801224090102,31.65386320322158,29.866223563912424,31.526199937394136,14.75,14.744926980663536,15.13884626559248,14.728821105733523,14.10711581265175,13.94136225278446,4.781014063717078,3.935407923306104,3.174596354108113,3.623796294796823,4.430377685232115,84.33333333333333,88.16666666666667,6.110100926607841,31.889366336011676
Jammu,Kathua,Kathua Industrial Area 1068,2024-12-01,122.96755853749902,126.0,56.48432595052384,24.12343939868688,10.091946138992723,12,2024,-2.4492935982947064e-16,1.0,121.0,91.0,79.0,95.0,80.0,121.0,91.0,79.0,95.0,80.0,49.28258044055416,34.14801224090102,31.65386320322158,31.387357312834748,14.5,17.50389542254938,14.744926980663536,15.13884626559248,16.095100498930204,18.358328029422232,6.364925563246746,4.781014063717078,3.935407923306104,3.623796294796823,4.570568952878205,97.0,94.16666666666667,21.63330765278395,38.361485294892255
Jammu,Kathua,Kathua Industrial Area 1068,2025-01-01,126.0,126.0,61.58814737192908,7.0,6.0,1,2025,0.49999999999999994,0.8660254037844387,122.96755853749902,121.0,91.0,96.0,78.0,126.0,121.0,91.0,96.0,78.0,56.48432595052384,49.28258044055416,34.14801224090102,30.467773005625705,33.293833325572095,24.12343939868688,17.50389542254938,14.744926980663536,15.535270293218227,13.614210758520413,10.091946138992723,6.364925563246746,4.781014063717078,3.587088629367553,4.559788422599942,111.65585284583301,98.8279264229165,17.915524392022483,46.63830621065967
Jammu,Kathua,Kathua Industrial Area 1068,2025-02-01,141.0,141.0,11.0,11.0,7.0,2,2025,0.8660254037844386,0.5000000000000001,126.0,122.96755853749902,121.0,83.0,78.0,126.0,126.0,121.0,83.0,78.0,61.58814737192908,56.48432595052384,49.28258044055416,29.866223563912424,29.71503698215724,7.0,24.12343939868688,17.50389542254938,14.728821105733523,12.560768303810477,6.0,10.091946138992723,6.364925563246746,3.174596354108113,3.9322604420830616,123.32251951249968,103.8279264229165,2.518828690151535,55.78501792100236
Jammu,Kathua,Kathua Industrial Area 1068,2025-03-01,133.0,133.0,21.0,10.0,8.0,3,2025,1.0,6.123233995736766e-17,141.0,126.0,122.96755853749902,79.0,78.0,141.0,126.0,126.0,79.0,78.0,11.0,61.58814737192908,56.48432595052384,31.65386320322158,29.71503698215724,11.0,7.0,24.12343939868688,15.13884626559248,12.269004059852875,7.0,6.0,10.091946138992723,3.935407923306104,3.9322604420830616,129.98918617916635,113.49459308958318,9.655435829296895,43.02415777415097
Jammu,Kathua,Kathua Industrial Area 1068,2025-04-01,137.0,137.0,23.0,10.0,8.0,4,2025,0.8660254037844387,-0.4999999999999998,133.0,141.0,126.0,91.0,93.0,133.0,141.0,126.0,91.0,93.0,21.0,11.0,61.58814737192908,34.14801224090102,32.93832312072066,10.0,11.0,7.0,14.744926980663536,15.498986633585307,8.0,7.0,6.0,4.781014063717078,4.381460382771765,133.33333333333334,122.49459308958318,7.505553499465142,31.196049123976355
Jammu,Kathua,Kathua Industrial Area 1068,2025-05-01,126.0,126.0,21.0,10.0,7.0,5,2025,0.49999999999999994,-0.8660254037844387,137.0,133.0,141.0,121.0,85.0,137.0,133.0,141.0,121.0,85.0,23.0,21.0,11.0,49.28258044055416,31.526199937394136,10.0,10.0,11.0,17.50389542254938,14.10711581265175,8.0,8.0,7.0,6.364925563246746,3.623796294796823,137.0,130.16125975624985,4.000000000000006,18.333333333333332
Jammu,Kathua,Kathua Industrial Area 1068,2025-06-01,116.0,116.0,17.0,9.0,5.0,6,2025,1.2246467991473532e-16,-1.0,126.0,137.0,133.0,122.96755853749902,95.0,126.0,137.0,133.0,126.0,95.0,21.0,23.0,21.0,56.48432595052384,31.387357312834748,10.0,10.0,10.0,24.12343939868688,16.095100498930204,7.0,8.0,8.0,10.091946138992723,3.623796294796823,132.0,130.99459308958316,5.567764362830026,21.666666666666668
Jammu,Kathua,Kathua Industrial Area 1068,2025-07-01,109.0,109.0,17.0,9.0,6.0,7,2025,-0.4999999999999997,-0.8660254037844388,116.0,126.0,137.0,126.0,96.0,116.0,126.0,137.0,126.0,96.0,17.0,21.0,23.0,61.58814737192908,30.467773005625705,9.0,10.0,10.0,7.0,15.535270293218227,5.0,7.0,8.0,6.0,3.587088629367553,126.33333333333333,129.83333333333334,10.503967504392488,20.333333333333332
Jammu,Kathua,Kathua Industrial Area 1068,2025-08-01,95.0,95.0,14.0,7.0,4.0,8,2025,-0.8660254037844384,-0.5000000000000004,109.0,116.0,126.0,141.0,83.0,109.0,116.0,126.0,141.0,83.0,17.0,17.0,21.0,11.0,29.866223563912424,9.0,9.0,10.0,11.0,14.728821105733523,6.0,5.0,7.0,7.0,3.174596354108113,117.0,127.0,8.54400374531753,18.333333333333332
Jammu,Kathua,Kathua Industrial Area 1068,2025-09-01,105.0,105.0,17.0,7.0,4.0,9,2025,-1.0,-1.8369701987210297e-16,95.0,109.0,116.0,133.0,79.0,95.0,109.0,116.0,133.0,79.0,14.0,17.0,17.0,21.0,31.65386320322158,7.0,9.0,9.0,10.0,15.13884626559248,4.0,6.0,5.0,8.0,3.935407923306104,106.66666666666667,119.33333333333333,10.692676621563628,16.0
Jammu,Kathua,Kathua Industrial Area 1068,2025-10-01,104.0,104.0,23.0,6.0,4.0,10,2025,-0.8660254037844386,0.5000000000000001,105.0,95.0,109.0,137.0,91.0,105.0,95.0,109.0,137.0,91.0,17.0,14.0,17.0,23.0,34.14801224090102,7.0,7.0,9.0,10.0,14.744926980663536,4.0,4.0,6.0,8.0,4.781014063717078,103.0,114.66666666666667,7.211102550927982,16.0
Jammu,Kathua,Kathua Industrial Area 1068,2025-11-01,107.33074780789588,105.0,15.0,7.0,4.0,11,2025,-0.5000000000000004,0.8660254037844384,104.0,105.0,95.0,126.0,121.0,104.0,105.0,95.0,126.0,121.0,23.0,17.0,14.0,21.0,49.28258044055416,6.0,7.0,7.0,10.0,17.50389542254938,4.0,4.0,4.0,7.0,6.364925563246746,101.33333333333333,109.16666666666667,5.5075705472861065,18.0
Jammu,Kathua,Kathua Industrial Area 1068,2025-12-01,107.33074780789588,110.0,14.0,7.0,5.0,12,2025,-2.4492935982947064e-16,1.0,107.33074780789588,104.0,105.0,116.0,122.96755853749902,105.0,104.0,105.0,116.0,126.0,15.0,23.0,17.0,17.0,56.48432595052384,7.0,6.0,7.0,9.0,24.12343939868688,4.0,4.0,4.0,5.0,10.091946138992723,105.44358260263196,106.05512463464932,1.7091063114883078,18.333333333333332
Jammu,Kathua,Kathua Industrial Area 1068,2026-01-01,115.0,115.0,14.0,9.0,6.0,1,2026,0.49999999999999994,0.8660254037844387,107.33074780789588,107.33074780789588,104.0,109.0,126.0,110.0,105.0,104.0,109.0,126.0,14.0,15.0,23.0,17.0,61.58814737192908,7.0,7.0,6.0,9.0,7.0,5.0,4.0,4.0,6.0,6.0,106.22049853859725,104.61024926929862,1.9230081434914557,17.333333333333332
Jammu,Kathua,Kathua Industrial Area 1068,2026-02-01,113.0,113.0,16.0,7.0,6.0,2,2026,0.8660254037844386,0.5000000000000001,115.0,107.33074780789588,107.33074780789588,95.0,141.0,115.0,110.0,105.0,95.0,141.0,14.0,14.0,15.0,14.0,11.0,9.0,7.0,7.0,7.0,11.0,6.0,5.0,4.0,4.0,7.0,109.88716520526391,105.61024926929862,4.427844817594446,14.333333333333334
Jammu,Kathua,Kathua Industrial Area 1068,2026-03-01,71.75746181865043,63.5,16.8,7.409090909090909,2.983291984040966,3,2026,1.0,6.123233995736766e-17,113.0,115.0,107.33074780789588,105.0,133.0,113.0,115.0,110.0,105.0,133.0,16.0,14.0,14.0,17.0,21.0,7.0,9.0,7.0,7.0,10.0,6.0,6.0,5.0,4.0,8.0,111.77691593596529,108.61024926929862,3.9782292879238685,14.666666666666666
Kashmir,Srinagar,Khonmoh Srinagar (PM-10) 911,2023-01-01,150.0,150.0,46.52028908642488,24.0,13.0,1,2023,0.49999999999999994,0.8660254037844387,164.0,177.0,142.0,113.0,144.0,164.0,177.0,142.0,113.0,144.0,61.61721458793208,71.21748321562009,58.60448157239829,45.89775382490851,92.41379310344828,32.0,31.0,26.0,26.0,38.0,22.0,21.0,16.0,12.0,22.0,161.0,143.33333333333334,17.691806012954135,63.813059791983484
Kashmir,Srinagar,Khonmoh Srinagar (PM-10) 911,2023-02-01,151.0,151.0,61.455760319874365,26.0,15.0,2,2023,0.8660254037844386,0.5000000000000001,150.0,164.0,177.0,136.0,156.0,150.0,164.0,177.0,136.0,156.0,46.52028908642488,61.61721458793208,71.21748321562009,51.85893238654412,61.191487652622406,24.0,32.0,31.0,27.0,23.0,13.0,22.0,21.0,12.0,13.0,163.66666666666666,149.5,13.503086067019396,59.78499562999235
Kashmir,Srinagar,Khonmoh Srinagar (PM-10) 911,2023-03-01,146.0,146.0,53.34033130717605,30.0,17.0,3,2023,1.0,6.123233995736766e-17,151.0,150.0,164.0,128.0,148.0,151.0,150.0,164.0,128.0,148.0,61.455760319874365,46.52028908642488,61.61721458793208,54.89433061869436,45.55557353924088,26.0,24.0,32.0,27.0,21.0,15.0,13.0,22.0,15.0,14.0,155.0,152.0,7.810249675906649,56.53108799807711
Kashmir,Srinagar,Khonmoh Srinagar (PM-10) 911,2023-04-01,138.0,138.0,52.230996435819534,27.0,14.0,4,2023,0.8660254037844387,-0.4999999999999998,146.0,151.0,150.0,142.0,149.0,146.0,151.0,150.0,142.0,149.0,53.34033130717605,61.455760319874365,46.52028908642488,58.60448157239829,20.276832412930837,30.0,26.0,24.0,26.0,30.0,17.0,15.0,13.0,16.0,11.0,149.0,155.0,2.6457513110645743,53.77212690449176
Kashmir,Srinagar,Khonmoh Srinagar (PM-10) 911,2023-05-01,114.0,114.0,46.23658215605839,25.0,13.0,5,2023,0.49999999999999994,-0.8660254037844387,138.0,146.0,151.0,177.0,152.0,138.0,146.0,151.0,177.0,152.0,52.230996435819534,53.34033130717605,61.455760319874365,71.21748321562009,54.50272912079287,27.0,30.0,26.0,31.0,35.0,14.0,17.0,15.0,21.0,12.0,145.0,154.33333333333334,6.557438524301994,55.67569602095665
Kashmir,Srinagar,Khonmoh Srinagar (PM-10) 911,2023-06-01,111.0,111.0,43.82388364394893,29.0,16.0,6,2023,1.2246467991473532e-16,-1.0,114.0,138.0,146.0,164.0,153.0,114.0,138.0,146.0,164.0,153.0,46.23658215605839,52.230996435819534,53.34033130717605,61.61721458793208,68.57374656208127,25.0,27.0,30.0,32.0,27.0,13.0,14.0,17.0,22.0,10.0,132.66666666666666,143.83333333333334,16.653327995729057,50.602636633017994
Kashmir,Srinagar,Khonmoh Srinagar (PM-10) 911,2023-07-01,112.0,112.0,42.408223354589445,28.0,15.0,7,2023,-0.4999999999999997,-0.8660254037844388,111.0,114.0,138.0,150.0,113.0,111.0,114.0,138.0,150.0,113.0,43.82388364394893,46.23658215605839,52.230996435819534,46.52028908642488,45.89775382490851,29.0,25.0,27.0,24.0,26.0,16.0,13.0,14.0,13.0,12.0,121.0,135.0,14.798648586948724,47.43048741194229
Kashmir,Srinagar,Khonmoh Srinagar (PM-10) 911,2023-08-01,115.0,115.0,37.8583890584594,24.0,12.0,8,2023,-0.8660254037844384,-0.5000000000000004,112.0,111.0,114.0,151.0,136.0,112.0,111.0,114.0,151.0,136.0,42.408223354589445,43.82388364394893,46.23658215605839,61.455760319874365,51.85893238654412,28.0,29.0,25.0,26.0,27.0,15.0,16.0,13.0,15.0,12.0,112.33333333333333,128.66666666666666,1.5275252316516272,44.15622971819892
Kashmir,Srinagar,Khonmoh Srinagar (PM-10) 911,2023-09-01,98.0,98.0,43.908507819904834,23.0,11.0,9,2023,-1.0,-1.8369701987210297e-16,115.0,112.0,111.0,146.0,128.0,115.0,112.0,111.0,146.0,128.0,37.8583890584594,42.408223354589445,43.82388364394893,53.34033130717605,54.89433061869436,24.0,28.0,29.0,30.0,27.0,12.0,15.0,16.0,17.0,15.0,112.66666666666667,122.66666666666667,2.081665999465905,41.363498685665924
Kashmir,Srinagar,Khonmoh Srinagar (PM-10) 911,2023-10-01,133.0,133.0,45.34170471183873,22.0,9.0,10,2023,-0.8660254037844386,0.5000000000000001,98.0,115.0,112.0,138.0,142.0,98.0,115.0,112.0,138.0,142.0,43.908507819904834,37.8583890584594,42.408223354589445,52.230996435819534,58.60448157239829,23.0,24.0,28.0,27.0,26.0,11.0,12.0,15.0,14.0,16.0,108.33333333333333,114.66666666666667,9.073771725877402,41.391706744317894
Kashmir,Srinagar,Khonmoh Srinagar (PM-10) 911,2023-11-01,191.348354679518,191.0,64.60102796028286,24.33333333333333,15.0,11,2023,-0.5000000000000004,0.8660254037844384,133.0,98.0,115.0,114.0,177.0,133.0,98.0,115.0,114.0,177.0,45.34170471183873,43.908507819904834,37.8583890584594,46.23658215605839,71.21748321562009,22.0,23.0,24.0,25.0,31.0,9.0,11.0,12.0,13.0,21.0,115.33333333333333,113.83333333333333,17.502380790433413,42.36953386340099
Kashmir,Srinagar,Khonmoh Srinagar (PM-10) 911,2023-12-01,191.348354679518,180.0,82.71116455173541,26.666666666666668,7.973225126813229,12,2023,-2.4492935982947064e-16,1.0,191.348354679518,133.0,98.0,111.0,164.0,191.0,133.0,98.0,111.0,164.0,64.60102796028286,45.34170471183873,43.908507819904834,43.82388364394893,61.61721458793208,24.33333333333333,22.0,23.0,29.0,32.0,15.0,9.0,11.0,16.0,22.0,140.78278489317267,126.72472577991965,47.15832520206078,51.283746830675476
Kashmir,Srinagar,Khonmoh Srinagar (PM-10) 911,2024-01-01,173.0,173.0,59.73833634835638,29.0,1.0,1,2024,0.49999999999999994,0.8660254037844387,191.348354679518,191.348354679518,133.0,112.0,150.0,180.0,191.0,133.0,112.0,150.0,82.71116455173541,64.60102796028286,45.34170471183873,42.408223354589445,46.52028908642488,26.666666666666668,24.33333333333333,22.0,28.0,24.0,7.973225126813229,15.0,9.0,15.0,13.0,171.8989031196787,140.11611822650602,33.68743828099152,64.21796574128567
Kashmir,Srinagar,Khonmoh Srinagar (PM-10) 911,2024-02-01,125.0,125.0,68.01193047378263,22.0,11.0,2,2024,0.8660254037844386,0.5000000000000001,173.0,191.348354679518,191.348354679518,115.0,151.0,173.0,180.0,191.0,115.0,151.0,59.73833634835638,82.71116455173541,64.60102796028286,37.8583890584594,61.455760319874365,29.0,26.666666666666668,24.33333333333333,24.0,26.0,1.0,7.973225126813229,15.0,12.0,15.0,185.232236453012,150.28278489317267,10.593427513406448,69.01684295345821
Kashmir,Srinagar,Khonmoh Srinagar (PM-10) 911,2024-03-01,97.0,97.0,57.13875905070315,23.0,11.0,3,2024,1.0,6.123233995736766e-17,125.0,173.0,191.348354679518,98.0,146.0,125.0,173.0,180.0,98.0,146.0,68.01193047378263,59.73833634835638,82.71116455173541,43.908507819904834,53.34033130717605,22.0,29.0,26.666666666666668,23.0,30.0,11.0,1.0,7.973225126813229,11.0,17.0,163.116118226506,151.94945155983933,34.260682733332764,70.15381045795813
Kashmir,Srinagar,Khonmoh Srinagar (PM-10) 911,2024-04-01,85.0,85.0,34.04196231727866,22.0,10.0,4,2024,0.8660254037844387,-0.4999999999999998,97.0,125.0,173.0,133.0,138.0,97.0,125.0,173.0,133.0,138.0,57.13875905070315,68.01193047378263,59.73833634835638,45.34170471183873,52.230996435819534,23.0,22.0,29.0,22.0,27.0,11.0,11.0,1.0,9.0,14.0,131.66666666666666,151.78278489317267,38.436094147732234,61.62967529094738
Kashmir,Srinagar,Khonmoh Srinagar (PM-10) 911,2024-05-01,101.0,101.0,45.27004951779718,20.0,10.0,5,2024,0.49999999999999994,-0.8660254037844387,85.0,97.0,125.0,191.348354679518,114.0,85.0,97.0,125.0,191.0,114.0,34.04196231727866,57.13875905070315,68.01193047378263,64.60102796028286,46.23658215605839,22.0,23.0,22.0,24.33333333333333,25.0,10.0,11.0,11.0,15.0,13.0,102.33333333333333,143.78278489317267,20.52640575778765,53.064217280588146
Kashmir,Srinagar,Khonmoh Srinagar (PM-10) 911,2024-06-01,109.0,109.0,52.40246364937192,21.0,12.0,6,2024,1.2246467991473532e-16,-1.0,101.0,85.0,97.0,191.348354679518,111.0,101.0,85.0,97.0,180.0,111.0,45.27004951779718,34.04196231727866,57.13875905070315,82.71116455173541,43.82388364394893,20.0,22.0,23.0,26.666666666666668,29.0,10.0,10.0,11.0,7.973225126813229,16.0,94.33333333333333,128.72472577991968,8.32666399786484,45.48359029525966
Kashmir,Srinagar,Khonmoh Srinagar (PM-10) 911,2024-07-01,56.0,56.0,37.65489261765398,19.0,12.0,7,2024,-0.4999999999999997,-0.8660254037844388,109.0,101.0,85.0,173.0,112.0,109.0,101.0,85.0,173.0,112.0,52.40246364937192,45.27004951779718,34.04196231727866,59.73833634835638,42.408223354589445,21.0,20.0,22.0,29.0,28.0,12.0,10.0,10.0,1.0,15.0,98.33333333333333,115.0,12.220201853215773,43.904825161482584
Kashmir,Srinagar,Khonmoh Srinagar (PM-10) 911,2024-08-01,63.0,63.0,33.66398861714674,20.0,15.0,8,2024,-0.8660254037844384,-0.5000000000000004,56.0,109.0,101.0,125.0,115.0,56.0,109.0,101.0,125.0,115.0,37.65489261765398,52.40246364937192,45.27004951779718,68.01193047378263,37.8583890584594,19.0,21.0,20.0,22.0,24.0,12.0,12.0,10.0,11.0,12.0,88.66666666666667,95.5,28.5715476187997,45.10913526160769
Kashmir,Srinagar,Khonmoh Srinagar (PM-10) 911,2024-09-01,65.0,65.0,35.622719517269246,20.0,15.0,9,2024,-1.0,-1.8369701987210297e-16,63.0,56.0,109.0,97.0,98.0,63.0,56.0,109.0,97.0,98.0,33.66398861714674,37.65489261765398,52.40246364937192,57.13875905070315,43.908507819904834,20.0,19.0,21.0,23.0,23.0,15.0,12.0,12.0,11.0,11.0,76.0,85.16666666666667,28.792360097776044,41.24044829472421
Kashmir,Srinagar,Khonmoh Srinagar (PM-10) 911,2024-10-01,100.0,100.0,48.39066782374206,23.0,19.0,10,2024,-0.8660254037844386,0.5000000000000001,65.0,63.0,56.0,85.0,133.0,65.0,63.0,56.0,85.0,133.0,35.622719517269246,33.66398861714674,37.65489261765398,34.04196231727866,45.34170471183873,20.0,20.0,19.0,22.0,22.0,15.0,15.0,12.0,10.0,9.0,61.333333333333336,79.83333333333333,4.7258156262533095,35.64720025068999
Kashmir,Srinagar,Khonmoh Srinagar (PM-10) 911,2024-11-01,194.0,194.0,34.10397779894322,25.0,5.0,11,2024,-0.5000000000000004,0.8660254037844384,100.0,65.0,63.0,101.0,191.348354679518,100.0,65.0,63.0,101.0,191.0,48.39066782374206,35.622719517269246,33.66398861714674,45.27004951779718,64.60102796028286,23.0,20.0,20.0,20.0,24.33333333333333,19.0,15.0,15.0,10.0,15.0,76.0,82.33333333333333,20.808652046684955,39.225791986052684
Kashmir,Srinagar,Khonmoh Srinagar (PM-10) 911,2024-12-01,262.7283663512648,247.0,72.93579415502992,22.0,13.0,12,2024,-2.4492935982947064e-16,1.0,194.0,100.0,65.0,109.0,191.348354679518,194.0,100.0,65.0,109.0,180.0,34.10397779894322,48.39066782374206,35.622719517269246,52.40246364937192,82.71116455173541,25.0,23.0,20.0,21.0,26.666666666666668,5.0,19.0,15.0,12.0,7.973225126813229,119.66666666666667,97.83333333333333,66.71081871280951,39.37245504665151
Kashmir,Srinagar,Khonmoh Srinagar (PM-10) 911,2025-01-01,152.0,152.0,46.55318878369511,20.0,14.0,1,2025,0.49999999999999994,0.8660254037844387,262.7283663512648,194.0,100.0,56.0,173.0,247.0,194.0,100.0,56.0,173.0,72.93579415502992,34.10397779894322,48.39066782374206,37.65489261765398,59.73833634835638,22.0,25.0,23.0,19.0,29.0,13.0,5.0,19.0,12.0,1.0,185.5761221170883,123.45472772521082,81.6905844805723,51.81014659257173
Kashmir,Srinagar,Khonmoh Srinagar (PM-10) 911,2025-02-01,150.0,150.0,19.32704714240962,25.0,19.0,2,2025,0.8660254037844386,0.5000000000000001,152.0,262.7283663512648,194.0,63.0,125.0,152.0,247.0,194.0,63.0,125.0,46.55318878369511,72.93579415502992,34.10397779894322,33.66398861714674,68.01193047378263,20.0,22.0,25.0,20.0,22.0,14.0,13.0,5.0,15.0,11.0,202.90945545042163,139.4547277252108,55.89925380559443,51.19765357922275
Kashmir,Srinagar,Khonmoh Srinagar (PM-10) 911,2025-03-01,139.0,139.0,50.26524888287228,21.0,15.0,3,2025,1.0,6.123233995736766e-17,150.0,152.0,262.7283663512648,65.0,97.0,150.0,152.0,247.0,65.0,97.0,19.32704714240962,46.55318878369511,72.93579415502992,35.622719517269246,57.13875905070315,25.0,20.0,22.0,20.0,23.0,19.0,14.0,13.0,15.0,11.0,188.24278878375495,153.9547277252108,64.51415309197003,46.27201002704489
Kashmir,Srinagar,Khonmoh Srinagar (PM-10) 911,2025-04-01,106.0,101.0,44.91440535646344,22.0,13.0,4,2025,0.8660254037844387,-0.4999999999999998,139.0,150.0,152.0,100.0,85.0,139.0,150.0,152.0,100.0,85.0,50.26524888287228,19.32704714240962,46.55318878369511,48.39066782374206,34.04196231727866,21.0,25.0,20.0,23.0,22.0,15.0,19.0,14.0,19.0,10.0,147.0,166.28806105854414,6.999999999999935,38.71516160299234
Kashmir,Srinagar,Khonmoh Srinagar (PM-10) 911,2025-05-01,115.0,115.0,47.15907347530142,22.0,13.0,5,2025,0.49999999999999994,-0.8660254037844387,106.0,139.0,150.0,194.0,101.0,101.0,139.0,150.0,194.0,101.0,44.91440535646344,50.26524888287228,19.32704714240962,34.10397779894322,45.27004951779718,22.0,21.0,25.0,25.0,20.0,13.0,15.0,19.0,5.0,10.0,131.66666666666666,167.28806105854414,22.898325994127436,38.16890046058178
Kashmir,Srinagar,Khonmoh Srinagar (PM-10) 911,2025-06-01,159.0,159.0,46.57915061680587,25.0,14.0,6,2025,1.2246467991473532e-16,-1.0,115.0,106.0,139.0,262.7283663512648,109.0,115.0,101.0,139.0,247.0,109.0,47.15907347530142,44.91440535646344,50.26524888287228,72.93579415502992,52.40246364937192,22.0,22.0,21.0,22.0,21.0,13.0,13.0,15.0,13.0,12.0,120.0,154.1213943918775,17.058722109231937,47.44624257154572
Kashmir,Srinagar,Khonmoh Srinagar (PM-10) 911,2025-07-01,148.0,148.0,52.03412343604442,23.0,13.0,7,2025,-0.4999999999999997,-0.8660254037844388,159.0,115.0,106.0,152.0,56.0,159.0,115.0,101.0,152.0,56.0,46.57915061680587,47.15907347530142,44.91440535646344,46.55318878369511,37.65489261765398,25.0,22.0,22.0,20.0,19.0,14.0,13.0,13.0,14.0,12.0,126.66666666666667,136.83333333333334,28.360771028541034,46.21754314952358
Kashmir,Srinagar,Khonmoh Srinagar (PM-10) 911,2025-08-01,117.0,117.0,31.532372634833173,18.0,10.0,8,2025,-0.8660254037844384,-0.5000000000000004,148.0,159.0,115.0,150.0,63.0,148.0,159.0,115.0,150.0,63.0,52.03412343604442,46.57915061680587,47.15907347530142,19.32704714240962,33.66398861714674,23.0,25.0,22.0,25.0,20.0,13.0,14.0,13.0,19.0,15.0,140.66666666666666,136.16666666666666,22.898325994127458,48.5907825093839
Kashmir,Srinagar,Khonmoh Srinagar (PM-10) 911,2025-09-01,171.0,171.0,71.22281996017126,19.0,14.0,9,2025,-1.0,-1.8369701987210297e-16,117.0,148.0,159.0,139.0,65.0,117.0,148.0,159.0,139.0,65.0,31.532372634833173,52.03412343604442,46.57915061680587,50.26524888287228,35.622719517269246,18.0,23.0,25.0,21.0,20.0,10.0,13.0,14.0,15.0,15.0,141.33333333333334,130.66666666666666,21.779194965226186,43.38188222922781
Kashmir,Srinagar,Khonmoh Srinagar (PM-10) 911,2025-10-01,168.0,168.0,66.86248968085769,23.0,10.148316016006042,10,2025,-0.8660254037844386,0.5000000000000001,171.0,117.0,148.0,106.0,100.0,171.0,117.0,148.0,101.0,100.0,71.22281996017126,31.532372634833173,52.03412343604442,44.91440535646344,48.39066782374206,19.0,18.0,23.0,22.0,23.0,14.0,10.0,13.0,13.0,19.0,145.33333333333334,136.0,27.098585448936877,51.59643867701629
Kashmir,Srinagar,Khonmoh Srinagar (PM-10) 911,2025-11-01,279.0,279.0,70.42684000295522,29.0,12.592829806867403,11,2025,-0.5000000000000004,0.8660254037844384,168.0,171.0,117.0,115.0,194.0,168.0,171.0,117.0,115.0,194.0,66.86248968085769,71.22281996017126,31.532372634833173,47.15907347530142,34.10397779894322,23.0,19.0,18.0,22.0,25.0,10.148316016006042,14.0,10.0,13.0,5.0,152.0,146.33333333333334,30.34798181098704,56.53922742528738
Kashmir,Srinagar,Khonmoh Srinagar (PM-10) 911,2025-12-01,246.0,212.0,66.48316972453453,21.0,11.5673322843632,12,2025,-2.4492935982947064e-16,1.0,279.0,168.0,171.0,159.0,262.7283663512648,279.0,168.0,171.0,159.0,247.0,70.42684000295522,66.86248968085769,71.22281996017126,46.57915061680587,72.93579415502992,29.0,23.0,19.0,25.0,22.0,12.592829806867403,10.148316016006042,14.0,14.0,13.0,206.0,173.66666666666666,63.23764701504951,69.50404988132806
Kashmir,Srinagar,Khonmoh Srinagar (PM-10) 911,2026-01-01,145.0,145.0,48.1209216358312,31.0,14.627312388194722,1,2026,0.49999999999999994,0.8660254037844387,246.0,279.0,168.0,148.0,152.0,212.0,279.0,168.0,148.0,152.0,66.48316972453453,70.42684000295522,66.86248968085769,52.03412343604442,46.55318878369511,21.0,29.0,23.0,23.0,20.0,11.5673322843632,12.592829806867403,10.148316016006042,13.0,14.0,231.0,188.16666666666666,57.0,67.92416646944915
Kashmir,Srinagar,Khonmoh Srinagar (PM-10) 911,2026-02-01,102.0,102.0,24.948675216669358,29.0,5.174499879679428,2,2026,0.8660254037844386,0.5000000000000001,145.0,246.0,279.0,117.0,150.0,145.0,212.0,279.0,117.0,150.0,48.1209216358312,66.48316972453453,70.42684000295522,31.532372634833173,19.32704714240962,31.0,21.0,29.0,18.0,25.0,14.627312388194722,11.5673322843632,12.592829806867403,10.0,19.0,223.33333333333334,187.66666666666666,69.81642595645621,61.67697712110698
Kashmir,Srinagar,Khonmoh Srinagar (PM-10) 911,2026-03-01,100.61219290308188,99.9,40.02673345195995,27.9,2.143064059842152,3,2026,1.0,6.123233995736766e-17,102.0,145.0,246.0,171.0,139.0,102.0,145.0,212.0,171.0,139.0,24.948675216669358,48.1209216358312,66.48316972453453,71.22281996017126,50.26524888287228,29.0,31.0,21.0,19.0,21.0,5.174499879679428,14.627312388194722,11.5673322843632,14.0,15.0,164.33333333333334,185.16666666666666,73.92112914000526,46.5175888590117
Kashmir,Pulwama,Khrew Pulwama (PM-10) 912,2023-01-01,127.0,127.0,45.2468843658013,32.0,20.0,1,2023,0.49999999999999994,0.8660254037844387,127.0,112.07641941210564,112.07641941210564,124.0,137.0,106.0,126.0,112.0,124.0,137.0,45.659967238562494,61.57296417813629,47.4714967618731,52.04403633974712,63.097785627851,34.0,33.0,29.0,29.0,33.0,23.0,23.0,16.0,14.0,13.0,117.05094627473709,118.85880647070188,8.616133269693886,51.56814272619062
Kashmir,Pulwama,Khrew Pulwama (PM-10) 912,2023-02-01,125.0,125.0,49.882845605063146,27.0,16.0,2,2023,0.8660254037844386,0.5000000000000001,127.0,127.0,112.07641941210564,111.0,140.0,127.0,106.0,126.0,111.0,140.0,45.2468843658013,45.659967238562494,61.57296417813629,51.016615875455024,63.416729548885485,32.0,34.0,33.0,28.0,23.0,20.0,23.0,23.0,13.0,12.0,122.02547313736856,119.35880647070188,8.616133269693892,50.82660526083336
Kashmir,Pulwama,Khrew Pulwama (PM-10) 912,2023-03-01,132.0,132.0,57.69326492814527,28.0,16.0,3,2023,1.0,6.123233995736766e-17,125.0,127.0,127.0,127.0,105.0,125.0,127.0,106.0,127.0,105.0,49.882845605063146,45.2468843658013,45.659967238562494,49.8380377559351,48.03308796079119,27.0,32.0,34.0,23.0,30.0,16.0,20.0,23.0,11.0,12.0,126.33333333333333,121.69213980403521,1.1547005383792495,46.92989906980898
Kashmir,Pulwama,Khrew Pulwama (PM-10) 912,2023-04-01,142.0,142.0,62.40075820762495,30.0,17.0,4,2023,0.8660254037844387,-0.4999999999999998,132.0,125.0,127.0,112.07641941210564,118.0,132.0,125.0,127.0,112.0,118.0,57.69326492814527,49.882845605063146,45.2468843658013,47.4714967618731,55.346105307267926,28.0,27.0,32.0,29.0,32.0,16.0,16.0,20.0,16.0,12.0,128.0,122.52547313736854,3.6055512754639882,50.9409982996699
Kashmir,Pulwama,Khrew Pulwama (PM-10) 912,2023-05-01,138.0,138.0,57.19793479684708,29.0,16.0,5,2023,0.49999999999999994,-0.8660254037844387,142.0,132.0,125.0,112.07641941210564,124.0,142.0,132.0,125.0,126.0,124.0,62.40075820762495,57.69326492814527,49.882845605063146,61.57296417813629,48.30964348718981,30.0,28.0,27.0,33.0,33.0,17.0,16.0,16.0,23.0,11.0,133.0,127.51273656868426,8.54400374531753,56.658956246944456
Kashmir,Pulwama,Khrew Pulwama (PM-10) 912,2023-06-01,104.0,104.0,47.72975447738827,26.0,15.0,6,2023,1.2246467991473532e-16,-1.0,138.0,142.0,132.0,127.0,134.0,138.0,142.0,132.0,106.0,134.0,57.19793479684708,62.40075820762495,57.69326492814527,45.659967238562494,64.94786770338926,29.0,30.0,28.0,34.0,27.0,16.0,17.0,16.0,23.0,11.0,137.33333333333334,131.83333333333334,5.033222956847166,59.09731931087243
Kashmir,Pulwama,Khrew Pulwama (PM-10) 912,2023-07-01,112.0,112.0,42.33814719259411,25.0,13.0,7,2023,-0.4999999999999997,-0.8660254037844388,104.0,138.0,142.0,127.0,124.0,104.0,138.0,142.0,127.0,124.0,47.72975447738827,57.19793479684708,62.40075820762495,45.2468843658013,52.04403633974712,26.0,29.0,30.0,32.0,29.0,15.0,16.0,17.0,20.0,14.0,128.0,128.0,20.880613017821098,55.7761491606201
Kashmir,Pulwama,Khrew Pulwama (PM-10) 912,2023-08-01,113.0,113.0,48.18220261580333,22.0,10.0,8,2023,-0.8660254037844384,-0.5000000000000004,112.0,104.0,138.0,125.0,111.0,112.0,104.0,138.0,125.0,111.0,42.33814719259411,47.72975447738827,57.19793479684708,49.882845605063146,51.016615875455024,25.0,26.0,29.0,27.0,28.0,13.0,15.0,16.0,16.0,13.0,118.0,125.5,17.776388834631177,49.088612155609816
Kashmir,Pulwama,Khrew Pulwama (PM-10) 912,2023-09-01,125.0,125.0,48.62611738648576,27.0,15.0,9,2023,-1.0,-1.8369701987210297e-16,113.0,112.0,104.0,132.0,127.0,113.0,112.0,104.0,132.0,127.0,48.18220261580333,42.33814719259411,47.72975447738827,57.69326492814527,49.8380377559351,22.0,25.0,26.0,28.0,23.0,10.0,13.0,15.0,16.0,11.0,109.66666666666667,123.5,4.93288286231624,46.0833680952619
Kashmir,Pulwama,Khrew Pulwama (PM-10) 912,2023-10-01,114.0,114.0,47.553742809617695,21.0,10.0,10,2023,-0.8660254037844386,0.5000000000000001,125.0,113.0,112.0,142.0,112.07641941210564,125.0,113.0,112.0,142.0,112.0,48.62611738648576,48.18220261580333,42.33814719259411,62.40075820762495,47.4714967618731,27.0,22.0,25.0,30.0,29.0,15.0,10.0,13.0,17.0,16.0,116.66666666666667,122.33333333333333,7.234178138070227,46.38215573162773
Kashmir,Pulwama,Khrew Pulwama (PM-10) 912,2023-11-01,128.0,128.0,46.95067559601424,22.0,10.0,11,2023,-0.5000000000000004,0.8660254037844384,114.0,125.0,113.0,138.0,112.07641941210564,114.0,125.0,113.0,138.0,126.0,47.553742809617695,48.62611738648576,48.18220261580333,57.19793479684708,61.57296417813629,21.0,27.0,22.0,29.0,33.0,10.0,15.0,10.0,16.0,23.0,117.33333333333333,117.66666666666667,6.658328118479382,48.120687603968925
Kashmir,Pulwama,Khrew Pulwama (PM-10) 912,2023-12-01,131.0,131.0,66.48921763362576,13.0,6.122876365987539,12,2023,-2.4492935982947064e-16,1.0,128.0,114.0,125.0,104.0,127.0,128.0,114.0,125.0,104.0,106.0,46.95067559601424,47.553742809617695,48.62611738648576,47.72975447738827,45.659967238562494,22.0,21.0,27.0,26.0,34.0,10.0,10.0,15.0,15.0,23.0,122.33333333333333,116.0,7.3711147958319865,47.71017859737256
Kashmir,Pulwama,Khrew Pulwama (PM-10) 912,2024-01-01,124.0,124.0,48.56672641500208,22.0,1.0,1,2024,0.49999999999999994,0.8660254037844387,131.0,128.0,114.0,112.0,127.0,131.0,128.0,114.0,112.0,127.0,66.48921763362576,46.95067559601424,47.553742809617695,42.33814719259411,45.2468843658013,13.0,22.0,21.0,25.0,32.0,6.122876365987539,10.0,10.0,13.0,20.0,124.33333333333333,120.5,9.07377172587746,53.66454534641923
Kashmir,Pulwama,Khrew Pulwama (PM-10) 912,2024-02-01,117.0,117.0,56.25326704155892,24.0,13.0,2,2024,0.8660254037844386,0.5000000000000001,124.0,131.0,128.0,113.0,125.0,124.0,131.0,128.0,113.0,125.0,48.56672641500208,66.48921763362576,46.95067559601424,48.18220261580333,49.882845605063146,22.0,13.0,22.0,22.0,27.0,1.0,6.122876365987539,10.0,10.0,16.0,127.66666666666667,122.5,3.511884584284238,54.002206548214026
Kashmir,Pulwama,Khrew Pulwama (PM-10) 912,2024-03-01,112.0,112.0,49.15655026125429,24.0,12.0,3,2024,1.0,6.123233995736766e-17,117.0,124.0,131.0,125.0,132.0,117.0,124.0,131.0,125.0,132.0,56.25326704155892,48.56672641500208,66.48921763362576,48.62611738648576,57.69326492814527,24.0,22.0,13.0,27.0,28.0,13.0,1.0,6.122876365987539,15.0,16.0,124.0,123.16666666666667,6.999999999999996,57.103070363395595
Kashmir,Pulwama,Khrew Pulwama (PM-10) 912,2024-04-01,92.0,92.0,39.490558229345865,20.0,8.0,4,2024,0.8660254037844387,-0.4999999999999998,112.0,117.0,124.0,114.0,142.0,112.0,117.0,124.0,114.0,142.0,49.15655026125429,56.25326704155892,48.56672641500208,47.553742809617695,62.40075820762495,24.0,24.0,22.0,21.0,30.0,12.0,13.0,1.0,10.0,17.0,117.66666666666667,121.0,6.027713773341706,51.325514572605094
Kashmir,Pulwama,Khrew Pulwama (PM-10) 912,2024-05-01,115.0,115.0,43.89840197220053,23.0,10.0,5,2024,0.49999999999999994,-0.8660254037844387,92.0,112.0,117.0,128.0,138.0,92.0,112.0,117.0,128.0,138.0,39.490558229345865,49.15655026125429,56.25326704155892,46.95067559601424,57.19793479684708,20.0,24.0,24.0,22.0,29.0,8.0,12.0,13.0,10.0,16.0,107.0,117.33333333333333,13.228756555322953,48.300125177386356
Kashmir,Pulwama,Khrew Pulwama (PM-10) 912,2024-06-01,117.0,117.0,57.02534239124736,19.0,11.0,6,2024,1.2246467991473532e-16,-1.0,115.0,92.0,112.0,131.0,104.0,115.0,92.0,112.0,131.0,104.0,43.89840197220053,39.490558229345865,49.15655026125429,66.48921763362576,47.72975447738827,23.0,20.0,24.0,13.0,26.0,10.0,8.0,12.0,6.122876365987539,15.0,106.33333333333333,115.16666666666667,12.50333288900737,44.18183682093356
Kashmir,Pulwama,Khrew Pulwama (PM-10) 912,2024-07-01,115.0,115.0,50.15543564327038,15.0,10.0,7,2024,-0.4999999999999997,-0.8660254037844388,117.0,115.0,92.0,124.0,112.0,117.0,115.0,92.0,124.0,112.0,57.02534239124736,43.89840197220053,39.490558229345865,48.56672641500208,42.33814719259411,19.0,23.0,20.0,22.0,25.0,11.0,10.0,8.0,1.0,13.0,108.0,112.83333333333333,13.892443989449806,46.80476753093125
Kashmir,Pulwama,Khrew Pulwama (PM-10) 912,2024-08-01,120.0,120.0,52.47403713158981,16.0,8.0,8,2024,-0.8660254037844384,-0.5000000000000004,115.0,117.0,115.0,117.0,113.0,115.0,117.0,115.0,117.0,113.0,50.15543564327038,57.02534239124736,43.89840197220053,56.25326704155892,48.18220261580333,15.0,19.0,23.0,24.0,22.0,10.0,11.0,10.0,13.0,10.0,115.66666666666667,111.33333333333333,1.1547005383792648,50.35972666890609
Kashmir,Pulwama,Khrew Pulwama (PM-10) 912,2024-09-01,116.0,116.0,53.11657245131848,17.0,12.0,9,2024,-1.0,-1.8369701987210297e-16,120.0,115.0,117.0,112.0,125.0,120.0,115.0,117.0,112.0,125.0,52.47403713158981,50.15543564327038,57.02534239124736,49.15655026125429,48.62611738648576,16.0,15.0,19.0,24.0,27.0,8.0,10.0,11.0,12.0,15.0,117.33333333333333,111.83333333333333,2.5166114784235907,53.218271722035844
Kashmir,Pulwama,Khrew Pulwama (PM-10) 912,2024-10-01,117.0,117.0,53.03491937721795,19.0,12.0,10,2024,-0.8660254037844386,0.5000000000000001,116.0,120.0,115.0,92.0,114.0,116.0,120.0,115.0,92.0,114.0,53.11657245131848,52.47403713158981,50.15543564327038,39.490558229345865,47.553742809617695,17.0,16.0,15.0,20.0,21.0,12.0,8.0,10.0,8.0,10.0,117.0,112.5,2.645751311064598,51.915348408726224
Kashmir,Pulwama,Khrew Pulwama (PM-10) 912,2024-11-01,126.0,126.0,55.23128506161722,16.0,7.85804164247592,11,2024,-0.5000000000000004,0.8660254037844384,117.0,116.0,120.0,115.0,128.0,117.0,116.0,120.0,115.0,128.0,53.03491937721795,53.11657245131848,52.47403713158981,43.89840197220053,46.95067559601424,19.0,17.0,16.0,23.0,22.0,12.0,12.0,8.0,10.0,10.0,117.66666666666667,116.66666666666667,2.081665999466143,52.87517632004208
Kashmir,Pulwama,Khrew Pulwama (PM-10) 912,2024-12-01,133.0,133.0,68.47705651075238,16.0,9.0,12,2024,-2.4492935982947064e-16,1.0,126.0,117.0,116.0,117.0,131.0,126.0,117.0,116.0,117.0,131.0,55.23128506161722,53.03491937721795,53.11657245131848,57.02534239124736,66.48921763362576,16.0,19.0,17.0,19.0,13.0,7.85804164247592,12.0,12.0,11.0,6.122876365987539,119.66666666666667,118.5,5.507570547286105,53.79425896338455
Kashmir,Pulwama,Khrew Pulwama (PM-10) 912,2025-01-01,100.0,100.0,39.6901981798372,20.0,14.0,1,2025,0.49999999999999994,0.8660254037844387,133.0,126.0,117.0,115.0,124.0,133.0,126.0,117.0,115.0,124.0,68.47705651075238,55.23128506161722,53.03491937721795,50.15543564327038,48.56672641500208,16.0,16.0,19.0,15.0,22.0,9.0,7.85804164247592,12.0,10.0,1.0,125.33333333333333,121.16666666666667,8.020806277010646,58.91442031652918
Kashmir,Pulwama,Khrew Pulwama (PM-10) 912,2025-02-01,75.0,75.0,42.15595921738991,20.0,14.0,2,2025,0.8660254037844386,0.5000000000000001,100.0,133.0,126.0,120.0,117.0,100.0,133.0,126.0,120.0,117.0,39.6901981798372,68.47705651075238,55.23128506161722,52.47403713158981,56.25326704155892,20.0,16.0,16.0,16.0,24.0,14.0,9.0,7.85804164247592,8.0,13.0,119.66666666666667,118.66666666666667,17.387735140993307,54.466179917402265
Kashmir,Pulwama,Khrew Pulwama (PM-10) 912,2025-03-01,71.0,71.0,23.97230046438629,19.0,12.0,3,2025,1.0,6.123233995736766e-17,75.0,100.0,133.0,116.0,112.0,75.0,100.0,133.0,116.0,112.0,42.15595921738991,39.6901981798372,68.47705651075238,53.11657245131848,49.15655026125429,20.0,20.0,16.0,17.0,24.0,14.0,14.0,9.0,12.0,12.0,102.66666666666667,111.16666666666667,29.09180869821149,50.1077379693265
Kashmir,Pulwama,Khrew Pulwama (PM-10) 912,2025-04-01,111.0,111.0,42.63385274622521,21.0,11.0,4,2025,0.8660254037844387,-0.4999999999999998,71.0,75.0,100.0,117.0,92.0,71.0,75.0,100.0,117.0,92.0,23.97230046438629,42.15595921738991,39.6901981798372,53.03491937721795,39.490558229345865,19.0,20.0,20.0,19.0,20.0,12.0,14.0,14.0,12.0,8.0,82.0,103.66666666666667,15.716233645501726,35.27281928720447
Kashmir,Pulwama,Khrew Pulwama (PM-10) 912,2025-05-01,81.0,81.0,34.23292785510585,21.0,10.0,5,2025,0.49999999999999994,-0.8660254037844387,111.0,71.0,75.0,126.0,115.0,111.0,71.0,75.0,126.0,115.0,42.63385274622521,23.97230046438629,42.15595921738991,55.23128506161722,43.89840197220053,21.0,19.0,20.0,16.0,23.0,11.0,12.0,14.0,7.85804164247592,10.0,85.66666666666667,102.66666666666667,22.030282189144415,36.25403747600047
Kashmir,Pulwama,Khrew Pulwama (PM-10) 912,2025-06-01,90.0,90.0,35.4368009625398,20.0,9.0,6,2025,1.2246467991473532e-16,-1.0,81.0,111.0,71.0,133.0,117.0,81.0,111.0,71.0,133.0,117.0,34.23292785510585,42.63385274622521,23.97230046438629,68.47705651075238,57.02534239124736,21.0,21.0,19.0,16.0,19.0,10.0,11.0,12.0,9.0,11.0,87.66666666666667,95.16666666666667,20.816659994661336,33.613027021905786
Kashmir,Pulwama,Khrew Pulwama (PM-10) 912,2025-07-01,90.0,90.0,34.5726045612351,19.0,12.0,7,2025,-0.4999999999999997,-0.8660254037844388,90.0,81.0,111.0,100.0,115.0,90.0,81.0,111.0,100.0,115.0,35.4368009625398,34.23292785510585,42.63385274622521,39.6901981798372,50.15543564327038,20.0,21.0,21.0,20.0,15.0,9.0,10.0,11.0,14.0,10.0,94.0,88.0,15.394804318340663,37.43452718795695
Kashmir,Pulwama,Khrew Pulwama (PM-10) 912,2025-08-01,81.0,81.0,30.45648388662121,10.0,5.0,8,2025,-0.8660254037844384,-0.5000000000000004,90.0,90.0,81.0,75.0,120.0,90.0,90.0,81.0,75.0,120.0,34.5726045612351,35.4368009625398,34.23292785510585,42.15595921738991,52.47403713158981,19.0,20.0,21.0,20.0,16.0,12.0,9.0,10.0,14.0,8.0,87.0,86.33333333333333,5.196152422706662,34.74744445962691
Kashmir,Pulwama,Khrew Pulwama (PM-10) 912,2025-09-01,73.0,73.0,30.98955828363989,17.0,7.0,9,2025,-1.0,-1.8369701987210297e-16,81.0,90.0,90.0,71.0,116.0,81.0,90.0,90.0,71.0,116.0,30.45648388662121,34.5726045612351,35.4368009625398,23.97230046438629,53.11657245131848,10.0,19.0,20.0,19.0,17.0,5.0,12.0,9.0,12.0,12.0,87.0,87.33333333333333,5.196152422706632,33.488629803465365
Kashmir,Pulwama,Khrew Pulwama (PM-10) 912,2025-10-01,98.0,98.0,39.97391418144587,14.0,4.999861973381429,10,2025,-0.8660254037844386,0.5000000000000001,73.0,81.0,90.0,111.0,117.0,73.0,81.0,90.0,111.0,117.0,30.98955828363989,30.45648388662121,34.5726045612351,42.63385274622521,53.03491937721795,17.0,10.0,19.0,21.0,19.0,7.0,5.0,12.0,11.0,12.0,81.33333333333333,87.66666666666667,8.50490054811538,32.0062155771654
Kashmir,Pulwama,Khrew Pulwama (PM-10) 912,2025-11-01,113.0,101.33333333333331,46.67480705791608,17.0,6.738426443120575,11,2025,-0.5000000000000004,0.8660254037844384,98.0,73.0,81.0,81.0,126.0,98.0,73.0,81.0,81.0,126.0,39.97391418144587,30.98955828363989,30.45648388662121,34.23292785510585,55.23128506161722,14.0,17.0,10.0,21.0,16.0,4.999861973381429,7.0,5.0,10.0,7.85804164247592,84.0,85.5,12.767145334803702,33.80665211723566
Kashmir,Pulwama,Khrew Pulwama (PM-10) 912,2025-12-01,117.0,104.66666666666669,42.88138431381667,20.0,9.314095092344983,12,2025,-2.4492935982947064e-16,1.0,113.0,98.0,73.0,90.0,133.0,101.33333333333331,98.0,73.0,90.0,133.0,46.67480705791608,39.97391418144587,30.98955828363989,35.4368009625398,68.47705651075238,17.0,14.0,17.0,20.0,16.0,6.738426443120575,4.999861973381429,7.0,9.0,9.0,94.66666666666667,90.83333333333333,20.2072594216369,39.21275984100061
Kashmir,Pulwama,Khrew Pulwama (PM-10) 912,2026-01-01,108.0,108.0,45.99172669877495,23.0,7.488593567330216,1,2026,0.49999999999999994,0.8660254037844387,117.0,113.0,98.0,90.0,100.0,104.66666666666669,101.33333333333331,98.0,90.0,100.0,42.88138431381667,46.67480705791608,39.97391418144587,34.5726045612351,39.6901981798372,20.0,17.0,14.0,19.0,20.0,9.314095092344983,6.738426443120575,4.999861973381429,12.0,14.0,109.33333333333333,95.33333333333333,10.016652800877802,43.17670185105953
Kashmir,Pulwama,Khrew Pulwama (PM-10) 912,2026-02-01,122.0,122.0,49.30549549133555,21.0,7.3409923597124545,2,2026,0.8660254037844386,0.5000000000000001,108.0,117.0,113.0,81.0,75.0,108.0,104.66666666666669,101.33333333333331,81.0,75.0,45.99172669877495,42.88138431381667,46.67480705791608,30.45648388662121,42.15595921738991,23.0,20.0,17.0,10.0,20.0,7.488593567330216,9.314095092344983,6.738426443120575,5.0,14.0,112.66666666666667,98.33333333333333,4.509249752822879,45.1826393568359
Kashmir,Pulwama,Khrew Pulwama (PM-10) 912,2026-03-01,119.45758381049848,117.84615384615384,55.84843537681533,20.23076923076923,9.099411195143777,3,2026,1.0,6.123233995736766e-17,122.0,108.0,117.0,73.0,71.0,122.0,108.0,104.66666666666669,73.0,71.0,49.30549549133555,45.99172669877495,42.88138431381667,30.98955828363989,23.97230046438629,21.0,23.0,20.0,17.0,19.0,7.3409923597124545,7.488593567330216,9.314095092344983,7.0,12.0,115.66666666666667,105.16666666666667,7.094598884597576,46.05953550130906
Kashmir,Srinagar,Kralsangri Srinagar (PM-10),2023-01-01,45.85714285714285,76.42857142857143,29.55466926072707,11.40364794973972,3.8668051825078686,1,2023,0.49999999999999994,0.8660254037844387,45.85714285714285,78.66909085486131,78.66909085486131,48.6,100.61219290308188,76.42857142857143,76.42857142857143,78.71428571428571,81.0,97.8,29.71503698215724,29.71503698215724,29.100447254780104,27.91507887556395,36.19981990256799,11.695412193697322,17.714285714285715,17.857142857142858,13.657600580762336,26.8,3.9322604420830616,4.041000157606566,4.041000157606566,3.9322604420830616,2.319255107499042,67.73177485562182,68.96588742781091,18.943987009118757,29.510173739698192
Kashmir,Srinagar,Kralsangri Srinagar (PM-10),2023-02-01,45.85714285714285,76.42857142857143,29.55466926072707,11.40364794973972,3.8668051825078686,2,2023,0.8660254037844386,0.5000000000000001,45.85714285714285,45.85714285714285,78.66909085486131,81.0,58.67999999999999,76.42857142857143,76.42857142857143,76.42857142857143,81.0,97.8,29.55466926072707,29.71503698215724,29.71503698215724,27.91507887556395,33.40698231559771,11.40364794973972,11.695412193697322,17.714285714285715,13.657600580762336,17.964923645018303,3.8668051825078686,3.9322604420830616,4.041000157606566,3.9322604420830616,3.774910843561397,56.794458856382334,68.50874457066806,18.943987009118757,29.661581075013846
Kashmir,Srinagar,Kralsangri Srinagar (PM-10),2023-03-01,65.0,65.0,29.577561820111686,9.857667153542332,3.3252513481053163,3,2023,1.0,6.123233995736766e-17,45.85714285714285,45.85714285714285,45.85714285714285,81.0,58.67999999999999,76.42857142857143,76.42857142857143,76.42857142857143,81.0,97.8,29.55466926072707,29.55466926072707,29.71503698215724,27.91507887556395,33.40698231559771,11.40364794973972,11.40364794973972,11.695412193697322,18.0,17.964923645018303,3.8668051825078686,3.8668051825078686,3.9322604420830616,7.0,3.774910843561397,45.85714285714285,62.651601713525196,0.0,29.60812516787046
Kashmir,Srinagar,Kralsangri Srinagar (PM-10),2023-04-01,65.0,65.0,30.94085805744956,17.0,6.0,4,2023,0.8660254037844387,-0.4999999999999998,65.0,45.85714285714285,45.85714285714285,78.66909085486131,58.67999999999999,65.0,76.42857142857143,76.42857142857143,78.71428571428571,97.8,29.577561820111686,29.55466926072707,29.55466926072707,29.100447254780104,33.40698231559771,9.857667153542332,11.40364794973972,11.40364794973972,17.857142857142858,17.964923645018303,3.3252513481053163,3.8668051825078686,3.8668051825078686,4.041000157606566,3.774910843561397,52.238095238095234,59.98493504685853,11.052133724487126,29.562300113855276
Kashmir,Srinagar,Kralsangri Srinagar (PM-10),2023-05-01,68.0,68.0,35.80235338524332,17.0,5.0,5,2023,0.49999999999999994,-0.8660254037844387,65.0,65.0,45.85714285714285,78.66909085486131,58.67999999999999,65.0,65.0,76.42857142857143,76.42857142857143,97.8,30.94085805744956,29.577561820111686,29.55466926072707,29.71503698215724,33.40698231559771,17.0,9.857667153542332,11.40364794973972,17.714285714285715,17.964923645018303,6.0,3.3252513481053163,3.8668051825078686,4.041000157606566,3.774910843561397,58.61904761904761,57.70675323771497,11.052133724487124,30.024363046096102
Kashmir,Srinagar,Kralsangri Srinagar (PM-10),2023-06-01,130.0,130.0,44.13103867541872,9.0,3.0,6,2023,1.2246467991473532e-16,-1.0,68.0,65.0,65.0,45.85714285714285,48.6,68.0,65.0,65.0,76.42857142857143,81.0,35.80235338524332,30.94085805744956,29.577561820111686,29.71503698215724,32.4,17.0,17.0,9.857667153542332,11.695412193697322,32.4,5.0,6.0,3.3252513481053163,3.9322604420830616,3.7521888047336,66.0,55.92857142857142,1.7320508075688772,32.10692442093486
Kashmir,Srinagar,Kralsangri Srinagar (PM-10),2023-07-01,89.0,89.0,47.87419318883007,17.0,6.0,7,2023,-0.4999999999999997,-0.8660254037844388,130.0,68.0,65.0,45.85714285714285,48.6,130.0,68.0,65.0,76.42857142857143,81.0,44.13103867541872,35.80235338524332,30.94085805744956,29.55466926072707,27.91507887556395,9.0,17.0,17.0,11.40364794973972,13.657600580762336,3.0,5.0,6.0,3.8668051825078686,3.9322604420830616,87.66666666666667,69.95238095238095,36.69241520169166,36.95808337270387
Kashmir,Srinagar,Kralsangri Srinagar (PM-10),2023-08-01,57.0,57.0,40.99594649614293,10.0,5.0,8,2023,-0.8660254037844384,-0.5000000000000004,89.0,130.0,68.0,45.85714285714285,81.0,89.0,130.0,68.0,76.42857142857143,81.0,47.87419318883007,44.13103867541872,35.80235338524332,29.55466926072707,27.91507887556395,17.0,9.0,17.0,11.40364794973972,13.657600580762336,6.0,3.0,5.0,3.8668051825078686,3.9322604420830616,95.66666666666667,77.14285714285714,31.53305144341938,42.60252841649737
Kashmir,Srinagar,Kralsangri Srinagar (PM-10),2023-09-01,57.0,57.0,26.435283895974152,17.0,5.0,9,2023,-1.0,-1.8369701987210297e-16,57.0,89.0,130.0,65.0,81.0,57.0,89.0,130.0,65.0,81.0,40.99594649614293,47.87419318883007,44.13103867541872,29.577561820111686,27.91507887556395,10.0,17.0,9.0,9.857667153542332,18.0,5.0,6.0,3.0,3.3252513481053163,7.0,92.0,79.0,36.592348927063966,44.33372612013057
Kashmir,Srinagar,Kralsangri Srinagar (PM-10),2023-10-01,88.0,88.0,33.24235355442394,15.0,5.0,10,2023,-0.8660254037844386,0.5000000000000001,57.0,57.0,89.0,65.0,78.66909085486131,57.0,57.0,89.0,65.0,78.71428571428571,26.435283895974152,40.99594649614293,47.87419318883007,30.94085805744956,29.100447254780104,17.0,10.0,17.0,17.0,17.857142857142858,5.0,5.0,6.0,6.0,4.041000157606566,67.66666666666667,77.66666666666667,18.475208614068013,38.43514119364905
Kashmir,Srinagar,Kralsangri Srinagar (PM-10),2023-11-01,108.07655165438192,109.0,48.56330314629795,20.0,7.196402942656378,11,2023,-0.5000000000000004,0.8660254037844384,88.0,57.0,57.0,68.0,78.66909085486131,88.0,57.0,57.0,68.0,76.42857142857143,33.24235355442394,26.435283895974152,40.99594649614293,35.80235338524332,29.71503698215724,15.0,17.0,10.0,17.0,17.714285714285715,5.0,5.0,5.0,5.0,4.041000157606566,67.33333333333333,81.5,17.8978583448784,33.55786131551367
Kashmir,Srinagar,Kralsangri Srinagar (PM-10),2023-12-01,108.07655165438192,113.0,55.62338499668024,12.0,5.68191138294669,12,2023,-2.4492935982947064e-16,1.0,108.07655165438192,88.0,57.0,130.0,45.85714285714285,109.0,88.0,57.0,130.0,76.42857142857143,48.56330314629795,33.24235355442394,26.435283895974152,44.13103867541872,29.71503698215724,20.0,15.0,17.0,9.0,11.695412193697322,7.196402942656378,5.0,5.0,3.0,3.9322604420830616,84.35885055146063,88.17942527573031,25.73221733946834,36.08031353223202
Kashmir,Srinagar,Kralsangri Srinagar (PM-10),2024-01-01,122.0,122.0,45.32537116072695,14.0,6.776793170684634,1,2024,0.49999999999999994,0.8660254037844387,108.07655165438192,108.07655165438192,88.0,89.0,45.85714285714285,113.0,109.0,88.0,89.0,76.42857142857143,55.62338499668024,48.56330314629795,33.24235355442394,47.87419318883007,29.55466926072707,12.0,20.0,15.0,17.0,11.40364794973972,5.68191138294669,7.196402942656378,5.0,6.0,3.8668051825078686,101.38436776958794,84.5255172181273,11.59120250205685,45.809680565800704
Kashmir,Srinagar,Kralsangri Srinagar (PM-10),2024-02-01,115.41358256357248,115.4,47.553742809617695,13.6,6.8012435503422815,2,2024,0.8660254037844386,0.5000000000000001,122.0,108.07655165438192,108.07655165438192,57.0,45.85714285714285,122.0,113.0,109.0,57.0,76.42857142857143,45.32537116072695,55.62338499668024,48.56330314629795,40.99594649614293,29.55466926072707,14.0,12.0,20.0,10.0,11.40364794973972,6.776793170684634,5.68191138294669,7.196402942656378,5.0,3.8668051825078686,112.71770110292128,90.02551721812729,8.038706650390449,49.837353101235045
Kashmir,Srinagar,Kralsangri Srinagar (PM-10),2024-03-01,115.41358256357248,108.8,47.30294932807101,13.2,6.3959716613190585,3,2024,1.0,6.123233995736766e-17,115.41358256357248,122.0,108.07655165438192,57.0,65.0,115.4,122.0,113.0,57.0,65.0,47.553742809617695,45.32537116072695,55.62338499668024,26.435283895974152,29.577561820111686,13.6,14.0,12.0,17.0,9.857667153542332,6.8012435503422815,6.776793170684634,5.68191138294669,5.0,3.3252513481053163,115.16337807265147,99.76111431205605,6.965095489204109,49.500832989008295
Kashmir,Srinagar,Kralsangri Srinagar (PM-10),2024-04-01,65.28,108.8,55.28669761834185,17.126079642307584,6.504172684462567,4,2024,0.8660254037844387,-0.4999999999999998,115.41358256357248,115.41358256357248,122.0,88.0,65.0,108.8,115.4,122.0,88.0,65.0,47.30294932807101,47.553742809617695,45.32537116072695,33.24235355442394,30.94085805744956,13.2,13.6,14.0,15.0,17.0,6.3959716613190585,6.8012435503422815,6.776793170684634,5.0,6.0,117.60905504238166,109.4967114059848,3.8026698799166567,46.727354432805214
Kashmir,Srinagar,Kralsangri Srinagar (PM-10),2024-05-01,89.0,89.0,37.947948462972754,14.36421681609313,4.224831639123182,5,2024,0.49999999999999994,-0.8660254037844387,65.28,115.41358256357248,115.41358256357248,108.07655165438192,68.0,108.8,108.8,115.4,109.0,68.0,55.28669761834185,47.30294932807101,47.553742809617695,48.56330314629795,35.80235338524332,17.126079642307584,13.2,13.6,20.0,17.0,6.504172684462567,6.3959716613190585,6.8012435503422815,7.196402942656378,5.0,98.70238837571499,105.71004473931812,28.9446373885189,50.04779658534352
Kashmir,Srinagar,Kralsangri Srinagar (PM-10),2024-06-01,89.0,89.0,37.24723809367172,12.0,6.0,6,2024,1.2246467991473532e-16,-1.0,89.0,65.28,115.41358256357248,108.07655165438192,130.0,89.0,108.8,108.8,113.0,130.0,37.947948462972754,55.28669761834185,47.30294932807101,55.62338499668024,44.13103867541872,14.36421681609313,17.126079642307584,13.2,12.0,9.0,4.224831639123182,6.504172684462567,6.3959716613190585,5.68191138294669,3.0,89.89786085452415,102.53061946358781,25.078848473368947,46.84586513646187
Kashmir,Srinagar,Kralsangri Srinagar (PM-10),2024-07-01,88.0,88.0,34.21747317294899,10.0,5.0,7,2024,-0.4999999999999997,-0.8660254037844388,89.0,89.0,65.28,122.0,89.0,89.0,89.0,108.8,122.0,89.0,37.24723809367172,37.947948462972754,55.28669761834185,45.32537116072695,47.87419318883007,12.0,14.36421681609313,17.126079642307584,14.0,17.0,6.0,4.224831639123182,6.504172684462567,6.776793170684634,6.0,81.09333333333333,99.3511941878575,13.694748385177927,43.493961391662104
Kashmir,Srinagar,Kralsangri Srinagar (PM-10),2024-08-01,83.0,83.0,34.84138069812036,8.0,3.0,8,2024,-0.8660254037844384,-0.5000000000000004,88.0,89.0,89.0,115.41358256357248,57.0,88.0,89.0,89.0,115.4,57.0,34.21747317294899,37.24723809367172,37.947948462972754,47.553742809617695,40.99594649614293,10.0,12.0,14.36421681609313,13.6,10.0,5.0,6.0,4.224831639123182,6.8012435503422815,5.0,88.66666666666667,93.68452752119083,0.5773502691896278,36.47088657653115
Kashmir,Srinagar,Kralsangri Srinagar (PM-10),2024-09-01,86.0,86.0,35.0793719676863,12.0,6.0,9,2024,-1.0,-1.8369701987210297e-16,83.0,88.0,89.0,115.41358256357248,57.0,83.0,88.0,89.0,108.8,57.0,34.84138069812036,34.21747317294899,37.24723809367172,47.30294932807101,26.435283895974152,8.0,10.0,12.0,13.2,17.0,3.0,5.0,6.0,6.3959716613190585,5.0,86.66666666666667,88.28226376059541,3.214550253664321,35.43536398824702
Kashmir,Srinagar,Kralsangri Srinagar (PM-10),2024-10-01,82.0,82.0,35.435985332461094,9.0,5.0,10,2024,-0.8660254037844386,0.5000000000000001,86.0,83.0,88.0,65.28,88.0,86.0,83.0,88.0,108.8,88.0,35.0793719676863,34.84138069812036,34.21747317294899,55.28669761834185,33.24235355442394,12.0,8.0,10.0,17.126079642307584,15.0,6.0,3.0,5.0,6.504172684462567,5.0,85.66666666666667,83.38,2.516611478423588,34.71274194625189
Kashmir,Srinagar,Kralsangri Srinagar (PM-10),2024-11-01,105.93353869787973,110.0,25.0,9.0,2.0,11,2024,-0.5000000000000004,0.8660254037844384,82.0,86.0,83.0,89.0,108.07655165438192,82.0,86.0,83.0,89.0,109.0,35.435985332461094,35.0793719676863,34.84138069812036,37.947948462972754,48.56330314629795,9.0,12.0,8.0,14.36421681609313,20.0,5.0,6.0,3.0,4.224831639123182,7.196402942656378,83.66666666666667,86.16666666666667,2.081665999466142,35.11891266608925
Kashmir,Srinagar,Kralsangri Srinagar (PM-10),2024-12-01,105.93353869787973,118.0,71.0,9.0,5.0,12,2024,-2.4492935982947064e-16,1.0,105.93353869787973,82.0,86.0,89.0,108.07655165438192,110.0,82.0,86.0,89.0,113.0,25.0,35.435985332461094,35.0793719676863,37.24723809367172,55.62338499668024,9.0,9.0,12.0,12.0,12.0,2.0,5.0,6.0,6.0,5.68191138294669,91.3111795659599,88.98892311631329,12.820297966004114,31.838452433382468
Kashmir,Srinagar,Kralsangri Srinagar (PM-10),2025-01-01,85.0,79.0,60.0,9.0,4.0,1,2025,0.49999999999999994,0.8660254037844387,105.93353869787973,105.93353869787973,82.0,88.0,122.0,118.0,110.0,82.0,88.0,122.0,71.0,25.0,35.435985332461094,34.21747317294899,45.32537116072695,9.0,9.0,9.0,10.0,14.0,5.0,2.0,5.0,5.0,6.776793170684634,97.95569246525315,91.8111795659599,13.81803500988119,43.81199511082036
Kashmir,Srinagar,Kralsangri Srinagar (PM-10),2025-02-01,78.0,78.0,64.0,14.0,7.0,2,2025,0.8660254037844386,0.5000000000000001,85.0,105.93353869787973,105.93353869787973,83.0,115.41358256357248,79.0,118.0,110.0,83.0,115.4,60.0,71.0,25.0,34.84138069812036,47.553742809617695,9.0,9.0,9.0,8.0,13.6,4.0,5.0,2.0,3.0,6.8012435503422815,98.95569246525315,91.3111795659599,12.085984202312307,52.0
Kashmir,Srinagar,Kralsangri Srinagar (PM-10),2025-03-01,59.0,59.0,49.0,11.0,4.0,3,2025,1.0,6.123233995736766e-17,78.0,85.0,105.93353869787973,86.0,115.41358256357248,78.0,79.0,118.0,86.0,108.8,64.0,60.0,71.0,35.0793719676863,47.30294932807101,14.0,9.0,9.0,12.0,13.2,7.0,4.0,5.0,6.0,6.3959716613190585,89.64451289929325,90.47784623262658,14.53441677881373,65.0
Kashmir,Srinagar,Kralsangri Srinagar (PM-10),2025-04-01,69.0,69.0,46.0,8.0,5.0,4,2025,0.8660254037844387,-0.4999999999999998,59.0,78.0,85.0,82.0,65.28,59.0,78.0,79.0,82.0,108.8,49.0,64.0,60.0,35.435985332461094,55.28669761834185,11.0,14.0,9.0,9.0,17.126079642307584,4.0,7.0,4.0,5.0,6.504172684462567,74.0,85.97784623262658,13.453624047073715,57.666666666666664
Kashmir,Srinagar,Kralsangri Srinagar (PM-10),2025-05-01,43.0,43.0,22.0,11.0,5.0,5,2025,0.49999999999999994,-0.8660254037844387,69.0,59.0,78.0,105.93353869787973,89.0,69.0,59.0,78.0,110.0,89.0,46.0,49.0,64.0,25.0,37.947948462972754,8.0,11.0,14.0,9.0,14.36421681609313,5.0,4.0,7.0,2.0,4.224831639123182,68.66666666666667,83.8111795659599,9.504384952922175,53.0
Kashmir,Srinagar,Kralsangri Srinagar (PM-10),2025-06-01,52.0,52.0,28.0,9.0,3.0,6,2025,1.2246467991473532e-16,-1.0,43.0,69.0,59.0,105.93353869787973,89.0,43.0,69.0,59.0,118.0,89.0,22.0,46.0,49.0,71.0,37.24723809367172,11.0,8.0,11.0,9.0,12.0,5.0,5.0,4.0,5.0,6.0,57.0,73.32225644964662,13.114877048604006,39.0
Kashmir,Srinagar,Kralsangri Srinagar (PM-10),2025-07-01,44.0,44.0,25.5,9.0,4.0,7,2025,-0.4999999999999997,-0.8660254037844388,52.0,43.0,69.0,85.0,88.0,52.0,43.0,69.0,79.0,88.0,28.0,22.0,46.0,60.0,34.21747317294899,9.0,11.0,8.0,9.0,10.0,3.0,5.0,5.0,4.0,5.0,54.666666666666664,64.33333333333333,13.203534880225579,32.0
Kashmir,Srinagar,Kralsangri Srinagar (PM-10),2025-08-01,46.0,46.0,23.0,10.0,4.0,8,2025,-0.8660254037844384,-0.5000000000000004,44.0,52.0,43.0,78.0,83.0,44.0,52.0,43.0,78.0,83.0,25.5,28.0,22.0,64.0,34.84138069812036,9.0,9.0,11.0,14.0,8.0,4.0,3.0,5.0,7.0,3.0,46.333333333333336,57.5,4.9328828623162595,25.166666666666668
Kashmir,Srinagar,Kralsangri Srinagar (PM-10),2025-09-01,54.0,54.0,20.5,8.0,4.0,9,2025,-1.0,-1.8369701987210297e-16,46.0,44.0,52.0,59.0,86.0,46.0,44.0,52.0,59.0,86.0,23.0,25.5,28.0,49.0,35.0793719676863,10.0,9.0,9.0,11.0,12.0,4.0,4.0,3.0,4.0,6.0,47.333333333333336,52.166666666666664,4.163331998932279,25.5
Kashmir,Srinagar,Kralsangri Srinagar (PM-10),2025-10-01,39.0,39.0,18.0,8.0,2.459657148327836,10,2025,-0.8660254037844386,0.5000000000000001,54.0,46.0,44.0,69.0,82.0,54.0,46.0,44.0,69.0,82.0,20.5,23.0,25.5,46.0,35.435985332461094,8.0,10.0,9.0,8.0,9.0,4.0,4.0,4.0,5.0,5.0,48.0,51.333333333333336,5.291502622129193,23.0
Kashmir,Srinagar,Kralsangri Srinagar (PM-10),2025-11-01,39.42412578193164,39.333333333333336,26.666666666666664,8.152777777777779,2.6104506402604226,11,2025,-0.5000000000000004,0.8660254037844384,39.0,54.0,46.0,43.0,105.93353869787973,39.0,54.0,46.0,43.0,110.0,18.0,20.5,23.0,22.0,25.0,8.0,8.0,10.0,11.0,9.0,2.459657148327836,4.0,4.0,5.0,2.0,46.333333333333336,46.333333333333336,7.505553499465144,20.5
Kashmir,Srinagar,Kralsangri Srinagar (PM-10),2025-12-01,39.42412578193164,39.66666666666666,35.33333333333333,8.305555555555555,2.9480377815452226,12,2025,-2.4492935982947064e-16,1.0,39.42412578193164,39.0,54.0,52.0,105.93353869787973,39.333333333333336,39.0,54.0,52.0,118.0,26.666666666666664,18.0,20.5,28.0,71.0,8.152777777777779,8.0,8.0,9.0,9.0,2.6104506402604226,2.459657148327836,4.0,3.0,5.0,44.14137526064388,45.737354296988606,8.540452680233543,21.722222222222218
Kashmir,Srinagar,Kralsangri Srinagar (PM-10),2026-01-01,23.8,39.66666666666666,31.768251166309657,4.993010049514215,2.335415455502392,1,2026,0.49999999999999994,0.8660254037844387,39.42412578193164,39.42412578193164,39.0,44.0,85.0,39.66666666666666,39.333333333333336,39.0,44.0,79.0,35.33333333333333,26.666666666666664,18.0,25.5,60.0,8.305555555555555,8.152777777777779,8.0,9.0,9.0,2.9480377815452226,2.6104506402604226,2.459657148327836,4.0,4.0,39.28275052128776,43.64137526064388,0.24486913436882976,26.666666666666668
Kashmir,Srinagar,Kralsangri Srinagar (PM-10),2026-02-01,23.8,39.66666666666666,30.98563498141388,4.993010049514215,2.2987077900731205,2,2026,0.8660254037844386,0.5000000000000001,23.8,39.42412578193164,39.42412578193164,46.0,78.0,39.66666666666666,39.66666666666666,39.333333333333336,46.0,78.0,31.768251166309657,35.33333333333333,26.666666666666664,23.0,64.0,4.993010049514215,8.305555555555555,8.152777777777779,10.0,14.0,2.335415455502392,2.9480377815452226,2.6104506402604226,4.0,7.0,34.2160838546211,40.274708593977216,9.02059322605082,31.256083722103217
Kashmir,Srinagar,Kralsangri Srinagar (PM-10),2026-03-01,70.0,39.66666666666666,30.98563498141388,4.993010049514215,2.2987077900731205,3,2026,1.0,6.123233995736766e-17,23.8,23.8,39.42412578193164,54.0,59.0,39.66666666666666,39.66666666666666,39.66666666666666,54.0,59.0,30.98563498141388,31.768251166309657,35.33333333333333,20.5,49.0,4.993010049514215,4.993010049514215,8.305555555555555,8.0,11.0,2.2987077900731205,2.335415455502392,2.9480377815452226,4.0,4.0,29.008041927310547,36.57470859397721,9.020593226050828,32.69573982701896
Kashmir,Kulgam,"Kulgam near D.I.C Building (PM-10, PM-2.5) 1086",2023-01-01,101.0,61.0,40.0,13.0,7.0,1,2023,0.49999999999999994,0.8660254037844387,89.0,89.0,31.8,94.39309303217156,83.65604035235062,53.0,53.0,53.0,97.17726946547948,81.76923076923077,36.0,33.17116661972343,33.17116661972343,45.4194897078592,37.69230769230769,11.0,9.660368306587914,9.660368306587914,16.90828403592742,15.23076923076923,7.0,4.734001704514372,4.734001704514372,5.830875792682721,4.247154203386412,69.93333333333334,61.29884883869526,33.0244353976466,34.11411107981562
Kashmir,Kulgam,"Kulgam near D.I.C Building (PM-10, PM-2.5) 1086",2023-02-01,119.0,63.0,55.0,13.0,7.0,2,2023,0.8660254037844386,0.5000000000000001,101.0,89.0,89.0,31.8,49.06153846153846,61.0,53.0,53.0,53.0,81.76923076923077,40.0,36.0,33.17116661972343,21.200000000000003,35.33909728687231,13.0,11.0,9.660368306587914,21.200000000000003,13.833456657175056,7.0,7.0,4.734001704514372,4.156510180121847,4.40067867933567,93.0,62.400000000000006,6.928203230275509,36.39038887324114
Kashmir,Kulgam,"Kulgam near D.I.C Building (PM-10, PM-2.5) 1086",2023-03-01,103.0,68.0,35.0,13.0,7.0,3,2023,1.0,6.123233995736766e-17,119.0,101.0,89.0,31.8,49.06153846153846,63.0,61.0,53.0,53.0,81.76923076923077,55.0,40.0,36.0,21.200000000000003,33.98352106811441,13.0,13.0,11.0,21.200000000000003,13.720449252345128,7.0,7.0,7.0,4.4265053761439805,4.001124998390357,103.0,76.93333333333334,15.0996688705415,43.666666666666664
Kashmir,Kulgam,"Kulgam near D.I.C Building (PM-10, PM-2.5) 1086",2023-04-01,102.77214268448888,66.0,37.90909090909091,13.909090909090908,5.677091381856193,4,2023,0.8660254037844387,-0.4999999999999998,103.0,119.0,101.0,31.8,49.06153846153846,68.0,63.0,61.0,53.0,81.76923076923077,35.0,55.0,40.0,33.17116661972343,33.98352106811441,13.0,13.0,13.0,9.660368306587914,13.720449252345128,7.0,7.0,7.0,4.734001704514372,4.001124998390357,107.66666666666667,88.8,9.865765724632496,43.333333333333336
Kashmir,Kulgam,"Kulgam near D.I.C Building (PM-10, PM-2.5) 1086",2023-05-01,102.77214268448888,64.0,40.81818181818182,14.818181818181818,5.677091381856193,5,2023,0.49999999999999994,-0.8660254037844387,102.77214268448888,103.0,119.0,89.0,49.06153846153846,66.0,68.0,63.0,53.0,81.76923076923077,37.90909090909091,35.0,55.0,33.17116661972343,33.98352106811441,13.909090909090908,13.0,13.0,9.660368306587914,13.720449252345128,5.677091381856193,7.0,7.0,4.734001704514372,4.001124998390357,108.25738089482964,100.62869044741483,9.304078603931535,42.63636363636363
Kashmir,Kulgam,"Kulgam near D.I.C Building (PM-10, PM-2.5) 1086",2023-06-01,38.4,64.0,35.60175154509544,10.52078710805466,5.539131844085375,6,2023,1.2246467991473532e-16,-1.0,102.77214268448888,102.77214268448888,103.0,89.0,49.06153846153845,64.0,66.0,68.0,53.0,81.76923076923077,40.81818181818182,37.90909090909091,35.0,36.0,33.98352106811441,14.818181818181818,13.909090909090908,13.0,11.0,13.720449252345128,5.677091381856193,5.677091381856193,7.0,7.0,4.001124998390357,102.8480951229926,102.9240475614963,0.13155348244673284,37.90909090909091
Kashmir,Kulgam,"Kulgam near D.I.C Building (PM-10, PM-2.5) 1086",2023-07-01,38.4,64.0,35.86830207979346,11.460111151733004,5.539131844085375,7,2023,-0.4999999999999997,-0.8660254037844388,38.4,102.77214268448888,102.77214268448888,101.0,94.39309303217156,64.0,64.0,66.0,61.0,97.17726946547948,35.60175154509544,40.81818181818182,37.90909090909091,40.0,45.4194897078592,10.52078710805466,14.818181818181818,13.909090909090908,13.0,16.90828403592742,5.539131844085375,5.677091381856193,5.677091381856193,7.0,5.830875792682721,81.31476178965926,94.49071422816296,37.16527390720266,38.109674757456055
Kashmir,Kulgam,"Kulgam near D.I.C Building (PM-10, PM-2.5) 1086",2023-08-01,38.4,64.0,35.86830207979346,11.460111151733004,5.539131844085375,8,2023,-0.8660254037844384,-0.5000000000000004,38.4,38.4,102.77214268448888,119.0,31.8,64.0,64.0,64.0,63.0,53.0,35.86830207979346,35.60175154509544,40.81818181818182,55.0,21.200000000000003,11.460111151733004,10.52078710805466,14.818181818181818,13.0,21.200000000000003,5.539131844085375,5.539131844085375,5.677091381856193,7.0,4.156510180121847,59.857380894829625,84.05738089482962,37.16527390720267,37.429411814356904
Kashmir,Kulgam,"Kulgam near D.I.C Building (PM-10, PM-2.5) 1086",2023-09-01,30.0,50.0,32.86164043425247,8.560218632043112,4.0012830093046095,9,2023,-1.0,-1.8369701987210297e-16,38.4,38.4,38.4,103.0,31.8,64.0,64.0,64.0,68.0,53.0,35.86830207979346,35.86830207979346,35.60175154509544,35.0,21.200000000000003,11.460111151733004,11.460111151733004,10.52078710805466,13.0,21.200000000000003,5.539131844085375,5.539131844085375,5.539131844085375,7.0,4.4265053761439805,38.4,70.62404756149628,0.0,35.77945190156078
Kashmir,Kulgam,"Kulgam near D.I.C Building (PM-10, PM-2.5) 1086",2023-10-01,30.0,50.0,31.24440746621841,9.523320560999636,4.734001704514372,10,2023,-0.8660254037844386,0.5000000000000001,30.0,38.4,38.4,102.77214268448888,31.8,50.0,64.0,64.0,66.0,53.0,32.86164043425247,35.86830207979346,35.86830207979346,37.90909090909091,33.17116661972343,8.560218632043112,11.460111151733004,11.460111151733004,13.909090909090908,9.660368306587914,4.0012830093046095,5.539131844085375,5.539131844085375,5.677091381856193,4.734001704514372,35.599999999999994,58.45738089482962,4.849742261192857,34.8660815312798
Kashmir,Kulgam,"Kulgam near D.I.C Building (PM-10, PM-2.5) 1086",2023-11-01,30.0,50.0,33.79722660173562,10.294025396128957,5.381161320468497,11,2023,-0.5000000000000004,0.8660254037844384,30.0,30.0,38.4,102.77214268448888,89.0,50.0,50.0,64.0,64.0,53.0,31.24440746621841,32.86164043425247,35.86830207979346,40.81818181818182,33.17116661972343,9.523320560999636,8.560218632043112,11.460111151733004,14.818181818181818,9.660368306587914,4.734001704514372,4.0012830093046095,5.539131844085375,5.677091381856193,4.734001704514372,32.800000000000004,46.32869044741481,4.849742261192859,33.324783326754776
Kashmir,Kulgam,"Kulgam near D.I.C Building (PM-10, PM-2.5) 1086",2023-12-01,30.0,50.0,33.79722660173562,10.294025396128957,5.381161320468497,12,2023,-2.4492935982947064e-16,1.0,30.0,30.0,30.0,38.4,89.0,50.0,50.0,50.0,64.0,53.0,33.79722660173562,31.24440746621841,32.86164043425247,35.60175154509544,36.0,10.294025396128957,9.523320560999636,8.560218632043112,10.52078710805466,11.0,5.381161320468497,4.734001704514372,4.0012830093046095,5.539131844085375,7.0,30.0,34.2,0.0,32.63442483406884
Kashmir,Kulgam,"Kulgam near D.I.C Building (PM-10, PM-2.5) 1086",2024-01-01,94.0,72.0,32.050163493857795,12.02568316703647,5.7375995225926975,1,2024,0.49999999999999994,0.8660254037844387,30.0,30.0,30.0,38.4,101.0,50.0,50.0,50.0,64.0,61.0,33.79722660173562,33.79722660173562,31.24440746621841,35.86830207979346,40.0,10.294025396128957,10.294025396128957,9.523320560999636,11.460111151733004,13.0,5.381161320468497,5.381161320468497,4.734001704514372,5.539131844085375,7.0,30.0,32.800000000000004,0.0,32.946286889896555
Kashmir,Kulgam,"Kulgam near D.I.C Building (PM-10, PM-2.5) 1086",2024-02-01,94.0,94.0,67.0,23.0,12.0,2,2024,0.8660254037844386,0.5000000000000001,94.0,30.0,30.0,38.4,119.0,72.0,50.0,50.0,64.0,63.0,32.050163493857795,33.79722660173562,33.79722660173562,35.86830207979346,55.0,12.02568316703647,10.294025396128957,10.294025396128957,11.460111151733004,13.0,5.7375995225926975,5.381161320468497,5.381161320468497,5.539131844085375,7.0,51.333333333333336,42.06666666666667,36.950417228136054,33.214872232443014
Kashmir,Kulgam,"Kulgam near D.I.C Building (PM-10, PM-2.5) 1086",2024-03-01,93.0,98.44444444444444,93.0,22.444444444444443,7.265874832798901,3,2024,1.0,6.123233995736766e-17,94.0,94.0,30.0,30.0,103.0,94.0,72.0,50.0,50.0,68.0,67.0,32.050163493857795,33.79722660173562,32.86164043425247,35.0,23.0,12.02568316703647,10.294025396128957,8.560218632043112,13.0,12.0,5.7375995225926975,5.381161320468497,4.0012830093046095,7.0,72.66666666666667,51.333333333333336,36.950417228136054,44.282463365197806
Kashmir,Kulgam,"Kulgam near D.I.C Building (PM-10, PM-2.5) 1086",2024-04-01,99.0,102.88888888888889,99.0,21.88888888888889,7.361119321639012,4,2024,0.8660254037844387,-0.4999999999999998,93.0,94.0,94.0,30.0,102.77214268448888,98.44444444444444,94.0,72.0,50.0,66.0,93.0,67.0,32.050163493857795,31.24440746621841,37.90909090909091,22.444444444444443,23.0,12.02568316703647,9.523320560999636,13.909090909090908,7.265874832798901,12.0,5.7375995225926975,4.734001704514372,5.677091381856193,93.66666666666667,61.833333333333336,0.5773502691896278,64.01672116461926
Kashmir,Kulgam,"Kulgam near D.I.C Building (PM-10, PM-2.5) 1086",2024-05-01,110.39971267481262,102.88888888888889,94.0,18.80961299888326,7.373542445511503,5,2024,0.49999999999999994,-0.8660254037844387,99.0,93.0,94.0,30.0,102.77214268448888,102.88888888888889,98.44444444444444,94.0,50.0,64.0,99.0,93.0,67.0,33.79722660173562,40.81818181818182,21.88888888888889,22.444444444444443,23.0,10.294025396128957,14.818181818181818,7.361119321639012,7.265874832798901,12.0,5.381161320468497,5.677091381856193,95.33333333333333,73.33333333333333,3.214550253664321,86.33333333333333
Kashmir,Kulgam,"Kulgam near D.I.C Building (PM-10, PM-2.5) 1086",2024-06-01,110.39971267481262,102.88888888888889,89.0,18.91162367709943,7.7568114350304675,6,2024,1.2246467991473532e-16,-1.0,110.39971267481262,99.0,93.0,30.0,38.4,102.88888888888889,102.88888888888889,98.44444444444444,50.0,64.0,94.0,99.0,93.0,33.79722660173562,35.60175154509544,18.80961299888326,21.88888888888889,22.444444444444443,10.294025396128957,10.52078710805466,7.373542445511503,7.361119321639012,7.265874832798901,5.381161320468497,5.539131844085375,100.79990422493755,86.7332854458021,8.838395878535867,95.33333333333333
Kashmir,Kulgam,"Kulgam near D.I.C Building (PM-10, PM-2.5) 1086",2024-07-01,61.73333333333333,102.88888888888889,54.76734785838024,18.91162367709943,7.3040705553689795,7,2024,-0.4999999999999997,-0.8660254037844388,110.39971267481262,110.39971267481262,99.0,94.0,38.4,102.88888888888889,102.88888888888889,102.88888888888889,72.0,64.0,89.0,94.0,99.0,32.050163493857795,35.86830207979346,18.91162367709943,18.80961299888326,21.88888888888889,12.02568316703647,11.460111151733004,7.7568114350304675,7.373542445511503,7.361119321639012,5.7375995225926975,5.539131844085375,106.59980844987508,100.13323755827088,6.581627181487465,94.0
Kashmir,Kulgam,"Kulgam near D.I.C Building (PM-10, PM-2.5) 1086",2024-08-01,80.39999999999999,134.0,43.90314400493667,28.62172506492089,7.335713915644717,8,2024,-0.8660254037844384,-0.5000000000000004,61.73333333333333,110.39971267481262,110.39971267481262,94.0,38.4,102.88888888888889,102.88888888888889,102.88888888888889,94.0,64.0,54.76734785838024,89.0,94.0,67.0,35.86830207979346,18.91162367709943,18.91162367709943,18.80961299888326,23.0,11.460111151733004,7.3040705553689795,7.7568114350304675,7.373542445511503,12.0,5.539131844085375,94.17758622765285,94.7554597804931,28.09754721328751,79.25578261946008
Kashmir,Kulgam,"Kulgam near D.I.C Building (PM-10, PM-2.5) 1086",2024-09-01,80.39999999999999,134.0,69.20619775983097,28.49477279193305,9.742634732917832,9,2024,-1.0,-1.8369701987210297e-16,80.39999999999999,61.73333333333333,110.39971267481262,93.0,30.0,134.0,102.88888888888889,102.88888888888889,98.44444444444444,50.0,43.90314400493667,54.76734785838024,89.0,93.0,32.86164043425247,28.62172506492089,18.91162367709943,18.91162367709943,22.444444444444443,8.560218632043112,7.335713915644717,7.3040705553689795,7.7568114350304675,7.265874832798901,4.0012830093046095,84.17768200271531,92.48879311382643,24.552133930422826,62.55683062110563
Kashmir,Kulgam,"Kulgam near D.I.C Building (PM-10, PM-2.5) 1086",2024-10-01,141.0,134.0,64.34545452072699,19.84433510209992,9.054976725508116,10,2024,-0.8660254037844386,0.5000000000000001,80.39999999999999,80.39999999999999,61.73333333333333,99.0,30.0,134.0,134.0,102.88888888888889,102.88888888888889,50.0,69.20619775983097,43.90314400493667,54.76734785838024,99.0,31.24440746621841,28.49477279193305,28.62172506492089,18.91162367709943,21.88888888888889,9.523320560999636,9.742634732917832,7.335713915644717,7.3040705553689795,7.361119321639012,4.734001704514372,74.17777777777776,90.38879311382642,10.777205024872984,55.958896541049285
Kashmir,Kulgam,"Kulgam near D.I.C Building (PM-10, PM-2.5) 1086",2024-11-01,141.0,134.0,64.0,18.0,3.0,11,2024,-0.5000000000000004,0.8660254037844384,141.0,80.39999999999999,80.39999999999999,110.39971267481262,30.0,134.0,134.0,134.0,102.88888888888889,50.0,64.34545452072699,69.20619775983097,43.90314400493667,94.0,33.79722660173562,19.84433510209992,28.49477279193305,28.62172506492089,18.80961299888326,10.294025396128957,9.054976725508116,9.742634732917832,7.335713915644717,7.373542445511503,5.381161320468497,100.59999999999998,97.38879311382642,34.98742631289132,59.151598761831536
Kashmir,Kulgam,"Kulgam near D.I.C Building (PM-10, PM-2.5) 1086",2024-12-01,125.0,120.0,45.0,17.0,10.0,12,2024,-2.4492935982947064e-16,1.0,141.0,141.0,80.39999999999999,110.39971267481262,30.0,134.0,134.0,134.0,102.88888888888889,50.0,64.0,64.34545452072699,69.20619775983097,89.0,33.79722660173562,18.0,19.84433510209992,28.49477279193305,18.91162367709943,10.294025396128957,3.0,9.054976725508116,9.742634732917832,7.7568114350304675,5.381161320468497,120.8,102.48884100135767,34.98742631289133,65.85055076018598
Kashmir,Kulgam,"Kulgam near D.I.C Building (PM-10, PM-2.5) 1086",2025-01-01,106.0,106.0,46.0,12.0,8.0,1,2025,0.49999999999999994,0.8660254037844387,125.0,141.0,141.0,61.73333333333333,94.0,120.0,134.0,134.0,102.88888888888889,72.0,45.0,64.0,64.34545452072699,54.76734785838024,32.050163493857795,17.0,18.0,19.84433510209992,18.91162367709943,12.02568316703647,10.0,3.0,9.054976725508116,7.3040705553689795,5.7375995225926975,135.66666666666666,104.92222222222222,9.237604307034008,57.78181817357566
Kashmir,Kulgam,"Kulgam near D.I.C Building (PM-10, PM-2.5) 1086",2025-02-01,83.0,83.0,32.0,16.0,10.0,2,2025,0.8660254037844386,0.5000000000000001,106.0,125.0,141.0,80.39999999999999,94.0,106.0,120.0,134.0,134.0,94.0,46.0,45.0,64.0,43.90314400493667,67.0,12.0,17.0,18.0,28.62172506492089,23.0,8.0,10.0,3.0,7.335713915644717,12.0,124.0,112.3,17.521415467935228,51.666666666666664
Kashmir,Kulgam,"Kulgam near D.I.C Building (PM-10, PM-2.5) 1086",2025-03-01,64.0,64.0,26.0,4.0,2.0,3,2025,1.0,6.123233995736766e-17,83.0,106.0,125.0,80.39999999999999,93.0,83.0,106.0,120.0,134.0,98.44444444444444,32.0,46.0,45.0,69.20619775983097,93.0,16.0,12.0,17.0,28.49477279193305,22.444444444444443,10.0,8.0,10.0,9.742634732917832,7.265874832798901,104.66666666666667,112.73333333333335,21.031722072463143,40.99999999999999
Kashmir,Kulgam,"Kulgam near D.I.C Building (PM-10, PM-2.5) 1086",2025-04-01,82.0,82.0,48.0,12.0,5.0,4,2025,0.8660254037844387,-0.4999999999999998,64.0,83.0,106.0,141.0,99.0,64.0,83.0,106.0,134.0,102.88888888888889,26.0,32.0,46.0,64.34545452072699,99.0,4.0,16.0,12.0,19.84433510209992,21.88888888888889,2.0,10.0,8.0,9.054976725508116,7.361119321639012,84.33333333333333,110.0,21.031722072463143,34.666666666666664
Kashmir,Kulgam,"Kulgam near D.I.C Building (PM-10, PM-2.5) 1086",2025-05-01,68.0,68.0,17.0,12.0,6.0,5,2025,0.49999999999999994,-0.8660254037844387,82.0,64.0,83.0,141.0,110.39971267481262,82.0,64.0,83.0,134.0,102.88888888888889,48.0,26.0,32.0,64.0,94.0,12.0,4.0,16.0,18.0,18.80961299888326,5.0,2.0,10.0,3.0,7.373542445511503,76.33333333333333,100.16666666666667,10.692676621563622,35.33333333333333
Kashmir,Kulgam,"Kulgam near D.I.C Building (PM-10, PM-2.5) 1086",2025-06-01,67.0,67.0,41.0,5.0,2.0,6,2025,1.2246467991473532e-16,-1.0,68.0,82.0,64.0,125.0,110.39971267481262,68.0,82.0,64.0,120.0,102.88888888888889,17.0,48.0,26.0,45.0,89.0,12.0,12.0,4.0,17.0,18.91162367709943,6.0,5.0,2.0,10.0,7.7568114350304675,71.33333333333333,88.0,9.45163125250521,30.33333333333333
Kashmir,Kulgam,"Kulgam near D.I.C Building (PM-10, PM-2.5) 1086",2025-07-01,58.0,58.0,27.0,11.0,5.0,7,2025,-0.4999999999999997,-0.8660254037844388,67.0,68.0,82.0,106.0,61.73333333333333,67.0,68.0,82.0,106.0,102.88888888888889,41.0,17.0,48.0,46.0,54.76734785838024,5.0,12.0,12.0,12.0,18.91162367709943,2.0,6.0,5.0,8.0,7.3040705553689795,72.33333333333333,78.33333333333333,8.386497083606075,35.33333333333333
Kashmir,Kulgam,"Kulgam near D.I.C Building (PM-10, PM-2.5) 1086",2025-08-01,76.0,76.0,47.0,9.0,4.0,8,2025,-0.8660254037844384,-0.5000000000000004,58.0,67.0,68.0,83.0,80.39999999999999,58.0,67.0,68.0,83.0,134.0,27.0,41.0,17.0,32.0,43.90314400493667,11.0,5.0,12.0,16.0,28.62172506492089,5.0,2.0,6.0,10.0,7.335713915644717,64.33333333333333,70.33333333333333,5.507570547286084,28.33333333333333
Kashmir,Kulgam,"Kulgam near D.I.C Building (PM-10, PM-2.5) 1086",2025-09-01,64.0,64.0,28.0,11.0,5.0,9,2025,-1.0,-1.8369701987210297e-16,76.0,58.0,67.0,64.0,80.39999999999999,76.0,58.0,67.0,64.0,134.0,47.0,27.0,41.0,26.0,69.20619775983097,9.0,11.0,5.0,4.0,28.49477279193305,4.0,5.0,2.0,2.0,9.742634732917832,67.0,69.16666666666667,8.99999999999999,38.33333333333333
Kashmir,Kulgam,"Kulgam near D.I.C Building (PM-10, PM-2.5) 1086",2025-10-01,105.0,105.0,14.0,11.0,4.084345510219284,10,2025,-0.8660254037844386,0.5000000000000001,64.0,76.0,58.0,82.0,141.0,64.0,76.0,58.0,82.0,134.0,28.0,47.0,27.0,48.0,64.34545452072699,11.0,9.0,11.0,12.0,19.84433510209992,5.0,4.0,5.0,5.0,9.054976725508116,66.0,69.16666666666667,9.165151389911669,33.99999999999999
Kashmir,Kulgam,"Kulgam near D.I.C Building (PM-10, PM-2.5) 1086",2025-11-01,122.0,122.0,14.6875,16.0,3.542735552455221,11,2025,-0.5000000000000004,0.8660254037844384,105.0,64.0,76.0,68.0,141.0,105.0,64.0,76.0,68.0,134.0,14.0,28.0,47.0,17.0,64.0,11.0,11.0,9.0,12.0,18.0,4.084345510219284,5.0,4.0,6.0,3.0,81.66666666666667,73.0,21.079215671683162,29.66666666666666
Kashmir,Kulgam,"Kulgam near D.I.C Building (PM-10, PM-2.5) 1086",2025-12-01,129.0,129.0,15.375,16.0,4.59568616373501,12,2025,-2.4492935982947064e-16,1.0,122.0,105.0,64.0,67.0,125.0,122.0,105.0,64.0,67.0,120.0,14.6875,14.0,28.0,41.0,45.0,16.0,11.0,11.0,5.0,17.0,3.542735552455221,4.084345510219284,5.0,2.0,10.0,97.0,82.0,29.816103031751144,18.89583333333333
Kashmir,Kulgam,"Kulgam near D.I.C Building (PM-10, PM-2.5) 1086",2026-01-01,107.0,107.0,44.062002584480176,17.0,6.879371111572154,1,2026,0.49999999999999994,0.8660254037844387,129.0,122.0,105.0,58.0,106.0,129.0,122.0,105.0,58.0,106.0,15.375,14.6875,14.0,27.0,46.0,16.0,16.0,11.0,11.0,12.0,4.59568616373501,3.542735552455221,4.084345510219284,5.0,8.0,118.66666666666667,92.33333333333333,12.342339054382398,14.687499999999995
Kashmir,Kulgam,"Kulgam near D.I.C Building (PM-10, PM-2.5) 1086",2026-02-01,49.0,49.0,41.25762065836467,19.0,5.120486361328414,2,2026,0.8660254037844386,0.5000000000000001,107.0,129.0,122.0,76.0,83.0,107.0,129.0,122.0,76.0,83.0,44.062002584480176,15.375,14.6875,47.0,32.0,17.0,16.0,16.0,9.0,16.0,6.879371111572154,4.59568616373501,3.542735552455221,4.0,10.0,119.33333333333333,100.5,11.239810200058225,24.70816752816005
Kashmir,Kulgam,"Kulgam near D.I.C Building (PM-10, PM-2.5) 1086",2026-03-01,48.24718654941543,49.8421052631579,31.49641114324066,18.894736842105264,6.710088473418028,3,2026,1.0,6.123233995736766e-17,49.0,107.0,129.0,64.0,64.0,49.0,107.0,129.0,64.0,64.0,41.25762065836467,44.062002584480176,15.375,28.0,26.0,19.0,17.0,16.0,11.0,4.0,5.120486361328414,6.879371111572154,4.59568616373501,5.0,2.0,95.0,96.0,41.32795663954364,33.56487441428161
Kashmir,Kupwara,"Kupwara JKPCC (PM-10, PM-2.5)",2023-01-01,94.39309303217156,97.17726946547948,45.4194897078592,16.90828403592742,5.830875792682721,1,2023,0.49999999999999994,0.8660254037844387,94.39309303217156,94.39309303217156,94.39309303217156,94.39309303217156,48.24718654941543,97.17726946547948,97.17726946547948,97.17726946547948,97.17726946547948,50.68421052631579,45.4194897078592,45.4194897078592,45.4194897078592,45.4194897078592,33.79722660173562,16.90828403592742,16.90828403592742,16.90828403592742,16.90828403592742,18.789473684210527,5.830875792682721,5.830875792682721,5.830875792682721,5.830875792682721,6.710088473418028,94.39309303217156,94.39309303217156,0.0,45.4194897078592
Kashmir,Kupwara,"Kupwara JKPCC (PM-10, PM-2.5)",2023-02-01,94.39309303217156,97.17726946547948,45.4194897078592,16.90828403592742,5.830875792682721,2,2023,0.8660254037844386,0.5000000000000001,94.39309303217156,94.39309303217156,94.39309303217156,94.39309303217156,30.410526315789472,97.17726946547948,97.17726946547948,97.17726946547948,97.17726946547948,50.68421052631579,45.4194897078592,45.4194897078592,45.4194897078592,45.4194897078592,34.20015433980008,16.90828403592742,16.90828403592742,16.90828403592742,16.90828403592742,10.294025396128957,5.830875792682721,5.830875792682721,5.830875792682721,5.830875792682721,5.539131844085375,94.39309303217156,94.39309303217156,0.0,45.4194897078592
Kashmir,Kupwara,"Kupwara JKPCC (PM-10, PM-2.5)",2023-03-01,94.39309303217156,97.17726946547948,45.4194897078592,16.90828403592742,5.830875792682721,3,2023,1.0,6.123233995736766e-17,94.39309303217156,94.39309303217156,94.39309303217156,94.39309303217156,30.410526315789472,97.17726946547948,97.17726946547948,97.17726946547948,97.17726946547948,50.68421052631579,45.4194897078592,45.4194897078592,45.4194897078592,45.4194897078592,34.20015433980008,16.90828403592742,16.90828403592742,16.90828403592742,16.90828403592742,9.680712951340809,5.830875792682721,5.830875792682721,5.830875792682721,5.830875792682721,4.891972228131251,94.39309303217156,94.39309303217156,0.0,45.4194897078592
Kashmir,Kupwara,"Kupwara JKPCC (PM-10, PM-2.5)",2023-04-01,94.39309303217156,97.17726946547948,45.4194897078592,16.90828403592742,5.830875792682721,4,2023,0.8660254037844387,-0.4999999999999998,94.39309303217156,94.39309303217156,94.39309303217156,94.39309303217156,30.410526315789472,97.17726946547948,97.17726946547948,97.17726946547948,97.17726946547948,50.68421052631579,45.4194897078592,45.4194897078592,45.4194897078592,45.4194897078592,34.20015433980008,16.90828403592742,16.90828403592742,16.90828403592742,16.90828403592742,9.680712951340809,5.830875792682721,5.830875792682721,5.830875792682721,5.830875792682721,4.891972228131251,94.39309303217156,94.39309303217156,0.0,45.4194897078592
Kashmir,Kupwara,"Kupwara JKPCC (PM-10, PM-2.5)",2023-05-01,94.39309303217156,97.17726946547948,45.4194897078592,16.90828403592742,5.830875792682721,5,2023,0.49999999999999994,-0.8660254037844387,94.39309303217156,94.39309303217156,94.39309303217156,94.39309303217156,30.410526315789472,97.17726946547948,97.17726946547948,97.17726946547948,97.17726946547948,50.68421052631579,45.4194897078592,45.4194897078592,45.4194897078592,45.4194897078592,34.20015433980008,16.90828403592742,16.90828403592742,16.90828403592742,16.90828403592742,9.680712951340809,5.830875792682721,5.830875792682721,5.830875792682721,5.830875792682721,4.891972228131251,94.39309303217156,94.39309303217156,0.0,45.4194897078592
Kashmir,Kupwara,"Kupwara JKPCC (PM-10, PM-2.5)",2023-06-01,94.39309303217156,97.17726946547948,45.4194897078592,16.90828403592742,5.830875792682721,6,2023,1.2246467991473532e-16,-1.0,94.39309303217156,94.39309303217156,94.39309303217156,94.39309303217156,30.410526315789472,97.17726946547948,97.17726946547948,97.17726946547948,97.17726946547948,50.68421052631579,45.4194897078592,45.4194897078592,45.4194897078592,45.4194897078592,34.20015433980008,16.90828403592742,16.90828403592742,16.90828403592742,16.90828403592742,9.680712951340809,5.830875792682721,5.830875792682721,5.830875792682721,5.830875792682721,4.891972228131251,94.39309303217156,94.39309303217156,0.0,45.4194897078592
Kashmir,Kupwara,"Kupwara JKPCC (PM-10, PM-2.5)",2023-07-01,94.39309303217156,97.17726946547948,45.4194897078592,16.90828403592742,5.830875792682721,7,2023,-0.4999999999999997,-0.8660254037844388,94.39309303217156,94.39309303217156,94.39309303217156,94.39309303217156,94.39309303217156,97.17726946547948,97.17726946547948,97.17726946547948,97.17726946547948,97.17726946547948,45.4194897078592,45.4194897078592,45.4194897078592,45.4194897078592,45.4194897078592,16.90828403592742,16.90828403592742,16.90828403592742,16.90828403592742,16.90828403592742,5.830875792682721,5.830875792682721,5.830875792682721,5.830875792682721,5.830875792682721,94.39309303217156,94.39309303217156,0.0,45.4194897078592
Kashmir,Kupwara,"Kupwara JKPCC (PM-10, PM-2.5)",2023-08-01,94.39309303217156,97.17726946547948,45.4194897078592,16.90828403592742,5.830875792682721,8,2023,-0.8660254037844384,-0.5000000000000004,94.39309303217156,94.39309303217156,94.39309303217156,94.39309303217156,94.39309303217156,97.17726946547948,97.17726946547948,97.17726946547948,97.17726946547948,97.17726946547948,45.4194897078592,45.4194897078592,45.4194897078592,45.4194897078592,45.4194897078592,16.90828403592742,16.90828403592742,16.90828403592742,16.90828403592742,16.90828403592742,5.830875792682721,5.830875792682721,5.830875792682721,5.830875792682721,5.830875792682721,94.39309303217156,94.39309303217156,0.0,45.4194897078592
Kashmir,Kupwara,"Kupwara JKPCC (PM-10, PM-2.5)",2023-09-01,94.39309303217156,97.17726946547948,45.4194897078592,16.90828403592742,5.830875792682721,9,2023,-1.0,-1.8369701987210297e-16,94.39309303217156,94.39309303217156,94.39309303217156,94.39309303217156,94.39309303217156,97.17726946547948,97.17726946547948,97.17726946547948,97.17726946547948,97.17726946547948,45.4194897078592,45.4194897078592,45.4194897078592,45.4194897078592,45.4194897078592,16.90828403592742,16.90828403592742,16.90828403592742,16.90828403592742,16.90828403592742,5.830875792682721,5.830875792682721,5.830875792682721,5.830875792682721,5.830875792682721,94.39309303217156,94.39309303217156,0.0,45.4194897078592
Kashmir,Kupwara,"Kupwara JKPCC (PM-10, PM-2.5)",2023-10-01,94.39309303217156,97.17726946547948,45.4194897078592,16.90828403592742,5.830875792682721,10,2023,-0.8660254037844386,0.5000000000000001,94.39309303217156,94.39309303217156,94.39309303217156,94.39309303217156,94.39309303217156,97.17726946547948,97.17726946547948,97.17726946547948,97.17726946547948,97.17726946547948,45.4194897078592,45.4194897078592,45.4194897078592,45.4194897078592,45.4194897078592,16.90828403592742,16.90828403592742,16.90828403592742,16.90828403592742,16.90828403592742,5.830875792682721,5.830875792682721,5.830875792682721,5.830875792682721,5.830875792682721,94.39309303217156,94.39309303217156,0.0,45.4194897078592
Kashmir,Kupwara,"Kupwara JKPCC (PM-10, PM-2.5)",2023-11-01,94.39309303217156,97.17726946547948,45.4194897078592,16.90828403592742,5.830875792682721,11,2023,-0.5000000000000004,0.8660254037844384,94.39309303217156,94.39309303217156,94.39309303217156,94.39309303217156,94.39309303217156,97.17726946547948,97.17726946547948,97.17726946547948,97.17726946547948,97.17726946547948,45.4194897078592,45.4194897078592,45.4194897078592,45.4194897078592,45.4194897078592,16.90828403592742,16.90828403592742,16.90828403592742,16.90828403592742,16.90828403592742,5.830875792682721,5.830875792682721,5.830875792682721,5.830875792682721,5.830875792682721,94.39309303217156,94.39309303217156,0.0,45.4194897078592
Kashmir,Kupwara,"Kupwara JKPCC (PM-10, PM-2.5)",2023-12-01,94.39309303217156,97.17726946547948,45.4194897078592,16.90828403592742,5.830875792682721,12,2023,-2.4492935982947064e-16,1.0,94.39309303217156,94.39309303217156,94.39309303217156,94.39309303217156,94.39309303217156,97.17726946547948,97.17726946547948,97.17726946547948,97.17726946547948,97.17726946547948,45.4194897078592,45.4194897078592,45.4194897078592,45.4194897078592,45.4194897078592,16.90828403592742,16.90828403592742,16.90828403592742,16.90828403592742,16.90828403592742,5.830875792682721,5.830875792682721,5.830875792682721,5.830875792682721,5.830875792682721,94.39309303217156,94.39309303217156,0.0,45.4194897078592
Kashmir,Kupwara,"Kupwara JKPCC (PM-10, PM-2.5)",2024-01-01,94.39309303217156,97.17726946547948,45.4194897078592,16.90828403592742,5.830875792682721,1,2024,0.49999999999999994,0.8660254037844387,94.39309303217156,94.39309303217156,94.39309303217156,94.39309303217156,94.39309303217156,97.17726946547948,97.17726946547948,97.17726946547948,97.17726946547948,97.17726946547948,45.4194897078592,45.4194897078592,45.4194897078592,45.4194897078592,45.4194897078592,16.90828403592742,16.90828403592742,16.90828403592742,16.90828403592742,16.90828403592742,5.830875792682721,5.830875792682721,5.830875792682721,5.830875792682721,5.830875792682721,94.39309303217156,94.39309303217156,0.0,45.4194897078592
Kashmir,Kupwara,"Kupwara JKPCC (PM-10, PM-2.5)",2024-02-01,94.39309303217156,97.17726946547948,45.4194897078592,16.90828403592742,5.830875792682721,2,2024,0.8660254037844386,0.5000000000000001,94.39309303217156,94.39309303217156,94.39309303217156,94.39309303217156,94.39309303217156,97.17726946547948,97.17726946547948,97.17726946547948,97.17726946547948,97.17726946547948,45.4194897078592,45.4194897078592,45.4194897078592,45.4194897078592,45.4194897078592,16.90828403592742,16.90828403592742,16.90828403592742,16.90828403592742,16.90828403592742,5.830875792682721,5.830875792682721,5.830875792682721,5.830875792682721,5.830875792682721,94.39309303217156,94.39309303217156,0.0,45.4194897078592
Kashmir,Kupwara,"Kupwara JKPCC (PM-10, PM-2.5)",2024-03-01,94.39309303217156,97.17726946547948,45.4194897078592,16.90828403592742,5.830875792682721,3,2024,1.0,6.123233995736766e-17,94.39309303217156,94.39309303217156,94.39309303217156,94.39309303217156,94.39309303217156,97.17726946547948,97.17726946547948,97.17726946547948,97.17726946547948,97.17726946547948,45.4194897078592,45.4194897078592,45.4194897078592,45.4194897078592,45.4194897078592,16.90828403592742,16.90828403592742,16.90828403592742,16.90828403592742,16.90828403592742,5.830875792682721,5.830875792682721,5.830875792682721,5.830875792682721,5.830875792682721,94.39309303217156,94.39309303217156,0.0,45.4194897078592
Kashmir,Kupwara,"Kupwara JKPCC (PM-10, PM-2.5)",2024-04-01,94.39309303217156,97.17726946547948,45.4194897078592,16.90828403592742,5.830875792682721,4,2024,0.8660254037844387,-0.4999999999999998,94.39309303217156,94.39309303217156,94.39309303217156,94.39309303217156,94.39309303217156,97.17726946547948,97.17726946547948,97.17726946547948,97.17726946547948,97.17726946547948,45.4194897078592,45.4194897078592,45.4194897078592,45.4194897078592,45.4194897078592,16.90828403592742,16.90828403592742,16.90828403592742,16.90828403592742,16.90828403592742,5.830875792682721,5.830875792682721,5.830875792682721,5.830875792682721,5.830875792682721,94.39309303217156,94.39309303217156,0.0,45.4194897078592
Kashmir,Kupwara,"Kupwara JKPCC (PM-10, PM-2.5)",2024-05-01,94.39309303217156,97.17726946547948,45.4194897078592,16.90828403592742,5.830875792682721,5,2024,0.49999999999999994,-0.8660254037844387,94.39309303217156,94.39309303217156,94.39309303217156,94.39309303217156,94.39309303217156,97.17726946547948,97.17726946547948,97.17726946547948,97.17726946547948,97.17726946547948,45.4194897078592,45.4194897078592,45.4194897078592,45.4194897078592,45.4194897078592,16.90828403592742,16.90828403592742,16.90828403592742,16.90828403592742,16.90828403592742,5.830875792682721,5.830875792682721,5.830875792682721,5.830875792682721,5.830875792682721,94.39309303217156,94.39309303217156,0.0,45.4194897078592
Kashmir,Kupwara,"Kupwara JKPCC (PM-10, PM-2.5)",2024-06-01,94.39309303217156,97.17726946547948,45.4194897078592,16.90828403592742,5.830875792682721,6,2024,1.2246467991473532e-16,-1.0,94.39309303217156,94.39309303217156,94.39309303217156,94.39309303217156,94.39309303217156,97.17726946547948,97.17726946547948,97.17726946547948,97.17726946547948,97.17726946547948,45.4194897078592,45.4194897078592,45.4194897078592,45.4194897078592,45.4194897078592,16.90828403592742,16.90828403592742,16.90828403592742,16.90828403592742,16.90828403592742,5.830875792682721,5.830875792682721,5.830875792682721,5.830875792682721,5.830875792682721,94.39309303217156,94.39309303217156,0.0,45.4194897078592
Kashmir,Kupwara,"Kupwara JKPCC (PM-10, PM-2.5)",2024-07-01,94.39309303217156,97.17726946547948,45.4194897078592,16.90828403592742,5.830875792682721,7,2024,-0.4999999999999997,-0.8660254037844388,94.39309303217156,94.39309303217156,94.39309303217156,94.39309303217156,94.39309303217156,97.17726946547948,97.17726946547948,97.17726946547948,97.17726946547948,97.17726946547948,45.4194897078592,45.4194897078592,45.4194897078592,45.4194897078592,45.4194897078592,16.90828403592742,16.90828403592742,16.90828403592742,16.90828403592742,16.90828403592742,5.830875792682721,5.830875792682721,5.830875792682721,5.830875792682721,5.830875792682721,94.39309303217156,94.39309303217156,0.0,45.4194897078592
Kashmir,Kupwara,"Kupwara JKPCC (PM-10, PM-2.5)",2024-08-01,94.39309303217156,97.17726946547948,45.4194897078592,16.90828403592742,5.830875792682721,8,2024,-0.8660254037844384,-0.5000000000000004,94.39309303217156,94.39309303217156,94.39309303217156,94.39309303217156,94.39309303217156,97.17726946547948,97.17726946547948,97.17726946547948,97.17726946547948,97.17726946547948,45.4194897078592,45.4194897078592,45.4194897078592,45.4194897078592,45.4194897078592,16.90828403592742,16.90828403592742,16.90828403592742,16.90828403592742,16.90828403592742,5.830875792682721,5.830875792682721,5.830875792682721,5.830875792682721,5.830875792682721,94.39309303217156,94.39309303217156,0.0,45.4194897078592
Kashmir,Kupwara,"Kupwara JKPCC (PM-10, PM-2.5)",2024-09-01,48.6,81.0,32.4,32.4,4.03236540124702,9,2024,-1.0,-1.8369701987210297e-16,94.39309303217156,94.39309303217156,94.39309303217156,94.39309303217156,94.39309303217156,97.17726946547948,97.17726946547948,97.17726946547948,97.17726946547948,97.17726946547948,45.4194897078592,45.4194897078592,45.4194897078592,45.4194897078592,45.4194897078592,16.90828403592742,16.90828403592742,16.90828403592742,16.90828403592742,16.90828403592742,5.830875792682721,5.830875792682721,5.830875792682721,5.830875792682721,5.830875792682721,94.39309303217156,94.39309303217156,0.0,45.4194897078592
Kashmir,Kupwara,"Kupwara JKPCC (PM-10, PM-2.5)",2024-10-01,48.6,81.0,32.4,32.4,4.035571799656168,10,2024,-0.8660254037844386,0.5000000000000001,48.6,94.39309303217156,94.39309303217156,94.39309303217156,94.39309303217156,81.0,97.17726946547948,97.17726946547948,97.17726946547948,97.17726946547948,32.4,45.4194897078592,45.4194897078592,45.4194897078592,45.4194897078592,32.4,16.90828403592742,16.90828403592742,16.90828403592742,16.90828403592742,4.03236540124702,5.830875792682721,5.830875792682721,5.830875792682721,5.830875792682721,79.12872868811438,86.76091086014297,26.438654589149827,41.07965980523946
Kashmir,Kupwara,"Kupwara JKPCC (PM-10, PM-2.5)",2024-11-01,48.6,81.0,27.91507887556395,13.657600580762336,3.9322604420830616,11,2024,-0.5000000000000004,0.8660254037844384,48.6,48.6,94.39309303217156,94.39309303217156,94.39309303217156,81.0,81.0,97.17726946547948,97.17726946547948,97.17726946547948,32.4,32.4,45.4194897078592,45.4194897078592,45.4194897078592,32.4,32.4,16.90828403592742,16.90828403592742,16.90828403592742,4.035571799656168,4.03236540124702,5.830875792682721,5.830875792682721,5.830875792682721,63.864364344057186,79.12872868811438,26.43865458914983,36.73982990261973
Kashmir,Kupwara,"Kupwara JKPCC (PM-10, PM-2.5)",2024-12-01,81.0,81.0,27.91507887556395,13.657600580762336,3.9322604420830616,12,2024,-2.4492935982947064e-16,1.0,48.6,48.6,48.6,94.39309303217156,94.39309303217156,81.0,81.0,81.0,97.17726946547948,97.17726946547948,27.91507887556395,32.4,32.4,45.4194897078592,45.4194897078592,13.657600580762336,32.4,32.4,16.90828403592742,16.90828403592742,3.9322604420830616,4.035571799656168,4.03236540124702,5.830875792682721,5.830875792682721,48.6,71.49654651608579,0.0,30.905026291854643
Kashmir,Kupwara,"Kupwara JKPCC (PM-10, PM-2.5)",2025-01-01,81.0,81.0,27.91507887556395,15.0,7.0,1,2025,0.49999999999999994,0.8660254037844387,81.0,48.6,48.6,94.39309303217156,94.39309303217156,81.0,81.0,81.0,97.17726946547948,97.17726946547948,27.91507887556395,27.91507887556395,32.4,45.4194897078592,45.4194897078592,13.657600580762336,13.657600580762336,32.4,16.90828403592742,16.90828403592742,3.9322604420830616,3.9322604420830616,4.035571799656168,5.830875792682721,5.830875792682721,59.400000000000006,69.26436434405719,18.706148721743876,29.41005258370929
Kashmir,Kupwara,"Kupwara JKPCC (PM-10, PM-2.5)",2025-02-01,61.0,61.0,29.44676658701055,15.0,8.0,2,2025,0.8660254037844386,0.5000000000000001,81.0,81.0,48.6,94.39309303217156,94.39309303217156,81.0,81.0,81.0,97.17726946547948,97.17726946547948,27.91507887556395,27.91507887556395,27.91507887556395,45.4194897078592,45.4194897078592,15.0,13.657600580762336,13.657600580762336,16.90828403592742,16.90828403592742,7.0,3.9322604420830616,3.9322604420830616,5.830875792682721,5.830875792682721,70.2,67.03218217202858,18.706148721743876,27.91507887556395
Kashmir,Kupwara,"Kupwara JKPCC (PM-10, PM-2.5)",2025-03-01,69.0,69.0,31.427103251818533,12.0,6.0,3,2025,1.0,6.123233995736766e-17,61.0,81.0,81.0,48.6,94.39309303217156,61.0,81.0,81.0,81.0,97.17726946547948,29.44676658701055,27.91507887556395,27.91507887556395,32.4,45.4194897078592,15.0,15.0,13.657600580762336,32.4,16.90828403592742,8.0,7.0,3.9322604420830616,4.03236540124702,5.830875792682721,74.33333333333333,61.46666666666666,11.547005383792513,28.425641446046143
Kashmir,Kupwara,"Kupwara JKPCC (PM-10, PM-2.5)",2025-04-01,49.0,49.0,34.31819727363851,8.0,4.0,4,2025,0.8660254037844387,-0.4999999999999998,69.0,61.0,81.0,48.6,94.39309303217156,69.0,61.0,81.0,81.0,97.17726946547948,31.427103251818533,29.44676658701055,27.91507887556395,32.4,45.4194897078592,12.0,15.0,15.0,32.4,16.90828403592742,6.0,8.0,7.0,4.035571799656168,5.830875792682721,70.33333333333333,64.86666666666667,10.066445913694329,29.596316238131006
Kashmir,Kupwara,"Kupwara JKPCC (PM-10, PM-2.5)",2025-05-01,70.0,70.0,32.81631180683961,15.0,7.0,5,2025,0.49999999999999994,-0.8660254037844387,49.0,69.0,61.0,48.6,94.39309303217156,49.0,69.0,61.0,81.0,97.17726946547948,34.31819727363851,31.427103251818533,29.44676658701055,27.91507887556395,45.4194897078592,8.0,12.0,15.0,13.657600580762336,16.90828403592742,4.0,6.0,8.0,3.9322604420830616,5.830875792682721,59.666666666666664,64.93333333333334,10.066445913694327,31.730689037489196
Kashmir,Kupwara,"Kupwara JKPCC (PM-10, PM-2.5)",2025-06-01,69.38933086963983,69.75,38.228455662344544,14.625,5.284183023468941,6,2025,1.2246467991473532e-16,-1.0,70.0,49.0,69.0,81.0,94.39309303217156,70.0,49.0,69.0,81.0,97.17726946547948,32.81631180683961,34.31819727363851,31.427103251818533,27.91507887556395,45.4194897078592,15.0,8.0,12.0,13.657600580762336,16.90828403592742,7.0,4.0,6.0,3.9322604420830616,5.830875792682721,62.666666666666664,68.5,11.846237095944568,32.85387077743221
Kashmir,Kupwara,"Kupwara JKPCC (PM-10, PM-2.5)",2025-07-01,47.0,69.5,47.0,14.25,6.244778334140634,7,2025,-0.4999999999999997,-0.8660254037844388,69.38933086963983,70.0,49.0,81.0,94.39309303217156,69.75,70.0,49.0,81.0,97.17726946547948,38.228455662344544,32.81631180683961,34.31819727363851,27.91507887556395,45.4194897078592,14.625,15.0,8.0,15.0,16.90828403592742,5.284183023468941,7.0,4.0,7.0,5.830875792682721,62.79644362321327,66.5648884782733,11.951971455917652,35.12098824760755
Kashmir,Kupwara,"Kupwara JKPCC (PM-10, PM-2.5)",2025-08-01,43.0,69.5,43.0,13.516270526758976,6.05160456580389,8,2025,-0.8660254037844384,-0.5000000000000004,47.0,69.38933086963983,70.0,61.0,94.39309303217156,69.5,69.75,70.0,61.0,97.17726946547948,47.0,38.228455662344544,32.81631180683961,29.44676658701055,45.4194897078592,14.25,14.625,15.0,15.0,16.90828403592742,6.244778334140634,5.284183023468941,7.0,8.0,5.830875792682721,62.12977695654661,60.89822181160664,13.106328328820018,39.34825582306138
Kashmir,Kupwara,"Kupwara JKPCC (PM-10, PM-2.5)",2025-09-01,31.0,69.5,31.0,13.516270526758976,4.847921677094358,9,2025,-1.0,-1.8369701987210297e-16,43.0,47.0,69.38933086963983,69.0,48.6,69.5,69.5,69.75,69.0,81.0,43.0,47.0,38.228455662344544,31.427103251818533,32.4,13.516270526758976,14.25,14.625,12.0,32.4,6.05160456580389,6.244778334140634,5.284183023468941,6.0,4.03236540124702,53.12977695654661,57.89822181160664,14.222511033203261,42.74281855411484
Kashmir,Kupwara,"Kupwara JKPCC (PM-10, PM-2.5)",2025-10-01,38.0,69.5,38.0,13.516270526758976,5.284183023468941,10,2025,-0.8660254037844386,0.5000000000000001,31.0,43.0,47.0,49.0,48.6,69.5,69.5,69.5,49.0,81.0,31.0,43.0,47.0,34.31819727363851,32.4,13.516270526758976,13.516270526758976,14.25,8.0,32.4,4.847921677094358,6.05160456580389,6.244778334140634,4.0,4.035571799656168,40.333333333333336,51.5648884782733,8.3266639978645,40.33333333333333
Kashmir,Kupwara,"Kupwara JKPCC (PM-10, PM-2.5)",2025-11-01,46.9116445956602,68.0,38.0,13.516270526758976,5.284183023468941,11,2025,-0.5000000000000004,0.8660254037844384,38.0,31.0,43.0,70.0,48.6,69.5,69.5,69.5,70.0,81.0,38.0,31.0,43.0,32.81631180683961,27.91507887556395,13.516270526758976,13.516270526758976,13.516270526758976,15.0,13.657600580762336,5.284183023468941,4.847921677094358,6.05160456580389,7.0,3.9322604420830616,37.333333333333336,49.73155514493997,6.027713773341662,37.33333333333333
Kashmir,Kupwara,"Kupwara JKPCC (PM-10, PM-2.5)",2025-12-01,46.9116445956602,68.0,38.0,13.516270526758976,5.284183023468941,12,2025,-2.4492935982947064e-16,1.0,46.9116445956602,38.0,31.0,69.38933086963983,81.0,68.0,69.5,69.5,69.75,81.0,38.0,38.0,31.0,38.228455662344544,27.91507887556395,13.516270526758976,13.516270526758976,13.516270526758976,14.625,13.657600580762336,5.284183023468941,5.284183023468941,4.847921677094358,5.284183023468941,3.9322604420830616,38.637214865220066,45.88349591088334,7.974938277064792,35.666666666666664
Kashmir,Kupwara,"Kupwara JKPCC (PM-10, PM-2.5)",2026-01-01,68.0,68.0,42.0,12.0,5.284183023468941,1,2026,0.49999999999999994,0.8660254037844387,46.9116445956602,46.9116445956602,38.0,47.0,81.0,68.0,68.0,69.5,69.5,81.0,38.0,38.0,38.0,47.0,27.91507887556395,13.516270526758976,13.516270526758976,13.516270526758976,14.25,15.0,5.284183023468941,5.284183023468941,5.284183023468941,6.244778334140634,7.0,43.9410963971068,42.137214865220066,5.14514040622665,38.0
Kashmir,Kupwara,"Kupwara JKPCC (PM-10, PM-2.5)",2026-02-01,65.11719980190331,66.64285714285714,41.35714285714285,12.214285714285714,5.284183023468941,2,2026,0.8660254037844386,0.5000000000000001,68.0,46.9116445956602,46.9116445956602,43.0,61.0,68.0,68.0,68.0,69.5,61.0,42.0,38.0,38.0,43.0,29.44676658701055,12.0,13.516270526758976,13.516270526758976,13.516270526758976,15.0,5.284183023468941,5.284183023468941,5.284183023468941,6.05160456580389,8.0,53.9410963971068,45.637214865220066,12.175367669462085,39.33333333333333
Kashmir,Kupwara,"Kupwara JKPCC (PM-10, PM-2.5)",2026-03-01,65.11719980190331,65.28571428571429,40.71428571428572,12.428571428571429,5.486529242352331,3,2026,1.0,6.123233995736766e-17,65.11719980190331,68.0,46.9116445956602,31.0,69.0,66.64285714285714,68.0,68.0,69.5,69.0,41.35714285714285,42.0,38.0,31.0,31.427103251818533,12.214285714285714,12.0,13.516270526758976,13.516270526758976,12.0,5.284183023468941,5.284183023468941,5.284183023468941,4.847921677094358,6.0,60.00961479918784,49.32341483220395,11.434389001381316,40.45238095238094
Kashmir,Budgam,Lasjan Budgam (PM-10) 913,2023-01-01,201.0,201.0,42.95613371065373,34.0,26.0,1,2023,0.49999999999999994,0.8660254037844387,203.0,213.0,212.0,195.0,186.0,203.0,213.0,212.0,195.0,186.0,42.95613371065373,42.95613371065373,42.95613371065373,42.95613371065373,43.72222222222222,36.0,35.0,31.0,28.0,33.0,27.0,26.0,20.0,14.0,14.0,209.33333333333334,203.0,5.507570547286077,42.95613371065373
Kashmir,Budgam,Lasjan Budgam (PM-10) 913,2023-02-01,195.0,195.0,42.95613371065373,39.0,26.0,2,2023,0.8660254037844386,0.5000000000000001,201.0,203.0,213.0,191.0,158.0,201.0,203.0,213.0,191.0,158.0,42.95613371065373,42.95613371065373,42.95613371065373,42.95613371065373,69.12737432897072,34.0,36.0,35.0,29.0,31.0,26.0,27.0,26.0,17.0,16.0,205.66666666666666,204.0,6.429100507328614,42.95613371065373
Kashmir,Budgam,Lasjan Budgam (PM-10) 913,2023-03-01,164.0,164.0,50.377292942602445,32.0,20.0,3,2023,1.0,6.123233995736766e-17,195.0,201.0,203.0,204.0,177.0,195.0,201.0,203.0,204.0,177.0,42.95613371065373,42.95613371065373,42.95613371065373,42.95613371065373,68.19477165810386,39.0,34.0,36.0,30.0,18.0,26.0,26.0,27.0,20.0,11.0,199.66666666666666,204.66666666666666,4.163331998932221,42.95613371065373
Kashmir,Budgam,Lasjan Budgam (PM-10) 913,2023-04-01,173.0,173.0,70.45586328617101,36.0,25.0,4,2023,0.8660254037844387,-0.4999999999999998,164.0,195.0,201.0,212.0,188.0,164.0,195.0,201.0,212.0,188.0,50.377292942602445,42.95613371065373,42.95613371065373,42.95613371065373,68.55863025011553,32.0,39.0,34.0,31.0,31.0,20.0,26.0,26.0,20.0,14.0,186.66666666666666,198.0,19.85782801147529,45.42985345463663
Kashmir,Budgam,Lasjan Budgam (PM-10) 913,2023-05-01,185.0,185.0,74.78966909227834,31.0,23.0,5,2023,0.49999999999999994,-0.8660254037844387,173.0,164.0,195.0,213.0,214.0,173.0,164.0,195.0,213.0,214.0,70.45586328617101,50.377292942602445,42.95613371065373,42.95613371065373,60.71690442785102,36.0,32.0,39.0,35.0,37.0,25.0,20.0,26.0,26.0,14.0,177.33333333333334,191.5,15.947831618540894,54.596429979809066
Kashmir,Budgam,Lasjan Budgam (PM-10) 913,2023-06-01,162.0,162.0,81.79443766323801,29.0,16.0,6,2023,1.2246467991473532e-16,-1.0,185.0,173.0,164.0,203.0,213.0,185.0,173.0,164.0,203.0,213.0,74.78966909227834,70.45586328617101,50.377292942602445,42.95613371065373,42.95613371065373,31.0,36.0,32.0,36.0,28.0,23.0,25.0,20.0,27.0,12.0,174.0,186.83333333333334,10.535653752852715,65.2076084403506
Kashmir,Budgam,Lasjan Budgam (PM-10) 913,2023-07-01,186.0,186.0,62.91738681352881,30.0,16.0,7,2023,-0.4999999999999997,-0.8660254037844388,162.0,185.0,173.0,201.0,195.0,162.0,185.0,173.0,201.0,195.0,81.79443766323801,74.78966909227834,70.45586328617101,42.95613371065373,42.95613371065373,29.0,31.0,36.0,34.0,28.0,16.0,23.0,25.0,26.0,14.0,173.33333333333334,180.0,11.503622617824913,75.67999001389579
Kashmir,Budgam,Lasjan Budgam (PM-10) 913,2023-08-01,185.0,185.0,61.10945818961039,26.0,15.0,8,2023,-0.8660254037844384,-0.5000000000000004,186.0,162.0,185.0,195.0,191.0,186.0,162.0,185.0,195.0,191.0,62.91738681352881,81.79443766323801,74.78966909227834,42.95613371065373,42.95613371065373,30.0,29.0,31.0,39.0,29.0,16.0,16.0,23.0,26.0,17.0,177.66666666666666,177.5,13.57694123627752,73.16716452301506
Kashmir,Budgam,Lasjan Budgam (PM-10) 913,2023-09-01,220.0,220.0,42.95613371065373,29.0,17.0,9,2023,-1.0,-1.8369701987210297e-16,185.0,186.0,162.0,164.0,204.0,185.0,186.0,162.0,164.0,204.0,61.10945818961039,62.91738681352881,81.79443766323801,50.377292942602445,42.95613371065373,26.0,30.0,29.0,32.0,30.0,15.0,16.0,16.0,20.0,20.0,177.66666666666666,175.83333333333334,13.57694123627752,68.60709422212574
Kashmir,Budgam,Lasjan Budgam (PM-10) 913,2023-10-01,230.0,230.0,42.95613371065373,32.0,19.0,10,2023,-0.8660254037844386,0.5000000000000001,220.0,185.0,186.0,173.0,212.0,220.0,185.0,186.0,173.0,212.0,42.95613371065373,61.10945818961039,62.91738681352881,70.45586328617101,42.95613371065373,29.0,26.0,30.0,36.0,31.0,17.0,15.0,16.0,25.0,20.0,197.0,185.16666666666666,19.92485884517127,55.66099290459764
Kashmir,Budgam,Lasjan Budgam (PM-10) 913,2023-11-01,271.0,271.0,42.95613371065373,34.0,20.0,11,2023,-0.5000000000000004,0.8660254037844384,230.0,220.0,185.0,185.0,213.0,230.0,220.0,185.0,185.0,213.0,42.95613371065373,42.95613371065373,61.10945818961039,74.78966909227834,42.95613371065373,32.0,29.0,26.0,31.0,35.0,19.0,17.0,15.0,23.0,26.0,211.66666666666666,194.66666666666666,23.62907813126304,49.007241870305954
Kashmir,Budgam,Lasjan Budgam (PM-10) 913,2023-12-01,276.0,276.0,42.95613371065373,18.0,14.817202923944333,12,2023,-2.4492935982947064e-16,1.0,271.0,230.0,220.0,162.0,203.0,271.0,230.0,220.0,162.0,203.0,42.95613371065373,42.95613371065373,42.95613371065373,81.79443766323801,42.95613371065373,34.0,32.0,29.0,29.0,36.0,20.0,19.0,17.0,16.0,27.0,240.33333333333334,209.0,27.02468007827906,42.95613371065373
Kashmir,Budgam,Lasjan Budgam (PM-10) 913,2024-01-01,253.0,253.0,42.95613371065373,32.0,2.0,1,2024,0.49999999999999994,0.8660254037844387,276.0,271.0,230.0,186.0,201.0,276.0,271.0,230.0,186.0,201.0,42.95613371065373,42.95613371065373,42.95613371065373,62.91738681352881,42.95613371065373,18.0,34.0,32.0,30.0,34.0,14.817202923944333,20.0,19.0,16.0,26.0,259.0,228.0,25.23885892824792,42.95613371065373
Kashmir,Budgam,Lasjan Budgam (PM-10) 913,2024-02-01,200.0,200.0,42.95613371065373,3.0,16.0,2,2024,0.8660254037844386,0.5000000000000001,253.0,276.0,271.0,185.0,195.0,253.0,276.0,271.0,185.0,195.0,42.95613371065373,42.95613371065373,42.95613371065373,61.10945818961039,42.95613371065373,32.0,18.0,34.0,26.0,39.0,2.0,14.817202923944333,20.0,15.0,26.0,266.6666666666667,239.16666666666666,12.096831541082702,42.95613371065373
Kashmir,Budgam,Lasjan Budgam (PM-10) 913,2024-03-01,234.0,234.0,42.95613371065373,26.0,14.0,3,2024,1.0,6.123233995736766e-17,200.0,253.0,276.0,220.0,164.0,200.0,253.0,276.0,220.0,164.0,42.95613371065373,42.95613371065373,42.95613371065373,42.95613371065373,50.377292942602445,3.0,32.0,18.0,29.0,32.0,16.0,2.0,14.817202923944333,17.0,20.0,243.0,241.66666666666666,38.97435053981015,42.95613371065373
Kashmir,Budgam,Lasjan Budgam (PM-10) 913,2024-04-01,203.0,203.0,42.95613371065373,28.0,15.0,4,2024,0.8660254037844387,-0.4999999999999998,234.0,200.0,253.0,230.0,173.0,234.0,200.0,253.0,230.0,173.0,42.95613371065373,42.95613371065373,42.95613371065373,42.95613371065373,70.45586328617101,26.0,3.0,32.0,32.0,36.0,14.0,16.0,2.0,19.0,25.0,229.0,244.0,26.851443164195103,42.95613371065373
Kashmir,Budgam,Lasjan Budgam (PM-10) 913,2024-05-01,262.0,262.0,42.95613371065373,28.0,16.0,5,2024,0.49999999999999994,-0.8660254037844387,203.0,234.0,200.0,271.0,185.0,203.0,234.0,200.0,271.0,185.0,42.95613371065373,42.95613371065373,42.95613371065373,42.95613371065373,74.78966909227834,28.0,26.0,3.0,34.0,31.0,15.0,14.0,16.0,20.0,23.0,212.33333333333334,239.5,18.823743871327334,42.95613371065373
Kashmir,Budgam,Lasjan Budgam (PM-10) 913,2024-06-01,280.0,280.0,42.95613371065373,26.0,13.0,6,2024,1.2246467991473532e-16,-1.0,262.0,203.0,234.0,276.0,162.0,262.0,203.0,234.0,276.0,162.0,42.95613371065373,42.95613371065373,42.95613371065373,42.95613371065373,81.79443766323801,28.0,28.0,26.0,18.0,29.0,16.0,15.0,14.0,14.817202923944333,16.0,233.0,238.0,29.512709126747414,42.95613371065373
Kashmir,Budgam,Lasjan Budgam (PM-10) 913,2024-07-01,263.0,263.0,42.95613371065373,24.0,16.0,7,2024,-0.4999999999999997,-0.8660254037844388,280.0,262.0,203.0,253.0,186.0,280.0,262.0,203.0,253.0,186.0,42.95613371065373,42.95613371065373,42.95613371065373,42.95613371065373,62.91738681352881,26.0,28.0,28.0,32.0,30.0,13.0,16.0,15.0,2.0,16.0,248.33333333333334,238.66666666666666,40.27819923151149,42.95613371065373
Kashmir,Budgam,Lasjan Budgam (PM-10) 913,2024-08-01,241.0,241.0,42.95613371065373,26.0,20.0,8,2024,-0.8660254037844384,-0.5000000000000004,263.0,280.0,262.0,200.0,185.0,263.0,280.0,262.0,200.0,185.0,42.95613371065373,42.95613371065373,42.95613371065373,42.95613371065373,61.10945818961039,24.0,26.0,28.0,3.0,26.0,16.0,13.0,16.0,16.0,15.0,268.3333333333333,240.33333333333334,10.115993936995642,42.95613371065373
Kashmir,Budgam,Lasjan Budgam (PM-10) 913,2024-09-01,228.0,228.0,42.95613371065373,25.0,20.0,9,2024,-1.0,-1.8369701987210297e-16,241.0,263.0,280.0,234.0,220.0,241.0,263.0,280.0,234.0,220.0,42.95613371065373,42.95613371065373,42.95613371065373,42.95613371065373,42.95613371065373,26.0,24.0,26.0,26.0,29.0,20.0,16.0,13.0,14.0,17.0,261.3333333333333,247.16666666666666,19.553345834749926,42.95613371065373
Kashmir,Budgam,Lasjan Budgam (PM-10) 913,2024-10-01,219.0,219.0,42.95613371065373,27.0,22.0,10,2024,-0.8660254037844386,0.5000000000000001,228.0,241.0,263.0,203.0,230.0,228.0,241.0,263.0,203.0,230.0,42.95613371065373,42.95613371065373,42.95613371065373,42.95613371065373,42.95613371065373,25.0,26.0,24.0,28.0,32.0,20.0,20.0,16.0,15.0,19.0,244.0,246.16666666666666,17.691806012954075,42.95613371065373
Kashmir,Budgam,Lasjan Budgam (PM-10) 913,2024-11-01,254.6780688350496,219.0,5.0,23.0,13.0,11,2024,-0.5000000000000004,0.8660254037844384,219.0,228.0,241.0,262.0,271.0,219.0,228.0,241.0,262.0,271.0,42.95613371065373,42.95613371065373,42.95613371065373,42.95613371065373,42.95613371065373,27.0,25.0,26.0,28.0,34.0,22.0,20.0,20.0,16.0,20.0,229.33333333333334,248.83333333333334,11.06044001535787,42.95613371065373
Kashmir,Budgam,Lasjan Budgam (PM-10) 913,2024-12-01,254.6780688350496,191.0,6.107142857142858,19.0,14.0,12,2024,-2.4492935982947064e-16,1.0,254.6780688350496,219.0,228.0,280.0,276.0,219.0,219.0,228.0,280.0,276.0,5.0,42.95613371065373,42.95613371065373,42.95613371065373,42.95613371065373,23.0,27.0,25.0,26.0,18.0,13.0,22.0,20.0,13.0,14.817202923944333,233.89268961168318,247.61301147250825,18.554621852637162,30.30408914043582
Kashmir,Budgam,Lasjan Budgam (PM-10) 913,2025-01-01,194.0,194.0,7.214285714285714,26.0,20.0,1,2025,0.49999999999999994,0.8660254037844387,254.6780688350496,254.6780688350496,219.0,263.0,253.0,191.0,219.0,219.0,263.0,253.0,6.107142857142858,5.0,42.95613371065373,42.95613371065373,42.95613371065373,19.0,23.0,27.0,24.0,32.0,14.0,13.0,22.0,16.0,2.0,242.7853792233664,243.39268961168318,20.598742646081845,18.02109218926553
Kashmir,Budgam,Lasjan Budgam (PM-10) 913,2025-02-01,188.0,188.0,42.95613371065373,26.0,20.0,2,2025,0.8660254037844386,0.5000000000000001,194.0,254.6780688350496,254.6780688350496,241.0,200.0,194.0,191.0,219.0,241.0,200.0,7.214285714285714,6.107142857142858,5.0,42.95613371065373,42.95613371065373,26.0,19.0,23.0,26.0,3.0,20.0,14.0,13.0,20.0,16.0,234.45204589003308,231.89268961168318,35.03249937582253,6.107142857142858
Kashmir,Budgam,Lasjan Budgam (PM-10) 913,2025-03-01,190.0,190.0,42.95613371065373,22.0,14.0,3,2025,1.0,6.123233995736766e-17,188.0,194.0,254.6780688350496,228.0,234.0,188.0,194.0,191.0,228.0,234.0,42.95613371065373,7.214285714285714,6.107142857142858,42.95613371065373,42.95613371065373,26.0,26.0,19.0,25.0,26.0,20.0,20.0,14.0,20.0,14.0,212.22602294501652,223.05935627834984,36.88674762278597,18.759187427360768
Kashmir,Budgam,Lasjan Budgam (PM-10) 913,2025-04-01,184.0,184.0,42.46234305708901,23.0,13.0,4,2025,0.8660254037844387,-0.4999999999999998,190.0,188.0,194.0,219.0,203.0,190.0,188.0,194.0,219.0,203.0,42.95613371065373,42.95613371065373,7.214285714285714,42.95613371065373,42.95613371065373,22.0,26.0,26.0,27.0,28.0,14.0,20.0,20.0,22.0,15.0,190.66666666666666,216.72602294501652,3.0550504633043056,31.042184378531058
Kashmir,Budgam,Lasjan Budgam (PM-10) 913,2025-05-01,169.0,169.0,50.93804632704784,25.0,15.0,5,2025,0.49999999999999994,-0.8660254037844387,184.0,190.0,188.0,254.6780688350496,262.0,184.0,190.0,188.0,219.0,262.0,42.46234305708901,42.95613371065373,42.95613371065373,5.0,42.95613371065373,23.0,22.0,26.0,23.0,28.0,13.0,14.0,20.0,13.0,16.0,187.33333333333334,210.89268961168318,3.055050463304333,42.79153682613216
Kashmir,Budgam,Lasjan Budgam (PM-10) 913,2025-06-01,153.0,153.0,50.9804120146061,25.0,14.0,6,2025,1.2246467991473532e-16,-1.0,169.0,184.0,190.0,254.6780688350496,280.0,169.0,184.0,190.0,191.0,280.0,50.93804632704784,42.46234305708901,42.95613371065373,6.107142857142858,42.95613371065373,25.0,23.0,22.0,19.0,26.0,15.0,13.0,14.0,14.0,13.0,181.0,196.61301147250825,10.816653826392091,45.452174364930194
Kashmir,Budgam,Lasjan Budgam (PM-10) 913,2025-07-01,151.0,151.0,69.46462551951964,26.0,16.0,7,2025,-0.4999999999999997,-0.8660254037844388,153.0,169.0,184.0,194.0,263.0,153.0,169.0,184.0,194.0,263.0,50.9804120146061,50.93804632704784,42.46234305708901,7.214285714285714,42.95613371065373,25.0,25.0,23.0,26.0,24.0,14.0,15.0,13.0,20.0,16.0,168.66666666666666,179.66666666666666,15.502687938978063,48.12693379958099
Kashmir,Budgam,Lasjan Budgam (PM-10) 913,2025-08-01,207.0,207.0,100.99079533589628,24.0,14.0,8,2025,-0.8660254037844384,-0.5000000000000004,151.0,153.0,169.0,188.0,241.0,151.0,153.0,169.0,188.0,241.0,69.46462551951964,50.9804120146061,50.93804632704784,42.95613371065373,42.95613371065373,26.0,25.0,25.0,26.0,26.0,16.0,14.0,15.0,20.0,20.0,157.66666666666666,172.5,9.865765724632618,57.127694620391196
Kashmir,Budgam,Lasjan Budgam (PM-10) 913,2025-09-01,172.96431293965836,168.5,77.82452816038735,24.5,7.8244288865560225,9,2025,-1.0,-1.8369701987210297e-16,207.0,151.0,153.0,190.0,228.0,207.0,151.0,153.0,190.0,228.0,100.99079533589628,69.46462551951964,50.9804120146061,42.95613371065373,42.95613371065373,24.0,26.0,25.0,22.0,25.0,14.0,16.0,14.0,14.0,20.0,170.33333333333334,175.66666666666666,31.770006819850312,73.81194429000735
Kashmir,Budgam,Lasjan Budgam (PM-10) 913,2025-10-01,130.0,130.0,64.32015127368332,25.0,8.338286443018823,10,2025,-0.8660254037844386,0.5000000000000001,172.96431293965836,207.0,151.0,184.0,219.0,168.5,207.0,151.0,184.0,219.0,77.82452816038735,100.99079533589628,69.46462551951964,42.46234305708901,42.95613371065373,24.5,24.0,26.0,23.0,27.0,7.8244288865560225,14.0,16.0,13.0,22.0,176.98810431321945,172.82738548994305,28.2160091572756,82.75998300526776
Kashmir,Budgam,Lasjan Budgam (PM-10) 913,2025-11-01,233.0,233.0,92.92851755811056,28.0,10.004907425156023,11,2025,-0.5000000000000004,0.8660254037844384,130.0,172.96431293965836,207.0,169.0,254.6780688350496,130.0,168.5,207.0,169.0,219.0,64.32015127368332,77.82452816038735,100.99079533589628,50.93804632704784,5.0,25.0,24.5,24.0,25.0,23.0,8.338286443018823,7.8244288865560225,14.0,15.0,13.0,169.98810431321945,163.82738548994305,38.58618098932659,81.04515825665565
Kashmir,Budgam,Lasjan Budgam (PM-10) 913,2025-12-01,247.0,209.5,72.07125323538641,29.0,12.081994480627428,12,2025,-2.4492935982947064e-16,1.0,233.0,130.0,172.96431293965836,153.0,254.6780688350496,233.0,130.0,168.5,153.0,191.0,92.92851755811056,64.32015127368332,77.82452816038735,50.9804120146061,6.107142857142858,28.0,25.0,24.5,25.0,19.0,10.004907425156023,8.338286443018823,7.8244288865560225,14.0,14.0,178.65477097988614,174.49405215660974,51.73524895591685,78.35773233072707
Kashmir,Budgam,Lasjan Budgam (PM-10) 913,2026-01-01,186.0,186.0,42.95613371065373,26.0,16.305581659091995,1,2026,0.49999999999999994,0.8660254037844387,247.0,233.0,130.0,151.0,194.0,209.5,233.0,130.0,151.0,194.0,72.07125323538641,92.92851755811056,64.32015127368332,69.46462551951964,7.214285714285714,29.0,28.0,25.0,26.0,26.0,12.081994480627428,10.004907425156023,8.338286443018823,16.0,20.0,203.33333333333334,190.1607188232764,63.893139955188715,76.43997402239343
Kashmir,Budgam,Lasjan Budgam (PM-10) 913,2026-02-01,158.0,158.0,42.47483041808703,33.0,16.992596634911198,2,2026,0.8660254037844386,0.5000000000000001,186.0,247.0,233.0,207.0,188.0,186.0,209.5,233.0,207.0,188.0,42.95613371065373,72.07125323538641,92.92851755811056,100.99079533589628,42.95613371065373,26.0,29.0,28.0,24.0,26.0,16.305581659091995,12.081994480627428,10.004907425156023,14.0,20.0,222.0,195.99405215660974,31.9530906173409,69.31863483471689
Kashmir,Budgam,Lasjan Budgam (PM-10) 913,2026-03-01,151.41084076969625,150.53846153846155,43.59545872269058,31.692307692307693,13.732547049220228,3,2026,1.0,6.123233995736766e-17,158.0,186.0,247.0,172.96431293965836,190.0,158.0,186.0,209.5,168.5,190.0,42.47483041808703,42.95613371065373,72.07125323538641,77.82452816038735,42.95613371065373,33.0,26.0,29.0,24.5,22.0,16.992596634911198,16.305581659091995,12.081994480627428,7.8244288865560225,14.0,197.0,187.82738548994305,45.508241011931005,52.50073912137572
Jammu,Poonch,Poonch PCC Office 1075,2023-01-01,32.0,31.0,26.0,6.7177011669648845,2.393258999046813,1,2023,0.49999999999999994,0.8660254037844387,37.184990621468486,37.184990621468486,32.0,61.0,14.0,37.0,44.0,32.0,61.0,14.0,28.0,20.0,20.0,38.56296459070819,17.6,5.250945050303677,7.899986108390131,6.991858205583399,8.385610974876897,7.818181818181818,2.036541098739475,2.393258999046813,2.393258999046813,2.9113385612760485,2.376791224208658,35.456660414312324,44.39499687382283,2.993555731050516,22.666666666666668
Jammu,Poonch,Poonch PCC Office 1075,2023-02-01,34.0,34.0,26.0,4.993010049514215,1.819349457525865,2,2023,0.8660254037844386,0.5000000000000001,32.0,37.184990621468486,37.184990621468486,61.0,32.19626846182898,31.0,37.0,44.0,61.0,20.714285714285715,26.0,28.0,20.0,42.79362031397702,31.14367095703508,6.7177011669648845,5.250945050303677,7.899986108390131,9.343806703410566,6.991858205583399,2.393258999046813,2.036541098739475,2.393258999046813,7.610722969972687,3.0849109264715016,35.456660414312324,39.5616635404895,2.993555731050516,24.666666666666668
Jammu,Poonch,Poonch PCC Office 1075,2023-03-01,35.0,35.0,25.25,4.993010049514215,1.819349457525865,3,2023,1.0,6.123233995736766e-17,34.0,32.0,37.184990621468486,38.0,32.19626846182898,34.0,31.0,37.0,38.0,27.42857142857143,26.0,26.0,28.0,24.0,34.31849781680933,4.993010049514215,6.7177011669648845,5.250945050303677,5.996528008548903,4.993010049514215,1.819349457525865,2.393258999046813,2.036541098739475,2.013797155098442,2.28873045676578,34.394996873822826,35.0616635404895,2.614966316021374,26.666666666666668
Jammu,Poonch,Poonch PCC Office 1075,2023-04-01,38.0,38.0,24.5,4.993010049514215,1.819349457525865,4,2023,0.8660254037844387,-0.4999999999999998,35.0,34.0,32.0,32.0,16.45714285714286,35.0,34.0,31.0,32.0,27.42857142857143,25.25,26.0,26.0,20.0,34.31849781680933,4.993010049514215,4.993010049514215,6.7177011669648845,6.991858205583399,4.993010049514215,1.819349457525865,1.819349457525865,2.393258999046813,2.393258999046813,2.28873045676578,33.666666666666664,34.5616635404895,1.5275252316519454,25.75
Jammu,Poonch,Poonch PCC Office 1075,2023-05-01,38.0,38.0,33.08904350536841,4.993010049514215,2.335415455502392,5,2023,0.49999999999999994,-0.8660254037844387,38.0,35.0,34.0,37.184990621468486,16.45714285714286,38.0,35.0,34.0,44.0,27.42857142857143,24.5,25.25,26.0,20.0,34.31849781680933,4.993010049514215,4.993010049514215,4.993010049514215,7.899986108390131,4.993010049514215,1.819349457525865,1.819349457525865,1.819349457525865,2.393258999046813,2.28873045676578,35.666666666666664,35.5616635404895,2.0816659994661335,25.25
Jammu,Poonch,Poonch PCC Office 1075,2023-06-01,39.0,39.0,31.768251166309657,4.993010049514215,2.335415455502392,6,2023,1.2246467991473532e-16,-1.0,38.0,38.0,35.0,37.184990621468486,16.45714285714286,38.0,38.0,35.0,37.0,27.42857142857143,33.08904350536841,24.5,25.25,28.0,34.31849781680933,4.993010049514215,4.993010049514215,4.993010049514215,5.250945050303677,4.993010049514215,2.335415455502392,1.819349457525865,1.819349457525865,2.036541098739475,2.28873045676578,37.0,35.69749843691142,1.7320508075688792,27.61301450178947
Jammu,Poonch,Poonch PCC Office 1075,2023-07-01,37.64430300111268,25.0,33.334130122392914,4.993010049514215,2.335415455502392,7,2023,-0.4999999999999997,-0.8660254037844388,39.0,38.0,38.0,32.0,61.0,39.0,38.0,38.0,31.0,61.0,31.768251166309657,33.08904350536841,24.5,26.0,38.56296459070819,4.993010049514215,4.993010049514215,4.993010049514215,6.7177011669648845,8.385610974876897,2.335415455502392,2.335415455502392,1.819349457525865,2.393258999046813,2.9113385612760485,38.333333333333336,36.0,0.5773502691896247,29.785764890559353
Jammu,Poonch,Poonch PCC Office 1075,2023-08-01,11.0,11.0,33.334130122392914,4.993010049514215,2.335415455502392,8,2023,-0.8660254037844384,-0.5000000000000004,37.64430300111268,39.0,38.0,34.0,61.0,25.0,39.0,38.0,34.0,61.0,33.334130122392914,31.768251166309657,33.08904350536841,26.0,42.79362031397702,4.993010049514215,4.993010049514215,4.993010049514215,4.993010049514215,9.343806703410566,2.335415455502392,2.335415455502392,2.335415455502392,1.819349457525865,7.610722969972687,38.21476766703756,36.94071716685211,0.7029028747284981,32.730474931356994
Jammu,Poonch,Poonch PCC Office 1075,2023-09-01,36.70751647430735,41.0,32.75261886072607,7.028376747416998,3.0849109264715016,9,2023,-1.0,-1.8369701987210297e-16,11.0,37.64430300111268,39.0,35.0,38.0,11.0,25.0,39.0,35.0,38.0,33.334130122392914,33.334130122392914,31.768251166309657,25.25,24.0,4.993010049514215,4.993010049514215,4.993010049514215,4.993010049514215,5.996528008548903,2.335415455502392,2.335415455502392,2.335415455502392,1.819349457525865,2.013797155098442,29.214767667037563,33.10738383351878,15.789008818203751,32.81217047036517
Jammu,Poonch,Poonch PCC Office 1075,2023-10-01,36.70751647430735,42.0,20.0,7.028376747416998,2.393258999046813,10,2023,-0.8660254037844386,0.5000000000000001,36.70751647430735,11.0,37.64430300111268,38.0,32.0,41.0,11.0,25.0,38.0,32.0,32.75261886072607,33.334130122392914,33.334130122392914,24.5,20.0,7.028376747416998,4.993010049514215,4.993010049514215,4.993010049514215,6.991858205583399,3.0849109264715016,2.335415455502392,2.335415455502392,1.819349457525865,2.393258999046813,28.450606491806678,33.391969912570005,15.119925345322148,33.140293035170636
Jammu,Poonch,Poonch PCC Office 1075,2023-11-01,25.8,43.0,20.5,7.492064089762763,2.393258999046813,11,2023,-0.5000000000000004,0.8660254037844384,36.70751647430735,36.70751647430735,11.0,38.0,37.184990621468486,42.0,41.0,11.0,38.0,44.0,20.0,32.75261886072607,33.334130122392914,33.08904350536841,20.0,7.028376747416998,7.028376747416998,4.993010049514215,4.993010049514215,7.899986108390131,2.393258999046813,3.0849109264715016,2.335415455502392,2.335415455502392,2.393258999046813,28.138344316204897,33.176555991621235,14.842241556638088,28.695582994372995
Jammu,Poonch,Poonch PCC Office 1075,2023-12-01,45.0,44.0,21.0,8.157921109179586,2.393258999046813,12,2023,-2.4492935982947064e-16,1.0,25.8,36.70751647430735,36.70751647430735,39.0,37.184990621468486,43.0,42.0,41.0,39.0,37.0,20.5,20.0,32.75261886072607,31.768251166309657,28.0,7.492064089762763,7.028376747416998,7.028376747416998,4.993010049514215,5.250945050303677,2.393258999046813,2.393258999046813,3.0849109264715016,2.335415455502392,2.036541098739475,33.07167764953823,31.143222658287893,6.2974575726316235,24.417539620242025
Jammu,Poonch,Poonch PCC Office 1075,2024-01-01,45.0,45.0,23.0,8.157921109179586,2.4814237294145327,1,2024,0.49999999999999994,0.8660254037844387,45.0,25.8,36.70751647430735,37.64430300111268,32.0,44.0,43.0,42.0,25.0,31.0,21.0,20.5,20.0,33.334130122392914,26.0,8.157921109179586,7.492064089762763,7.028376747416998,4.993010049514215,6.7177011669648845,2.393258999046813,2.393258999046813,2.393258999046813,2.335415455502392,2.393258999046813,35.83583882476912,32.1432226582879,9.629634803227399,20.5
Jammu,Poonch,Poonch PCC Office 1075,2024-02-01,45.0,45.0,19.0,9.939624147302448,3.3133587604700696,2,2024,0.8660254037844386,0.5000000000000001,45.0,45.0,25.8,11.0,34.0,45.0,44.0,43.0,11.0,34.0,23.0,21.0,20.5,33.334130122392914,26.0,8.157921109179586,8.157921109179586,7.492064089762763,4.993010049514215,4.993010049514215,2.4814237294145327,2.393258999046813,2.393258999046813,2.335415455502392,1.819349457525865,38.6,33.36917215810245,11.085125168440817,21.5
Jammu,Poonch,Poonch PCC Office 1075,2024-03-01,41.0,41.0,20.0,10.906041086857693,3.775608510091685,3,2024,1.0,6.123233995736766e-17,45.0,45.0,45.0,36.70751647430735,35.0,45.0,45.0,44.0,41.0,35.0,19.0,23.0,21.0,32.75261886072607,25.25,9.939624147302448,8.157921109179586,8.157921109179586,7.028376747416998,4.993010049514215,3.3133587604700696,2.4814237294145327,2.393258999046813,3.0849109264715016,1.819349457525865,45.0,39.035838824769115,0.0,21.0
Jammu,Poonch,Poonch PCC Office 1075,2024-04-01,43.0,43.0,21.0,11.0547815077418,3.7092103608106624,4,2024,0.8660254037844387,-0.4999999999999998,41.0,45.0,45.0,36.70751647430735,38.0,41.0,45.0,45.0,42.0,38.0,20.0,19.0,23.0,20.0,24.5,10.906041086857693,9.939624147302448,8.157921109179586,7.028376747416998,4.993010049514215,3.775608510091685,3.3133587604700696,2.4814237294145327,2.393258999046813,1.819349457525865,43.666666666666664,39.75125274571789,2.309401076758502,20.666666666666668
Jammu,Poonch,Poonch PCC Office 1075,2024-05-01,45.0,45.0,20.0,8.157921109179586,2.4814237294145327,5,2024,0.49999999999999994,-0.8660254037844387,43.0,41.0,45.0,25.8,38.0,43.0,41.0,45.0,43.0,38.0,21.0,20.0,19.0,20.5,33.08904350536841,11.0547815077418,10.906041086857693,9.939624147302448,7.492064089762763,4.993010049514215,3.7092103608106624,3.775608510091685,3.3133587604700696,2.393258999046813,2.335415455502392,43.0,40.800000000000004,1.9999999999999982,20.0
Jammu,Poonch,Poonch PCC Office 1075,2024-06-01,45.0,45.0,20.0,8.214933029851784,2.5478218786955558,6,2024,1.2246467991473532e-16,-1.0,45.0,43.0,41.0,45.0,39.0,45.0,43.0,41.0,44.0,39.0,20.0,21.0,20.0,21.0,31.768251166309657,8.157921109179586,11.0547815077418,10.906041086857693,8.157921109179586,4.993010049514215,2.4814237294145327,3.7092103608106624,3.775608510091685,2.393258999046813,2.335415455502392,43.0,44.0,1.9999999999999982,20.333333333333332
Jammu,Poonch,Poonch PCC Office 1075,2024-07-01,39.0,34.0,19.0,8.870674388954916,2.7394050219748007,7,2024,-0.4999999999999997,-0.8660254037844388,45.0,45.0,43.0,45.0,37.64430300111268,45.0,45.0,43.0,45.0,25.0,20.0,20.0,21.0,23.0,33.334130122392914,8.214933029851784,8.157921109179586,11.0547815077418,8.157921109179586,4.993010049514215,2.5478218786955558,2.4814237294145327,3.7092103608106624,2.4814237294145327,2.335415455502392,44.333333333333336,44.0,1.154700538379248,20.333333333333332
Jammu,Poonch,Poonch PCC Office 1075,2024-08-01,21.0,37.333333333333336,21.0,8.55572746749326,2.673006872693778,8,2024,-0.8660254037844384,-0.5000000000000004,39.0,45.0,45.0,45.0,11.0,34.0,45.0,45.0,45.0,11.0,19.0,20.0,20.0,19.0,33.334130122392914,8.870674388954916,8.214933029851784,8.157921109179586,9.939624147302448,4.993010049514215,2.7394050219748007,2.5478218786955558,2.4814237294145327,3.3133587604700696,2.335415455502392,43.0,43.0,3.4641016151377544,19.666666666666668
Jammu,Poonch,Poonch PCC Office 1075,2024-09-01,24.0,40.66666666666666,24.0,7.028376747416998,2.393258999046813,9,2024,-1.0,-1.8369701987210297e-16,21.0,39.0,45.0,41.0,36.70751647430735,37.333333333333336,34.0,45.0,41.0,41.0,21.0,19.0,20.0,20.0,32.75261886072607,8.55572746749326,8.870674388954916,8.214933029851784,10.906041086857693,7.028376747416998,2.673006872693778,2.7394050219748007,2.5478218786955558,3.775608510091685,3.0849109264715016,35.0,39.0,12.489995996796797,20.0
Jammu,Poonch,Poonch PCC Office 1075,2024-10-01,44.0,44.0,22.0,7.899986108390131,2.393258999046813,10,2024,-0.8660254037844386,0.5000000000000001,24.0,21.0,39.0,43.0,36.70751647430735,40.66666666666666,37.333333333333336,34.0,43.0,42.0,24.0,21.0,19.0,21.0,20.0,7.028376747416998,8.55572746749326,8.870674388954916,11.0547815077418,7.028376747416998,2.393258999046813,2.673006872693778,2.7394050219748007,3.7092103608106624,2.393258999046813,28.0,36.166666666666664,9.643650760992955,21.333333333333332
Jammu,Poonch,Poonch PCC Office 1075,2024-11-01,45.0,45.0,24.0,8.157921109179586,2.4814237294145327,11,2024,-0.5000000000000004,0.8660254037844384,44.0,24.0,21.0,45.0,25.8,44.0,40.66666666666666,37.333333333333336,45.0,43.0,22.0,24.0,21.0,20.0,20.5,7.899986108390131,7.028376747416998,8.55572746749326,8.157921109179586,7.492064089762763,2.393258999046813,2.393258999046813,2.673006872693778,2.4814237294145327,2.393258999046813,29.666666666666668,36.333333333333336,12.503332889007368,22.333333333333332
Jammu,Poonch,Poonch PCC Office 1075,2024-12-01,61.0,61.0,40.0,10.402426469550043,5.539648136002985,12,2024,-2.4492935982947064e-16,1.0,45.0,44.0,24.0,45.0,45.0,45.0,44.0,40.66666666666666,45.0,44.0,24.0,22.0,24.0,20.0,21.0,8.157921109179586,7.899986108390131,7.028376747416998,8.214933029851784,8.157921109179586,2.4814237294145327,2.393258999046813,2.393258999046813,2.5478218786955558,2.393258999046813,37.666666666666664,36.333333333333336,11.846237095944574,23.333333333333332
Jammu,Poonch,Poonch PCC Office 1075,2025-01-01,61.0,61.0,43.0,11.775182015343267,6.388999994948004,1,2025,0.49999999999999994,0.8660254037844387,61.0,45.0,44.0,39.0,45.0,61.0,45.0,44.0,34.0,45.0,40.0,24.0,22.0,19.0,23.0,10.402426469550043,8.157921109179586,7.899986108390131,8.870674388954916,8.157921109179586,5.539648136002985,2.4814237294145327,2.393258999046813,2.7394050219748007,2.4814237294145327,50.0,39.0,9.539392014169456,28.666666666666668
Jammu,Poonch,Poonch PCC Office 1075,2025-02-01,61.0,61.0,40.0,11.61285731255391,6.256633498302223,2,2025,0.8660254037844386,0.5000000000000001,61.0,61.0,45.0,21.0,45.0,61.0,61.0,45.0,37.333333333333336,45.0,43.0,40.0,24.0,21.0,19.0,11.775182015343267,10.402426469550043,8.157921109179586,8.55572746749326,9.939624147302448,6.388999994948004,5.539648136002985,2.4814237294145327,2.673006872693778,3.3133587604700696,55.666666666666664,42.666666666666664,9.237604307034013,35.666666666666664
Jammu,Poonch,Poonch PCC Office 1075,2025-03-01,59.0,59.0,37.0,11.59073342091166,6.256633498302223,3,2025,1.0,6.123233995736766e-17,61.0,61.0,61.0,24.0,41.0,61.0,61.0,61.0,40.66666666666666,41.0,40.0,43.0,40.0,24.0,20.0,11.61285731255391,11.775182015343267,10.402426469550043,7.028376747416998,10.906041086857693,6.256633498302223,6.388999994948004,5.539648136002985,2.393258999046813,3.775608510091685,61.0,49.333333333333336,0.0,41.0
Jammu,Poonch,Poonch PCC Office 1075,2025-04-01,62.0,62.0,31.0,11.61285731255391,5.903238076046817,4,2025,0.8660254037844387,-0.4999999999999998,59.0,61.0,61.0,44.0,43.0,59.0,61.0,61.0,44.0,43.0,37.0,40.0,43.0,22.0,21.0,11.59073342091166,11.61285731255391,11.775182015343267,7.899986108390131,11.0547815077418,6.256633498302223,6.256633498302223,6.388999994948004,2.393258999046813,3.7092103608106624,60.333333333333336,55.166666666666664,1.1547005383792526,40.0
Jammu,Poonch,Poonch PCC Office 1075,2025-05-01,62.0,62.0,33.0,11.46445057503682,5.29829539634932,5,2025,0.49999999999999994,-0.8660254037844387,62.0,59.0,61.0,45.0,45.0,62.0,59.0,61.0,45.0,45.0,31.0,37.0,40.0,24.0,20.0,11.61285731255391,11.59073342091166,11.61285731255391,8.157921109179586,8.157921109179586,5.903238076046817,6.256633498302223,6.256633498302223,2.4814237294145327,2.4814237294145327,60.666666666666664,58.166666666666664,1.5275252316519485,36.0
Jammu,Poonch,Poonch PCC Office 1075,2025-06-01,64.0,64.0,30.0,11.518580869501417,5.128889118543684,6,2025,1.2246467991473532e-16,-1.0,62.0,62.0,59.0,61.0,45.0,62.0,62.0,59.0,61.0,45.0,33.0,31.0,37.0,40.0,20.0,11.46445057503682,11.61285731255391,11.59073342091166,10.402426469550043,8.214933029851784,5.29829539634932,5.903238076046817,6.256633498302223,5.539648136002985,2.5478218786955558,61.0,61.0,1.7320508075688787,33.666666666666664
Jammu,Poonch,Poonch PCC Office 1075,2025-07-01,63.0,63.0,37.0,11.22804660805683,5.539648136002985,7,2025,-0.4999999999999997,-0.8660254037844388,64.0,62.0,62.0,61.0,39.0,64.0,62.0,62.0,61.0,34.0,30.0,33.0,31.0,43.0,19.0,11.518580869501417,11.46445057503682,11.61285731255391,11.775182015343267,8.870674388954916,5.128889118543684,5.29829539634932,5.903238076046817,6.388999994948004,2.7394050219748007,62.666666666666664,61.5,1.1547005383792526,31.333333333333332
Jammu,Poonch,Poonch PCC Office 1075,2025-08-01,65.0,65.0,25.0,11.460111151733004,3.780907316340228,8,2025,-0.8660254037844384,-0.5000000000000004,63.0,64.0,62.0,61.0,21.0,63.0,64.0,62.0,61.0,37.333333333333336,37.0,30.0,33.0,40.0,21.0,11.22804660805683,11.518580869501417,11.46445057503682,11.61285731255391,8.55572746749326,5.539648136002985,5.128889118543684,5.29829539634932,6.256633498302223,2.673006872693778,63.0,61.833333333333336,1.0000000000000018,33.333333333333336
Jammu,Poonch,Poonch PCC Office 1075,2025-09-01,63.0,63.0,27.0,11.22804660805683,4.420420672057543,9,2025,-1.0,-1.8369701987210297e-16,65.0,63.0,64.0,59.0,24.0,65.0,63.0,64.0,59.0,40.66666666666666,25.0,37.0,30.0,37.0,24.0,11.460111151733004,11.22804660805683,11.518580869501417,11.59073342091166,7.028376747416998,3.780907316340228,5.539648136002985,5.128889118543684,6.256633498302223,2.393258999046813,64.0,62.5,1.0000000000000018,30.666666666666668
Jammu,Poonch,Poonch PCC Office 1075,2025-10-01,63.0,63.0,27.25,11.08919510700471,4.5701046975360935,10,2025,-0.8660254037844386,0.5000000000000001,63.0,65.0,63.0,62.0,44.0,63.0,65.0,63.0,62.0,44.0,27.0,25.0,37.0,31.0,22.0,11.22804660805683,11.460111151733004,11.22804660805683,11.61285731255391,7.899986108390131,4.420420672057543,3.780907316340228,5.539648136002985,5.903238076046817,2.393258999046813,63.666666666666664,63.166666666666664,1.1547005383792526,29.666666666666668
Jammu,Poonch,Poonch PCC Office 1075,2025-11-01,68.0,68.0,27.5,13.381882083481852,5.027205617956639,11,2025,-0.5000000000000004,0.8660254037844384,63.0,63.0,65.0,62.0,45.0,63.0,63.0,65.0,62.0,45.0,27.25,27.0,25.0,33.0,24.0,11.08919510700471,11.22804660805683,11.460111151733004,11.46445057503682,8.157921109179586,4.5701046975360935,4.420420672057543,3.780907316340228,5.29829539634932,2.4814237294145327,63.666666666666664,63.333333333333336,1.1547005383792526,26.416666666666668
Jammu,Poonch,Poonch PCC Office 1075,2025-12-01,69.0,69.0,27.75,14.164496427664384,4.257101362006747,12,2025,-2.4492935982947064e-16,1.0,68.0,63.0,63.0,64.0,61.0,68.0,63.0,63.0,64.0,61.0,27.5,27.25,27.0,30.0,40.0,13.381882083481852,11.08919510700471,11.22804660805683,11.518580869501417,10.402426469550043,5.027205617956639,4.5701046975360935,4.420420672057543,5.128889118543684,5.539648136002985,64.66666666666667,64.33333333333333,2.886751345948127,27.25
Jammu,Poonch,Poonch PCC Office 1075,2026-01-01,63.0,63.0,28.0,11.649369682072685,4.358784862593792,1,2026,0.49999999999999994,0.8660254037844387,69.0,68.0,63.0,63.0,61.0,69.0,68.0,63.0,63.0,61.0,27.75,27.5,27.25,37.0,43.0,14.164496427664384,13.381882083481852,11.08919510700471,11.22804660805683,11.775182015343267,4.257101362006747,5.027205617956639,4.5701046975360935,5.539648136002985,6.388999994948004,66.66666666666667,65.16666666666667,3.2145502536643145,27.5
Jammu,Poonch,Poonch PCC Office 1075,2026-02-01,61.0,61.0,28.0,10.426329947502063,4.5701046975360935,2,2026,0.8660254037844386,0.5000000000000001,63.0,69.0,68.0,65.0,61.0,63.0,69.0,68.0,65.0,61.0,28.0,27.75,27.5,25.0,40.0,11.649369682072685,14.164496427664384,13.381882083481852,11.460111151733004,11.61285731255391,4.358784862593792,4.257101362006747,5.027205617956639,3.780907316340228,6.256633498302223,66.66666666666667,65.16666666666667,3.2145502536643145,27.75
Jammu,Poonch,Poonch PCC Office 1075,2026-03-01,63.19746696302768,62.77777777777778,28.153846153846157,11.528282393213852,5.128889118543684,3,2026,1.0,6.123233995736766e-17,61.0,63.0,69.0,63.0,59.0,61.0,63.0,69.0,63.0,59.0,28.0,28.0,27.75,27.0,37.0,10.426329947502063,11.649369682072685,14.164496427664384,11.22804660805683,11.59073342091166,4.5701046975360935,4.358784862593792,4.257101362006747,4.420420672057543,6.256633498302223,64.33333333333333,64.5,4.163331998932262,27.916666666666668
Jammu,Rajouri,Rajouri PCC Office Near Panja Chowk 1073,2023-01-01,69.0,69.0,35.0,12.345946537007793,5.284183023468941,1,2023,0.49999999999999994,0.8660254037844387,66.0,66.0,75.6404548815322,77.0,63.19746696302768,66.0,68.75,71.5,77.0,64.55555555555556,30.0,33.50795778225928,27.381420196245134,29.55466926072707,28.307692307692307,11.808670007355554,13.4800710293993,11.19311757967995,12.029465440482111,11.518580869501417,4.358784862593792,4.778636332264293,4.085653092172219,3.9322604420830616,5.128889118543684,69.21348496051074,72.8801516271774,5.56591922096306,30.296459326168144
Jammu,Rajouri,Rajouri PCC Office Near Panja Chowk 1073,2023-02-01,164.0,73.5,164.0,34.0,2.972032254371976,2,2023,0.8660254037844386,0.5000000000000001,69.0,66.0,66.0,77.0,38.73333333333333,69.0,66.0,68.75,77.0,64.55555555555556,35.0,30.0,33.50795778225928,29.55466926072707,35.86830207979346,12.345946537007793,11.808670007355554,13.4800710293993,12.029465440482111,11.518580869501417,5.284183023468941,4.358784862593792,4.778636332264293,3.9322604420830616,6.256633498302223,67.0,71.54681829384407,1.7320508075688772,32.83598592741976
Jammu,Rajouri,Rajouri PCC Office Near Panja Chowk 1073,2023-03-01,85.0,78.0,62.0,33.92857142857143,3.0872873922705377,3,2023,1.0,6.123233995736766e-17,164.0,69.0,66.0,75.6404548815322,38.73333333333333,73.5,69.0,66.0,74.25,64.55555555555556,164.0,35.0,30.0,32.531044957622655,35.86830207979346,34.0,12.345946537007793,11.808670007355554,11.40364794973972,11.216006999414702,2.972032254371976,5.284183023468941,4.358784862593792,4.494333163024749,5.539131844085375,99.66666666666667,86.04681829384407,55.734489621179215,76.33333333333333
Jammu,Rajouri,Rajouri PCC Office Near Panja Chowk 1073,2023-04-01,71.0,82.5,71.0,33.857142857142854,2.5085658991278263,4,2023,0.8660254037844387,-0.4999999999999998,85.0,164.0,69.0,75.6404548815322,38.73333333333333,78.0,73.5,69.0,71.5,64.55555555555556,62.0,164.0,35.0,27.381420196245134,35.86830207979346,33.92857142857143,34.0,12.345946537007793,11.19311757967995,11.216006999414702,3.0872873922705377,2.972032254371976,5.284183023468941,4.085653092172219,5.539131844085375,106.0,87.60674248025536,50.86255990411808,87.0
Jammu,Rajouri,Rajouri PCC Office Near Panja Chowk 1073,2023-05-01,87.0,87.0,68.0,12.775387347202413,5.660987936223687,5,2023,0.49999999999999994,-0.8660254037844387,71.0,85.0,164.0,66.0,46.2,82.5,78.0,73.5,68.75,77.0,71.0,62.0,164.0,33.50795778225928,35.52166932724599,33.857142857142854,33.92857142857143,34.0,13.4800710293993,13.75437960608753,2.5085658991278263,3.0872873922705377,2.972032254371976,4.778636332264293,6.054287279418833,106.66666666666667,86.83333333333333,50.14312847572769,99.0
Jammu,Rajouri,Rajouri PCC Office Near Panja Chowk 1073,2023-06-01,86.0,83.0,75.0,14.728045442592355,6.669165098658605,6,2023,1.2246467991473532e-16,-1.0,87.0,71.0,85.0,66.0,46.2,87.0,82.5,78.0,66.0,77.0,68.0,71.0,62.0,30.0,40.3851325600469,12.775387347202413,33.857142857142854,33.92857142857143,11.808670007355554,13.264559470878524,5.660987936223687,2.5085658991278263,3.0872873922705377,4.358784862593792,4.959342103545255,81.0,90.33333333333333,8.71779788708125,67.0
Jammu,Rajouri,Rajouri PCC Office Near Panja Chowk 1073,2023-07-01,93.0,78.0,88.0,13.770607985592262,6.306961218794181,7,2023,-0.4999999999999997,-0.8660254037844388,86.0,87.0,71.0,69.0,77.0,83.0,87.0,82.5,69.0,77.0,75.0,68.0,71.0,35.0,29.55466926072707,14.728045442592355,12.775387347202413,33.857142857142854,12.345946537007793,12.029465440482111,6.669165098658605,5.660987936223687,2.5085658991278263,5.284183023468941,3.9322604420830616,81.33333333333333,93.66666666666667,8.96288643983241,71.33333333333333
Jammu,Rajouri,Rajouri PCC Office Near Panja Chowk 1073,2023-08-01,76.0,76.0,36.0,12.897749571232705,4.959342103545255,8,2023,-0.8660254037844384,-0.5000000000000004,93.0,86.0,87.0,164.0,77.0,78.0,83.0,87.0,73.5,77.0,88.0,75.0,68.0,164.0,29.55466926072707,13.770607985592262,14.728045442592355,12.775387347202413,34.0,12.029465440482111,6.306961218794181,6.669165098658605,5.660987936223687,2.972032254371976,3.9322604420830616,88.66666666666667,97.66666666666667,3.7859388972000225,77.0
Jammu,Rajouri,Rajouri PCC Office Near Panja Chowk 1073,2023-09-01,76.0,76.0,39.5,11.40364794973972,4.735685902678414,9,2023,-1.0,-1.8369701987210297e-16,76.0,93.0,86.0,85.0,75.6404548815322,76.0,78.0,83.0,78.0,74.25,36.0,88.0,75.0,62.0,32.531044957622655,12.897749571232705,13.770607985592262,14.728045442592355,33.92857142857143,11.40364794973972,4.959342103545255,6.306961218794181,6.669165098658605,3.0872873922705377,4.494333163024749,85.0,83.0,8.54400374531745,66.33333333333333
Jammu,Rajouri,Rajouri PCC Office Near Panja Chowk 1073,2023-10-01,79.0,79.0,43.0,12.029465440482111,5.424862659395595,10,2023,-0.8660254037844386,0.5000000000000001,76.0,76.0,93.0,71.0,75.6404548815322,76.0,76.0,78.0,82.5,71.5,39.5,36.0,88.0,71.0,27.381420196245134,11.40364794973972,12.897749571232705,13.770607985592262,33.857142857142854,11.19311757967995,4.735685902678414,4.959342103545255,6.306961218794181,2.5085658991278263,4.085653092172219,81.66666666666667,81.5,9.814954576223558,54.5
Jammu,Rajouri,Rajouri PCC Office Near Panja Chowk 1073,2023-11-01,78.0,78.0,30.0,12.269004059852875,3.9322604420830616,11,2023,-0.5000000000000004,0.8660254037844384,79.0,76.0,76.0,87.0,66.0,79.0,76.0,76.0,87.0,68.75,43.0,39.5,36.0,68.0,33.50795778225928,12.029465440482111,11.40364794973972,12.897749571232705,12.775387347202413,13.4800710293993,5.424862659395595,4.735685902678414,4.959342103545255,5.660987936223687,4.778636332264293,77.0,82.83333333333333,1.7320508075688772,39.5
Jammu,Rajouri,Rajouri PCC Office Near Panja Chowk 1073,2023-12-01,71.0,71.0,34.0,11.48488182363755,4.494333163024749,12,2023,-2.4492935982947064e-16,1.0,78.0,79.0,76.0,86.0,66.0,78.0,79.0,76.0,83.0,66.0,30.0,43.0,39.5,75.0,30.0,12.269004059852875,12.029465440482111,11.40364794973972,14.728045442592355,11.808670007355554,3.9322604420830616,5.424862659395595,4.735685902678414,6.669165098658605,4.358784862593792,77.66666666666667,81.33333333333333,1.5275252316519463,37.5
Jammu,Rajouri,Rajouri PCC Office Near Panja Chowk 1073,2024-01-01,78.0,78.0,30.0,13.930681927945743,4.151108351747411,1,2024,0.49999999999999994,0.8660254037844387,71.0,78.0,79.0,93.0,69.0,71.0,78.0,79.0,78.0,69.0,34.0,30.0,43.0,88.0,35.0,11.48488182363755,12.269004059852875,12.029465440482111,13.770607985592262,12.345946537007793,4.494333163024749,3.9322604420830616,5.424862659395595,6.306961218794181,5.284183023468941,76.0,78.83333333333333,4.358898943540673,35.666666666666664
Jammu,Rajouri,Rajouri PCC Office Near Panja Chowk 1073,2024-02-01,77.0,77.0,25.0,13.679813096019776,3.762210812482216,2,2024,0.8660254037844386,0.5000000000000001,78.0,71.0,78.0,76.0,164.0,78.0,71.0,78.0,76.0,73.5,30.0,34.0,30.0,36.0,164.0,13.930681927945743,11.48488182363755,12.269004059852875,12.897749571232705,34.0,4.151108351747411,4.494333163024749,3.9322604420830616,4.959342103545255,2.972032254371976,75.66666666666667,76.33333333333333,4.041451884327379,31.333333333333332
Jammu,Rajouri,Rajouri PCC Office Near Panja Chowk 1073,2024-03-01,77.0,77.0,28.0,12.029465440482111,3.9322604420830616,3,2024,1.0,6.123233995736766e-17,77.0,78.0,71.0,76.0,85.0,77.0,78.0,71.0,76.0,78.0,25.0,30.0,34.0,39.5,62.0,13.679813096019776,13.930681927945743,11.48488182363755,11.40364794973972,33.92857142857143,3.762210812482216,4.151108351747411,4.494333163024749,4.735685902678414,3.0872873922705377,75.33333333333333,76.5,3.7859388972001824,29.666666666666668
Jammu,Rajouri,Rajouri PCC Office Near Panja Chowk 1073,2024-04-01,75.0,75.0,32.0,11.40364794973972,4.494333163024749,4,2024,0.8660254037844387,-0.4999999999999998,77.0,77.0,78.0,79.0,71.0,77.0,77.0,78.0,79.0,82.5,28.0,25.0,30.0,43.0,71.0,12.029465440482111,13.679813096019776,13.930681927945743,12.029465440482111,33.857142857142854,3.9322604420830616,3.762210812482216,4.151108351747411,5.424862659395595,2.5085658991278263,77.33333333333333,76.66666666666667,0.577350269189637,27.666666666666668
Jammu,Rajouri,Rajouri PCC Office Near Panja Chowk 1073,2024-05-01,75.0,75.0,28.0,11.40364794973972,4.085653092172219,5,2024,0.49999999999999994,-0.8660254037844387,75.0,77.0,77.0,78.0,87.0,75.0,77.0,77.0,78.0,87.0,32.0,28.0,25.0,30.0,68.0,11.40364794973972,12.029465440482111,13.679813096019776,12.269004059852875,12.775387347202413,4.494333163024749,3.9322604420830616,3.762210812482216,3.9322604420830616,5.660987936223687,76.33333333333333,76.0,1.1547005383792495,28.333333333333332
Jammu,Rajouri,Rajouri PCC Office Near Panja Chowk 1073,2024-06-01,82.0,82.0,28.0,12.092314112064908,4.151108351747411,6,2024,1.2246467991473532e-16,-1.0,75.0,75.0,77.0,71.0,86.0,75.0,75.0,77.0,71.0,83.0,28.0,32.0,28.0,34.0,75.0,11.40364794973972,11.40364794973972,12.029465440482111,11.48488182363755,14.728045442592355,4.085653092172219,4.494333163024749,3.9322604420830616,4.494333163024749,6.669165098658605,75.66666666666667,75.5,1.1547005383792495,29.333333333333332
Jammu,Rajouri,Rajouri PCC Office Near Panja Chowk 1073,2024-07-01,75.0,75.0,32.0,11.40364794973972,3.99067579908693,7,2024,-0.4999999999999997,-0.8660254037844388,82.0,75.0,75.0,78.0,93.0,82.0,75.0,75.0,78.0,78.0,28.0,28.0,32.0,30.0,88.0,12.092314112064908,11.40364794973972,11.40364794973972,13.930681927945743,13.770607985592262,4.151108351747411,4.085653092172219,4.494333163024749,4.151108351747411,6.306961218794181,77.33333333333333,77.33333333333333,4.041451884327382,29.333333333333332
Jammu,Rajouri,Rajouri PCC Office Near Panja Chowk 1073,2024-08-01,77.0,77.0,28.0,13.523567061975095,4.151108351747411,8,2024,-0.8660254037844384,-0.5000000000000004,75.0,82.0,75.0,77.0,76.0,75.0,82.0,75.0,77.0,76.0,32.0,28.0,28.0,25.0,36.0,11.40364794973972,12.092314112064908,11.40364794973972,13.679813096019776,12.897749571232705,3.99067579908693,4.151108351747411,4.085653092172219,3.762210812482216,4.959342103545255,77.33333333333333,76.83333333333333,4.041451884327382,29.333333333333332
Jammu,Rajouri,Rajouri PCC Office Near Panja Chowk 1073,2024-09-01,77.0,77.0,28.0,12.029465440482111,3.9322604420830616,9,2024,-1.0,-1.8369701987210297e-16,77.0,75.0,82.0,77.0,76.0,77.0,75.0,82.0,77.0,76.0,28.0,32.0,28.0,28.0,39.5,13.523567061975095,11.40364794973972,12.092314112064908,12.029465440482111,11.40364794973972,4.151108351747411,3.99067579908693,4.151108351747411,3.9322604420830616,4.735685902678414,78.0,76.83333333333333,3.6055512754639927,29.333333333333332
Jammu,Rajouri,Rajouri PCC Office Near Panja Chowk 1073,2024-10-01,78.0,78.0,27.0,12.029465440482111,3.8793215525693063,10,2024,-0.8660254037844386,0.5000000000000001,77.0,77.0,75.0,75.0,79.0,77.0,77.0,75.0,75.0,79.0,28.0,28.0,32.0,32.0,43.0,12.029465440482111,13.523567061975095,11.40364794973972,11.40364794973972,12.029465440482111,3.9322604420830616,4.151108351747411,3.99067579908693,4.494333163024749,5.424862659395595,76.33333333333333,76.83333333333333,1.1547005383792632,29.333333333333332
Jammu,Rajouri,Rajouri PCC Office Near Panja Chowk 1073,2024-11-01,79.0,79.0,28.0,12.269004059852875,3.9322604420830616,11,2024,-0.5000000000000004,0.8660254037844384,78.0,77.0,77.0,75.0,78.0,78.0,77.0,77.0,75.0,78.0,27.0,28.0,28.0,28.0,30.0,12.029465440482111,12.029465440482111,13.523567061975095,11.40364794973972,12.269004059852875,3.8793215525693063,3.9322604420830616,4.151108351747411,4.085653092172219,3.9322604420830616,77.33333333333333,77.33333333333333,0.5773502691896278,27.666666666666668
Jammu,Rajouri,Rajouri PCC Office Near Panja Chowk 1073,2024-12-01,79.0,79.0,41.0,12.269004059852875,4.959342103545255,12,2024,-2.4492935982947064e-16,1.0,79.0,78.0,77.0,82.0,71.0,79.0,78.0,77.0,82.0,71.0,28.0,27.0,28.0,28.0,34.0,12.269004059852875,12.029465440482111,12.029465440482111,12.092314112064908,11.48488182363755,3.9322604420830616,3.8793215525693063,3.9322604420830616,4.151108351747411,4.494333163024749,78.0,78.0,1.0000000000000018,27.666666666666668
Jammu,Rajouri,Rajouri PCC Office Near Panja Chowk 1073,2025-01-01,78.0,78.0,28.0,12.560768303810477,3.9322604420830616,1,2025,0.49999999999999994,0.8660254037844387,79.0,79.0,78.0,75.0,78.0,79.0,79.0,78.0,75.0,78.0,41.0,28.0,27.0,32.0,30.0,12.269004059852875,12.269004059852875,12.029465440482111,11.40364794973972,13.930681927945743,4.959342103545255,3.9322604420830616,3.8793215525693063,3.99067579908693,4.151108351747411,78.66666666666667,77.5,0.5773502691896278,32.0
Jammu,Rajouri,Rajouri PCC Office Near Panja Chowk 1073,2025-02-01,79.0,79.0,27.0,12.560768303810477,3.8793215525693063,2,2025,0.8660254037844386,0.5000000000000001,78.0,79.0,79.0,77.0,77.0,78.0,79.0,79.0,77.0,77.0,28.0,41.0,28.0,28.0,25.0,12.560768303810477,12.269004059852875,12.269004059852875,13.523567061975095,13.679813096019776,3.9322604420830616,4.959342103545255,3.9322604420830616,4.151108351747411,3.762210812482216,78.66666666666667,78.0,0.5773502691896278,32.333333333333336
Jammu,Rajouri,Rajouri PCC Office Near Panja Chowk 1073,2025-03-01,75.0,75.0,26.0,11.40364794973972,3.6967555529070224,3,2025,1.0,6.123233995736766e-17,79.0,78.0,79.0,77.0,77.0,79.0,78.0,79.0,77.0,77.0,27.0,28.0,41.0,28.0,28.0,12.560768303810477,12.560768303810477,12.269004059852875,12.029465440482111,12.029465440482111,3.8793215525693063,3.9322604420830616,4.959342103545255,3.9322604420830616,3.9322604420830616,78.66666666666667,78.33333333333333,0.5773502691896278,32.0
Jammu,Rajouri,Rajouri PCC Office Near Panja Chowk 1073,2025-04-01,78.0,78.0,25.0,12.321229684439714,3.9810587221465696,4,2025,0.8660254037844387,-0.4999999999999998,75.0,79.0,78.0,78.0,75.0,75.0,79.0,78.0,78.0,75.0,26.0,27.0,28.0,27.0,32.0,11.40364794973972,12.560768303810477,12.560768303810477,12.029465440482111,11.40364794973972,3.6967555529070224,3.8793215525693063,3.9322604420830616,3.8793215525693063,4.494333163024749,77.33333333333333,78.0,2.0816659994661317,27.0
Jammu,Rajouri,Rajouri PCC Office Near Panja Chowk 1073,2025-05-01,86.0,86.0,41.0,13.093373010877878,4.781014063717078,5,2025,0.49999999999999994,-0.8660254037844387,78.0,75.0,79.0,79.0,75.0,78.0,75.0,79.0,79.0,75.0,25.0,26.0,27.0,28.0,28.0,12.321229684439714,11.40364794973972,12.560768303810477,12.269004059852875,11.40364794973972,3.9810587221465696,3.6967555529070224,3.8793215525693063,3.9322604420830616,4.085653092172219,77.33333333333333,78.0,2.0816659994661317,26.0
Jammu,Rajouri,Rajouri PCC Office Near Panja Chowk 1073,2025-06-01,86.0,86.0,41.0,13.093373010877878,4.068826163558235,6,2025,1.2246467991473532e-16,-1.0,86.0,78.0,75.0,79.0,82.0,86.0,78.0,75.0,79.0,82.0,41.0,25.0,26.0,41.0,28.0,13.093373010877878,12.321229684439714,11.40364794973972,12.269004059852875,12.092314112064908,4.781014063717078,3.9810587221465696,3.6967555529070224,4.959342103545255,4.151108351747411,79.66666666666667,79.16666666666667,5.686240703077324,30.666666666666668
Jammu,Rajouri,Rajouri PCC Office Near Panja Chowk 1073,2025-07-01,78.0,78.0,29.0,13.770607985592262,3.174596354108113,7,2025,-0.4999999999999997,-0.8660254037844388,86.0,86.0,78.0,78.0,75.0,86.0,86.0,78.0,78.0,75.0,41.0,41.0,25.0,28.0,32.0,13.093373010877878,13.093373010877878,12.321229684439714,12.560768303810477,11.40364794973972,4.068826163558235,4.781014063717078,3.9810587221465696,3.9322604420830616,3.99067579908693,83.33333333333333,80.33333333333333,4.618802153517001,35.666666666666664
Jammu,Rajouri,Rajouri PCC Office Near Panja Chowk 1073,2025-08-01,76.0,76.0,27.0,13.14479049484987,3.8793215525693063,8,2025,-0.8660254037844384,-0.5000000000000004,78.0,86.0,86.0,79.0,77.0,78.0,86.0,86.0,79.0,77.0,29.0,41.0,41.0,27.0,28.0,13.770607985592262,13.093373010877878,13.093373010877878,12.560768303810477,13.523567061975095,3.174596354108113,4.068826163558235,4.781014063717078,3.8793215525693063,4.151108351747411,83.33333333333333,80.33333333333333,4.618802153517004,37.0
Jammu,Rajouri,Rajouri PCC Office Near Panja Chowk 1073,2025-09-01,79.0,79.0,26.0,12.269004059852875,3.762210812482216,9,2025,-1.0,-1.8369701987210297e-16,76.0,78.0,86.0,75.0,77.0,76.0,78.0,86.0,75.0,77.0,27.0,29.0,41.0,26.0,28.0,13.14479049484987,13.770607985592262,13.093373010877878,11.40364794973972,12.029465440482111,3.8793215525693063,3.174596354108113,4.068826163558235,3.6967555529070224,3.9322604420830616,80.0,79.83333333333333,5.291502622129179,32.333333333333336
Jammu,Rajouri,Rajouri PCC Office Near Panja Chowk 1073,2025-10-01,75.0,75.0,27.0,11.40364794973972,3.8138662929941134,10,2025,-0.8660254037844386,0.5000000000000001,79.0,76.0,78.0,78.0,78.0,79.0,76.0,78.0,78.0,78.0,26.0,27.0,29.0,25.0,27.0,12.269004059852875,13.14479049484987,13.770607985592262,12.321229684439714,12.029465440482111,3.762210812482216,3.8793215525693063,3.174596354108113,3.9810587221465696,3.8793215525693063,77.66666666666667,80.5,1.5275252316519359,27.333333333333332
Jammu,Rajouri,Rajouri PCC Office Near Panja Chowk 1073,2025-11-01,76.0,79.33333333333333,31.666666666666668,12.560768303810477,4.778636332264293,11,2025,-0.5000000000000004,0.8660254037844384,75.0,79.0,76.0,86.0,79.0,75.0,79.0,76.0,86.0,79.0,27.0,26.0,27.0,41.0,28.0,11.40364794973972,12.269004059852875,13.14479049484987,13.093373010877878,12.269004059852875,3.8138662929941134,3.762210812482216,3.8793215525693063,4.781014063717078,3.9322604420830616,76.66666666666667,80.0,2.0816659994661264,26.666666666666668
Jammu,Rajouri,Rajouri PCC Office Near Panja Chowk 1073,2025-12-01,86.0,83.66666666666667,36.333333333333336,13.402516795309497,4.781014063717078,12,2025,-2.4492935982947064e-16,1.0,76.0,75.0,79.0,86.0,79.0,79.33333333333333,75.0,79.0,86.0,79.0,31.666666666666668,27.0,26.0,41.0,41.0,12.560768303810477,11.40364794973972,12.269004059852875,13.093373010877878,12.269004059852875,4.778636332264293,3.8138662929941134,3.762210812482216,4.068826163558235,4.959342103545255,76.66666666666667,78.33333333333333,2.0816659994661264,28.222222222222225
Jammu,Rajouri,Rajouri PCC Office Near Panja Chowk 1073,2026-01-01,88.0,88.0,41.0,13.067151591160014,4.068826163558235,1,2026,0.49999999999999994,0.8660254037844387,86.0,76.0,75.0,78.0,78.0,83.66666666666667,79.33333333333333,75.0,78.0,78.0,36.333333333333336,31.666666666666668,27.0,29.0,28.0,13.402516795309497,12.560768303810477,11.40364794973972,13.770607985592262,12.560768303810477,4.781014063717078,4.778636332264293,3.8138662929941134,3.174596354108113,3.9322604420830616,79.0,78.33333333333333,6.0827625302982185,31.666666666666668
Jammu,Rajouri,Rajouri PCC Office Near Panja Chowk 1073,2026-02-01,76.0,76.0,27.0,12.705792961753486,3.1216574645943598,2,2026,0.8660254037844386,0.5000000000000001,88.0,86.0,76.0,76.0,79.0,88.0,83.66666666666667,79.33333333333333,76.0,79.0,41.0,36.333333333333336,31.666666666666668,27.0,27.0,13.067151591160014,13.402516795309497,12.560768303810477,13.14479049484987,12.560768303810477,4.068826163558235,4.781014063717078,4.778636332264293,3.8793215525693063,3.8793215525693063,83.33333333333333,80.0,6.429100507328637,36.333333333333336
Jammu,Rajouri,Rajouri PCC Office Near Panja Chowk 1073,2026-03-01,88.22409054562583,89.0,27.666666666666668,14.0790033568632,3.7539324022548826,3,2026,1.0,6.123233995736766e-17,76.0,88.0,86.0,79.0,75.0,76.0,88.0,83.66666666666667,79.0,75.0,27.0,41.0,36.333333333333336,26.0,26.0,12.705792961753486,13.067151591160014,13.402516795309497,12.269004059852875,11.40364794973972,3.1216574645943598,4.068826163558235,4.781014063717078,3.762210812482216,3.6967555529070224,83.33333333333333,80.0,6.429100507328637,34.77777777777778
Jammu,Ramban,Ramban PCC Office 1064,2023-01-01,78.0,78.0,29.39161020931141,12.560768303810477,3.9322604420830616,1,2023,0.49999999999999994,0.8660254037844387,78.0,83.63491886770389,83.63491886770389,79.0,102.0,79.0,80.0,83.5,79.0,102.0,29.561979388680943,32.32054330928624,30.79252602925675,34.95299311149241,28.33333333333333,13.770607985592262,13.770607985592262,15.270649456470526,15.81645734815062,15.77506645093773,3.9322604420830616,3.8021243346250007,3.765416669195728,4.247154203386412,3.041996298495465,81.75661257846926,86.21163962256797,3.253321925130541,30.891682909074646
Jammu,Ramban,Ramban PCC Office 1064,2023-02-01,61.0,61.0,29.737929541541856,9.91153543606198,3.3252513481053163,2,2023,0.8660254037844386,0.5000000000000001,78.0,78.0,83.63491886770389,106.0,139.0,78.0,79.0,80.0,106.0,139.0,29.39161020931141,29.561979388680943,32.32054330928624,38.00284611165861,29.0,12.560768303810477,13.770607985592262,13.770607985592262,17.955050576882865,24.72865082431757,3.9322604420830616,3.9322604420830616,3.8021243346250007,4.932128612481652,3.6546675466945233,79.87830628923463,86.0449729559013,3.2533219251305434,30.424710969092867
Jammu,Ramban,Ramban PCC Office 1064,2023-03-01,50.0,50.0,27.21381152068497,10.271152752347808,4.5701046975360935,3,2023,1.0,6.123233995736766e-17,61.0,78.0,78.0,87.0,149.0,61.0,78.0,79.0,87.0,149.0,29.737929541541856,29.39161020931141,29.561979388680943,27.145298232514232,28.942857142857143,9.91153543606198,12.560768303810477,13.770607985592262,13.47990235518182,27.014920808208053,3.3252513481053163,3.9322604420830616,3.9322604420830616,3.008691438152429,7.6982216928849665,72.33333333333333,78.5449729559013,9.814954576223636,29.563839713178073
Jammu,Ramban,Ramban PCC Office 1064,2023-04-01,52.0,52.0,31.42094417559376,9.581790278768048,4.734001704514372,4,2023,0.8660254037844387,-0.4999999999999998,50.0,61.0,78.0,83.63491886770389,137.69242372620988,50.0,61.0,78.0,83.5,131.5,27.21381152068497,29.737929541541856,29.39161020931141,30.79252602925675,28.88571428571429,10.271152752347808,9.91153543606198,12.560768303810477,15.270649456470526,22.782222801602767,4.5701046975360935,3.3252513481053163,3.9322604420830616,3.765416669195728,7.227263031537961,63.0,72.37830628923463,14.106735979665883,28.781117090512748
Jammu,Ramban,Ramban PCC Office 1064,2023-05-01,56.0,56.0,33.76471121392932,10.02464432233645,4.734001704514372,5,2023,0.49999999999999994,-0.8660254037844387,52.0,50.0,61.0,83.63491886770389,137.69242372620988,52.0,50.0,61.0,80.0,114.0,31.42094417559376,27.21381152068497,29.737929541541856,32.32054330928624,44.01730564279701,9.581790278768048,10.271152752347808,9.91153543606198,13.770607985592262,18.557859459427284,4.734001704514372,4.5701046975360935,3.3252513481053163,3.8021243346250007,7.970526204365828,54.333333333333336,67.10581981128398,5.859465277082311,29.4575617459402
Jammu,Ramban,Ramban PCC Office 1064,2023-06-01,56.0,56.0,31.01642951312552,10.015469983377857,4.697294039085102,6,2023,1.2246467991473532e-16,-1.0,56.0,52.0,50.0,78.0,79.0,56.0,52.0,50.0,79.0,96.5,33.76471121392932,31.42094417559376,27.21381152068497,29.561979388680943,46.19305915401026,10.02464432233645,9.581790278768048,10.271152752347808,13.770607985592262,16.128188904597305,4.734001704514372,4.734001704514372,4.5701046975360935,3.9322604420830616,6.809775957679684,52.666666666666664,62.5,3.0550504633038873,30.79982230340268
Jammu,Ramban,Ramban PCC Office 1064,2023-07-01,54.0,54.0,31.01642951312552,8.4498201260568,3.569754202597088,7,2023,-0.4999999999999997,-0.8660254037844388,56.0,56.0,52.0,78.0,79.0,56.0,56.0,52.0,78.0,79.0,31.01642951312552,33.76471121392932,31.42094417559376,29.39161020931141,34.95299311149241,10.015469983377857,10.02464432233645,9.581790278768048,12.560768303810477,15.81645734815062,4.697294039085102,4.734001704514372,4.734001704514372,3.9322604420830616,4.247154203386412,54.666666666666664,58.833333333333336,2.3094010767584967,32.067361634216205
Jammu,Ramban,Ramban PCC Office 1064,2023-08-01,50.0,50.0,31.400409182912515,9.122892942065215,4.084148933423786,8,2023,-0.8660254037844384,-0.5000000000000004,54.0,56.0,56.0,61.0,106.0,54.0,56.0,56.0,61.0,106.0,31.01642951312552,31.01642951312552,33.76471121392932,29.737929541541856,38.00284611165861,8.4498201260568,10.015469983377857,10.02464432233645,9.91153543606198,17.955050576882865,3.569754202597088,4.697294039085102,4.734001704514372,3.3252513481053163,4.932128612481652,55.333333333333336,54.833333333333336,1.1547005383792526,31.932523413393454
Jammu,Ramban,Ramban PCC Office 1064,2023-09-01,45.0,45.0,31.897057414835142,10.754256339529036,5.381161320468497,9,2023,-1.0,-1.8369701987210297e-16,50.0,54.0,56.0,50.0,87.0,50.0,54.0,56.0,50.0,87.0,31.400409182912515,31.01642951312552,31.01642951312552,27.21381152068497,27.145298232514232,9.122892942065215,8.4498201260568,10.015469983377857,10.271152752347808,13.47990235518182,4.084148933423786,3.569754202597088,4.697294039085102,4.5701046975360935,3.008691438152429,53.333333333333336,53.0,3.055050463303895,31.144422736387853
Jammu,Ramban,Ramban PCC Office 1064,2023-10-01,46.0,46.0,32.48499587576423,11.044896349281338,5.381161320468497,10,2023,-0.8660254037844386,0.5000000000000001,45.0,50.0,54.0,52.0,83.63491886770389,45.0,50.0,54.0,52.0,83.5,31.897057414835142,31.400409182912515,31.01642951312552,31.42094417559376,30.79252602925675,10.754256339529036,9.122892942065215,8.4498201260568,9.581790278768048,15.270649456470526,5.381161320468497,4.084148933423786,3.569754202597088,4.734001704514372,3.765416669195728,49.666666666666664,52.166666666666664,4.509249752822895,31.437965370291064
Jammu,Ramban,Ramban PCC Office 1064,2023-11-01,46.0,46.333333333333336,32.02291099302693,11.777650447830828,5.939945741476088,11,2023,-0.5000000000000004,0.8660254037844384,46.0,45.0,50.0,56.0,83.63491886770389,46.0,45.0,50.0,56.0,80.0,32.48499587576423,31.897057414835142,31.400409182912515,33.76471121392932,32.32054330928624,11.044896349281338,10.754256339529036,9.122892942065215,10.02464432233645,13.770607985592262,5.381161320468497,5.381161320468497,4.084148933423786,4.734001704514372,3.8021243346250007,47.0,51.166666666666664,2.6457513110645903,31.927487491170627
Jammu,Ramban,Ramban PCC Office 1064,2023-12-01,48.0,46.66666666666666,32.48499587576423,11.777650447830828,5.939945741476088,12,2023,-2.4492935982947064e-16,1.0,46.0,46.0,45.0,56.0,78.0,46.333333333333336,46.0,45.0,56.0,79.0,32.02291099302693,32.48499587576423,31.897057414835142,31.01642951312552,29.561979388680943,11.777650447830828,11.044896349281338,10.754256339529036,10.015469983377857,13.770607985592262,5.939945741476088,5.381161320468497,5.381161320468497,4.697294039085102,3.9322604420830616,45.666666666666664,49.5,0.5773502691896247,32.1349880945421
Jammu,Ramban,Ramban PCC Office 1064,2024-01-01,47.0,47.0,32.48499587576423,12.362557865873246,5.939945741476088,1,2024,0.49999999999999994,0.8660254037844387,48.0,46.0,46.0,54.0,78.0,46.66666666666666,46.333333333333336,46.0,54.0,78.0,32.48499587576423,32.02291099302693,32.48499587576423,31.01642951312552,29.39161020931141,11.777650447830828,11.777650447830828,11.044896349281338,8.4498201260568,12.560768303810477,5.939945741476088,5.939945741476088,5.381161320468497,3.569754202597088,3.9322604420830616,46.666666666666664,48.166666666666664,1.1547005383792526,32.330967581518465
Jammu,Ramban,Ramban PCC Office 1064,2024-02-01,48.0,48.0,35.27673518692923,12.362557865873246,6.256633498302223,2,2024,0.8660254037844386,0.5000000000000001,47.0,48.0,46.0,50.0,61.0,47.0,46.66666666666666,46.333333333333336,50.0,61.0,32.48499587576423,32.48499587576423,32.02291099302693,31.400409182912515,29.737929541541856,12.362557865873246,11.777650447830828,11.777650447830828,9.122892942065215,9.91153543606198,5.939945741476088,5.939945741476088,5.939945741476088,4.084148933423786,3.3252513481053163,47.0,47.0,1.0000000000000018,32.330967581518465
Jammu,Ramban,Ramban PCC Office 1064,2024-03-01,43.0,43.0,29.89559185206061,11.36972842920346,4.564805891287552,3,2024,1.0,6.123233995736766e-17,48.0,47.0,48.0,45.0,50.0,48.0,47.0,46.66666666666666,45.0,50.0,35.27673518692923,32.48499587576423,32.48499587576423,31.897057414835142,27.21381152068497,12.362557865873246,12.362557865873246,11.777650447830828,10.754256339529036,10.271152752347808,6.256633498302223,5.939945741476088,5.939945741476088,5.381161320468497,4.5701046975360935,47.666666666666664,46.666666666666664,0.5773502691896294,33.41557564615256
Jammu,Ramban,Ramban PCC Office 1064,2024-04-01,46.0,46.0,32.48499587576423,11.72063852715863,5.506559530288949,4,2024,0.8660254037844387,-0.4999999999999998,43.0,48.0,47.0,46.0,52.0,43.0,48.0,47.0,46.0,52.0,29.89559185206061,35.27673518692923,32.48499587576423,32.48499587576423,31.42094417559376,11.36972842920346,12.362557865873246,12.362557865873246,11.044896349281338,9.581790278768048,4.564805891287552,6.256633498302223,5.939945741476088,5.381161320468497,4.734001704514372,46.0,46.333333333333336,2.645751311064591,32.55244097158469
Jammu,Ramban,Ramban PCC Office 1064,2024-05-01,47.0,47.0,33.573499516420206,8.214933029851784,3.60646186802636,5,2024,0.49999999999999994,-0.8660254037844387,46.0,43.0,48.0,46.0,56.0,46.0,43.0,48.0,46.333333333333336,56.0,32.48499587576423,29.89559185206061,35.27673518692923,32.02291099302693,33.76471121392932,11.72063852715863,11.36972842920346,12.362557865873246,11.777650447830828,10.02464432233645,5.506559530288949,4.564805891287552,6.256633498302223,5.939945741476088,4.734001704514372,45.666666666666664,46.333333333333336,2.516611478423584,32.55244097158469
Jammu,Ramban,Ramban PCC Office 1064,2024-06-01,51.0,51.0,35.802309807873485,12.362557865873246,6.256633498302223,6,2024,1.2246467991473532e-16,-1.0,47.0,46.0,43.0,48.0,56.0,47.0,46.0,43.0,46.66666666666666,56.0,33.573499516420206,32.48499587576423,29.89559185206061,32.48499587576423,31.01642951312552,8.214933029851784,11.72063852715863,11.36972842920346,11.777650447830828,10.015469983377857,3.60646186802636,5.506559530288949,4.564805891287552,5.939945741476088,4.697294039085102,45.333333333333336,46.5,2.081665999466132,31.98469574808168
Jammu,Ramban,Ramban PCC Office 1064,2024-07-01,42.0,42.0,29.42164391751232,11.558587488422411,5.123590312295143,7,2024,-0.4999999999999997,-0.8660254037844388,51.0,47.0,46.0,47.0,54.0,51.0,47.0,46.0,47.0,54.0,35.802309807873485,33.573499516420206,32.48499587576423,32.48499587576423,31.01642951312552,12.362557865873246,8.214933029851784,11.72063852715863,12.362557865873246,8.4498201260568,6.256633498302223,3.60646186802636,5.506559530288949,5.939945741476088,3.569754202597088,48.0,47.0,2.6457513110645894,33.95360173335264
Jammu,Ramban,Ramban PCC Office 1064,2024-08-01,42.0,42.0,29.89559185206061,9.273432648804128,3.4842600641462824,8,2024,-0.8660254037844384,-0.5000000000000004,42.0,51.0,47.0,48.0,50.0,42.0,51.0,47.0,48.0,50.0,29.42164391751232,35.802309807873485,33.573499516420206,35.27673518692923,31.400409182912515,11.558587488422411,12.362557865873246,8.214933029851784,12.362557865873246,9.122892942065215,5.123590312295143,6.256633498302223,3.60646186802636,6.256633498302223,4.084148933423786,46.666666666666664,46.166666666666664,4.5092497528228925,32.932484413935335
Jammu,Ramban,Ramban PCC Office 1064,2024-09-01,48.0,48.0,30.495104919048035,7.899986108390131,3.1363679914099496,9,2024,-1.0,-1.8369701987210297e-16,42.0,42.0,51.0,43.0,45.0,42.0,42.0,51.0,43.0,45.0,29.89559185206061,29.42164391751232,35.802309807873485,29.89559185206061,31.897057414835142,9.273432648804128,11.558587488422411,12.362557865873246,11.36972842920346,10.754256339529036,3.4842600641462824,5.123590312295143,6.256633498302223,4.564805891287552,5.381161320468497,45.0,45.166666666666664,5.19615242270663,31.70651519248214
Jammu,Ramban,Ramban PCC Office 1064,2024-10-01,48.0,48.0,33.573499516420206,8.214933029851784,3.60646186802636,10,2024,-0.8660254037844386,0.5000000000000001,48.0,42.0,42.0,46.0,46.0,48.0,42.0,42.0,46.0,46.0,30.495104919048035,29.89559185206061,29.42164391751232,32.48499587576423,32.48499587576423,7.899986108390131,9.273432648804128,11.558587488422411,11.72063852715863,11.044896349281338,3.1363679914099496,3.4842600641462824,5.123590312295143,5.506559530288949,5.381161320468497,44.0,46.0,3.4641016151377544,29.93744689620699
Jammu,Ramban,Ramban PCC Office 1064,2024-11-01,53.0,53.0,35.247322343843955,12.362557865873246,6.256633498302223,11,2024,-0.5000000000000004,0.8660254037844384,48.0,48.0,42.0,47.0,46.0,48.0,48.0,42.0,47.0,46.333333333333336,33.573499516420206,30.495104919048035,29.89559185206061,33.573499516420206,32.02291099302693,8.214933029851784,7.899986108390131,9.273432648804128,8.214933029851784,11.777650447830828,3.60646186802636,3.1363679914099496,3.4842600641462824,3.60646186802636,5.939945741476088,46.0,46.333333333333336,3.4641016151377544,31.32139876250962
Jammu,Ramban,Ramban PCC Office 1064,2024-12-01,57.0,46.0,33.48204555231521,12.430196849395546,5.939945741476088,12,2024,-2.4492935982947064e-16,1.0,53.0,48.0,48.0,51.0,48.0,53.0,48.0,48.0,51.0,46.66666666666666,35.247322343843955,33.573499516420206,30.495104919048035,35.802309807873485,32.48499587576423,12.362557865873246,8.214933029851784,7.899986108390131,12.362557865873246,11.777650447830828,6.256633498302223,3.60646186802636,3.1363679914099496,6.256633498302223,5.939945741476088,49.666666666666664,47.333333333333336,2.88675134594813,33.1053089264374
Jammu,Ramban,Ramban PCC Office 1064,2025-01-01,56.0,39.0,27.0,7.553012872363012,3.043836851447561,1,2025,0.49999999999999994,0.8660254037844387,57.0,53.0,48.0,42.0,47.0,46.0,53.0,48.0,42.0,47.0,33.48204555231521,35.247322343843955,33.573499516420206,29.42164391751232,32.48499587576423,12.430196849395546,12.362557865873246,8.214933029851784,11.558587488422411,12.362557865873246,5.939945741476088,6.256633498302223,3.60646186802636,5.123590312295143,5.939945741476088,52.666666666666664,48.333333333333336,4.509249752822896,34.10095580419313
Jammu,Ramban,Ramban PCC Office 1064,2025-02-01,56.0,35.0,56.0,8.55572746749326,4.020319860738389,2,2025,0.8660254037844386,0.5000000000000001,56.0,57.0,53.0,42.0,48.0,39.0,46.0,53.0,42.0,48.0,27.0,33.48204555231521,35.247322343843955,29.89559185206061,35.27673518692923,7.553012872363012,12.430196849395546,12.362557865873246,9.273432648804128,12.362557865873246,3.043836851447561,5.939945741476088,6.256633498302223,3.4842600641462824,6.256633498302223,55.333333333333336,50.666666666666664,2.0816659994661384,31.909789298719726
Jammu,Ramban,Ramban PCC Office 1064,2025-03-01,51.0,47.0,41.0,7.899986108390131,2.9113385612760485,3,2025,1.0,6.123233995736766e-17,56.0,56.0,57.0,48.0,43.0,35.0,39.0,46.0,48.0,43.0,56.0,27.0,33.48204555231521,30.495104919048035,29.89559185206061,8.55572746749326,7.553012872363012,12.430196849395546,7.899986108390131,11.36972842920346,4.020319860738389,3.043836851447561,5.939945741476088,3.1363679914099496,4.564805891287552,56.333333333333336,53.0,0.5773502691896432,38.8273485174384
Jammu,Ramban,Ramban PCC Office 1064,2025-04-01,56.0,56.0,45.0,8.462211130202215,3.648526647793472,4,2025,0.8660254037844387,-0.4999999999999998,51.0,56.0,56.0,48.0,46.0,47.0,35.0,39.0,48.0,46.0,41.0,56.0,27.0,33.573499516420206,32.48499587576423,7.899986108390131,8.55572746749326,7.553012872363012,8.214933029851784,11.72063852715863,2.9113385612760485,4.020319860738389,3.043836851447561,3.60646186802636,5.506559530288949,54.333333333333336,53.5,2.88675134594813,41.333333333333336
Jammu,Ramban,Ramban PCC Office 1064,2025-05-01,44.0,44.0,37.0,11.435038269070713,5.451483405635266,5,2025,0.49999999999999994,-0.8660254037844387,56.0,51.0,56.0,53.0,47.0,56.0,47.0,35.0,53.0,47.0,45.0,41.0,56.0,35.247322343843955,33.573499516420206,8.462211130202215,7.899986108390131,8.55572746749326,12.362557865873246,8.214933029851784,3.648526647793472,2.9113385612760485,4.020319860738389,6.256633498302223,3.60646186802636,54.333333333333336,54.833333333333336,2.88675134594813,47.333333333333336
Jammu,Ramban,Ramban PCC Office 1064,2025-06-01,50.0,49.0,43.0,10.629605435334538,5.208949329891636,6,2025,1.2246467991473532e-16,-1.0,44.0,56.0,51.0,57.0,51.0,44.0,56.0,47.0,46.0,51.0,37.0,45.0,41.0,33.48204555231521,35.802309807873485,11.435038269070713,8.462211130202215,7.899986108390131,12.430196849395546,12.362557865873246,5.451483405635266,3.648526647793472,2.9113385612760485,5.939945741476088,6.256633498302223,50.333333333333336,53.333333333333336,6.027713773341709,41.0
Jammu,Ramban,Ramban PCC Office 1064,2025-07-01,49.0,49.0,39.0,10.592170548867166,5.539648136002985,7,2025,-0.4999999999999997,-0.8660254037844388,50.0,44.0,56.0,56.0,42.0,49.0,44.0,56.0,39.0,42.0,43.0,37.0,45.0,27.0,29.42164391751232,10.629605435334538,11.435038269070713,8.462211130202215,7.553012872363012,11.558587488422411,5.208949329891636,5.451483405635266,3.648526647793472,3.043836851447561,5.123590312295143,50.0,52.166666666666664,6.000000000000001,41.666666666666664
Jammu,Ramban,Ramban PCC Office 1064,2025-08-01,49.0,49.0,42.0,12.430196849395546,6.256633498302223,8,2025,-0.8660254037844384,-0.5000000000000004,49.0,50.0,44.0,56.0,42.0,49.0,49.0,44.0,35.0,42.0,39.0,43.0,37.0,56.0,29.89559185206061,10.592170548867166,10.629605435334538,11.435038269070713,8.55572746749326,9.273432648804128,5.539648136002985,5.208949329891636,5.451483405635266,4.020319860738389,3.4842600641462824,47.666666666666664,51.0,3.214550253664321,39.666666666666664
Jammu,Ramban,Ramban PCC Office 1064,2025-09-01,47.0,47.0,35.0,12.430196849395546,6.256633498302223,9,2025,-1.0,-1.8369701987210297e-16,49.0,49.0,50.0,51.0,48.0,49.0,49.0,49.0,47.0,48.0,42.0,39.0,43.0,41.0,30.495104919048035,12.430196849395546,10.592170548867166,10.629605435334538,7.899986108390131,7.899986108390131,6.256633498302223,5.539648136002985,5.208949329891636,2.9113385612760485,3.1363679914099496,49.333333333333336,49.833333333333336,0.5773502691896463,41.333333333333336
Jammu,Ramban,Ramban PCC Office 1064,2025-10-01,57.0,57.0,39.0,11.609995944805528,6.256633498302223,10,2025,-0.8660254037844386,0.5000000000000001,47.0,49.0,49.0,56.0,48.0,47.0,49.0,49.0,56.0,48.0,35.0,42.0,39.0,45.0,33.573499516420206,12.430196849395546,12.430196849395546,10.592170548867166,8.462211130202215,8.214933029851784,6.256633498302223,6.256633498302223,5.539648136002985,3.648526647793472,3.60646186802636,48.333333333333336,49.166666666666664,1.1547005383792526,38.666666666666664
Jammu,Ramban,Ramban PCC Office 1064,2025-11-01,50.0,50.0,42.0,10.00321588760788,4.887901018024874,11,2025,-0.5000000000000004,0.8660254037844384,57.0,47.0,49.0,44.0,53.0,57.0,47.0,49.0,44.0,53.0,39.0,35.0,42.0,37.0,35.247322343843955,11.609995944805528,12.430196849395546,12.430196849395546,11.435038269070713,12.362557865873246,6.256633498302223,6.256633498302223,6.256633498302223,5.451483405635266,6.256633498302223,51.0,49.333333333333336,5.291502622129181,38.666666666666664
Jammu,Ramban,Ramban PCC Office 1064,2025-12-01,48.0,48.0,42.0,9.314069204825056,4.887901018024874,12,2025,-2.4492935982947064e-16,1.0,50.0,57.0,47.0,50.0,57.0,50.0,57.0,47.0,49.0,46.0,42.0,39.0,35.0,43.0,33.48204555231521,10.00321588760788,11.609995944805528,12.430196849395546,10.629605435334538,12.430196849395546,4.887901018024874,6.256633498302223,6.256633498302223,5.208949329891636,5.939945741476088,51.333333333333336,50.333333333333336,5.131601439446885,38.666666666666664
Jammu,Ramban,Ramban PCC Office 1064,2026-01-01,56.0,56.0,47.0,9.957005338814149,5.478832209783569,1,2026,0.49999999999999994,0.8660254037844387,48.0,50.0,57.0,49.0,56.0,48.0,50.0,57.0,49.0,39.0,42.0,42.0,39.0,39.0,27.0,9.314069204825056,10.00321588760788,11.609995944805528,10.592170548867166,7.553012872363012,4.887901018024874,4.887901018024874,6.256633498302223,5.539648136002985,3.043836851447561,51.666666666666664,50.0,4.725815626252608,41.0
Jammu,Ramban,Ramban PCC Office 1064,2026-02-01,52.0,51.0,45.0,10.00321588760788,5.21479655554128,2,2026,0.8660254037844386,0.5000000000000001,56.0,48.0,50.0,49.0,56.0,56.0,48.0,50.0,49.0,35.0,47.0,42.0,42.0,42.0,56.0,9.957005338814149,9.314069204825056,10.00321588760788,12.430196849395546,8.55572746749326,5.478832209783569,4.887901018024874,4.887901018024874,6.256633498302223,4.020319860738389,51.333333333333336,51.166666666666664,4.163331998932263,43.666666666666664
Jammu,Ramban,Ramban PCC Office 1064,2026-03-01,53.62078103647862,51.5,39.0,9.255646244990588,4.887901018024874,3,2026,1.0,6.123233995736766e-17,52.0,56.0,48.0,47.0,51.0,51.0,56.0,48.0,47.0,47.0,45.0,47.0,42.0,35.0,41.0,10.00321588760788,9.957005338814149,9.314069204825056,12.430196849395546,7.899986108390131,5.21479655554128,5.478832209783569,4.887901018024874,6.256633498302223,2.9113385612760485,52.0,51.666666666666664,3.9999999999999964,44.666666666666664
Jammu,Reasi,Reasi PCC Office Building Mini Secretariat 1067,2023-01-01,67.0,67.0,37.0,13.313177499710465,6.054287279418833,1,2023,0.49999999999999994,0.8660254037844387,62.28902110812605,62.28902110812605,62.0,41.0,52.0,64.0,59.0,52.0,41.0,52.0,34.333333333333336,31.666666666666668,29.0,27.24141197025798,33.0,10.849278643706649,11.677634928327828,8.214933029851784,10.849029166185495,9.680712951340809,5.539131844085375,5.939945741476088,3.1320015818152807,4.1314196801004135,4.734001704514372,62.1926807387507,51.92967370270869,0.16686641457825171,31.66666666666667
Jammu,Reasi,Reasi PCC Office Building Mini Secretariat 1067,2023-02-01,74.0,66.0,72.0,12.04029569482927,5.769131573540127,2,2023,0.8660254037844386,0.5000000000000001,67.0,62.28902110812605,62.28902110812605,39.0,54.0,67.0,64.0,59.0,39.0,54.0,37.0,34.333333333333336,31.666666666666668,27.24141197025798,27.0,13.313177499710465,10.849278643706649,11.677634928327828,4.993010049514215,9.730346731378775,6.054287279418833,5.539131844085375,5.939945741476088,2.036541098739475,3.952872116187386,63.85934740541737,56.26300703604202,2.7198849313700815,34.333333333333336
Jammu,Reasi,Reasi PCC Office Building Mini Secretariat 1067,2023-03-01,62.0,62.0,37.0,10.4790456923215,5.202327755593899,3,2023,1.0,6.123233995736766e-17,74.0,67.0,62.28902110812605,45.0,49.0,66.0,67.0,64.0,45.0,49.0,72.0,37.0,34.333333333333336,29.298442968033243,27.25,12.04029569482927,13.313177499710465,10.849278643706649,7.899986108390131,9.660368306587914,5.769131573540127,6.054287279418833,5.539131844085375,2.698615370628142,4.0058110057011405,67.76300703604203,62.096340369375355,5.892655721681567,47.77777777777778
Jammu,Reasi,Reasi PCC Office Building Mini Secretariat 1067,2023-04-01,60.0,60.0,37.0,10.371851324002415,5.539648136002985,4,2023,0.8660254037844387,-0.4999999999999998,62.0,74.0,67.0,62.0,48.15439668412707,62.0,66.0,67.0,52.0,47.0,37.0,72.0,37.0,29.0,27.5,10.4790456923215,12.04029569482927,13.313177499710465,8.214933029851784,9.985380182892325,5.202327755593899,5.769131573540127,6.054287279418833,3.1320015818152807,4.0058110057011405,67.66666666666667,64.92967370270868,6.027713773341706,48.666666666666664
Jammu,Reasi,Reasi PCC Office Building Mini Secretariat 1067,2023-05-01,46.0,28.0,37.0,6.63428354367426,3.2565600420954675,5,2023,0.49999999999999994,-0.8660254037844387,60.0,62.0,74.0,62.28902110812605,48.15439668412707,60.0,62.0,66.0,59.0,45.0,37.0,37.0,72.0,31.666666666666668,29.89559185206061,10.371851324002415,10.4790456923215,12.04029569482927,11.677634928327828,12.362557865873246,5.539648136002985,5.202327755593899,5.769131573540127,5.939945741476088,5.211755042662861,65.33333333333333,64.59634036937535,7.571877794400362,48.666666666666664
Jammu,Reasi,Reasi PCC Office Building Mini Secretariat 1067,2023-06-01,38.0,35.75,38.0,6.991858205583399,2.823173830908329,6,2023,1.2246467991473532e-16,-1.0,46.0,60.0,62.0,62.28902110812605,41.0,28.0,60.0,62.0,64.0,43.0,37.0,37.0,37.0,34.333333333333336,29.89559185206061,6.63428354367426,10.371851324002415,10.4790456923215,10.849278643706649,11.36972842920346,3.2565600420954675,5.539648136002985,5.202327755593899,5.539131844085375,4.564805891287552,56.0,61.88150351802101,8.717797887081336,37.0
Jammu,Reasi,Reasi PCC Office Building Mini Secretariat 1067,2023-07-01,30.0,43.5,30.0,7.899986108390131,2.6104506402604226,7,2023,-0.4999999999999997,-0.8660254037844388,38.0,46.0,60.0,67.0,41.0,35.75,28.0,60.0,67.0,41.0,38.0,37.0,37.0,37.0,27.24141197025798,6.991858205583399,6.63428354367426,10.371851324002415,13.313177499710465,10.849029166185495,2.823173830908329,3.2565600420954675,5.539648136002985,6.054287279418833,4.1314196801004135,48.0,57.833333333333336,11.135528725660025,37.333333333333336
Jammu,Reasi,Reasi PCC Office Building Mini Secretariat 1067,2023-08-01,33.0,51.25,33.0,8.157921109179586,3.173075656839221,8,2023,-0.8660254037844384,-0.5000000000000004,30.0,38.0,46.0,74.0,39.0,43.5,35.75,28.0,66.0,39.0,30.0,38.0,37.0,72.0,27.24141197025798,7.899986108390131,6.991858205583399,6.63428354367426,12.04029569482927,4.993010049514215,2.6104506402604226,2.823173830908329,3.2565600420954675,5.769131573540127,2.036541098739475,38.0,51.666666666666664,7.999999999999959,35.00000000000001
Jammu,Reasi,Reasi PCC Office Building Mini Secretariat 1067,2023-09-01,59.0,59.0,47.0,9.776206156807476,5.478832209783569,9,2023,-1.0,-1.8369701987210297e-16,33.0,30.0,38.0,62.0,45.0,51.25,43.5,35.75,62.0,45.0,33.0,30.0,38.0,37.0,29.298442968033243,8.157921109179586,7.899986108390131,6.991858205583399,10.4790456923215,7.899986108390131,3.173075656839221,2.6104506402604226,2.823173830908329,5.202327755593899,2.698615370628142,33.666666666666664,44.833333333333336,4.041451884327286,33.66666666666667
Jammu,Reasi,Reasi PCC Office Building Mini Secretariat 1067,2023-10-01,56.0,56.0,42.0,10.217394259341416,4.887901018024874,10,2023,-0.8660254037844386,0.5000000000000001,59.0,33.0,30.0,60.0,62.0,59.0,51.25,43.5,60.0,52.0,47.0,33.0,30.0,37.0,29.0,9.776206156807476,8.157921109179586,7.899986108390131,10.371851324002415,8.214933029851784,5.478832209783569,3.173075656839221,2.6104506402604226,5.539648136002985,3.1320015818152807,40.666666666666664,44.333333333333336,15.947831618540897,36.66666666666667
Jammu,Reasi,Reasi PCC Office Building Mini Secretariat 1067,2023-11-01,61.0,60.0,53.0,10.006987550334108,5.478832209783569,11,2023,-0.5000000000000004,0.8660254037844384,56.0,59.0,33.0,46.0,62.28902110812605,56.0,59.0,51.25,28.0,59.0,42.0,47.0,33.0,37.0,31.666666666666668,10.217394259341416,9.776206156807476,8.157921109179586,6.63428354367426,11.677634928327828,4.887901018024874,5.478832209783569,3.173075656839221,3.2565600420954675,5.939945741476088,49.333333333333336,43.666666666666664,14.224392195567901,40.66666666666667
Jammu,Reasi,Reasi PCC Office Building Mini Secretariat 1067,2023-12-01,59.0,59.0,39.0,9.94856459049964,4.887901018024874,12,2023,-2.4492935982947064e-16,1.0,61.0,56.0,59.0,38.0,62.28902110812605,60.0,56.0,59.0,35.75,64.0,53.0,42.0,47.0,38.0,34.333333333333336,10.006987550334108,10.217394259341416,9.776206156807476,6.991858205583399,10.849278643706649,5.478832209783569,4.887901018024874,5.478832209783569,2.823173830908329,5.539131844085375,58.666666666666664,46.166666666666664,2.516611478423584,47.333333333333336
Jammu,Reasi,Reasi PCC Office Building Mini Secretariat 1067,2024-01-01,61.0,61.0,41.0,11.53315515880821,6.256633498302223,1,2024,0.49999999999999994,0.8660254037844387,59.0,61.0,56.0,30.0,67.0,59.0,60.0,56.0,43.5,67.0,39.0,53.0,42.0,30.0,37.0,9.94856459049964,10.006987550334108,10.217394259341416,7.899986108390131,13.313177499710465,4.887901018024874,5.478832209783569,4.887901018024874,2.6104506402604226,6.054287279418833,58.666666666666664,49.666666666666664,2.516611478423584,44.666666666666664
Jammu,Reasi,Reasi PCC Office Building Mini Secretariat 1067,2024-02-01,59.0,59.0,44.0,10.006987550334108,5.21479655554128,2,2024,0.8660254037844386,0.5000000000000001,61.0,59.0,61.0,33.0,74.0,61.0,59.0,60.0,51.25,66.0,41.0,39.0,53.0,33.0,72.0,11.53315515880821,9.94856459049964,10.006987550334108,8.157921109179586,12.04029569482927,6.256633498302223,4.887901018024874,5.478832209783569,3.173075656839221,5.769131573540127,60.333333333333336,54.833333333333336,1.1547005383792746,44.333333333333336
Jammu,Reasi,Reasi PCC Office Building Mini Secretariat 1067,2024-03-01,60.0,60.0,45.0,11.59073342091166,6.255280036311063,3,2024,1.0,6.123233995736766e-17,59.0,61.0,59.0,59.0,62.0,59.0,61.0,59.0,59.0,62.0,44.0,41.0,39.0,47.0,37.0,10.006987550334108,11.53315515880821,9.94856459049964,9.776206156807476,10.4790456923215,5.21479655554128,6.256633498302223,4.887901018024874,5.478832209783569,5.202327755593899,59.666666666666664,59.166666666666664,1.154700538379266,41.333333333333336
Jammu,Reasi,Reasi PCC Office Building Mini Secretariat 1067,2024-04-01,60.0,60.0,46.0,10.006987550334108,5.547298536398442,4,2024,0.8660254037844387,-0.4999999999999998,60.0,59.0,61.0,56.0,60.0,60.0,59.0,61.0,56.0,60.0,45.0,44.0,41.0,42.0,37.0,11.59073342091166,10.006987550334108,11.53315515880821,10.217394259341416,10.371851324002415,6.255280036311063,5.21479655554128,6.256633498302223,4.887901018024874,5.539648136002985,60.0,59.333333333333336,1.0000000000000213,43.333333333333336
Jammu,Reasi,Reasi PCC Office Building Mini Secretariat 1067,2024-05-01,63.0,63.0,48.0,11.53315515880821,6.519315690553352,5,2024,0.49999999999999994,-0.8660254037844387,60.0,60.0,59.0,61.0,46.0,60.0,60.0,59.0,60.0,28.0,46.0,45.0,44.0,53.0,37.0,10.006987550334108,11.59073342091166,10.006987550334108,10.006987550334108,6.63428354367426,5.547298536398442,6.255280036311063,5.21479655554128,5.478832209783569,3.2565600420954675,59.666666666666664,60.0,0.577350269189656,45.0
Jammu,Reasi,Reasi PCC Office Building Mini Secretariat 1067,2024-06-01,66.0,66.0,38.0,11.518580869501417,6.256633498302223,6,2024,1.2246467991473532e-16,-1.0,63.0,60.0,60.0,59.0,38.0,63.0,60.0,60.0,59.0,35.75,48.0,46.0,45.0,39.0,38.0,11.53315515880821,10.006987550334108,11.59073342091166,9.94856459049964,6.991858205583399,6.519315690553352,5.547298536398442,6.255280036311063,4.887901018024874,2.823173830908329,61.0,60.333333333333336,1.7320508075688772,46.333333333333336
Jammu,Reasi,Reasi PCC Office Building Mini Secretariat 1067,2024-07-01,61.0,61.0,39.0,11.202166716721186,5.202327755593899,7,2024,-0.4999999999999997,-0.8660254037844388,66.0,63.0,60.0,61.0,30.0,66.0,63.0,60.0,61.0,43.5,38.0,48.0,46.0,41.0,30.0,11.518580869501417,11.53315515880821,10.006987550334108,11.53315515880821,7.899986108390131,6.256633498302223,6.519315690553352,5.547298536398442,6.256633498302223,2.6104506402604226,63.0,61.5,3.0,44.0
Jammu,Reasi,Reasi PCC Office Building Mini Secretariat 1067,2024-08-01,66.0,66.0,19.0,10.52078710805466,3.780907316340228,8,2024,-0.8660254037844384,-0.5000000000000004,61.0,66.0,63.0,59.0,33.0,61.0,66.0,63.0,59.0,51.25,39.0,38.0,48.0,44.0,33.0,11.202166716721186,11.518580869501417,11.53315515880821,10.006987550334108,8.157921109179586,5.202327755593899,6.256633498302223,6.519315690553352,5.21479655554128,3.173075656839221,63.333333333333336,61.5,2.516611478423584,41.66666666666667
Jammu,Reasi,Reasi PCC Office Building Mini Secretariat 1067,2024-09-01,65.0,65.0,24.714285714285715,11.492700978165766,3.907320133802055,9,2024,-1.0,-1.8369701987210297e-16,66.0,61.0,66.0,60.0,59.0,66.0,61.0,66.0,60.0,59.0,19.0,39.0,38.0,45.0,47.0,10.52078710805466,11.202166716721186,11.518580869501417,11.59073342091166,9.776206156807476,3.780907316340228,5.202327755593899,6.256633498302223,6.255280036311063,5.478832209783569,64.33333333333333,62.666666666666664,2.8867513459481304,32.00000000000001
Jammu,Reasi,Reasi PCC Office Building Mini Secretariat 1067,2024-10-01,65.0,65.0,30.42857142857143,10.52078710805466,5.261587730920049,10,2024,-0.8660254037844386,0.5000000000000001,65.0,66.0,61.0,60.0,56.0,65.0,66.0,61.0,60.0,56.0,24.714285714285715,19.0,39.0,46.0,42.0,11.492700978165766,10.52078710805466,11.202166716721186,10.006987550334108,10.217394259341416,3.907320133802055,3.780907316340228,5.202327755593899,5.547298536398442,4.887901018024874,64.0,63.5,2.645751311064592,27.571428571428573
Jammu,Reasi,Reasi PCC Office Building Mini Secretariat 1067,2024-11-01,62.0,62.0,35.86830207979346,11.08919510700471,5.539131844085375,11,2024,-0.5000000000000004,0.8660254037844384,65.0,65.0,66.0,63.0,61.0,65.0,65.0,66.0,63.0,60.0,30.42857142857143,24.714285714285715,19.0,48.0,53.0,10.52078710805466,11.492700978165766,10.52078710805466,11.53315515880821,10.006987550334108,5.261587730920049,3.907320133802055,3.780907316340228,6.519315690553352,5.478832209783569,65.33333333333333,64.33333333333333,0.5773502691896611,24.714285714285722
Jammu,Reasi,Reasi PCC Office Building Mini Secretariat 1067,2024-12-01,55.37103219264936,55.0,32.00323995651125,11.310457975648436,5.29829539634932,12,2024,-2.4492935982947064e-16,1.0,62.0,65.0,65.0,66.0,59.0,62.0,65.0,65.0,66.0,59.0,35.86830207979346,30.42857142857143,24.714285714285715,38.0,39.0,11.08919510700471,10.52078710805466,11.492700978165766,11.518580869501417,9.94856459049964,5.539131844085375,5.261587730920049,3.907320133802055,6.256633498302223,4.887901018024874,64.0,64.16666666666667,1.7320508075688772,30.337053074216872
Jammu,Reasi,Reasi PCC Office Building Mini Secretariat 1067,2025-01-01,59.0,59.0,33.77766587813101,10.157185068018542,4.734001704514372,1,2025,0.49999999999999994,0.8660254037844387,55.37103219264936,62.0,65.0,61.0,61.0,55.0,62.0,65.0,61.0,61.0,32.00323995651125,35.86830207979346,30.42857142857143,39.0,41.0,11.310457975648436,11.08919510700471,10.52078710805466,11.202166716721186,11.53315515880821,5.29829539634932,5.539131844085375,5.261587730920049,5.202327755593899,6.256633498302223,60.79034406421645,62.39517203210823,4.92713972513273,32.766704488292056
Jammu,Reasi,Reasi PCC Office Building Mini Secretariat 1067,2025-02-01,57.0,57.0,31.35091046191741,9.833990261889312,4.734001704514372,2,2025,0.8660254037844386,0.5000000000000001,59.0,55.37103219264936,62.0,66.0,59.0,59.0,55.0,62.0,66.0,59.0,33.77766587813101,32.00323995651125,35.86830207979346,19.0,44.0,10.157185068018542,11.310457975648436,11.08919510700471,10.52078710805466,10.006987550334108,4.734001704514372,5.29829539634932,5.539131844085375,3.780907316340228,5.21479655554128,58.79034406421645,62.06183869877489,3.3194533068383065,33.88306930481192
Jammu,Reasi,Reasi PCC Office Building Mini Secretariat 1067,2025-03-01,65.0,60.0,59.0,10.006987550334108,5.215235002722032,3,2025,1.0,6.123233995736766e-17,57.0,59.0,55.37103219264936,65.0,60.0,57.0,59.0,55.0,65.0,60.0,31.35091046191741,33.77766587813101,32.00323995651125,24.714285714285715,45.0,9.833990261889312,10.157185068018542,11.310457975648436,11.492700978165766,11.59073342091166,4.734001704514372,4.734001704514372,5.29829539634932,3.907320133802055,6.255280036311063,57.123677397549784,60.56183869877489,1.8176424045161852,32.37727209885323
Jammu,Reasi,Reasi PCC Office Building Mini Secretariat 1067,2025-04-01,61.0,61.0,50.0,10.029111441976358,5.478832209783569,4,2025,0.8660254037844387,-0.4999999999999998,65.0,57.0,59.0,65.0,60.0,60.0,57.0,59.0,65.0,60.0,59.0,31.35091046191741,33.77766587813101,30.42857142857143,46.0,10.006987550334108,9.833990261889312,10.157185068018542,10.52078710805466,10.006987550334108,5.215235002722032,4.734001704514372,4.734001704514372,5.261587730920049,5.547298536398442,60.333333333333336,60.56183869877489,4.163331998932265,41.37619211334948
Jammu,Reasi,Reasi PCC Office Building Mini Secretariat 1067,2025-05-01,63.0,63.0,50.0,11.53315515880821,6.519315690553352,5,2025,0.49999999999999994,-0.8660254037844387,61.0,65.0,57.0,62.0,63.0,61.0,60.0,57.0,62.0,63.0,50.0,59.0,31.35091046191741,35.86830207979346,48.0,10.029111441976358,10.006987550334108,9.833990261889312,11.08919510700471,11.53315515880821,5.478832209783569,5.215235002722032,4.734001704514372,5.539131844085375,6.519315690553352,61.0,59.89517203210823,3.999999999999999,46.783636820639146
Jammu,Reasi,Reasi PCC Office Building Mini Secretariat 1067,2025-06-01,67.0,67.0,40.0,13.381882083481852,6.054287279418833,6,2025,1.2246467991473532e-16,-1.0,63.0,61.0,65.0,55.37103219264936,66.0,63.0,61.0,60.0,55.0,66.0,50.0,50.0,59.0,32.00323995651125,38.0,11.53315515880821,10.029111441976358,10.006987550334108,11.310457975648436,11.518580869501417,6.519315690553352,5.478832209783569,5.215235002722032,5.29829539634932,6.256633498302223,63.0,60.06183869877489,1.9999999999999982,53.0
Jammu,Reasi,Reasi PCC Office Building Mini Secretariat 1067,2025-07-01,62.0,62.0,47.0,12.01066095223936,5.908062579523696,7,2025,-0.4999999999999997,-0.8660254037844388,67.0,63.0,61.0,59.0,61.0,67.0,63.0,61.0,59.0,61.0,40.0,50.0,50.0,33.77766587813101,39.0,13.381882083481852,11.53315515880821,10.029111441976358,10.157185068018542,11.202166716721186,6.054287279418833,6.519315690553352,5.478832209783569,4.734001704514372,5.202327755593899,63.666666666666664,62.0,3.055050463303893,46.666666666666664
Jammu,Reasi,Reasi PCC Office Building Mini Secretariat 1067,2025-08-01,64.0,64.0,48.0,10.7428215450951,5.772651236684123,8,2025,-0.8660254037844384,-0.5000000000000004,62.0,67.0,63.0,57.0,66.0,62.0,67.0,63.0,57.0,66.0,47.0,40.0,50.0,31.35091046191741,19.0,12.01066095223936,13.381882083481852,11.53315515880821,9.833990261889312,10.52078710805466,5.908062579523696,6.054287279418833,6.519315690553352,4.734001704514372,3.780907316340228,64.0,62.5,2.645751311064591,45.666666666666664
Jammu,Reasi,Reasi PCC Office Building Mini Secretariat 1067,2025-09-01,63.0,63.0,48.25,11.22804660805683,5.772651236684123,9,2025,-1.0,-1.8369701987210297e-16,64.0,62.0,67.0,65.0,65.0,64.0,62.0,67.0,60.0,65.0,48.0,47.0,40.0,59.0,24.714285714285715,10.7428215450951,12.01066095223936,13.381882083481852,10.006987550334108,11.492700978165766,5.772651236684123,5.908062579523696,6.054287279418833,5.215235002722032,3.907320133802055,64.33333333333333,63.666666666666664,2.5166114784235836,45.0
Jammu,Reasi,Reasi PCC Office Building Mini Secretariat 1067,2025-10-01,64.0,64.0,48.5,11.460111151733004,5.772651236684123,10,2025,-0.8660254037844386,0.5000000000000001,63.0,64.0,62.0,61.0,65.0,63.0,64.0,62.0,61.0,65.0,48.25,48.0,47.0,50.0,30.42857142857143,11.22804660805683,10.7428215450951,12.01066095223936,10.029111441976358,10.52078710805466,5.772651236684123,5.772651236684123,5.908062579523696,5.478832209783569,5.261587730920049,63.0,63.333333333333336,0.9999999999999916,47.75
Jammu,Reasi,Reasi PCC Office Building Mini Secretariat 1067,2025-11-01,64.90079123739825,63.5,48.75,11.22804660805683,5.772651236684123,11,2025,-0.5000000000000004,0.8660254037844384,64.0,63.0,64.0,63.0,62.0,64.0,63.0,64.0,63.0,62.0,48.5,48.25,48.0,50.0,35.86830207979346,11.460111151733004,11.22804660805683,10.7428215450951,11.53315515880821,11.08919510700471,5.772651236684123,5.772651236684123,5.772651236684123,6.519315690553352,5.539131844085375,63.666666666666664,63.833333333333336,0.5773502691896261,48.25
Jammu,Reasi,Reasi PCC Office Building Mini Secretariat 1067,2025-12-01,64.90079123739825,63.0,49.0,11.169576890288424,5.772651236684123,12,2025,-2.4492935982947064e-16,1.0,64.90079123739825,64.0,63.0,67.0,55.37103219264936,63.5,64.0,63.0,67.0,55.0,48.75,48.5,48.25,40.0,32.00323995651125,11.22804660805683,11.460111151733004,11.22804660805683,13.381882083481852,11.310457975648436,5.772651236684123,5.772651236684123,5.772651236684123,6.054287279418833,5.29829539634932,63.96693041246609,64.1501318728997,0.9508270243620809,48.5
Jammu,Reasi,Reasi PCC Office Building Mini Secretariat 1067,2026-01-01,64.0,64.0,50.0,11.518580869501417,6.519315690553352,1,2026,0.49999999999999994,0.8660254037844387,64.90079123739825,64.90079123739825,64.0,62.0,59.0,63.0,63.5,64.0,62.0,59.0,49.0,48.75,48.5,47.0,33.77766587813101,11.169576890288424,11.22804660805683,11.460111151733004,12.01066095223936,10.157185068018542,5.772651236684123,5.772651236684123,5.772651236684123,5.908062579523696,4.734001704514372,64.60052749159884,63.80026374579942,0.5200720633955552,48.75
Jammu,Reasi,Reasi PCC Office Building Mini Secretariat 1067,2026-02-01,67.0,67.0,43.0,13.381882083481852,6.662857676833546,2,2026,0.8660254037844386,0.5000000000000001,64.0,64.90079123739825,64.90079123739825,64.0,57.0,64.0,63.0,63.5,64.0,57.0,50.0,49.0,48.75,48.0,31.35091046191741,11.518580869501417,11.169576890288424,11.22804660805683,10.7428215450951,9.833990261889312,6.519315690553352,5.772651236684123,5.772651236684123,5.772651236684123,4.734001704514372,64.60052749159884,64.13359707913276,0.5200720633955389,49.25
Jammu,Reasi,Reasi PCC Office Building Mini Secretariat 1067,2026-03-01,81.98404628909574,85.0,39.5,16.090605503851624,5.105854983640764,3,2026,1.0,6.123233995736766e-17,67.0,64.0,64.90079123739825,63.0,65.0,67.0,64.0,63.0,63.0,60.0,43.0,50.0,49.0,48.25,59.0,13.381882083481852,11.518580869501417,11.169576890288424,11.22804660805683,10.006987550334108,6.662857676833546,6.519315690553352,5.772651236684123,5.772651236684123,5.215235002722032,65.30026374579943,64.63359707913276,1.539377703400379,47.333333333333336
Kashmir,Budgam,"SIDCO Complex Ompora Budgam (PM-10, PM-2.5) 1081",2023-01-01,93.0,58.0,35.0,12.0,6.0,1,2023,0.49999999999999994,0.8660254037844387,97.0,97.0,36.6,94.39309303217156,151.41084076969625,61.0,61.0,61.0,97.17726946547948,143.07692307692307,36.0,35.92907164227069,35.92907164227069,45.4194897078592,60.04560113201278,16.0,11.61285731255391,11.61285731255391,16.90828403592742,30.384615384615383,10.0,6.256633498302223,6.256633498302223,5.830875792682721,12.20840480941482,76.86666666666667,66.36551550536193,34.8719562590534,35.952714428180464
Kashmir,Budgam,"SIDCO Complex Ompora Budgam (PM-10, PM-2.5) 1081",2023-02-01,89.0,57.0,31.0,14.0,8.0,2,2023,0.8660254037844386,0.5000000000000001,93.0,97.0,97.0,36.6,85.84615384615384,58.0,61.0,61.0,61.0,143.07692307692307,35.0,36.0,35.92907164227069,24.4,65.87926216307761,12.0,16.0,11.61285731255391,24.4,27.99131168470738,6.0,10.0,6.256633498302223,4.45258249409484,10.711925876478,95.66666666666667,66.13333333333333,2.309401076758505,35.64302388075691
Kashmir,Budgam,"SIDCO Complex Ompora Budgam (PM-10, PM-2.5) 1081",2023-03-01,107.0,75.0,31.0,17.0,10.0,3,2023,1.0,6.123233995736766e-17,89.0,93.0,97.0,36.6,85.84615384615384,57.0,58.0,61.0,61.0,143.07692307692307,31.0,35.0,36.0,24.4,57.95025200920036,14.0,12.0,16.0,24.4,27.47284168662152,8.0,6.0,10.0,5.081314484134228,11.366169127578267,93.0,74.86666666666667,4.000000000000002,34.00000000000001
Kashmir,Budgam,"SIDCO Complex Ompora Budgam (PM-10, PM-2.5) 1081",2023-04-01,95.54324157494176,73.66666666666667,33.54545454545455,17.9,4.853287475692685,4,2023,0.8660254037844387,-0.4999999999999998,107.0,89.0,93.0,36.6,85.84615384615384,75.0,57.0,58.0,61.0,143.07692307692307,31.0,31.0,35.0,35.92907164227069,57.95025200920036,17.0,14.0,12.0,11.61285731255391,27.47284168662152,10.0,8.0,6.0,6.256633498302223,11.366169127578267,96.33333333333333,86.60000000000001,9.45163125250522,32.33333333333334
Kashmir,Budgam,"SIDCO Complex Ompora Budgam (PM-10, PM-2.5) 1081",2023-05-01,95.54324157494176,72.33333333333333,36.09090909090909,18.8,5.646190688891865,5,2023,0.49999999999999994,-0.8660254037844387,95.54324157494176,107.0,89.0,97.0,85.84615384615384,73.66666666666667,75.0,57.0,61.0,143.07692307692307,33.54545454545455,31.0,31.0,35.92907164227069,57.95025200920036,17.9,17.0,14.0,11.61285731255391,27.47284168662152,4.853287475692685,10.0,8.0,6.256633498302223,11.366169127578267,97.18108052498059,96.42387359582364,9.111085957211593,31.848484848484855
Kashmir,Budgam,"SIDCO Complex Ompora Budgam (PM-10, PM-2.5) 1081",2023-06-01,43.4,72.33333333333333,37.77458613961601,14.13465789572004,5.178190013209606,6,2023,1.2246467991473532e-16,-1.0,95.54324157494176,95.54324157494176,107.0,97.0,85.84615384615385,72.33333333333333,73.66666666666667,75.0,61.0,143.07692307692307,36.09090909090909,33.54545454545455,31.0,36.0,57.95025200920035,18.8,17.9,17.0,16.0,27.47284168662152,5.646190688891865,4.853287475692685,10.0,10.0,11.366169127578267,99.36216104996117,96.18108052498059,6.614562560747892,33.545454545454554
Kashmir,Budgam,"SIDCO Complex Ompora Budgam (PM-10, PM-2.5) 1081",2023-07-01,43.4,72.33333333333333,37.77458613961601,14.26410374164456,5.178190013209606,7,2023,-0.4999999999999997,-0.8660254037844388,43.4,95.54324157494176,95.54324157494176,93.0,94.39309303217156,72.33333333333333,72.33333333333333,73.66666666666667,58.0,97.17726946547948,37.77458613961601,36.09090909090909,33.54545454545455,35.0,45.4194897078592,14.13465789572004,18.8,17.9,12.0,16.90828403592742,5.178190013209606,5.646190688891865,4.853287475692685,6.0,5.830875792682721,78.16216104996117,87.24774719164725,30.104914559712313,35.80364992532656
Kashmir,Budgam,"SIDCO Complex Ompora Budgam (PM-10, PM-2.5) 1081",2023-08-01,43.4,72.33333333333333,37.77458613961601,14.26410374164456,5.178190013209606,8,2023,-0.8660254037844384,-0.5000000000000004,43.4,43.4,95.54324157494176,89.0,36.6,72.33333333333333,72.33333333333333,72.33333333333333,57.0,61.0,37.77458613961601,37.77458613961601,36.09090909090909,31.0,24.4,14.26410374164456,14.13465789572004,18.8,14.0,24.4,5.178190013209606,5.178190013209606,5.646190688891865,8.0,4.45258249409484,60.78108052498059,78.98108052498058,30.104914559712306,37.21336045671371
Kashmir,Budgam,"SIDCO Complex Ompora Budgam (PM-10, PM-2.5) 1081",2023-09-01,37.8,63.0,33.043961027509816,11.5707740459176,4.980982551147683,9,2023,-1.0,-1.8369701987210297e-16,43.4,43.4,43.4,107.0,36.6,72.33333333333333,72.33333333333333,72.33333333333333,75.0,61.0,37.77458613961601,37.77458613961601,37.77458613961601,31.0,24.4,14.26410374164456,14.26410374164456,14.13465789572004,17.0,24.4,5.178190013209606,5.178190013209606,5.178190013209606,10.0,5.081314484134228,43.4,71.38108052498059,0.0,37.77458613961601
Kashmir,Budgam,"SIDCO Complex Ompora Budgam (PM-10, PM-2.5) 1081",2023-10-01,37.8,63.0,32.786424928208234,10.426329947502063,5.29829539634932,10,2023,-0.8660254037844386,0.5000000000000001,37.8,43.4,43.4,95.54324157494176,36.6,63.0,72.33333333333333,72.33333333333333,73.66666666666667,61.0,33.043961027509816,37.77458613961601,37.77458613961601,33.54545454545455,35.92907164227069,11.5707740459176,14.26410374164456,14.26410374164456,17.9,11.61285731255391,4.980982551147683,5.178190013209606,5.178190013209606,4.853287475692685,6.256633498302223,41.53333333333333,59.84774719164725,3.233161507461905,36.19771110224728
Kashmir,Budgam,"SIDCO Complex Ompora Budgam (PM-10, PM-2.5) 1081",2023-11-01,37.8,63.0,35.29020737002345,11.22804660805683,5.539131844085375,11,2023,-0.5000000000000004,0.8660254037844384,37.8,37.8,43.4,95.54324157494176,97.0,63.0,63.0,72.33333333333333,72.33333333333333,61.0,32.786424928208234,33.043961027509816,37.77458613961601,36.09090909090909,35.92907164227069,10.426329947502063,11.5707740459176,14.26410374164456,18.8,11.61285731255391,5.29829539634932,4.980982551147683,5.178190013209606,5.646190688891865,6.256633498302223,39.666666666666664,50.22387359582362,3.233161507461904,34.534990698444695
Kashmir,Budgam,"SIDCO Complex Ompora Budgam (PM-10, PM-2.5) 1081",2023-12-01,125.0,63.0,35.29020737002345,11.22804660805683,5.539131844085375,12,2023,-2.4492935982947064e-16,1.0,37.8,37.8,37.8,43.4,97.0,63.0,63.0,63.0,72.33333333333333,61.0,35.29020737002345,32.786424928208234,33.043961027509816,37.77458613961601,36.0,11.22804660805683,10.426329947502063,11.5707740459176,14.13465789572004,16.0,5.539131844085375,5.29829539634932,4.980982551147683,5.178190013209606,10.0,37.8,40.6,0.0,33.706864441913844
Kashmir,Budgam,"SIDCO Complex Ompora Budgam (PM-10, PM-2.5) 1081",2024-01-01,125.0,125.0,52.83350976956388,26.0,6.977181401336691,1,2024,0.49999999999999994,0.8660254037844387,125.0,37.8,37.8,43.4,93.0,63.0,63.0,63.0,72.33333333333333,58.0,35.29020737002345,35.29020737002345,32.786424928208234,37.77458613961601,35.0,11.22804660805683,11.22804660805683,10.426329947502063,14.26410374164456,12.0,5.539131844085375,5.539131844085375,5.29829539634932,5.178190013209606,6.0,66.86666666666666,54.199999999999996,50.34494347333537,34.455613222751715
Kashmir,Budgam,"SIDCO Complex Ompora Budgam (PM-10, PM-2.5) 1081",2024-02-01,120.0,120.0,59.0,24.0,12.0,2,2024,0.8660254037844386,0.5000000000000001,125.0,125.0,37.8,43.4,89.0,125.0,63.0,63.0,72.33333333333333,57.0,52.83350976956388,35.29020737002345,35.29020737002345,37.77458613961601,31.0,26.0,11.22804660805683,11.22804660805683,14.26410374164456,14.0,6.977181401336691,5.539131844085375,5.539131844085375,5.178190013209606,8.0,95.93333333333332,67.8,50.34494347333538,41.137974836536934
Kashmir,Budgam,"SIDCO Complex Ompora Budgam (PM-10, PM-2.5) 1081",2024-03-01,133.0,133.0,59.0,20.0,11.0,3,2024,1.0,6.123233995736766e-17,120.0,125.0,125.0,37.8,107.0,120.0,125.0,63.0,63.0,75.0,59.0,52.83350976956388,35.29020737002345,33.043961027509816,31.0,24.0,26.0,11.22804660805683,11.5707740459176,17.0,12.0,6.977181401336691,5.539131844085375,4.980982551147683,10.0,123.33333333333333,80.56666666666666,2.886751345948127,49.041239046529114
Kashmir,Budgam,"SIDCO Complex Ompora Budgam (PM-10, PM-2.5) 1081",2024-04-01,124.0,124.0,70.0,21.0,10.0,4,2024,0.8660254037844387,-0.4999999999999998,133.0,120.0,125.0,37.8,95.54324157494176,133.0,120.0,125.0,63.0,73.66666666666667,59.0,59.0,52.83350976956388,32.786424928208234,33.54545454545455,20.0,24.0,26.0,10.426329947502063,17.9,11.0,12.0,6.977181401336691,5.29829539634932,4.853287475692685,126.0,96.43333333333334,6.5574385243019995,56.9445032565213
Kashmir,Budgam,"SIDCO Complex Ompora Budgam (PM-10, PM-2.5) 1081",2024-05-01,123.9357601750048,125.0,68.28571428571429,21.0,9.420688137396658,5,2024,0.49999999999999994,-0.8660254037844387,124.0,133.0,120.0,37.8,95.54324157494176,124.0,133.0,120.0,63.0,72.33333333333333,70.0,59.0,59.0,35.29020737002345,36.09090909090909,21.0,20.0,24.0,11.22804660805683,18.8,10.0,11.0,12.0,5.539131844085375,5.646190688891865,125.66666666666667,110.8,6.6583281184793925,62.66666666666668
Kashmir,Budgam,"SIDCO Complex Ompora Budgam (PM-10, PM-2.5) 1081",2024-06-01,123.9357601750048,126.0,66.57142857142857,21.0,9.030632229466784,6,2024,1.2246467991473532e-16,-1.0,123.9357601750048,124.0,133.0,125.0,43.4,125.0,124.0,133.0,63.0,72.33333333333333,68.28571428571429,70.0,59.0,35.29020737002345,37.77458613961601,21.0,21.0,20.0,11.22804660805683,14.13465789572004,9.420688137396658,10.0,11.0,5.539131844085375,5.178190013209606,126.9785867250016,125.15596002916747,5.214795783156235,65.76190476190477
Kashmir,Budgam,"SIDCO Complex Ompora Budgam (PM-10, PM-2.5) 1081",2024-07-01,75.6,126.0,60.420971286498784,17.52684629376972,8.201158791873059,7,2024,-0.4999999999999997,-0.8660254037844388,123.9357601750048,123.9357601750048,124.0,125.0,43.4,126.0,125.0,124.0,125.0,72.33333333333333,66.57142857142857,68.28571428571429,70.0,52.83350976956388,37.77458613961601,21.0,21.0,21.0,26.0,14.26410374164456,9.030632229466784,9.420688137396658,10.0,6.977181401336691,5.178190013209606,123.95717345000321,124.9785867250016,0.0370888802540386,68.28571428571429
Kashmir,Budgam,"SIDCO Complex Ompora Budgam (PM-10, PM-2.5) 1081",2024-08-01,75.6,126.0,59.77277053599737,17.3783926135463,7.982034428533465,8,2024,-0.8660254037844384,-0.5000000000000004,75.6,123.9357601750048,123.9357601750048,120.0,43.4,126.0,126.0,125.0,120.0,72.33333333333333,60.420971286498784,66.57142857142857,68.28571428571429,59.0,37.77458613961601,17.52684629376972,21.0,21.0,24.0,14.26410374164456,8.201158791873059,9.030632229466784,9.420688137396658,12.0,5.178190013209606,107.82384011666987,116.74525339166826,27.906664148524225,65.09270471454722
Kashmir,Budgam,"SIDCO Complex Ompora Budgam (PM-10, PM-2.5) 1081",2024-09-01,130.0,130.0,58.41373185063114,18.24413071981552,8.237987477243923,9,2024,-1.0,-1.8369701987210297e-16,75.6,75.6,123.9357601750048,133.0,37.8,126.0,126.0,126.0,133.0,63.0,59.77277053599737,60.420971286498784,66.57142857142857,59.0,33.043961027509816,17.3783926135463,17.52684629376972,21.0,20.0,11.5707740459176,7.982034428533465,8.201158791873059,9.030632229466784,11.0,4.980982551147683,91.71192005833491,109.34525339166827,27.90666414852423,62.25505679797491
Kashmir,Budgam,"SIDCO Complex Ompora Budgam (PM-10, PM-2.5) 1081",2024-10-01,130.0,130.0,63.59295311871809,18.25998602803882,8.092370569178764,10,2024,-0.8660254037844386,0.5000000000000001,130.0,75.6,75.6,124.0,37.8,130.0,126.0,126.0,124.0,63.0,58.41373185063114,59.77277053599737,60.420971286498784,70.0,32.786424928208234,18.24413071981552,17.3783926135463,17.52684629376972,21.0,10.426329947502063,8.237987477243923,7.982034428533465,8.201158791873059,10.0,5.29829539634932,93.73333333333333,108.84525339166827,31.40785464391564,59.535824557709105
Kashmir,Budgam,"SIDCO Complex Ompora Budgam (PM-10, PM-2.5) 1081",2024-11-01,117.0,117.0,58.0,21.0,4.0,11,2024,-0.5000000000000004,0.8660254037844384,130.0,130.0,75.6,123.9357601750048,37.8,130.0,130.0,126.0,125.0,63.0,63.59295311871809,58.41373185063114,59.77277053599737,68.28571428571429,35.29020737002345,18.25998602803882,18.24413071981552,17.3783926135463,21.0,11.22804660805683,8.092370569178764,8.237987477243923,7.982034428533465,9.420688137396658,5.539131844085375,111.86666666666667,109.84525339166827,31.407854643915634,60.59315183511554
Kashmir,Budgam,"SIDCO Complex Ompora Budgam (PM-10, PM-2.5) 1081",2024-12-01,120.0,120.0,73.0,16.0,9.0,12,2024,-2.4492935982947064e-16,1.0,117.0,130.0,130.0,123.9357601750048,125.0,117.0,130.0,130.0,126.0,63.0,58.0,63.59295311871809,58.41373185063114,66.57142857142857,35.29020737002345,21.0,18.25998602803882,18.24413071981552,21.0,11.22804660805683,4.0,8.092370569178764,8.237987477243923,9.030632229466784,5.539131844085375,125.66666666666667,108.68929336250079,7.505553499465137,60.00222832311642
Kashmir,Budgam,"SIDCO Complex Ompora Budgam (PM-10, PM-2.5) 1081",2025-01-01,119.0,119.0,70.0,9.0,6.0,1,2025,0.49999999999999994,0.8660254037844387,120.0,117.0,130.0,75.6,125.0,120.0,117.0,130.0,126.0,125.0,73.0,58.0,63.59295311871809,60.420971286498784,52.83350976956388,16.0,21.0,18.25998602803882,17.52684629376972,26.0,9.0,4.0,8.092370569178764,8.201158791873059,6.977181401336691,122.33333333333333,108.03333333333332,6.806859285554048,64.86431770623938
Kashmir,Budgam,"SIDCO Complex Ompora Budgam (PM-10, PM-2.5) 1081",2025-02-01,110.0,110.0,53.0,18.0,11.0,2,2025,0.8660254037844386,0.5000000000000001,119.0,120.0,117.0,75.6,120.0,119.0,120.0,117.0,126.0,120.0,70.0,73.0,58.0,59.77277053599737,59.0,9.0,16.0,21.0,17.3783926135463,24.0,6.0,9.0,4.0,7.982034428533465,12.0,118.66666666666667,115.26666666666665,1.527525231651951,67.00000000000001
Kashmir,Budgam,"SIDCO Complex Ompora Budgam (PM-10, PM-2.5) 1081",2025-03-01,83.0,83.0,43.0,15.0,8.0,3,2025,1.0,6.123233995736766e-17,110.0,119.0,120.0,130.0,133.0,110.0,119.0,120.0,130.0,133.0,53.0,70.0,73.0,58.41373185063114,59.0,18.0,9.0,16.0,18.24413071981552,20.0,11.0,6.0,9.0,8.237987477243923,11.0,116.33333333333333,121.0,5.5075705472861,65.33333333333334
Kashmir,Budgam,"SIDCO Complex Ompora Budgam (PM-10, PM-2.5) 1081",2025-04-01,65.0,65.0,33.0,16.0,9.0,4,2025,0.8660254037844387,-0.4999999999999998,83.0,110.0,119.0,130.0,124.0,83.0,110.0,119.0,130.0,124.0,43.0,53.0,70.0,63.59295311871809,70.0,15.0,18.0,9.0,18.25998602803882,21.0,8.0,11.0,6.0,8.092370569178764,10.0,104.0,113.16666666666667,18.734993995195193,55.33333333333334
Kashmir,Budgam,"SIDCO Complex Ompora Budgam (PM-10, PM-2.5) 1081",2025-05-01,53.0,53.0,33.0,9.0,5.0,5,2025,0.49999999999999994,-0.8660254037844387,65.0,83.0,110.0,117.0,123.9357601750048,65.0,83.0,110.0,117.0,125.0,33.0,43.0,53.0,58.0,68.28571428571429,16.0,15.0,18.0,21.0,21.0,9.0,8.0,11.0,4.0,9.420688137396658,86.0,102.33333333333333,22.64950330581225,43.00000000000001
Kashmir,Budgam,"SIDCO Complex Ompora Budgam (PM-10, PM-2.5) 1081",2025-06-01,64.0,64.0,33.0,10.0,4.0,6,2025,1.2246467991473532e-16,-1.0,53.0,65.0,83.0,120.0,123.9357601750048,53.0,65.0,83.0,120.0,126.0,33.0,33.0,43.0,73.0,66.57142857142857,9.0,16.0,15.0,16.0,21.0,5.0,9.0,8.0,9.0,9.030632229466784,67.0,91.66666666666667,15.0996688705415,36.33333333333334
Kashmir,Budgam,"SIDCO Complex Ompora Budgam (PM-10, PM-2.5) 1081",2025-07-01,65.0,65.0,33.0,14.0,7.0,7,2025,-0.4999999999999997,-0.8660254037844388,64.0,53.0,65.0,119.0,75.6,64.0,53.0,65.0,119.0,126.0,33.0,33.0,33.0,70.0,60.420971286498784,10.0,9.0,16.0,9.0,17.52684629376972,4.0,5.0,9.0,6.0,8.201158791873059,60.666666666666664,82.33333333333333,6.658328118479393,33.0
Kashmir,Budgam,"SIDCO Complex Ompora Budgam (PM-10, PM-2.5) 1081",2025-08-01,37.0,74.66666666666667,37.0,14.333333333333334,6.054287279418833,8,2025,-0.8660254037844384,-0.5000000000000004,65.0,64.0,53.0,110.0,75.6,65.0,64.0,53.0,110.0,126.0,33.0,33.0,33.0,53.0,59.77277053599737,14.0,10.0,9.0,18.0,17.3783926135463,7.0,4.0,5.0,11.0,7.982034428533465,60.666666666666664,73.33333333333333,6.658328118479393,33.0
Kashmir,Budgam,"SIDCO Complex Ompora Budgam (PM-10, PM-2.5) 1081",2025-09-01,36.0,84.33333333333333,36.0,14.666666666666666,4.999861973381429,9,2025,-1.0,-1.8369701987210297e-16,37.0,65.0,64.0,83.0,130.0,74.66666666666667,65.0,64.0,83.0,130.0,37.0,33.0,33.0,43.0,58.41373185063114,14.333333333333334,14.0,10.0,15.0,18.24413071981552,6.054287279418833,7.0,4.0,8.0,8.237987477243923,55.333333333333336,61.166666666666664,15.885003409925142,34.33333333333334
Kashmir,Budgam,"SIDCO Complex Ompora Budgam (PM-10, PM-2.5) 1081",2025-10-01,94.0,94.0,47.0,15.0,6.669960116505703,10,2025,-0.8660254037844386,0.5000000000000001,36.0,37.0,65.0,65.0,130.0,84.33333333333333,74.66666666666667,65.0,65.0,130.0,36.0,37.0,33.0,33.0,63.59295311871809,14.666666666666666,14.333333333333334,14.0,16.0,18.25998602803882,4.999861973381429,6.054287279418833,7.0,9.0,8.092370569178764,46.0,53.333333333333336,16.46207763315433,35.33333333333334
Kashmir,Budgam,"SIDCO Complex Ompora Budgam (PM-10, PM-2.5) 1081",2025-11-01,99.0,99.0,52.0,17.0,6.669960116505703,11,2025,-0.5000000000000004,0.8660254037844384,94.0,36.0,37.0,53.0,117.0,94.0,84.33333333333333,74.66666666666667,53.0,117.0,47.0,36.0,37.0,33.0,58.0,15.0,14.666666666666666,14.333333333333334,9.0,21.0,6.669960116505703,4.999861973381429,6.054287279418833,5.0,4.0,55.666666666666664,58.166666666666664,33.20140559273558,40.00000000000001
Kashmir,Budgam,"SIDCO Complex Ompora Budgam (PM-10, PM-2.5) 1081",2025-12-01,116.0,116.0,60.0,18.0,7.028250516791754,12,2025,-2.4492935982947064e-16,1.0,99.0,94.0,36.0,64.0,120.0,99.0,94.0,84.33333333333333,64.0,120.0,52.0,47.0,36.0,33.0,73.0,17.0,15.0,14.666666666666666,10.0,16.0,6.669960116505703,6.669960116505703,4.999861973381429,4.0,9.0,76.33333333333333,65.83333333333333,35.019042438840806,45.00000000000001
Kashmir,Budgam,"SIDCO Complex Ompora Budgam (PM-10, PM-2.5) 1081",2026-01-01,111.0,111.0,80.0,23.0,9.173579553355642,1,2026,0.49999999999999994,0.8660254037844387,116.0,99.0,94.0,65.0,119.0,116.0,99.0,94.0,65.0,119.0,60.0,52.0,47.0,33.0,70.0,18.0,17.0,15.0,14.0,9.0,7.028250516791754,6.669960116505703,6.669960116505703,7.0,6.0,103.0,74.5,11.532562594670805,53.00000000000001
Kashmir,Budgam,"SIDCO Complex Ompora Budgam (PM-10, PM-2.5) 1081",2026-02-01,103.37676087952032,106.71428571428572,76.92857142857143,22.214285714285715,8.584038549600596,2,2026,0.8660254037844386,0.5000000000000001,111.0,116.0,99.0,37.0,110.0,111.0,116.0,99.0,74.66666666666667,110.0,80.0,60.0,52.0,37.0,53.0,23.0,18.0,17.0,14.333333333333334,18.0,9.173579553355642,7.028250516791754,6.669960116505703,6.054287279418833,11.0,108.66666666666667,82.16666666666667,8.736894948054116,64.00000000000001
Kashmir,Budgam,"SIDCO Complex Ompora Budgam (PM-10, PM-2.5) 1081",2026-03-01,103.37676087952032,102.42857142857144,73.85714285714286,21.428571428571427,7.165139549385411,3,2026,1.0,6.123233995736766e-17,103.37676087952032,111.0,116.0,36.0,83.0,106.71428571428572,111.0,116.0,84.33333333333333,83.0,76.92857142857143,80.0,60.0,36.0,43.0,22.214285714285715,23.0,18.0,14.666666666666666,15.0,8.584038549600596,9.173579553355642,7.028250516791754,4.999861973381429,8.0,110.1255869598401,93.22946014658673,6.356885251190523,72.30952380952381
Jammu,Jammu,Samba BariBrahmna Industrial area 507,2023-01-01,131.0,131.0,56.0,29.0,3.0,1,2023,0.49999999999999994,0.8660254037844387,157.8995987875709,157.8995987875709,145.0,138.0,134.0,120.0,161.0,145.0,138.0,134.0,45.25,34.5,23.75,52.0,46.0,28.0,27.0,26.0,28.0,26.0,9.90519726931974,2.0,3.0,4.0,2.0,153.59973252504727,144.29986626252364,7.447586832442151,34.50000000000001
Jammu,Jammu,Samba BariBrahmna Industrial area 507,2023-02-01,120.0,120.0,16.0,26.5,5.03799804539614,2,2023,0.8660254037844386,0.5000000000000001,131.0,157.8995987875709,157.8995987875709,143.0,178.0,131.0,120.0,161.0,143.0,178.0,56.0,45.25,34.5,43.0,64.0,29.0,28.0,27.0,25.0,28.0,3.0,9.90519726931974,2.0,3.0,5.0,148.93306585838062,143.13319959585695,15.530490601096998,45.25000000000001
Jammu,Jammu,Samba BariBrahmna Industrial area 507,2023-03-01,128.0,128.0,18.0,24.0,2.0,3,2023,1.0,6.123233995736766e-17,120.0,131.0,157.8995987875709,124.0,166.0,120.0,131.0,120.0,124.0,166.0,16.0,56.0,45.25,13.0,60.0,26.5,29.0,28.0,25.0,26.0,5.03799804539614,3.0,9.90519726931974,3.0,5.0,136.29986626252364,139.29986626252364,19.497726376816072,39.08333333333334
Jammu,Jammu,Samba BariBrahmna Industrial area 507,2023-04-01,124.0,124.0,20.0,25.0,3.0,4,2023,0.8660254037844387,-0.4999999999999998,128.0,120.0,131.0,145.0,178.0,128.0,120.0,131.0,145.0,178.0,18.0,16.0,56.0,23.75,61.0,24.0,26.5,29.0,26.0,29.0,2.0,5.03799804539614,3.0,3.0,3.0,126.33333333333333,139.9665329291903,5.686240703077358,30.00000000000001
Jammu,Jammu,Samba BariBrahmna Industrial area 507,2023-05-01,113.0,113.0,34.0,24.5,5.4547957669040965,5,2023,0.49999999999999994,-0.8660254037844387,124.0,128.0,120.0,157.8995987875709,182.0,124.0,128.0,120.0,161.0,182.0,20.0,18.0,16.0,34.5,73.0,25.0,24.0,26.5,27.0,34.0,3.0,2.0,5.03799804539614,2.0,4.0,124.0,136.4665329291903,4.000000000000042,18.00000000000001
Jammu,Jammu,Samba BariBrahmna Industrial area 507,2023-06-01,111.0,111.0,40.0,24.0,4.0,6,2023,1.2246467991473532e-16,-1.0,113.0,124.0,128.0,157.8995987875709,207.0,113.0,124.0,128.0,120.0,207.0,34.0,20.0,18.0,45.25,78.0,24.5,25.0,24.0,28.0,38.0,5.4547957669040965,3.0,2.0,9.90519726931974,4.0,121.66666666666667,128.98326646459515,7.767453465154053,24.00000000000001
Jammu,Jammu,Samba BariBrahmna Industrial area 507,2023-07-01,102.0,102.0,34.0,18.0,2.0,7,2023,-0.4999999999999997,-0.8660254037844388,111.0,113.0,124.0,131.0,138.0,111.0,113.0,124.0,131.0,138.0,40.0,34.0,20.0,56.0,52.0,24.0,24.5,25.0,29.0,28.0,4.0,5.4547957669040965,3.0,3.0,4.0,116.0,121.16666666666667,7.0000000000000275,31.333333333333343
Jammu,Jammu,Samba BariBrahmna Industrial area 507,2023-08-01,102.0,102.0,22.0,24.0,4.0,8,2023,-0.8660254037844384,-0.5000000000000004,102.0,111.0,113.0,120.0,143.0,102.0,111.0,113.0,120.0,143.0,34.0,40.0,34.0,16.0,43.0,18.0,24.0,24.5,26.5,25.0,2.0,4.0,5.4547957669040965,5.03799804539614,3.0,108.66666666666667,116.33333333333333,5.85946527708235,36.00000000000001
Jammu,Jammu,Samba BariBrahmna Industrial area 507,2023-09-01,95.0,95.0,8.0,23.0,4.0,9,2023,-1.0,-1.8369701987210297e-16,102.0,102.0,111.0,128.0,124.0,102.0,102.0,111.0,128.0,124.0,22.0,34.0,40.0,18.0,13.0,24.0,18.0,24.0,24.0,25.0,4.0,2.0,4.0,2.0,3.0,105.0,113.33333333333333,5.196152422706673,32.00000000000001
Jammu,Jammu,Samba BariBrahmna Industrial area 507,2023-10-01,94.0,94.0,9.583333333333334,22.56756756756757,4.0,10,2023,-0.8660254037844386,0.5000000000000001,95.0,102.0,102.0,124.0,145.0,95.0,102.0,102.0,124.0,145.0,8.0,22.0,34.0,20.0,23.75,23.0,24.0,18.0,25.0,26.0,4.0,4.0,2.0,3.0,3.0,99.66666666666667,107.83333333333333,4.041451884327382,21.333333333333343
Jammu,Samba,Samba BariBrahmna Industrial area 507,2023-11-01,103.0,103.0,36.0,24.0,4.0,11,2023,-0.5000000000000004,0.8660254037844384,94.0,95.0,102.0,113.0,157.8995987875709,94.0,95.0,102.0,113.0,161.0,9.583333333333334,8.0,22.0,34.0,34.5,22.56756756756757,23.0,24.0,24.5,27.0,4.0,4.0,4.0,5.4547957669040965,2.0,97.0,102.83333333333333,4.358898943540677,13.194444444444455
Jammu,Samba,Samba BariBrahmna Industrial area 507,2023-12-01,104.0,104.0,42.0,20.0,3.0,12,2023,-2.4492935982947064e-16,1.0,103.0,94.0,95.0,111.0,157.8995987875709,103.0,94.0,95.0,111.0,120.0,36.0,9.583333333333334,8.0,40.0,45.25,24.0,22.56756756756757,23.0,24.0,28.0,4.0,4.0,4.0,4.0,9.90519726931974,97.33333333333333,101.16666666666667,4.9328828623162515,17.86111111111112
Jammu,Samba,Samba BariBrahmna Industrial area 507,2024-01-01,117.0,117.0,40.0,26.0,4.0,1,2024,0.49999999999999994,0.8660254037844387,104.0,103.0,94.0,102.0,131.0,104.0,103.0,94.0,102.0,131.0,42.0,36.0,9.583333333333334,34.0,56.0,20.0,24.0,22.56756756756757,18.0,29.0,3.0,4.0,4.0,2.0,3.0,100.33333333333333,100.0,5.507570547286108,29.194444444444457
Jammu,Samba,Samba BariBrahmna Industrial area 507,2024-02-01,111.0,111.0,36.0,19.0,3.0,2,2024,0.8660254037844386,0.5000000000000001,117.0,104.0,103.0,102.0,120.0,117.0,104.0,103.0,102.0,120.0,40.0,42.0,36.0,22.0,16.0,26.0,20.0,24.0,24.0,26.5,4.0,3.0,4.0,4.0,5.03799804539614,108.0,102.5,7.81024967590666,39.33333333333334
Jammu,Samba,Samba BariBrahmna Industrial area 507,2024-03-01,123.0,123.0,40.0,24.0,4.0,3,2024,1.0,6.123233995736766e-17,111.0,117.0,104.0,95.0,128.0,111.0,117.0,104.0,95.0,128.0,36.0,40.0,42.0,8.0,18.0,19.0,26.0,20.0,23.0,24.0,3.0,4.0,3.0,4.0,2.0,110.66666666666667,104.0,6.506407098647718,39.33333333333334
Jammu,Samba,Samba BariBrahmna Industrial area 507,2024-04-01,127.0,116.0,48.0,16.0,2.0,4,2024,0.8660254037844387,-0.4999999999999998,123.0,111.0,117.0,94.0,124.0,123.0,111.0,117.0,94.0,124.0,40.0,36.0,40.0,9.583333333333334,20.0,24.0,19.0,26.0,22.56756756756757,25.0,4.0,3.0,4.0,4.0,3.0,117.0,108.66666666666667,6.000000000000004,38.66666666666668
Jammu,Samba,Samba BariBrahmna Industrial area 507,2024-05-01,117.0,117.0,39.0,26.0,4.0,5,2024,0.49999999999999994,-0.8660254037844387,127.0,123.0,111.0,103.0,113.0,116.0,123.0,111.0,103.0,113.0,48.0,40.0,36.0,36.0,34.0,16.0,24.0,19.0,24.0,24.5,2.0,4.0,3.0,4.0,5.4547957669040965,120.33333333333333,114.16666666666667,8.326663997864536,41.33333333333334
Jammu,Samba,Samba BariBrahmna Industrial area 507,2024-06-01,118.0,118.0,39.0,25.0,5.0,6,2024,1.2246467991473532e-16,-1.0,117.0,127.0,123.0,104.0,111.0,117.0,116.0,123.0,104.0,111.0,39.0,48.0,40.0,42.0,40.0,26.0,16.0,24.0,20.0,24.0,4.0,2.0,4.0,3.0,4.0,122.33333333333333,116.5,5.033222956847176,42.33333333333334
Jammu,Samba,Samba BariBrahmna Industrial area 507,2024-07-01,101.0,101.0,16.0,16.0,3.0,7,2024,-0.4999999999999997,-0.8660254037844388,118.0,117.0,127.0,117.0,102.0,118.0,117.0,116.0,117.0,102.0,39.0,39.0,48.0,40.0,34.0,25.0,26.0,16.0,26.0,18.0,5.0,4.0,2.0,4.0,2.0,120.66666666666667,118.83333333333333,5.507570547286111,42.00000000000001
Jammu,Samba,Samba BariBrahmna Industrial area 507,2024-08-01,85.0,85.0,23.5,15.0,2.0,8,2024,-0.8660254037844384,-0.5000000000000004,101.0,118.0,117.0,111.0,102.0,101.0,118.0,117.0,111.0,102.0,16.0,39.0,39.0,36.0,22.0,16.0,25.0,26.0,19.0,24.0,3.0,5.0,4.0,3.0,4.0,112.0,116.16666666666667,9.539392014169463,31.333333333333343
Jammu,Samba,Samba BariBrahmna Industrial area 507,2024-09-01,93.0,93.0,31.0,14.0,3.587088629367553,9,2024,-1.0,-1.8369701987210297e-16,85.0,101.0,118.0,123.0,95.0,85.0,101.0,118.0,123.0,95.0,23.5,16.0,39.0,40.0,8.0,15.0,16.0,25.0,24.0,23.0,2.0,3.0,5.0,4.0,4.0,101.33333333333333,111.83333333333333,16.50252505931542,26.166666666666675
Jammu,Samba,Samba BariBrahmna Industrial area 507,2024-10-01,117.0,117.0,39.0,13.0,4.0,10,2024,-0.8660254037844386,0.5000000000000001,93.0,85.0,101.0,127.0,94.0,93.0,85.0,101.0,116.0,94.0,31.0,23.5,16.0,48.0,9.583333333333334,14.0,15.0,16.0,16.0,22.56756756756757,3.587088629367553,2.0,3.0,2.0,4.0,93.0,106.83333333333333,8.000000000000002,23.50000000000001
Jammu,Samba,Samba BariBrahmna Industrial area 507,2024-11-01,137.6665988111591,140.0,47.0,36.0,6.0,11,2024,-0.5000000000000004,0.8660254037844384,117.0,93.0,85.0,117.0,103.0,117.0,93.0,85.0,117.0,103.0,39.0,31.0,23.5,39.0,36.0,13.0,14.0,15.0,26.0,24.0,4.0,3.587088629367553,2.0,4.0,4.0,98.33333333333333,105.16666666666667,16.653327995729065,31.166666666666675
Jammu,Samba,Samba BariBrahmna Industrial area 507,2024-12-01,137.6665988111591,174.0,73.0,21.0,4.0,12,2024,-2.4492935982947064e-16,1.0,137.6665988111591,117.0,93.0,118.0,104.0,140.0,117.0,93.0,118.0,104.0,47.0,39.0,31.0,39.0,42.0,36.0,13.0,14.0,25.0,20.0,6.0,4.0,3.587088629367553,5.0,3.0,115.88886627038637,108.61109980185985,22.3540203534638,39.00000000000001
Jammu,Samba,Samba BariBrahmna Industrial area 507,2025-01-01,186.0,186.0,109.0,34.0,4.0,1,2025,0.49999999999999994,0.8660254037844387,137.6665988111591,137.6665988111591,117.0,101.0,117.0,174.0,140.0,117.0,101.0,117.0,73.0,47.0,39.0,16.0,40.0,21.0,36.0,13.0,16.0,26.0,4.0,6.0,4.0,3.0,4.0,130.77773254077275,111.88886627038637,11.931866386856695,53.00000000000001
Jammu,Samba,Samba BariBrahmna Industrial area 507,2025-02-01,190.0,141.0,140.0,27.0,3.0,2,2025,0.8660254037844386,0.5000000000000001,186.0,137.6665988111591,137.6665988111591,85.0,111.0,186.0,174.0,140.0,85.0,111.0,109.0,73.0,47.0,23.5,36.0,34.0,21.0,36.0,15.0,19.0,4.0,4.0,6.0,2.0,3.0,153.77773254077275,126.05553293705304,27.905302187227463,76.33333333333334
Jammu,Samba,Samba BariBrahmna Industrial area 507,2025-03-01,115.0,115.0,55.0,36.0,4.0,3,2025,1.0,6.123233995736766e-17,190.0,186.0,137.6665988111591,93.0,123.0,141.0,186.0,174.0,93.0,123.0,140.0,109.0,73.0,31.0,40.0,27.0,34.0,21.0,14.0,24.0,3.0,4.0,4.0,3.587088629367553,4.0,171.2221996037197,143.55553293705304,29.128744538896097,107.33333333333333
Jammu,Samba,Samba BariBrahmna Industrial area 507,2025-04-01,128.0,128.0,72.0,38.0,4.0,4,2025,0.8660254037844387,-0.4999999999999998,115.0,190.0,186.0,117.0,127.0,115.0,141.0,186.0,117.0,116.0,55.0,140.0,109.0,39.0,48.0,36.0,27.0,34.0,13.0,16.0,4.0,3.0,4.0,4.0,2.0,163.66666666666666,147.2221996037197,42.19399641339194,101.33333333333333
Jammu,Samba,Samba BariBrahmna Industrial area 507,2025-05-01,125.0,125.0,70.0,33.0,10.02747302412637,5,2025,0.49999999999999994,-0.8660254037844387,128.0,115.0,190.0,137.6665988111591,117.0,128.0,115.0,141.0,140.0,117.0,72.0,55.0,140.0,47.0,39.0,38.0,36.0,27.0,36.0,26.0,4.0,4.0,3.0,6.0,4.0,144.33333333333334,149.05553293705304,40.07908847932213,89.0
Jammu,Samba,Samba BariBrahmna Industrial area 507,2025-06-01,113.0,113.0,59.0,28.0,9.129612437600295,6,2025,1.2246467991473532e-16,-1.0,125.0,128.0,115.0,137.6665988111591,118.0,125.0,128.0,115.0,174.0,118.0,70.0,72.0,55.0,73.0,39.0,33.0,38.0,36.0,21.0,25.0,10.02747302412637,4.0,4.0,4.0,5.0,122.66666666666667,146.94443313519318,6.80685928555401,65.66666666666667
Jammu,Samba,Samba BariBrahmna Industrial area 507,2025-07-01,86.0,86.0,29.0,23.0,2.0,7,2025,-0.4999999999999997,-0.8660254037844388,113.0,125.0,128.0,186.0,101.0,113.0,125.0,128.0,186.0,101.0,59.0,70.0,72.0,109.0,16.0,28.0,33.0,38.0,34.0,16.0,9.129612437600295,10.02747302412637,4.0,4.0,3.0,122.0,142.83333333333334,7.93725393319374,67.00000000000001
Jammu,Samba,Samba BariBrahmna Industrial area 507,2025-08-01,97.0,97.0,33.0,24.0,2.0,8,2025,-0.8660254037844384,-0.5000000000000004,86.0,113.0,125.0,190.0,85.0,86.0,113.0,125.0,141.0,85.0,29.0,59.0,70.0,140.0,23.5,23.0,28.0,33.0,27.0,15.0,2.0,9.129612437600295,10.02747302412637,3.0,2.0,108.0,126.16666666666667,19.974984355438167,52.66666666666668
Jammu,Samba,Samba BariBrahmna Industrial area 507,2025-09-01,91.0,91.0,39.0,21.0,2.0,9,2025,-1.0,-1.8369701987210297e-16,97.0,86.0,113.0,115.0,93.0,97.0,86.0,113.0,115.0,93.0,33.0,29.0,59.0,55.0,31.0,24.0,23.0,28.0,36.0,14.0,2.0,2.0,9.129612437600295,4.0,3.587088629367553,98.66666666666667,110.66666666666667,13.576941236277516,40.33333333333334
Jammu,Samba,Samba BariBrahmna Industrial area 507,2025-10-01,108.0,108.0,45.0,28.0,4.0,10,2025,-0.8660254037844386,0.5000000000000001,91.0,97.0,86.0,128.0,117.0,91.0,97.0,86.0,128.0,117.0,39.0,33.0,29.0,72.0,39.0,21.0,24.0,23.0,38.0,13.0,2.0,2.0,2.0,4.0,4.0,91.33333333333333,106.66666666666667,5.50757054728606,33.66666666666668
Jammu,Samba,Samba BariBrahmna Industrial area 507,2025-11-01,124.4168817055751,126.33333333333331,7.0,39.0,3.0,11,2025,-0.5000000000000004,0.8660254037844384,108.0,91.0,97.0,125.0,137.6665988111591,108.0,91.0,97.0,125.0,140.0,45.0,39.0,33.0,70.0,47.0,28.0,21.0,24.0,33.0,36.0,4.0,2.0,2.0,10.02747302412637,6.0,98.66666666666667,103.33333333333333,8.62167810425168,39.00000000000001
Jammu,Samba,Samba BariBrahmna Industrial area 507,2025-12-01,124.4168817055751,144.66666666666666,86.0,43.0,5.0,12,2025,-2.4492935982947064e-16,1.0,124.4168817055751,108.0,91.0,113.0,137.6665988111591,126.33333333333331,108.0,91.0,113.0,174.0,7.0,45.0,39.0,59.0,73.0,39.0,28.0,21.0,28.0,21.0,3.0,4.0,2.0,9.129612437600295,4.0,107.8056272351917,103.23614695092918,16.709288773310305,30.333333333333343
Jammu,Samba,Samba BariBrahmna Industrial area 507,2026-01-01,163.0,163.0,104.0,49.0,5.0,1,2026,0.49999999999999994,0.8660254037844387,124.4168817055751,124.4168817055751,108.0,86.0,186.0,144.66666666666666,126.33333333333331,108.0,86.0,186.0,86.0,7.0,45.0,29.0,109.0,43.0,39.0,28.0,23.0,34.0,5.0,3.0,4.0,2.0,4.0,118.94458780371673,105.13896056852502,9.478291071968014,46.00000000000001
Jammu,Samba,Samba BariBrahmna Industrial area 507,2026-02-01,146.0,146.0,86.0,45.0,4.0,2,2026,0.8660254037844386,0.5000000000000001,163.0,124.4168817055751,124.4168817055751,97.0,190.0,163.0,144.66666666666666,126.33333333333331,97.0,141.0,104.0,86.0,7.0,33.0,140.0,49.0,43.0,39.0,24.0,27.0,5.0,5.0,3.0,2.0,3.0,137.27792113705007,117.97229390185835,22.27597373346139,65.66666666666667
Jammu,Samba,Samba BariBrahmna Industrial area 507,2026-03-01,163.5256734314757,152.5,99.0,44.234042553191486,5.035005027949446,3,2026,1.0,6.123233995736766e-17,146.0,163.0,124.4168817055751,91.0,115.0,146.0,163.0,144.66666666666666,91.0,115.0,86.0,104.0,86.0,39.0,55.0,45.0,49.0,43.0,21.0,36.0,4.0,5.0,5.0,2.0,4.0,144.47229390185836,126.13896056852502,19.336873293583956,92.0
Jammu,Samba,Samba PCC Office Phase -1 1066,2023-01-01,91.0,91.0,36.0,16.7528178869063,4.068826163558235,1,2023,0.49999999999999994,0.8660254037844387,93.79835329733643,93.79835329733643,94.0,107.0,169.0,92.5,94.0,94.0,107.0,159.0,37.5,39.0,53.0,62.0,112.0,18.62692562224465,17.498107681713503,15.157397386262083,22.116225533381407,43.46808510638298,4.674962827376966,4.068826163558235,6.669960116505703,9.25019038945589,4.948900852252676,93.86556886489096,92.93278443244549,0.11642077806191055,43.16666666666668
Jammu,Samba,Samba PCC Office Phase -1 1066,2023-02-01,92.0,92.0,35.0,16.43672085322756,4.068826163558235,2,2023,0.8660254037844386,0.5000000000000001,91.0,93.79835329733643,93.79835329733643,78.0,158.0,91.0,92.5,94.0,78.0,158.0,36.0,37.5,39.0,33.0,79.0,16.7528178869063,18.62692562224465,17.498107681713503,18.24023390667065,26.76536434819917,4.068826163558235,4.674962827376966,4.068826163558235,3.889198601925885,8.45485859543223,92.86556886489096,90.26611776577882,1.6156300295048687,37.50000000000001
Jammu,Samba,Samba PCC Office Phase -1 1066,2023-03-01,96.0,96.0,32.0,15.813946257504002,3.623796294796823,3,2023,1.0,6.123233995736766e-17,92.0,91.0,93.79835329733643,91.0,161.0,92.0,91.0,92.5,91.0,161.0,35.0,36.0,37.5,56.0,55.0,16.43672085322756,16.7528178869063,18.62692562224465,16.8188673099214,27.032997935514818,4.068826163558235,4.068826163558235,4.674962827376966,6.531230281280064,11.269888864474163,92.26611776577882,92.59945109911216,1.4180300748311974,36.16666666666668
Jammu,Samba,Samba PCC Office Phase -1 1066,2023-04-01,93.0,93.0,35.0,17.829736164819245,4.219940712322809,4,2023,0.8660254037844387,-0.4999999999999998,96.0,92.0,91.0,94.0,164.0,96.0,92.0,91.0,94.0,164.0,32.0,35.0,36.0,53.0,53.0,15.813946257504002,16.43672085322756,16.7528178869063,15.157397386262083,27.17044756367553,3.623796294796823,4.068826163558235,4.068826163558235,6.669960116505703,11.778490675702676,93.0,93.43278443244549,2.645751311064595,34.33333333333334
Jammu,Samba,Samba PCC Office Phase -1 1066,2023-05-01,83.0,83.0,33.0,15.529171055993428,3.8021243346250007,5,2023,0.49999999999999994,-0.8660254037844387,93.0,96.0,92.0,93.79835329733643,142.0,93.0,96.0,92.0,94.0,142.0,35.0,32.0,35.0,39.0,66.0,17.829736164819245,15.813946257504002,16.43672085322756,17.498107681713503,21.55834852726051,4.219940712322809,3.623796294796823,4.068826163558235,4.068826163558235,9.372470838432363,93.66666666666667,93.26611776577882,2.0816659994661393,34.00000000000001
Jammu,Samba,Samba PCC Office Phase -1 1066,2023-06-01,87.0,87.0,31.0,15.62644047458331,3.720372218048654,6,2023,1.2246467991473532e-16,-1.0,83.0,93.0,96.0,93.79835329733643,134.0,83.0,93.0,96.0,92.5,134.0,33.0,35.0,32.0,37.5,72.0,15.529171055993428,17.829736164819245,15.813946257504002,18.62692562224465,24.34777834816061,3.8021243346250007,4.219940712322809,3.623796294796823,4.674962827376966,10.180533451473387,90.66666666666667,91.46639221622274,6.806859285554049,33.33333333333334
Jammu,Samba,Samba PCC Office Phase -1 1066,2023-07-01,93.0,93.0,28.0,16.31717176126772,3.030356886375052,7,2023,-0.4999999999999997,-0.8660254037844388,87.0,83.0,93.0,91.0,107.0,87.0,83.0,93.0,91.0,107.0,31.0,33.0,35.0,36.0,62.0,15.62644047458331,15.529171055993428,17.829736164819245,16.7528178869063,22.116225533381407,3.720372218048654,3.8021243346250007,4.219940712322809,4.068826163558235,9.25019038945589,87.66666666666667,90.33333333333333,5.033222956847173,33.00000000000001
Jammu,Samba,Samba PCC Office Phase -1 1066,2023-08-01,97.0,97.0,29.0,16.435076771985205,3.076084870590579,8,2023,-0.8660254037844384,-0.5000000000000004,93.0,87.0,83.0,92.0,78.0,93.0,87.0,83.0,92.0,78.0,28.0,31.0,33.0,35.0,33.0,16.31717176126772,15.62644047458331,15.529171055993428,16.43672085322756,18.24023390667065,3.030356886375052,3.720372218048654,3.8021243346250007,4.068826163558235,3.889198601925885,87.66666666666667,90.66666666666667,5.033222956847173,30.666666666666675
Jammu,Samba,Samba PCC Office Phase -1 1066,2023-09-01,96.0,96.0,35.0,16.95263484997349,4.068826163558235,9,2023,-1.0,-1.8369701987210297e-16,97.0,93.0,87.0,96.0,91.0,97.0,93.0,87.0,96.0,91.0,29.0,28.0,31.0,32.0,56.0,16.435076771985205,16.31717176126772,15.62644047458331,15.813946257504002,16.8188673099214,3.076084870590579,3.030356886375052,3.720372218048654,3.623796294796823,6.531230281280064,92.33333333333333,91.5,5.033222956847173,29.333333333333343
Jammu,Samba,Samba PCC Office Phase -1 1066,2023-10-01,100.0,100.0,38.0,17.83885683631224,4.219940712322809,10,2023,-0.8660254037844386,0.5000000000000001,96.0,97.0,93.0,93.0,94.0,96.0,97.0,93.0,93.0,94.0,35.0,29.0,28.0,35.0,53.0,16.95263484997349,16.435076771985205,16.31717176126772,17.829736164819245,15.157397386262083,4.068826163558235,3.076084870590579,3.030356886375052,4.219940712322809,6.669960116505703,95.33333333333333,91.5,2.081665999466154,30.666666666666675
Jammu,Samba,Samba PCC Office Phase -1 1066,2023-11-01,103.0,103.0,29.0,17.19761169017298,3.0885079944630704,11,2023,-0.5000000000000004,0.8660254037844384,100.0,96.0,97.0,83.0,93.79835329733643,100.0,96.0,97.0,83.0,94.0,38.0,35.0,29.0,33.0,39.0,17.83885683631224,16.95263484997349,16.435076771985205,15.529171055993428,17.498107681713503,4.219940712322809,4.068826163558235,3.076084870590579,3.8021243346250007,4.068826163558235,97.66666666666667,92.66666666666667,2.081665999466154,34.00000000000001
Jammu,Samba,Samba PCC Office Phase -1 1066,2023-12-01,93.82741975977146,95.0,35.0,18.01573856798351,4.2323638361953,12,2023,-2.4492935982947064e-16,1.0,103.0,100.0,96.0,87.0,93.79835329733643,103.0,100.0,96.0,87.0,92.5,29.0,38.0,35.0,31.0,37.5,17.19761169017298,17.83885683631224,16.95263484997349,15.62644047458331,18.62692562224465,3.0885079944630704,4.219940712322809,4.068826163558235,3.720372218048654,4.674962827376966,99.66666666666667,96.0,3.5118845842842568,34.00000000000001
Jammu,Samba,Samba PCC Office Phase -1 1066,2024-01-01,99.0,99.0,41.0,17.50403190032414,4.219940712322809,1,2024,0.49999999999999994,0.8660254037844387,93.82741975977146,103.0,100.0,93.0,91.0,95.0,103.0,100.0,93.0,91.0,35.0,29.0,38.0,28.0,36.0,18.01573856798351,17.19761169017298,17.83885683631224,16.31717176126772,16.7528178869063,4.2323638361953,3.0885079944630704,4.219940712322809,3.030356886375052,4.068826163558235,98.94247325325716,97.13790329329525,4.676839657387796,34.00000000000001
Jammu,Samba,Samba PCC Office Phase -1 1066,2024-02-01,117.0,117.0,51.0,18.29413358784766,7.407698652844291,2,2024,0.8660254037844386,0.5000000000000001,99.0,93.82741975977146,103.0,97.0,92.0,99.0,95.0,103.0,97.0,92.0,41.0,35.0,29.0,29.0,35.0,17.50403190032414,18.01573856798351,17.19761169017298,16.435076771985205,16.43672085322756,4.219940712322809,4.2323638361953,3.0885079944630704,3.076084870590579,4.068826163558235,98.60913991992383,98.13790329329525,4.59876459144254,35.00000000000001
Jammu,Samba,Samba PCC Office Phase -1 1066,2024-03-01,125.0,125.0,55.0,24.160727112116124,10.091946138992723,3,2024,1.0,6.123233995736766e-17,117.0,99.0,93.82741975977146,96.0,96.0,117.0,99.0,95.0,96.0,96.0,51.0,41.0,35.0,35.0,32.0,18.29413358784766,17.50403190032414,18.01573856798351,16.95263484997349,15.813946257504002,7.407698652844291,4.219940712322809,4.2323638361953,4.068826163558235,3.623796294796823,103.27580658659049,101.47123662662858,12.163634745498799,42.33333333333334
Jammu,Samba,Samba PCC Office Phase -1 1066,2024-04-01,129.0,129.0,39.0,20.248346091558425,5.7387941946082766,4,2024,0.8660254037844387,-0.4999999999999998,125.0,117.0,99.0,100.0,93.0,125.0,117.0,99.0,100.0,93.0,55.0,51.0,41.0,38.0,35.0,24.160727112116124,18.29413358784766,17.50403190032414,17.83885683631224,17.829736164819245,10.091946138992723,7.407698652844291,4.219940712322809,4.219940712322809,4.219940712322809,113.66666666666667,106.30456995996191,13.316656236958803,49.00000000000001
Jammu,Samba,Samba PCC Office Phase -1 1066,2024-05-01,130.0,130.0,49.0,18.40843970826224,8.052701481265602,5,2024,0.49999999999999994,-0.8660254037844387,129.0,125.0,117.0,103.0,83.0,129.0,125.0,117.0,103.0,83.0,39.0,55.0,51.0,29.0,33.0,20.248346091558425,24.160727112116124,18.29413358784766,17.19761169017298,15.529171055993428,5.7387941946082766,10.091946138992723,7.407698652844291,3.0885079944630704,3.8021243346250007,123.66666666666667,111.13790329329525,6.1101009266078465,48.33333333333334
Jammu,Samba,Samba PCC Office Phase -1 1066,2024-06-01,123.0,123.0,45.0,17.700012289932392,8.019142614743236,6,2024,1.2246467991473532e-16,-1.0,130.0,129.0,125.0,93.82741975977146,87.0,130.0,129.0,125.0,95.0,87.0,49.0,39.0,55.0,35.0,31.0,18.40843970826224,20.248346091558425,24.160727112116124,18.01573856798351,15.62644047458331,8.052701481265602,5.7387941946082766,10.091946138992723,4.2323638361953,3.720372218048654,128.0,115.63790329329525,2.6457513110647546,47.66666666666668
Jammu,Samba,Samba PCC Office Phase -1 1066,2024-07-01,117.0,117.0,46.0,18.05634070496764,8.648212902523728,7,2024,-0.4999999999999997,-0.8660254037844388,123.0,130.0,129.0,99.0,93.0,123.0,130.0,129.0,99.0,93.0,45.0,49.0,39.0,41.0,28.0,17.700012289932392,18.40843970826224,20.248346091558425,17.50403190032414,16.31717176126772,8.019142614743236,8.052701481265602,5.7387941946082766,4.219940712322809,3.030356886375052,127.33333333333333,120.5,3.7859388972002903,44.33333333333334
Jammu,Samba,Samba PCC Office Phase -1 1066,2024-08-01,115.0,115.0,34.0,15.77729412324006,4.672130642197448,8,2024,-0.8660254037844384,-0.5000000000000004,117.0,123.0,130.0,117.0,97.0,117.0,123.0,130.0,117.0,97.0,46.0,45.0,49.0,51.0,29.0,18.05634070496764,17.700012289932392,18.40843970826224,18.29413358784766,16.435076771985205,8.648212902523728,8.019142614743236,8.052701481265602,7.407698652844291,3.076084870590579,123.33333333333333,123.5,6.506407098647757,46.66666666666668
Jammu,Samba,Samba PCC Office Phase -1 1066,2024-09-01,111.0,111.0,35.0,18.17088014394064,5.1226033003455615,9,2024,-1.0,-1.8369701987210297e-16,115.0,117.0,123.0,125.0,96.0,115.0,117.0,123.0,125.0,96.0,34.0,46.0,45.0,55.0,35.0,15.77729412324006,18.05634070496764,17.700012289932392,24.160727112116124,16.95263484997349,4.672130642197448,8.648212902523728,8.019142614743236,10.091946138992723,4.068826163558235,118.33333333333333,123.16666666666667,4.1633319989323025,41.66666666666668
Jammu,Samba,Samba PCC Office Phase -1 1066,2024-10-01,111.0,111.0,32.0,19.193276990452805,4.850265860272816,10,2024,-0.8660254037844386,0.5000000000000001,111.0,115.0,117.0,129.0,100.0,111.0,115.0,117.0,129.0,100.0,35.0,34.0,46.0,39.0,38.0,18.17088014394064,15.77729412324006,18.05634070496764,20.248346091558425,17.83885683631224,5.1226033003455615,4.672130642197448,8.648212902523728,5.7387941946082766,4.219940712322809,114.33333333333333,120.83333333333333,3.0550504633039064,38.33333333333334
Jammu,Samba,Samba PCC Office Phase -1 1066,2024-11-01,159.0,159.0,46.0,25.111859732724906,9.430947701031483,11,2024,-0.5000000000000004,0.8660254037844384,111.0,111.0,115.0,130.0,103.0,111.0,111.0,115.0,130.0,103.0,32.0,35.0,34.0,49.0,29.0,19.193276990452805,18.17088014394064,15.77729412324006,18.40843970826224,17.19761169017298,4.850265860272816,5.1226033003455615,4.672130642197448,8.052701481265602,3.0885079944630704,112.33333333333333,117.83333333333333,2.3094010767584954,33.66666666666668
Jammu,Samba,Samba PCC Office Phase -1 1066,2024-12-01,174.1650436297228,173.0,54.0,22.40041321568539,10.92654101201903,12,2024,-2.4492935982947064e-16,1.0,159.0,111.0,111.0,123.0,93.82741975977146,159.0,111.0,111.0,123.0,95.0,46.0,32.0,35.0,45.0,35.0,25.111859732724906,19.193276990452805,18.17088014394064,17.700012289932392,18.01573856798351,9.430947701031483,4.850265860272816,5.1226033003455615,8.019142614743236,4.2323638361953,127.0,122.66666666666667,27.712812921102035,37.66666666666668
Jammu,Samba,Samba PCC Office Phase -1 1066,2025-01-01,187.0,187.0,50.0,27.386650099410197,13.36170190672634,1,2025,0.49999999999999994,0.8660254037844387,174.1650436297228,159.0,111.0,117.0,99.0,173.0,159.0,111.0,117.0,99.0,54.0,46.0,32.0,46.0,41.0,22.40041321568539,25.111859732724906,19.193276990452805,18.05634070496764,17.50403190032414,10.92654101201903,9.430947701031483,4.850265860272816,8.648212902523728,4.219940712322809,148.05501454324093,131.19417393828712,32.97423561165136,44.00000000000001
Jammu,Samba,Samba PCC Office Phase -1 1066,2025-02-01,175.0,175.0,44.0,24.98590876199662,11.777432482879686,2,2025,0.8660254037844386,0.5000000000000001,187.0,174.1650436297228,159.0,115.0,117.0,187.0,173.0,159.0,115.0,117.0,50.0,54.0,46.0,34.0,51.0,27.386650099410197,22.40041321568539,25.111859732724906,15.77729412324006,18.29413358784766,13.36170190672634,10.92654101201903,9.430947701031483,4.672130642197448,7.407698652844291,173.38834787657424,142.86084060495378,14.016149336380487,50.00000000000001
Jammu,Samba,Samba PCC Office Phase -1 1066,2025-03-01,167.0,167.0,59.0,27.00787934777912,9.96451138851669,3,2025,1.0,6.123233995736766e-17,175.0,187.0,174.1650436297228,111.0,125.0,175.0,187.0,173.0,111.0,125.0,44.0,50.0,54.0,35.0,55.0,24.98590876199662,27.386650099410197,22.40041321568539,18.17088014394064,24.160727112116124,11.777432482879686,13.36170190672634,10.92654101201903,5.1226033003455615,10.091946138992723,178.7216812099076,152.86084060495378,7.1813793610882355,49.33333333333334
Jammu,Samba,Samba PCC Office Phase -1 1066,2025-04-01,155.0,155.0,58.44444444444444,23.48091587514827,10.647967648726528,4,2025,0.8660254037844387,-0.4999999999999998,167.0,175.0,187.0,111.0,129.0,167.0,175.0,187.0,111.0,129.0,59.0,44.0,50.0,32.0,39.0,27.00787934777912,24.98590876199662,27.386650099410197,19.193276990452805,20.248346091558425,9.96451138851669,11.777432482879686,13.36170190672634,4.850265860272816,5.7387941946082766,176.33333333333334,162.19417393828712,10.066445913694322,51.00000000000001
Jammu,Samba,Samba PCC Office Phase -1 1066,2025-05-01,128.0,128.0,57.888888888888886,23.52556074013818,9.36079239803252,5,2025,0.49999999999999994,-0.8660254037844387,155.0,167.0,175.0,159.0,130.0,155.0,167.0,175.0,159.0,130.0,58.44444444444444,59.0,44.0,46.0,49.0,23.48091587514827,27.00787934777912,24.98590876199662,25.111859732724906,18.40843970826224,10.647967648726528,9.96451138851669,11.777432482879686,9.430947701031483,8.052701481265602,165.66666666666666,169.52750727162046,10.066445913694322,53.81481481481482
Jammu,Samba,Samba PCC Office Phase -1 1066,2025-06-01,119.0,119.0,45.97042688020776,17.465745409480824,8.1491383445794,6,2025,1.2246467991473532e-16,-1.0,128.0,155.0,167.0,174.1650436297228,123.0,128.0,155.0,167.0,173.0,123.0,57.888888888888886,58.44444444444444,59.0,54.0,45.0,23.52556074013818,23.48091587514827,27.00787934777912,22.40041321568539,17.700012289932392,9.36079239803252,10.647967648726528,9.96451138851669,10.92654101201903,8.019142614743236,150.0,164.36084060495378,19.97498435543817,58.44444444444446
Jammu,Samba,Samba PCC Office Phase -1 1066,2025-07-01,132.0,132.0,58.82333479614589,20.35946926692808,9.080983179296195,7,2025,-0.4999999999999997,-0.8660254037844388,119.0,128.0,155.0,187.0,117.0,119.0,128.0,155.0,187.0,117.0,45.97042688020776,57.888888888888886,58.44444444444444,50.0,46.0,17.465745409480824,23.52556074013818,23.48091587514827,27.386650099410197,18.05634070496764,8.1491383445794,9.36079239803252,10.647967648726528,13.36170190672634,8.648212902523728,134.0,155.16666666666666,18.734993995195186,54.101253404513706
Jammu,Samba,Samba PCC Office Phase -1 1066,2025-08-01,94.0,94.0,48.135459253967866,19.659555352150303,9.5693947268627,8,2025,-0.8660254037844384,-0.5000000000000004,132.0,119.0,128.0,175.0,115.0,132.0,119.0,128.0,175.0,115.0,58.82333479614589,45.97042688020776,57.888888888888886,44.0,34.0,20.35946926692808,17.465745409480824,23.52556074013818,24.98590876199662,15.77729412324006,9.080983179296195,8.1491383445794,9.36079239803252,11.777432482879686,4.672130642197448,126.33333333333333,146.0,6.658328118479373,54.22755018841419
Jammu,Samba,Samba PCC Office Phase -1 1066,2025-09-01,99.0,99.0,45.084870949406685,21.517569090006862,6.869509215682693,9,2025,-1.0,-1.8369701987210297e-16,94.0,132.0,119.0,167.0,111.0,94.0,132.0,119.0,167.0,111.0,48.135459253967866,58.82333479614589,45.97042688020776,59.0,35.0,19.659555352150303,20.35946926692808,17.465745409480824,27.00787934777912,18.17088014394064,9.5693947268627,9.080983179296195,8.1491383445794,9.96451138851669,5.1226033003455615,115.0,132.5,19.31320791582796,50.97640697677385
Jammu,Samba,Samba PCC Office Phase -1 1066,2025-10-01,103.0,103.0,43.56043104170807,9.0,2.0,10,2025,-0.8660254037844386,0.5000000000000001,99.0,94.0,132.0,155.0,111.0,99.0,94.0,132.0,155.0,111.0,45.084870949406685,48.135459253967866,58.82333479614589,58.44444444444444,32.0,21.517569090006862,19.659555352150303,20.35946926692808,23.48091587514827,19.193276990452805,6.869509215682693,9.5693947268627,9.080983179296195,10.647967648726528,4.850265860272816,108.33333333333333,121.16666666666667,20.64784088793143,50.68122166650682
Jammu,Samba,Samba PCC Office Phase -1 1066,2025-11-01,128.0,128.0,41.908791936795744,14.0,4.0,11,2025,-0.5000000000000004,0.8660254037844384,103.0,99.0,94.0,128.0,159.0,103.0,99.0,94.0,128.0,159.0,43.56043104170807,45.084870949406685,48.135459253967866,57.888888888888886,46.0,9.0,21.517569090006862,19.659555352150303,23.52556074013818,25.111859732724906,2.0,6.869509215682693,9.5693947268627,9.36079239803252,9.430947701031483,98.66666666666667,112.5,4.509249752822848,45.59358708169422
Jammu,Samba,Samba PCC Office Phase -1 1066,2025-12-01,116.0,116.0,54.0,14.0,4.0,12,2025,-2.4492935982947064e-16,1.0,128.0,103.0,99.0,119.0,174.1650436297228,128.0,103.0,99.0,119.0,173.0,41.908791936795744,43.56043104170807,45.084870949406685,45.97042688020776,54.0,14.0,9.0,21.517569090006862,17.465745409480824,22.40041321568539,4.0,2.0,6.869509215682693,8.1491383445794,10.92654101201903,110.0,112.5,15.716233645501697,43.5180313093035
Jammu,Samba,Samba PCC Office Phase -1 1066,2026-01-01,103.0,103.0,26.0,17.0,4.0,1,2026,0.49999999999999994,0.8660254037844387,116.0,128.0,103.0,132.0,187.0,116.0,128.0,103.0,132.0,187.0,54.0,41.908791936795744,43.56043104170807,58.82333479614589,50.0,14.0,14.0,9.0,20.35946926692808,27.386650099410197,4.0,4.0,2.0,9.080983179296195,13.36170190672634,115.66666666666667,112.0,12.503332889007352,46.48974099283462
Jammu,Samba,Samba PCC Office Phase -1 1066,2026-02-01,90.0,90.0,44.0,28.0,6.0,2,2026,0.8660254037844386,0.5000000000000001,103.0,116.0,128.0,94.0,175.0,103.0,116.0,128.0,94.0,175.0,26.0,54.0,41.908791936795744,48.135459253967866,44.0,17.0,14.0,14.0,19.659555352150303,24.98590876199662,4.0,4.0,4.0,9.5693947268627,11.777432482879686,115.66666666666667,107.16666666666667,12.503332889007352,40.63626397893192
Jammu,Samba,Samba PCC Office Phase -1 1066,2026-03-01,116.61888210368092,126.0,108.0,27.70212765957447,5.218469201866721,3,2026,1.0,6.123233995736766e-17,90.0,103.0,116.0,99.0,167.0,90.0,103.0,116.0,99.0,167.0,44.0,26.0,54.0,45.084870949406685,59.0,28.0,17.0,14.0,21.517569090006862,27.00787934777912,6.0,4.0,4.0,6.869509215682693,9.96451138851669,103.0,106.5,12.999999999999986,41.33333333333334
Kashmir,Shopian,"Shopian Bongam  (PM-10, PM-2.5) 1080",2023-01-01,105.0,64.0,40.0,10.0,5.0,1,2023,0.49999999999999994,0.8660254037844387,113.0,113.0,40.8,94.39309303217156,119.45758381049848,68.0,68.0,68.0,97.17726946547948,113.6923076923077,44.0,38.544981235656415,38.544981235656415,45.4194897078592,50.34803425331417,11.0,13.59486616291406,13.59486616291406,16.90828403592742,19.46153846153846,6.0,5.284183023468941,5.284183023468941,5.830875792682721,8.727137090896248,88.93333333333334,73.79884883869526,41.68468943549099,40.363320823770955
Kashmir,Shopian,"Shopian Bongam  (PM-10, PM-2.5) 1080",2023-02-01,104.0,65.0,39.0,12.0,7.0,2,2023,0.8660254037844386,0.5000000000000001,105.0,113.0,113.0,40.8,68.21538461538461,64.0,68.0,68.0,68.0,113.6923076923077,40.0,44.0,38.544981235656415,27.200000000000003,46.53775135650336,10.0,11.0,13.59486616291406,27.200000000000003,15.69057782945033,5.0,6.0,5.284183023468941,5.158642032054903,7.809798353198443,110.33333333333333,75.56666666666666,4.618802153517004,40.84832707855215
Kashmir,Shopian,"Shopian Bongam  (PM-10, PM-2.5) 1080",2023-03-01,99.0,43.0,56.0,7.0,3.0,3,2023,1.0,6.123233995736766e-17,104.0,105.0,113.0,40.8,68.21538461538461,65.0,64.0,68.0,68.0,113.6923076923077,39.0,40.0,44.0,27.200000000000003,42.05679312989624,12.0,10.0,11.0,27.200000000000003,15.001338988415604,7.0,5.0,6.0,5.20142161540604,4.814319629594999,107.33333333333333,86.10000000000001,4.9328828623162435,41.00000000000001
Kashmir,Shopian,"Shopian Bongam  (PM-10, PM-2.5) 1080",2023-04-01,119.42562438439056,45.55555555555556,53.22222222222222,7.5,3.4791760908486213,4,2023,0.8660254037844387,-0.4999999999999998,99.0,104.0,105.0,40.8,68.21538461538461,43.0,65.0,64.0,68.0,113.6923076923077,56.0,39.0,40.0,38.544981235656415,42.05679312989624,7.0,12.0,10.0,13.59486616291406,15.001338988415604,3.0,7.0,5.0,5.284183023468941,4.814319629594999,102.66666666666667,95.8,3.214550253664311,45.00000000000001
Kashmir,Shopian,"Shopian Bongam  (PM-10, PM-2.5) 1080",2023-05-01,119.42562438439056,48.11111111111112,50.44444444444444,8.0,3.91256230203576,5,2023,0.49999999999999994,-0.8660254037844387,119.42562438439056,99.0,104.0,113.0,68.21538461538461,45.55555555555556,43.0,65.0,68.0,113.6923076923077,53.22222222222222,56.0,39.0,38.544981235656415,42.05679312989624,7.5,7.0,12.0,13.59486616291406,15.001338988415604,3.4791760908486213,3.0,7.0,5.284183023468941,4.814319629594999,107.47520812813019,108.90427073073177,10.647034165598374,49.40740740740742
Kashmir,Shopian,"Shopian Bongam  (PM-10, PM-2.5) 1080",2023-06-01,28.866666666666667,48.11111111111112,34.92280379262705,12.362557865873246,6.256633498302223,6,2023,1.2246467991473532e-16,-1.0,119.42562438439056,119.42562438439056,99.0,113.0,68.21538461538461,48.11111111111112,45.55555555555556,43.0,68.0,113.6923076923077,50.44444444444444,53.22222222222222,56.0,44.0,42.05679312989624,8.0,7.5,7.0,11.0,15.001338988415604,3.91256230203576,3.4791760908486213,3.0,6.0,4.814319629594999,112.61708292292705,109.97520812813019,11.792739736694068,53.22222222222223
Kashmir,Shopian,"Shopian Bongam  (PM-10, PM-2.5) 1080",2023-07-01,28.866666666666667,48.11111111111112,34.7217477228997,12.362557865873246,6.256633498302223,7,2023,-0.4999999999999997,-0.8660254037844388,28.866666666666667,119.42562438439056,119.42562438439056,105.0,94.39309303217156,48.11111111111112,48.11111111111112,45.55555555555556,64.0,97.17726946547948,34.92280379262705,50.44444444444444,53.22222222222222,40.0,45.4194897078592,12.362557865873246,8.0,7.5,10.0,16.90828403592742,6.256633498302223,3.91256230203576,3.4791760908486213,5.0,5.830875792682721,89.23930514514926,95.95298590590797,52.28423861585983,46.19649015309792
Kashmir,Shopian,"Shopian Bongam  (PM-10, PM-2.5) 1080",2023-08-01,28.866666666666667,48.11111111111112,34.7217477228997,12.362557865873246,6.256633498302223,8,2023,-0.8660254037844384,-0.5000000000000004,28.866666666666667,28.866666666666667,119.42562438439056,104.0,40.8,48.11111111111112,48.11111111111112,48.11111111111112,65.0,68.0,34.7217477228997,34.92280379262705,50.44444444444444,39.0,27.200000000000003,12.362557865873246,12.362557865873246,8.0,12.0,27.200000000000003,6.256633498302223,6.256633498302223,3.91256230203576,7.0,5.158642032054903,59.05298590590795,83.26409701701908,52.284238615859834,40.02966531999041
Kashmir,Shopian,"Shopian Bongam  (PM-10, PM-2.5) 1080",2023-09-01,39.6,66.0,36.12040945555451,11.988695806402593,6.256633498302223,9,2023,-1.0,-1.8369701987210297e-16,28.866666666666667,28.866666666666667,28.866666666666667,99.0,40.8,48.11111111111112,48.11111111111112,48.11111111111112,43.0,68.0,34.7217477228997,34.7217477228997,34.92280379262705,56.0,27.200000000000003,12.362557865873246,12.362557865873246,12.362557865873246,7.0,27.200000000000003,6.256633498302223,6.256633498302223,6.256633498302223,3.0,5.20142161540604,28.866666666666667,70.74187479479686,0.0,34.788766412808826
Kashmir,Shopian,"Shopian Bongam  (PM-10, PM-2.5) 1080",2023-10-01,39.6,66.0,37.17679496236545,12.535645067267655,5.486529242352331,10,2023,-0.8660254037844386,0.5000000000000001,39.6,28.866666666666667,28.866666666666667,119.42562438439056,40.8,66.0,48.11111111111112,48.11111111111112,45.55555555555556,68.0,36.12040945555451,34.7217477228997,34.7217477228997,53.22222222222222,38.544981235656415,11.988695806402593,12.362557865873246,12.362557865873246,7.5,13.59486616291406,6.256633498302223,6.256633498302223,6.256633498302223,3.4791760908486213,5.284183023468941,32.44444444444445,60.84187479479686,6.196892889301985,35.18796830045131
Kashmir,Shopian,"Shopian Bongam  (PM-10, PM-2.5) 1080",2023-11-01,39.6,66.0,35.338356630493855,10.494907216719012,5.2018114636762895,11,2023,-0.5000000000000004,0.8660254037844384,39.6,39.6,28.866666666666667,119.42562438439056,113.0,66.0,66.0,48.11111111111112,48.11111111111112,68.0,37.17679496236545,36.12040945555451,34.7217477228997,50.44444444444444,38.544981235656415,12.535645067267655,11.988695806402593,12.362557865873246,8.0,13.59486616291406,5.486529242352331,6.256633498302223,6.256633498302223,3.91256230203576,5.284183023468941,36.02222222222222,47.5376040640651,6.196892889301985,36.00631738027323
Kashmir,Shopian,"Shopian Bongam  (PM-10, PM-2.5) 1080",2023-12-01,125.0,66.0,31.0,10.494907216719012,4.924267350510964,12,2023,-2.4492935982947064e-16,1.0,39.6,39.6,39.6,28.866666666666667,113.0,66.0,66.0,66.0,48.11111111111112,68.0,35.338356630493855,37.17679496236545,36.12040945555451,34.92280379262705,44.0,10.494907216719012,12.535645067267655,11.988695806402593,12.362557865873246,11.0,5.2018114636762895,5.486529242352331,6.256633498302223,6.256633498302223,6.0,39.6,34.233333333333334,0.0,36.211853682804616
Kashmir,Shopian,"Shopian Bongam  (PM-10, PM-2.5) 1080",2024-01-01,125.0,125.0,46.0,12.0,5.828107331759088,1,2024,0.49999999999999994,0.8660254037844387,125.0,39.6,39.6,28.866666666666667,105.0,66.0,66.0,66.0,48.11111111111112,64.0,31.0,35.338356630493855,37.17679496236545,34.7217477228997,40.0,10.494907216719012,10.494907216719012,12.535645067267655,12.362557865873246,10.0,4.924267350510964,5.2018114636762895,5.486529242352331,6.256633498302223,5.0,68.06666666666668,50.25555555555555,49.30571298879404,34.505050530953106
Kashmir,Shopian,"Shopian Bongam  (PM-10, PM-2.5) 1080",2024-02-01,123.0,123.0,61.0,20.0,9.0,2,2024,0.8660254037844386,0.5000000000000001,125.0,125.0,39.6,28.866666666666667,104.0,125.0,66.0,66.0,48.11111111111112,65.0,46.0,31.0,35.338356630493855,34.7217477228997,39.0,12.0,10.494907216719012,10.494907216719012,12.362557865873246,12.0,5.828107331759088,4.924267350510964,5.2018114636762895,6.256633498302223,7.0,96.53333333333335,66.27777777777777,49.30571298879404,37.44611887683129
Kashmir,Shopian,"Shopian Bongam  (PM-10, PM-2.5) 1080",2024-03-01,96.0,85.0,48.0,12.0,5.0,3,2024,1.0,6.123233995736766e-17,123.0,125.0,125.0,39.6,99.0,123.0,125.0,66.0,66.0,43.0,61.0,46.0,31.0,36.12040945555451,56.0,20.0,12.0,10.494907216719012,11.988695806402593,7.0,9.0,5.828107331759088,4.924267350510964,6.256633498302223,3.0,124.33333333333333,81.96666666666665,1.1547005383792495,46.00000000000001
Kashmir,Shopian,"Shopian Bongam  (PM-10, PM-2.5) 1080",2024-04-01,46.0,96.375,46.0,12.25,5.482649691126486,4,2024,0.8660254037844387,-0.4999999999999998,96.0,123.0,125.0,39.6,119.42562438439056,85.0,123.0,125.0,66.0,45.55555555555556,48.0,61.0,46.0,37.17679496236545,53.22222222222222,12.0,20.0,12.0,12.535645067267655,7.5,5.0,9.0,5.828107331759088,5.486529242352331,3.4791760908486213,114.66666666666667,91.36666666666667,16.19670748434179,51.66666666666668
Kashmir,Shopian,"Shopian Bongam  (PM-10, PM-2.5) 1080",2024-05-01,93.89155375905148,107.75,47.625,12.5,5.414183364511613,5,2024,0.49999999999999994,-0.8660254037844387,46.0,96.0,123.0,39.6,119.42562438439056,96.375,85.0,123.0,66.0,48.11111111111112,46.0,48.0,61.0,35.338356630493855,50.44444444444444,12.25,12.0,20.0,10.494907216719012,8.0,5.482649691126486,5.0,9.0,5.2018114636762895,3.91256230203576,88.33333333333333,92.43333333333334,39.068316233660916,51.66666666666668
Kashmir,Shopian,"Shopian Bongam  (PM-10, PM-2.5) 1080",2024-06-01,93.89155375905148,107.75,49.25,17.574817413201142,6.860489975011661,6,2024,1.2246467991473532e-16,-1.0,93.89155375905148,46.0,96.0,125.0,28.866666666666667,107.75,96.375,85.0,66.0,48.11111111111112,47.625,46.0,48.0,31.0,34.92280379262705,12.5,12.25,12.0,10.494907216719012,12.362557865873246,5.414183364511613,5.482649691126486,5.0,4.924267350510964,6.256633498302223,78.63051791968383,101.48192562650858,28.27851500994788,47.20833333333334
Kashmir,Shopian,"Shopian Bongam  (PM-10, PM-2.5) 1080",2024-07-01,64.64999999999999,107.75,57.00529514988804,18.99047509843878,7.099623645059086,7,2024,-0.4999999999999997,-0.8660254037844388,93.89155375905148,93.89155375905148,46.0,125.0,28.866666666666667,107.75,107.75,96.375,125.0,48.11111111111112,49.25,47.625,46.0,46.0,34.7217477228997,17.574817413201142,12.5,12.25,12.0,12.362557865873246,6.860489975011661,5.414183364511613,5.482649691126486,5.828107331759088,6.256633498302223,77.92770250603432,96.2971845863505,27.650201454697797,47.62500000000001
Kashmir,Shopian,"Shopian Bongam  (PM-10, PM-2.5) 1080",2024-08-01,64.64999999999999,107.75,57.00529514988804,18.99047509843878,7.099623645059086,8,2024,-0.8660254037844384,-0.5000000000000004,64.64999999999999,93.89155375905148,93.89155375905148,123.0,28.866666666666667,107.75,107.75,107.75,123.0,48.11111111111112,57.00529514988804,49.25,47.625,61.0,34.7217477228997,18.99047509843878,17.574817413201142,12.5,20.0,12.362557865873246,7.099623645059086,6.860489975011661,5.414183364511613,9.0,6.256633498302223,84.14436917270098,86.23885125301716,16.882618934311285,51.29343171662936
Kashmir,Shopian,"Shopian Bongam  (PM-10, PM-2.5) 1080",2024-09-01,105.6,176.0,53.33107924450554,24.234207874927858,6.847137560287314,9,2024,-1.0,-1.8369701987210297e-16,64.64999999999999,64.64999999999999,93.89155375905148,96.0,39.6,107.75,107.75,107.75,85.0,66.0,57.00529514988804,57.00529514988804,49.25,48.0,36.12040945555451,18.99047509843878,18.99047509843878,17.574817413201142,12.0,11.988695806402593,7.099623645059086,7.099623645059086,6.860489975011661,5.0,6.256633498302223,74.39718458635049,76.51385125301715,16.88261893431128,54.420196766592035
Kashmir,Shopian,"Shopian Bongam  (PM-10, PM-2.5) 1080",2024-10-01,176.0,176.0,66.47099632320477,29.66036914488176,12.314454426437864,10,2024,-0.8660254037844386,0.5000000000000001,105.6,64.64999999999999,64.64999999999999,46.0,39.6,176.0,107.75,107.75,96.375,66.0,53.33107924450554,57.00529514988804,57.00529514988804,46.0,37.17679496236545,24.234207874927858,18.99047509843878,18.99047509843878,12.25,12.535645067267655,6.847137560287314,7.099623645059086,7.099623645059086,5.482649691126486,5.486529242352331,78.3,78.11385125301716,23.642493523315174,55.78055651476055
Kashmir,Shopian,"Shopian Bongam  (PM-10, PM-2.5) 1080",2024-11-01,176.0,176.0,74.8287722070141,14.0,5.0,11,2024,-0.5000000000000004,0.8660254037844384,176.0,105.6,64.64999999999999,93.89155375905148,39.6,176.0,176.0,107.75,107.75,66.0,66.47099632320477,53.33107924450554,57.00529514988804,47.625,35.338356630493855,29.66036914488176,24.234207874927858,18.99047509843878,12.5,10.494907216719012,12.314454426437864,6.847137560287314,7.099623645059086,5.414183364511613,5.2018114636762895,115.41666666666667,99.78051791968382,56.32034120398538,58.93579023919946
Kashmir,Shopian,"Shopian Bongam  (PM-10, PM-2.5) 1080",2024-12-01,115.0,115.0,59.0,4.0,2.0,12,2024,-2.4492935982947064e-16,1.0,176.0,176.0,105.6,93.89155375905148,125.0,176.0,176.0,176.0,107.75,66.0,74.8287722070141,66.47099632320477,53.33107924450554,49.25,31.0,14.0,29.66036914488176,24.234207874927858,17.574817413201142,10.494907216719012,5.0,12.314454426437864,6.847137560287314,6.860489975011661,4.924267350510964,152.53333333333333,113.4652589598419,40.64545895094964,64.87694925824148
Kashmir,Shopian,"Shopian Bongam  (PM-10, PM-2.5) 1080",2025-01-01,120.0,120.0,54.0,3.0,3.0,1,2025,0.49999999999999994,0.8660254037844387,115.0,176.0,176.0,64.64999999999999,125.0,115.0,176.0,176.0,107.75,125.0,59.0,74.8287722070141,66.47099632320477,57.00529514988804,46.0,4.0,14.0,29.66036914488176,18.99047509843878,12.0,2.0,5.0,12.314454426437864,7.099623645059086,5.828107331759088,155.66666666666666,116.98333333333333,35.218366420567165,66.76658951007296
Kashmir,Shopian,"Shopian Bongam  (PM-10, PM-2.5) 1080",2025-02-01,119.0,119.0,52.0,13.0,8.0,2,2025,0.8660254037844386,0.5000000000000001,120.0,115.0,176.0,64.64999999999999,123.0,120.0,115.0,176.0,107.75,123.0,54.0,59.0,74.8287722070141,57.00529514988804,61.0,3.0,4.0,14.0,18.99047509843878,20.0,3.0,2.0,5.0,7.099623645059086,9.0,137.0,126.20833333333333,33.86738844375219,62.60959073567138
Kashmir,Shopian,"Shopian Bongam  (PM-10, PM-2.5) 1080",2025-03-01,84.0,70.0,29.0,7.0,3.0,3,2025,1.0,6.123233995736766e-17,119.0,120.0,115.0,105.6,96.0,119.0,120.0,115.0,176.0,85.0,52.0,54.0,59.0,53.33107924450554,48.0,13.0,3.0,4.0,24.234207874927858,12.0,8.0,3.0,2.0,6.847137560287314,5.0,118.0,135.26666666666668,2.6457513110645046,55.00000000000001
Kashmir,Shopian,"Shopian Bongam  (PM-10, PM-2.5) 1080",2025-04-01,122.0,122.0,48.0,6.0,4.0,4,2025,0.8660254037844387,-0.4999999999999998,84.0,119.0,120.0,176.0,46.0,70.0,119.0,120.0,176.0,96.375,29.0,52.0,54.0,66.47099632320477,46.0,7.0,13.0,3.0,29.66036914488176,12.25,3.0,8.0,3.0,12.314454426437864,5.482649691126486,107.66666666666667,131.66666666666666,20.5020324195757,45.00000000000001
Kashmir,Shopian,"Shopian Bongam  (PM-10, PM-2.5) 1080",2025-05-01,79.0,36.0,55.0,3.0,2.0,5,2025,0.49999999999999994,-0.8660254037844387,122.0,84.0,119.0,176.0,93.89155375905148,122.0,70.0,119.0,176.0,107.75,48.0,29.0,52.0,74.8287722070141,47.625,6.0,7.0,13.0,14.0,12.5,4.0,3.0,8.0,5.0,5.414183364511613,108.33333333333333,122.66666666666667,21.12660250332109,43.00000000000001
Kashmir,Shopian,"Shopian Bongam  (PM-10, PM-2.5) 1080",2025-06-01,113.0,113.0,48.0,11.0,4.0,6,2025,1.2246467991473532e-16,-1.0,79.0,122.0,84.0,115.0,93.89155375905148,36.0,122.0,70.0,115.0,107.75,55.0,48.0,29.0,59.0,49.25,3.0,6.0,7.0,4.0,17.574817413201142,2.0,4.0,3.0,2.0,6.860489975011661,95.0,106.5,23.515952032609686,44.00000000000001
Kashmir,Shopian,"Shopian Bongam  (PM-10, PM-2.5) 1080",2025-07-01,71.0,30.0,41.0,2.0,1.9243325398649704,7,2025,-0.4999999999999997,-0.8660254037844388,113.0,79.0,122.0,120.0,64.64999999999999,113.0,36.0,122.0,120.0,107.75,48.0,55.0,48.0,54.0,57.00529514988804,11.0,3.0,6.0,3.0,18.99047509843878,4.0,2.0,4.0,3.0,7.099623645059086,104.66666666666667,106.16666666666667,22.678918257565392,50.33333333333334
Kashmir,Shopian,"Shopian Bongam  (PM-10, PM-2.5) 1080",2025-08-01,129.0,129.0,40.61111111111112,10.0,4.0,8,2025,-0.8660254037844384,-0.5000000000000004,71.0,113.0,79.0,119.0,64.64999999999999,30.0,113.0,36.0,119.0,107.75,41.0,48.0,55.0,52.0,57.00529514988804,2.0,11.0,3.0,13.0,18.99047509843878,1.9243325398649704,4.0,2.0,8.0,7.099623645059086,87.66666666666667,98.0,22.300971578236968,48.00000000000001
Kashmir,Shopian,"Shopian Bongam  (PM-10, PM-2.5) 1080",2025-09-01,129.0,129.0,40.22222222222222,10.5,4.31416909526296,9,2025,-1.0,-1.8369701987210297e-16,129.0,71.0,113.0,84.0,105.6,129.0,30.0,113.0,70.0,176.0,40.61111111111112,41.0,48.0,29.0,53.33107924450554,10.0,2.0,11.0,7.0,24.234207874927858,4.0,1.9243325398649704,4.0,3.0,6.847137560287314,104.33333333333333,99.66666666666667,29.95552258488129,43.20370370370372
Kashmir,Shopian,"Shopian Bongam  (PM-10, PM-2.5) 1080",2025-10-01,122.0,122.0,48.56672641500208,11.0,5.505388308255549,10,2025,-0.8660254037844386,0.5000000000000001,129.0,129.0,71.0,122.0,176.0,129.0,129.0,30.0,122.0,176.0,40.22222222222222,40.61111111111112,41.0,48.0,66.47099632320477,10.5,10.0,2.0,6.0,29.66036914488176,4.31416909526296,4.0,1.9243325398649704,4.0,12.314454426437864,109.66666666666667,107.16666666666667,33.48631561299829,40.61111111111112
Kashmir,Shopian,"Shopian Bongam  (PM-10, PM-2.5) 1080",2025-11-01,120.0,120.0,52.69356797144822,16.0,7.755119315851762,11,2025,-0.5000000000000004,0.8660254037844384,122.0,129.0,129.0,79.0,176.0,122.0,129.0,129.0,36.0,176.0,48.56672641500208,40.22222222222222,40.61111111111112,55.0,74.8287722070141,11.0,10.5,10.0,3.0,14.0,5.505388308255549,4.31416909526296,4.0,2.0,5.0,126.66666666666667,107.16666666666667,4.041451884327382,43.13335324944515
Kashmir,Shopian,"Shopian Bongam  (PM-10, PM-2.5) 1080",2025-12-01,125.0,125.0,61.3218253145576,17.0,8.48879044066927,12,2025,-2.4492935982947064e-16,1.0,120.0,122.0,129.0,113.0,115.0,120.0,122.0,129.0,113.0,115.0,52.69356797144822,48.56672641500208,40.22222222222222,48.0,59.0,16.0,11.0,10.5,11.0,4.0,7.755119315851762,5.505388308255549,4.31416909526296,4.0,2.0,123.66666666666667,114.0,4.725815626252612,47.160838869557516
Kashmir,Shopian,"Shopian Bongam  (PM-10, PM-2.5) 1080",2026-01-01,115.0,115.0,44.64410280002446,17.0,7.95790848170346,1,2026,0.49999999999999994,0.8660254037844387,125.0,120.0,122.0,71.0,120.0,125.0,120.0,122.0,30.0,120.0,61.3218253145576,52.69356797144822,48.56672641500208,41.0,54.0,17.0,16.0,11.0,2.0,3.0,8.48879044066927,7.755119315851762,5.505388308255549,1.9243325398649704,3.0,122.33333333333333,116.0,2.5166114784235964,54.19403990033597
Kashmir,Shopian,"Shopian Bongam  (PM-10, PM-2.5) 1080",2026-02-01,107.0,107.0,40.6166841354061,16.0,3.98339360750009,2,2026,0.8660254037844386,0.5000000000000001,115.0,125.0,120.0,129.0,119.0,115.0,125.0,120.0,129.0,119.0,44.64410280002446,61.3218253145576,52.69356797144822,40.61111111111112,52.0,17.0,17.0,16.0,10.0,13.0,7.95790848170346,8.48879044066927,7.755119315851762,4.0,8.0,120.0,123.33333333333333,5.000000000000007,52.88649869534344
Kashmir,Shopian,"Shopian Bongam  (PM-10, PM-2.5) 1080",2026-03-01,103.80421674116124,101.36363636363636,43.38188508563583,15.545454545454543,6.489209472041449,3,2026,1.0,6.123233995736766e-17,107.0,115.0,125.0,129.0,84.0,107.0,115.0,125.0,129.0,70.0,40.6166841354061,44.64410280002446,61.3218253145576,40.22222222222222,29.0,16.0,17.0,17.0,10.5,7.0,3.98339360750009,7.95790848170346,8.48879044066927,4.31416909526296,3.0,115.66666666666667,119.66666666666667,9.018499505645794,48.86087074999606
Kashmir,Srinagar,Soura Near SKIMS Srinagar (PM-2.5),2023-01-01,78.0,104.73209264455186,78.0,16.601083055957492,5.421952093365049,1,2023,0.49999999999999994,0.8660254037844387,78.0,82.0,77.0,65.0,70.0,106.658209304002,68.2798433429164,101.5059813351709,102.1675137361464,39.66666666666666,78.0,82.0,77.0,65.0,70.0,16.48906941838344,17.077553169040726,16.305021559872564,14.975902145203698,4.993010049514215,5.725244601266155,6.7494129467079045,5.625876047149804,6.612006273147389,2.2987077900731205,79.0,73.16666666666667,2.645751311064603,79.00000000000001
Kashmir,Srinagar,Soura Near SKIMS Srinagar (PM-2.5),2023-02-01,94.0,104.52960511575604,94.0,16.966068589587625,8.225067958476293,2,2023,0.8660254037844386,0.5000000000000001,78.0,78.0,82.0,65.0,58.0,104.73209264455186,106.658209304002,68.2798433429164,98.8702024333138,46.20128346592277,78.0,78.0,82.0,65.0,58.0,16.601083055957492,16.48906941838344,17.077553169040726,15.364271428263075,7.729650626153427,5.421952093365049,5.725244601266155,6.7494129467079045,6.555510213639531,4.03225628398377,79.33333333333333,75.33333333333333,2.3094010767585167,79.33333333333334
Kashmir,Srinagar,Soura Near SKIMS Srinagar (PM-2.5),2023-03-01,115.0,113.53308741156792,115.0,31.53795073541268,6.443363497312085,3,2023,1.0,6.123233995736766e-17,94.0,78.0,78.0,72.0,64.0,104.52960511575604,104.73209264455186,106.658209304002,95.30899405038124,101.30262904983452,94.0,78.0,78.0,72.0,64.0,16.966068589587625,16.601083055957492,16.48906941838344,14.901670691371434,16.101312186304956,8.225067958476293,5.421952093365049,5.725244601266155,6.468508523105139,6.996614858678576,83.33333333333333,80.16666666666667,9.237604307034013,83.33333333333334
Kashmir,Srinagar,Soura Near SKIMS Srinagar (PM-2.5),2023-04-01,74.0,125.8653345085574,74.0,18.063851298624147,6.741632379092242,4,2023,0.8660254037844387,-0.4999999999999998,115.0,94.0,78.0,77.0,65.0,113.53308741156792,104.52960511575604,104.73209264455186,101.5059813351709,90.13720731954318,115.0,94.0,78.0,77.0,65.0,31.53795073541268,16.966068589587625,16.601083055957492,16.305021559872564,13.733853702213173,6.443363497312085,8.225067958476293,5.421952093365049,5.625876047149804,6.240632109784086,95.66666666666667,87.33333333333333,18.556220879622373,95.66666666666667
Kashmir,Srinagar,Soura Near SKIMS Srinagar (PM-2.5),2023-05-01,82.0,78.92141321083585,82.0,16.84347839967148,6.057945666144915,5,2023,0.49999999999999994,-0.8660254037844387,74.0,115.0,94.0,82.0,70.0,125.8653345085574,113.53308741156792,104.52960511575604,68.2798433429164,89.98779672518118,74.0,115.0,94.0,82.0,70.0,18.063851298624147,31.53795073541268,16.966068589587625,17.077553169040726,13.103475647679296,6.741632379092242,6.443363497312085,8.225067958476293,6.7494129467079045,5.802894574560124,94.33333333333333,86.83333333333333,20.502032419575702,94.33333333333333
Kashmir,Srinagar,Soura Near SKIMS Srinagar (PM-2.5),2023-06-01,87.0,93.27561453071075,87.0,18.312972942163608,7.268295661110754,6,2023,1.2246467991473532e-16,-1.0,82.0,74.0,115.0,78.0,66.0,78.92141321083585,125.8653345085574,113.53308741156792,106.658209304002,91.66919599838096,82.0,74.0,115.0,78.0,66.0,16.84347839967148,18.063851298624147,31.53795073541268,16.48906941838344,13.032134712461485,6.057945666144915,6.741632379092242,6.443363497312085,5.725244601266155,5.98805057680575,90.33333333333333,86.83333333333333,21.733231083604046,90.33333333333333
Kashmir,Srinagar,Soura Near SKIMS Srinagar (PM-2.5),2023-07-01,83.0,104.1602948400496,83.0,19.41794553172509,7.2191102456543295,7,2023,-0.4999999999999997,-0.8660254037844388,87.0,82.0,74.0,78.0,65.0,93.27561453071075,78.92141321083585,125.8653345085574,104.73209264455186,102.1675137361464,87.0,82.0,74.0,78.0,65.0,18.312972942163608,16.84347839967148,18.063851298624147,16.601083055957492,14.975902145203698,7.268295661110754,6.057945666144915,6.741632379092242,5.421952093365049,6.612006273147389,81.0,88.33333333333333,6.557438524301979,81.00000000000001
Kashmir,Srinagar,Soura Near SKIMS Srinagar (PM-2.5),2023-08-01,90.0,112.05648312418678,90.0,12.848859350489525,7.620562814465005,8,2023,-0.8660254037844384,-0.5000000000000004,83.0,87.0,82.0,94.0,65.0,104.1602948400496,93.27561453071075,78.92141321083585,104.52960511575604,98.8702024333138,83.0,87.0,82.0,94.0,65.0,19.41794553172509,18.312972942163608,16.84347839967148,16.966068589587625,15.364271428263075,7.2191102456543295,7.268295661110754,6.057945666144915,8.225067958476293,6.555510213639531,84.0,89.16666666666667,2.645751311064537,84.00000000000001
Kashmir,Srinagar,Soura Near SKIMS Srinagar (PM-2.5),2023-09-01,78.0,111.16520403670272,78.0,15.926634385919863,5.052169293789326,9,2023,-1.0,-1.8369701987210297e-16,90.0,83.0,87.0,115.0,72.0,112.05648312418678,104.1602948400496,93.27561453071075,113.53308741156792,95.30899405038124,90.0,83.0,87.0,115.0,72.0,12.848859350489525,19.41794553172509,18.312972942163608,31.53795073541268,14.901670691371434,7.620562814465005,7.2191102456543295,7.268295661110754,6.443363497312085,6.468508523105139,86.66666666666667,88.5,3.511884584284204,86.66666666666667
Kashmir,Srinagar,Soura Near SKIMS Srinagar (PM-2.5),2023-10-01,84.0,71.81206962280824,84.0,18.531111678086432,7.108787583662595,10,2023,-0.8660254037844386,0.5000000000000001,78.0,90.0,83.0,74.0,77.0,111.16520403670272,112.05648312418678,104.1602948400496,125.8653345085574,101.5059813351709,78.0,90.0,83.0,74.0,77.0,15.926634385919863,12.848859350489525,19.41794553172509,18.063851298624147,16.305021559872564,5.052169293789326,7.620562814465005,7.2191102456543295,6.741632379092242,5.625876047149804,83.66666666666667,82.33333333333333,6.027713773341685,83.66666666666667
Kashmir,Srinagar,Soura Near SKIMS Srinagar (PM-2.5),2023-11-01,104.0,115.53961428551912,104.0,20.77997676399567,8.009868205485024,11,2023,-0.5000000000000004,0.8660254037844384,84.0,78.0,90.0,82.0,82.0,71.81206962280824,111.16520403670272,112.05648312418678,78.92141321083585,68.2798433429164,84.0,78.0,90.0,82.0,82.0,18.531111678086432,15.926634385919863,12.848859350489525,16.84347839967148,17.077553169040726,7.108787583662595,5.052169293789326,7.620562814465005,6.057945666144915,6.7494129467079045,84.0,84.0,5.999999999999977,84.00000000000001
Kashmir,Srinagar,Soura Near SKIMS Srinagar (PM-2.5),2023-12-01,106.0,93.2293971625377,106.0,19.06562513586855,6.914163494538682,12,2023,-2.4492935982947064e-16,1.0,104.0,84.0,78.0,87.0,78.0,115.53961428551912,71.81206962280824,111.16520403670272,93.27561453071075,106.658209304002,104.0,84.0,78.0,87.0,78.0,20.77997676399567,18.531111678086432,15.926634385919863,18.312972942163608,16.48906941838344,8.009868205485024,7.108787583662595,5.052169293789326,7.268295661110754,5.725244601266155,88.66666666666667,87.66666666666667,13.613718571108079,88.66666666666667
Kashmir,Srinagar,Soura Near SKIMS Srinagar (PM-2.5),2024-01-01,106.0,95.0854722898348,101.66666666666669,18.939273723382,7.235118266867521,1,2024,0.49999999999999994,0.8660254037844387,106.0,104.0,84.0,83.0,78.0,93.2293971625377,115.53961428551912,71.81206962280824,104.1602948400496,104.73209264455186,106.0,104.0,84.0,83.0,78.0,19.06562513586855,20.77997676399567,18.531111678086432,19.41794553172509,16.601083055957492,6.914163494538682,8.009868205485024,7.108787583662595,7.2191102456543295,5.421952093365049,98.0,90.83333333333333,12.165525060596424,98.0
Kashmir,Srinagar,Soura Near SKIMS Srinagar (PM-2.5),2024-02-01,135.3562669683443,111.98575498152266,97.33333333333331,19.282895181161575,7.428837198686486,2,2024,0.8660254037844386,0.5000000000000001,106.0,106.0,104.0,90.0,94.0,95.0854722898348,93.2293971625377,115.53961428551912,112.05648312418678,104.52960511575604,101.66666666666669,106.0,104.0,90.0,94.0,18.939273723382,19.06562513586855,20.77997676399567,12.848859350489525,16.966068589587625,7.235118266867521,6.914163494538682,8.009868205485024,7.620562814465005,8.225067958476293,105.33333333333333,94.66666666666667,1.1547005383790925,103.88888888888891
Kashmir,Srinagar,Soura Near SKIMS Srinagar (PM-2.5),2024-03-01,135.3562669683443,111.98575498152266,97.33333333333331,19.282895181161575,7.428837198686486,3,2024,1.0,6.123233995736766e-17,135.3562669683443,106.0,106.0,78.0,115.0,111.98575498152266,95.0854722898348,93.2293971625377,111.16520403670272,113.53308741156792,97.33333333333331,101.66666666666669,106.0,78.0,115.0,19.282895181161575,18.939273723382,19.06562513586855,15.926634385919863,31.53795073541268,7.428837198686486,7.235118266867521,6.914163494538682,5.052169293789326,6.443363497312085,115.78542232278143,102.22604449472404,16.948848636576102,101.66666666666667
Kashmir,Srinagar,Soura Near SKIMS Srinagar (PM-2.5),2024-04-01,94.39309303217156,97.17726946547948,45.4194897078592,16.90828403592742,5.830875792682721,4,2024,0.8660254037844387,-0.4999999999999998,135.3562669683443,135.3562669683443,106.0,84.0,74.0,111.98575498152266,111.98575498152266,95.0854722898348,71.81206962280824,125.8653345085574,97.33333333333331,97.33333333333331,101.66666666666669,84.0,74.0,19.282895181161575,19.282895181161575,18.939273723382,18.531111678086432,18.063851298624147,7.428837198686486,7.428837198686486,7.235118266867521,7.108787583662595,6.741632379092242,125.57084464556287,111.78542232278143,16.948848636576102,98.77777777777779
Kashmir,Srinagar,Soura Near SKIMS Srinagar (PM-2.5),2024-05-01,80.0,82.0,80.0,13.439012401413866,6.717100439186722,5,2024,0.49999999999999994,-0.8660254037844387,94.39309303217156,135.3562669683443,135.3562669683443,104.0,82.0,97.17726946547948,111.98575498152266,111.98575498152266,115.53961428551912,78.92141321083585,45.4194897078592,97.33333333333331,97.33333333333331,104.0,82.0,16.90828403592742,19.282895181161575,19.282895181161575,20.77997676399567,16.84347839967148,5.830875792682721,7.428837198686486,7.428837198686486,8.009868205485024,6.057945666144915,121.70187565628673,113.51760449481003,23.65009949891079,80.02871879150861
Kashmir,Srinagar,Soura Near SKIMS Srinagar (PM-2.5),2024-06-01,80.0,102.0403789429367,80.0,16.659173862082937,6.187963534461931,6,2024,1.2246467991473532e-16,-1.0,80.0,94.39309303217156,135.3562669683443,106.0,87.0,82.0,97.17726946547948,111.98575498152266,93.2293971625377,93.27561453071075,80.0,45.4194897078592,97.33333333333331,106.0,87.0,13.439012401413866,16.90828403592742,19.282895181161575,19.06562513586855,18.312972942163608,6.717100439186722,5.830875792682721,7.428837198686486,6.914163494538682,7.268295661110754,103.24978666683863,109.51760449481003,28.721243701682123,74.25094101373084
Kashmir,Srinagar,Soura Near SKIMS Srinagar (PM-2.5),2024-07-01,81.0,98.89396735552798,81.0,18.93043584072484,6.799207843909629,7,2024,-0.4999999999999997,-0.8660254037844388,80.0,80.0,94.39309303217156,106.0,83.0,102.0403789429367,82.0,97.17726946547948,95.0854722898348,104.1602948400496,80.0,80.0,45.4194897078592,101.66666666666669,83.0,16.659173862082937,13.439012401413866,16.90828403592742,18.939273723382,19.41794553172509,6.187963534461931,6.717100439186722,5.830875792682721,7.235118266867521,7.2191102456543295,84.79769767739053,105.1842711614767,8.309856136595538,68.47316323595307
Kashmir,Srinagar,Soura Near SKIMS Srinagar (PM-2.5),2024-08-01,65.0,118.51167630240734,65.0,17.538400096666702,7.621986087872684,8,2024,-0.8660254037844384,-0.5000000000000004,81.0,80.0,80.0,135.3562669683443,90.0,98.89396735552798,102.0403789429367,82.0,111.98575498152266,112.05648312418678,81.0,80.0,80.0,97.33333333333331,90.0,18.93043584072484,16.659173862082937,13.439012401413866,19.282895181161575,12.848859350489525,6.799207843909629,6.187963534461931,6.717100439186722,7.428837198686486,7.620562814465005,80.33333333333333,101.01760449481003,0.5773502691896278,80.33333333333333
Kashmir,Srinagar,Soura Near SKIMS Srinagar (PM-2.5),2024-09-01,71.0,84.77729069297047,71.0,13.845978130772522,6.048619245510993,9,2024,-1.0,-1.8369701987210297e-16,65.0,81.0,80.0,135.3562669683443,78.0,118.51167630240734,98.89396735552798,102.0403789429367,111.98575498152266,111.16520403670272,65.0,81.0,80.0,97.33333333333331,78.0,17.538400096666702,18.93043584072484,16.659173862082937,19.282895181161575,15.926634385919863,7.621986087872684,6.799207843909629,6.187963534461931,7.428837198686486,5.052169293789326,75.33333333333333,89.291560000086,8.9628864398325,75.33333333333333
Kashmir,Srinagar,Soura Near SKIMS Srinagar (PM-2.5),2024-10-01,77.0,99.32805502436145,77.0,16.360433651689085,5.60204424812328,10,2024,-0.8660254037844386,0.5000000000000001,71.0,65.0,81.0,94.39309303217156,84.0,84.77729069297047,118.51167630240734,98.89396735552798,97.17726946547948,71.81206962280824,71.0,65.0,81.0,45.4194897078592,84.0,13.845978130772522,17.538400096666702,18.93043584072484,16.90828403592742,18.531111678086432,6.048619245510993,7.621986087872684,6.799207843909629,5.830875792682721,7.108787583662595,72.33333333333333,78.56551550536192,8.082903768654758,72.33333333333333
Kashmir,Srinagar,Soura Near SKIMS Srinagar (PM-2.5),2024-11-01,85.0,75.66946048400295,85.0,18.275326598630976,7.204936924442555,11,2024,-0.5000000000000004,0.8660254037844384,77.0,71.0,65.0,80.0,104.0,99.32805502436145,84.77729069297047,118.51167630240734,82.0,115.53961428551912,77.0,71.0,65.0,80.0,104.0,16.360433651689085,13.845978130772522,17.538400096666702,13.439012401413866,20.77997676399567,5.60204424812328,6.048619245510993,7.621986087872684,6.717100439186722,8.009868205485024,71.0,75.66666666666667,5.999999999999994,71.0
Kashmir,Srinagar,Soura Near SKIMS Srinagar (PM-2.5),2024-12-01,85.0,102.59723302673105,85.0,19.07201807504248,7.258590145016703,12,2024,-2.4492935982947064e-16,1.0,85.0,77.0,71.0,80.0,106.0,75.66946048400295,99.32805502436145,84.77729069297047,102.0403789429367,93.2293971625377,85.0,77.0,71.0,80.0,106.0,18.275326598630976,16.360433651689085,13.845978130772522,16.659173862082937,19.06562513586855,7.204936924442555,5.60204424812328,6.048619245510993,6.187963534461931,6.914163494538682,77.66666666666667,76.5,7.023769168568485,77.66666666666667
Kashmir,Srinagar,Soura Near SKIMS Srinagar (PM-2.5),2025-01-01,81.0,101.98721166970536,81.0,18.88482064625285,6.896974367310808,1,2025,0.49999999999999994,0.8660254037844387,85.0,85.0,77.0,81.0,106.0,102.59723302673105,75.66946048400295,99.32805502436145,98.89396735552798,95.0854722898348,85.0,85.0,77.0,81.0,101.66666666666669,19.07201807504248,18.275326598630976,16.360433651689085,18.93043584072484,18.939273723382,7.258590145016703,7.204936924442555,5.60204424812328,6.799207843909629,7.235118266867521,82.33333333333333,77.33333333333333,4.618802153516993,82.33333333333333
Kashmir,Srinagar,Soura Near SKIMS Srinagar (PM-2.5),2025-02-01,74.0,109.12926172077512,74.0,21.06885369620877,4.775309533320905,2,2025,0.8660254037844386,0.5000000000000001,81.0,85.0,85.0,65.0,135.3562669683443,101.98721166970536,102.59723302673105,75.66946048400295,118.51167630240734,111.98575498152266,81.0,85.0,85.0,65.0,97.33333333333331,18.88482064625285,19.07201807504248,18.275326598630976,17.538400096666702,19.282895181161575,6.896974367310808,7.258590145016703,7.204936924442555,7.621986087872684,7.428837198686486,83.66666666666667,77.33333333333333,2.309401076758505,83.66666666666667
Kashmir,Srinagar,Soura Near SKIMS Srinagar (PM-2.5),2025-03-01,69.0,84.25455521317254,69.0,12.165557346067637,5.500201584226887,3,2025,1.0,6.123233995736766e-17,74.0,81.0,85.0,71.0,135.3562669683443,109.12926172077512,101.98721166970536,102.59723302673105,84.77729069297047,111.98575498152266,74.0,81.0,85.0,71.0,97.33333333333331,21.06885369620877,18.88482064625285,19.07201807504248,13.845978130772522,19.282895181161575,4.775309533320905,6.896974367310808,7.258590145016703,6.048619245510993,7.428837198686486,80.0,78.83333333333333,5.567764362830023,80.0
Kashmir,Srinagar,Soura Near SKIMS Srinagar (PM-2.5),2025-04-01,58.0,111.09832985411948,58.0,18.588777520511613,7.636049365951784,4,2025,0.8660254037844387,-0.4999999999999998,69.0,74.0,81.0,77.0,94.39309303217156,84.25455521317254,109.12926172077512,101.98721166970536,99.32805502436145,97.17726946547948,69.0,74.0,81.0,77.0,45.4194897078592,12.165557346067637,21.06885369620877,18.88482064625285,16.360433651689085,16.90828403592742,5.500201584226887,4.775309533320905,6.896974367310808,5.60204424812328,5.830875792682721,74.66666666666667,78.5,6.027713773341711,74.66666666666667
Kashmir,Srinagar,Soura Near SKIMS Srinagar (PM-2.5),2025-05-01,65.0,103.33149987789189,65.0,15.788879427710333,7.236112029971904,5,2025,0.49999999999999994,-0.8660254037844387,58.0,69.0,74.0,85.0,80.0,111.09832985411948,84.25455521317254,109.12926172077512,75.66946048400295,82.0,58.0,69.0,74.0,85.0,80.0,18.588777520511613,12.165557346067637,21.06885369620877,18.275326598630976,13.439012401413866,7.636049365951784,5.500201584226887,4.775309533320905,7.204936924442555,6.717100439186722,67.0,75.33333333333333,8.185352771872454,67.0
Kashmir,Srinagar,Soura Near SKIMS Srinagar (PM-2.5),2025-06-01,68.0,87.94388057577673,68.0,12.847760510682493,5.833038055408712,6,2025,1.2246467991473532e-16,-1.0,65.0,58.0,69.0,85.0,80.0,103.33149987789189,111.09832985411948,84.25455521317254,102.59723302673105,102.0403789429367,65.0,58.0,69.0,85.0,80.0,15.788879427710333,18.588777520511613,12.165557346067637,19.07201807504248,16.659173862082937,7.236112029971904,7.636049365951784,5.500201584226887,7.258590145016703,6.187963534461931,64.0,72.0,5.567764362830027,64.00000000000001
Kashmir,Srinagar,Soura Near SKIMS Srinagar (PM-2.5),2025-07-01,64.0,103.6116393049819,64.0,15.848762282024744,6.565250123324298,7,2025,-0.4999999999999997,-0.8660254037844388,68.0,65.0,58.0,81.0,81.0,87.94388057577673,103.33149987789189,111.09832985411948,101.98721166970536,98.89396735552798,68.0,65.0,58.0,81.0,81.0,12.847760510682493,15.788879427710333,18.588777520511613,18.88482064625285,18.93043584072484,5.833038055408712,7.236112029971904,7.636049365951784,6.896974367310808,6.799207843909629,63.666666666666664,69.16666666666667,5.13160143944689,63.66666666666668
Kashmir,Srinagar,Soura Near SKIMS Srinagar (PM-2.5),2025-08-01,62.0,108.79082559755976,62.0,17.11457449047199,7.327859452999862,8,2025,-0.8660254037844384,-0.5000000000000004,64.0,68.0,65.0,74.0,65.0,103.6116393049819,87.94388057577673,103.33149987789189,109.12926172077512,118.51167630240734,64.0,68.0,65.0,74.0,65.0,15.848762282024744,12.847760510682493,15.788879427710333,21.06885369620877,17.538400096666702,6.565250123324298,5.833038055408712,7.236112029971904,4.775309533320905,7.621986087872684,65.66666666666667,66.33333333333333,2.081665999466153,65.66666666666667
Kashmir,Srinagar,Soura Near SKIMS Srinagar (PM-2.5),2025-09-01,62.0,107.84564222100788,62.0,16.90290317698352,7.293616980684702,9,2025,-1.0,-1.8369701987210297e-16,62.0,64.0,68.0,69.0,71.0,108.79082559755976,103.6116393049819,87.94388057577673,84.25455521317254,84.77729069297047,62.0,64.0,68.0,69.0,71.0,17.11457449047199,15.848762282024744,12.847760510682493,12.165557346067637,13.845978130772522,7.327859452999862,6.565250123324298,5.833038055408712,5.500201584226887,6.048619245510993,64.66666666666667,64.33333333333333,3.055050463303908,64.66666666666667
Kashmir,Srinagar,Soura Near SKIMS Srinagar (PM-2.5),2025-10-01,66.0,93.58871178158611,66.0,13.43229437614953,6.355443784413973,10,2025,-0.8660254037844386,0.5000000000000001,62.0,62.0,64.0,58.0,77.0,107.84564222100788,108.79082559755976,103.6116393049819,111.09832985411948,99.32805502436145,62.0,62.0,64.0,58.0,77.0,16.90290317698352,17.11457449047199,15.848762282024744,18.588777520511613,16.360433651689085,7.293616980684702,7.327859452999862,6.565250123324298,7.636049365951784,5.60204424812328,62.666666666666664,63.166666666666664,1.1547005383793036,62.66666666666668
Kashmir,Srinagar,Soura Near SKIMS Srinagar (PM-2.5),2025-11-01,75.0,91.21607518753343,75.0,16.497787278455377,6.1200850136440135,11,2025,-0.5000000000000004,0.8660254037844384,66.0,62.0,62.0,65.0,85.0,93.58871178158611,107.84564222100788,108.79082559755976,103.33149987789189,75.66946048400295,66.0,62.0,62.0,65.0,85.0,13.43229437614953,16.90290317698352,17.11457449047199,15.788879427710333,18.275326598630976,6.355443784413973,7.293616980684702,7.327859452999862,7.236112029971904,7.204936924442555,63.333333333333336,64.5,2.309401076758502,63.33333333333334
Kashmir,Srinagar,Soura Near SKIMS Srinagar (PM-2.5),2025-12-01,89.0,82.65576186892544,89.0,18.642636173523226,7.54897633919234,12,2025,-2.4492935982947064e-16,1.0,75.0,66.0,62.0,68.0,85.0,91.21607518753343,93.58871178158611,107.84564222100788,87.94388057577673,102.59723302673105,75.0,66.0,62.0,68.0,85.0,16.497787278455377,13.43229437614953,16.90290317698352,12.847760510682493,19.07201807504248,6.1200850136440135,6.355443784413973,7.293616980684702,5.833038055408712,7.258590145016703,67.66666666666667,66.16666666666667,6.658328118479391,67.66666666666667
Kashmir,Srinagar,Soura Near SKIMS Srinagar (PM-2.5),2026-01-01,103.0,112.9364294030584,103.0,16.209778308869854,7.862211830166239,1,2026,0.49999999999999994,0.8660254037844387,89.0,75.0,66.0,64.0,81.0,82.65576186892544,91.21607518753343,93.58871178158611,103.6116393049819,101.98721166970536,89.0,75.0,66.0,64.0,81.0,18.642636173523226,16.497787278455377,13.43229437614953,15.848762282024744,18.88482064625285,7.54897633919234,6.1200850136440135,6.355443784413973,6.565250123324298,6.896974367310808,76.66666666666667,69.66666666666667,11.590225767142469,76.66666666666667
Kashmir,Srinagar,Soura Near SKIMS Srinagar (PM-2.5),2026-02-01,69.0,123.01072544331404,69.0,17.827625114085613,7.969745281670309,2,2026,0.8660254037844386,0.5000000000000001,103.0,89.0,75.0,62.0,74.0,112.9364294030584,82.65576186892544,91.21607518753343,108.79082559755976,109.12926172077512,103.0,89.0,75.0,62.0,74.0,16.209778308869854,18.642636173523226,16.497787278455377,17.11457449047199,21.06885369620877,7.862211830166239,7.54897633919234,6.1200850136440135,7.327859452999862,4.775309533320905,89.0,76.16666666666667,13.999999999999995,89.0
Kashmir,Srinagar,Soura Near SKIMS Srinagar (PM-2.5),2026-03-01,69.0,78.24014570338431,67.89285714285714,11.11357285015086,5.119051430903816,3,2026,1.0,6.123233995736766e-17,69.0,103.0,89.0,62.0,69.0,123.01072544331404,112.9364294030584,82.65576186892544,107.84564222100788,84.25455521317254,69.0,103.0,89.0,62.0,69.0,17.827625114085613,16.209778308869854,18.642636173523226,16.90290317698352,12.165557346067637,7.969745281670309,7.862211830166239,7.54897633919234,7.293616980684702,5.500201584226887,87.0,77.33333333333333,17.08800749063506,87.0
Jammu,Udhampur,Udhampur PCC Office Battal Ballian 1063,2023-01-01,146.0,146.0,35.15029716263432,27.290447633169997,9.73620754577073,1,2023,0.49999999999999994,0.8660254037844387,148.12813153124233,150.0,155.0,158.0,187.0,148.0,150.0,155.0,158.0,162.0,35.64122228073511,36.763169727645966,45.00138741625796,48.45232103544973,172.0,26.62032011858696,29.019928452148537,24.87261765429275,29.560198262347093,27.404255319148938,9.73620754577073,10.7954839269149,12.196021788804256,12.658312385389056,8.969482109894555,151.04271051041408,153.90155141729443,3.5526156517940533,39.13525980821302
Jammu,Udhampur,Udhampur PCC Office Battal Ballian 1063,2023-02-01,148.0,148.0,44.67234887942473,26.33232185958724,11.595258331723883,2,2023,0.8660254037844386,0.5000000000000001,146.0,148.12813153124233,150.0,158.0,149.0,146.0,148.0,150.0,158.0,149.0,35.15029716263432,35.64122228073511,36.763169727645966,58.374343832081365,30.0,27.290447633169997,26.62032011858696,29.019928452148537,33.27327200889265,25.91146119216349,9.73620754577073,9.73620754577073,10.7954839269149,12.223121039428808,9.719913379009094,148.04271051041408,151.90155141729443,2.0013676731422607,35.851563057005144
Jammu,Udhampur,Udhampur PCC Office Battal Ballian 1063,2023-03-01,125.0,125.0,38.40156572014948,23.443139023866795,7.60689384699134,3,2023,1.0,6.123233995736766e-17,148.0,146.0,148.12813153124233,154.28117697252418,152.0,148.0,146.0,148.0,156.5,152.0,44.67234887942473,35.15029716263432,35.64122228073511,45.00138741625796,31.285714285714285,26.33232185958724,27.290447633169997,26.62032011858696,24.87261765429275,26.7564861030863,11.595258331723883,9.73620754577073,9.73620754577073,12.196021788804256,9.712997254488362,147.37604384374742,150.23488475062774,1.1934097859747794,38.48795610759806
Jammu,Udhampur,Udhampur PCC Office Battal Ballian 1063,2023-04-01,143.0,143.0,46.84069134775324,26.11729165587085,10.132700491374994,4,2023,0.8660254037844387,-0.4999999999999998,125.0,148.0,146.0,155.0,130.0,125.0,148.0,146.0,155.0,130.0,38.40156572014948,44.67234887942473,35.15029716263432,45.00138741625796,32.57142857142857,23.443139023866795,26.33232185958724,27.290447633169997,24.87261765429275,25.413193875311578,7.60689384699134,11.595258331723883,9.73620754577073,12.196021788804256,7.476599439355481,139.66666666666666,145.35468858854037,12.74100990241089,39.408070587402854
Jammu,Udhampur,Udhampur PCC Office Battal Ballian 1063,2023-05-01,85.0,85.0,41.31915400977267,17.389892078547774,5.080767141749564,5,2023,0.49999999999999994,-0.8660254037844387,143.0,125.0,148.0,150.0,132.0,143.0,125.0,148.0,150.0,132.0,46.84069134775324,38.40156572014948,44.67234887942473,36.763169727645966,56.99336195195361,26.11729165587085,23.443139023866795,26.33232185958724,29.019928452148537,21.646233142013127,10.132700491374994,7.60689384699134,11.595258331723883,10.7954839269149,8.987631044542951,138.66666666666666,143.35468858854037,12.096831541082661,43.30486864910916
Jammu,Udhampur,Udhampur PCC Office Battal Ballian 1063,2023-06-01,82.0,82.0,42.11122695871669,20.671668461450285,9.206427479632383,6,2023,1.2246467991473532e-16,-1.0,85.0,143.0,125.0,148.12813153124233,140.60802735089263,85.0,143.0,125.0,148.0,145.0,41.31915400977267,46.84069134775324,38.40156572014948,35.64122228073511,56.13409025690601,17.389892078547774,26.11729165587085,23.443139023866795,26.62032011858696,25.541935388307472,5.080767141749564,10.132700491374994,7.60689384699134,9.73620754577073,9.970057451070115,117.66666666666667,132.52135525520706,29.687258770949743,42.18713702589181
Jammu,Udhampur,Udhampur PCC Office Battal Ballian 1063,2023-07-01,64.0,64.0,29.286171109082645,10.5127042967095,3.4042860332654947,7,2023,-0.4999999999999997,-0.8660254037844388,82.0,85.0,143.0,146.0,158.0,82.0,85.0,143.0,146.0,158.0,42.11122695871669,41.31915400977267,46.84069134775324,35.15029716263432,48.45232103544973,20.671668461450285,17.389892078547774,26.11729165587085,27.290447633169997,29.560198262347093,9.206427479632383,5.080767141749564,10.132700491374994,9.73620754577073,12.658312385389056,103.33333333333333,121.5,34.38507428134091,43.423690772080874
Jammu,Udhampur,Udhampur PCC Office Battal Ballian 1063,2023-08-01,94.0,94.0,34.473188111058555,17.948057973900845,6.198965412298352,8,2023,-0.8660254037844384,-0.5000000000000004,64.0,82.0,85.0,148.0,158.0,64.0,82.0,85.0,148.0,158.0,29.286171109082645,42.11122695871669,41.31915400977267,44.67234887942473,58.374343832081365,10.5127042967095,20.671668461450285,17.389892078547774,26.33232185958724,33.27327200889265,3.4042860332654947,9.206427479632383,5.080767141749564,11.595258331723883,12.223121039428808,77.0,107.83333333333333,11.357816691600497,37.57218402585735
Jammu,Udhampur,Udhampur PCC Office Battal Ballian 1063,2023-09-01,107.0,107.0,44.97356892755424,22.482860277466795,6.869509215682693,9,2023,-1.0,-1.8369701987210297e-16,94.0,64.0,82.0,125.0,154.28117697252418,94.0,64.0,82.0,125.0,156.5,34.473188111058555,29.286171109082645,42.11122695871669,38.40156572014948,45.00138741625796,17.948057973900845,10.5127042967095,20.671668461450285,23.443139023866795,24.87261765429275,6.198965412298352,3.4042860332654947,9.206427479632383,7.60689384699134,12.196021788804256,80.0,98.83333333333333,15.099668870541462,35.29019539295264
Jammu,Udhampur,Udhampur PCC Office Battal Ballian 1063,2023-10-01,136.0,136.0,48.18147265648752,25.43026589613943,6.893310311465033,10,2023,-0.8660254037844386,0.5000000000000001,107.0,94.0,64.0,143.0,155.0,107.0,94.0,64.0,143.0,155.0,44.97356892755424,34.473188111058555,29.286171109082645,46.84069134775324,45.00138741625796,22.482860277466795,17.948057973900845,10.5127042967095,26.11729165587085,24.87261765429275,6.869509215682693,6.198965412298352,3.4042860332654947,10.132700491374994,12.196021788804256,88.33333333333333,95.83333333333333,22.05296654269743,36.244309382565156
Jammu,Udhampur,Udhampur PCC Office Battal Ballian 1063,2023-11-01,160.0,160.0,61.91950381440093,27.07681471132668,10.082002872717034,11,2023,-0.5000000000000004,0.8660254037844384,136.0,107.0,94.0,85.0,150.0,136.0,107.0,94.0,85.0,150.0,48.18147265648752,44.97356892755424,34.473188111058555,41.31915400977267,36.763169727645966,25.43026589613943,22.482860277466795,17.948057973900845,17.389892078547774,29.019928452148537,6.893310311465033,6.869509215682693,6.198965412298352,5.080767141749564,10.7954839269149,112.33333333333333,94.66666666666667,21.50193789716016,42.542743231700115
Jammu,Udhampur,Udhampur PCC Office Battal Ballian 1063,2023-12-01,175.0,175.0,67.7320717154454,24.591769936364148,11.142148082893598,12,2023,-2.4492935982947064e-16,1.0,160.0,136.0,107.0,82.0,148.12813153124233,160.0,136.0,107.0,82.0,148.0,61.91950381440093,48.18147265648752,44.97356892755424,42.11122695871669,35.64122228073511,27.07681471132668,25.43026589613943,22.482860277466795,20.671668461450285,26.62032011858696,10.082002872717034,6.893310311465033,6.869509215682693,9.206427479632383,9.73620754577073,134.33333333333334,107.16666666666667,26.539279065817375,51.69151513281424
Jammu,Udhampur,Udhampur PCC Office Battal Ballian 1063,2024-01-01,204.0,204.0,67.55976369782007,28.77275390920792,11.951601662838703,1,2024,0.49999999999999994,0.8660254037844387,175.0,160.0,136.0,64.0,146.0,175.0,160.0,136.0,64.0,146.0,67.7320717154454,61.91950381440093,48.18147265648752,29.286171109082645,35.15029716263432,24.591769936364148,27.07681471132668,25.43026589613943,10.5127042967095,27.290447633169997,11.142148082893598,10.082002872717034,6.893310311465033,3.4042860332654947,9.73620754577073,157.0,122.66666666666667,19.672315572905973,59.27768272877796
Jammu,Udhampur,Udhampur PCC Office Battal Ballian 1063,2024-02-01,149.0,149.0,58.773598663383936,25.20932825591053,10.653651240307587,2,2024,0.8660254037844386,0.5000000000000001,204.0,175.0,160.0,94.0,148.0,204.0,175.0,160.0,94.0,148.0,67.55976369782007,67.7320717154454,61.91950381440093,34.473188111058555,44.67234887942473,28.77275390920792,24.591769936364148,27.07681471132668,17.948057973900845,26.33232185958724,11.951601662838703,11.142148082893598,10.082002872717034,6.198965412298352,11.595258331723883,179.66666666666666,146.0,22.368132093076802,65.73711307588881
Jammu,Udhampur,Udhampur PCC Office Battal Ballian 1063,2024-03-01,116.0,116.0,18.593837385139533,20.54451561503812,6.623253892148938,3,2024,1.0,6.123233995736766e-17,149.0,204.0,175.0,107.0,125.0,149.0,204.0,175.0,107.0,125.0,58.773598663383936,67.55976369782007,67.7320717154454,44.97356892755424,38.40156572014948,25.20932825591053,28.77275390920792,24.591769936364148,22.482860277466795,23.443139023866795,10.653651240307587,11.951601662838703,11.142148082893598,6.869509215682693,7.60689384699134,176.0,155.16666666666666,27.51363298439519,64.6884780255498
Jammu,Udhampur,Udhampur PCC Office Battal Ballian 1063,2024-04-01,103.0,103.0,43.34580852238869,21.89202164865424,9.08983132911331,4,2024,0.8660254037844387,-0.4999999999999998,116.0,149.0,204.0,136.0,143.0,116.0,149.0,204.0,136.0,143.0,18.593837385139533,58.773598663383936,67.55976369782007,48.18147265648752,46.84069134775324,20.54451561503812,25.20932825591053,28.77275390920792,25.43026589613943,26.11729165587085,6.623253892148938,10.653651240307587,11.951601662838703,6.893310311465033,10.132700491374994,156.33333333333334,156.66666666666666,44.455970727601176,48.309066582114525
Jammu,Udhampur,Udhampur PCC Office Battal Ballian 1063,2024-05-01,115.0,115.0,48.791209316261664,17.915957479693265,7.327390087047736,5,2024,0.49999999999999994,-0.8660254037844387,103.0,116.0,149.0,160.0,85.0,103.0,116.0,149.0,160.0,85.0,43.34580852238869,18.593837385139533,58.773598663383936,61.91950381440093,41.31915400977267,21.89202164865424,20.54451561503812,25.20932825591053,27.07681471132668,17.389892078547774,9.08983132911331,6.623253892148938,10.653651240307587,10.082002872717034,5.080767141749564,122.66666666666667,151.16666666666666,23.71356854910988,40.23774819030406
Jammu,Udhampur,Udhampur PCC Office Battal Ballian 1063,2024-06-01,104.0,104.0,46.99467756503276,20.1503031386292,8.974738009458644,6,2024,1.2246467991473532e-16,-1.0,115.0,103.0,116.0,175.0,82.0,115.0,103.0,116.0,175.0,82.0,48.791209316261664,43.34580852238869,18.593837385139533,67.7320717154454,42.11122695871669,17.915957479693265,21.89202164865424,20.54451561503812,24.591769936364148,20.671668461450285,7.327390087047736,9.08983132911331,6.623253892148938,11.142148082893598,9.206427479632383,111.33333333333333,143.66666666666666,7.234178138070236,36.910285074596636
Jammu,Udhampur,Udhampur PCC Office Battal Ballian 1063,2024-07-01,92.0,92.0,32.34639573264396,17.321355831819268,3.6362194186693135,7,2024,-0.4999999999999997,-0.8660254037844388,104.0,115.0,103.0,204.0,64.0,104.0,115.0,103.0,204.0,64.0,46.99467756503276,48.791209316261664,43.34580852238869,67.55976369782007,29.286171109082645,20.1503031386292,17.915957479693265,21.89202164865424,28.77275390920792,10.5127042967095,8.974738009458644,7.327390087047736,9.08983132911331,11.951601662838703,3.4042860332654947,107.33333333333333,131.83333333333334,6.658328118479392,46.37723180122771
Jammu,Udhampur,Udhampur PCC Office Battal Ballian 1063,2024-08-01,80.0,80.0,24.820587766609112,14.8355254133442,3.0045467245072723,8,2024,-0.8660254037844384,-0.5000000000000004,92.0,104.0,115.0,149.0,94.0,92.0,104.0,115.0,149.0,94.0,32.34639573264396,46.99467756503276,48.791209316261664,58.773598663383936,34.473188111058555,17.321355831819268,20.1503031386292,17.915957479693265,25.20932825591053,17.948057973900845,3.6362194186693135,8.974738009458644,7.327390087047736,10.653651240307587,6.198965412298352,103.66666666666667,113.16666666666667,11.503622617824933,42.7107608713128
Jammu,Udhampur,Udhampur PCC Office Battal Ballian 1063,2024-09-01,101.0,101.0,45.671719396633584,16.516613303129603,6.80414351820483,9,2024,-1.0,-1.8369701987210297e-16,80.0,92.0,104.0,116.0,107.0,80.0,92.0,104.0,116.0,107.0,24.820587766609112,32.34639573264396,46.99467756503276,18.593837385139533,44.97356892755424,14.8355254133442,17.321355831819268,20.1503031386292,20.54451561503812,22.482860277466795,3.0045467245072723,3.6362194186693135,8.974738009458644,6.623253892148938,6.869509215682693,92.0,101.66666666666667,12.000000000000004,34.720553688095286
Jammu,Udhampur,Udhampur PCC Office Battal Ballian 1063,2024-10-01,153.0,153.0,45.21960041825808,25.121307883580045,7.04568414242851,10,2024,-0.8660254037844386,0.5000000000000001,101.0,80.0,92.0,103.0,136.0,101.0,80.0,92.0,103.0,136.0,45.671719396633584,24.820587766609112,32.34639573264396,43.34580852238869,48.18147265648752,16.516613303129603,14.8355254133442,17.321355831819268,21.89202164865424,25.43026589613943,6.80414351820483,3.0045467245072723,3.6362194186693135,9.08983132911331,6.893310311465033,91.0,99.16666666666667,10.535653752852744,34.27956763196223
Jammu,Udhampur,Udhampur PCC Office Battal Ballian 1063,2024-11-01,173.9085644705868,175.0,79.86644841549125,21.90973362432511,8.532397650385592,11,2024,-0.5000000000000004,0.8660254037844384,153.0,101.0,80.0,115.0,160.0,153.0,101.0,80.0,115.0,160.0,45.21960041825808,45.671719396633584,24.820587766609112,48.791209316261664,61.91950381440093,25.121307883580045,16.516613303129603,14.8355254133442,17.915957479693265,27.07681471132668,7.04568414242851,6.80414351820483,3.0045467245072723,7.327390087047736,10.082002872717034,111.33333333333333,107.5,37.58102358017053,38.57063586050027
Jammu,Udhampur,Udhampur PCC Office Battal Ballian 1063,2024-12-01,173.9085644705868,131.0,89.08580265334983,24.70988693348123,7.465924419904882,12,2024,-2.4492935982947064e-16,1.0,173.9085644705868,153.0,101.0,104.0,175.0,175.0,153.0,101.0,104.0,175.0,79.86644841549125,45.21960041825808,45.671719396633584,46.99467756503276,67.7320717154454,21.90973362432511,25.121307883580045,16.516613303129603,20.1503031386292,24.591769936364148,8.532397650385592,7.04568414242851,6.80414351820483,8.974738009458644,11.142148082893598,142.6361881568623,117.31809407843114,37.54292397017579,56.91925607679432
Jammu,Udhampur,Udhampur PCC Office Battal Ballian 1063,2025-01-01,177.0,172.0,75.0,23.133779514068028,8.525331169405701,1,2025,0.49999999999999994,0.8660254037844387,173.9085644705868,173.9085644705868,153.0,92.0,204.0,131.0,175.0,153.0,92.0,204.0,89.08580265334983,79.86644841549125,45.21960041825808,32.34639573264396,67.55976369782007,24.70988693348123,21.90973362432511,25.121307883580045,17.321355831819268,28.77275390920792,7.465924419904882,8.532397650385592,7.04568414242851,3.6362194186693135,11.951601662838703,166.9390429803912,128.9695214901956,12.07156532546198,71.39061716236641
Jammu,Udhampur,Udhampur PCC Office Battal Ballian 1063,2025-02-01,147.0,139.0,125.0,23.530615505325294,7.169434089834203,2,2025,0.8660254037844386,0.5000000000000001,177.0,173.9085644705868,173.9085644705868,80.0,149.0,172.0,131.0,175.0,80.0,149.0,75.0,89.08580265334983,79.86644841549125,24.820587766609112,58.773598663383936,23.133779514068028,24.70988693348123,21.90973362432511,14.8355254133442,25.20932825591053,8.525331169405701,7.465924419904882,8.532397650385592,3.0045467245072723,10.653651240307587,174.93904298039124,143.1361881568623,1.7848411350890783,81.31741702294704
Jammu,Udhampur,Udhampur PCC Office Battal Ballian 1063,2025-03-01,137.0,130.0,110.0,24.106153256653936,9.742731588243055,3,2025,1.0,6.123233995736766e-17,147.0,177.0,173.9085644705868,101.0,116.0,139.0,172.0,131.0,101.0,116.0,125.0,75.0,89.08580265334983,45.671719396633584,18.593837385139533,23.530615505325294,23.133779514068028,24.70988693348123,16.516613303129603,20.54451561503812,7.169434089834203,8.525331169405701,7.465924419904882,6.80414351820483,6.623253892148938,165.9695214901956,154.30285482352895,16.50064552020236,96.3619342177833
Jammu,Udhampur,Udhampur PCC Office Battal Ballian 1063,2025-04-01,124.0,124.0,70.0,20.88529024080202,8.828123968739641,4,2025,0.8660254037844387,-0.4999999999999998,137.0,147.0,177.0,153.0,103.0,130.0,139.0,172.0,153.0,103.0,110.0,125.0,75.0,45.21960041825808,43.34580852238869,24.106153256653936,23.530615505325294,23.133779514068028,25.121307883580045,21.89202164865424,9.742731588243055,7.169434089834203,8.525331169405701,7.04568414242851,9.08983132911331,153.66666666666666,160.30285482352895,20.816659994661325,103.33333333333336
Jammu,Udhampur,Udhampur PCC Office Battal Ballian 1063,2025-05-01,134.0,134.0,61.0,20.710398322125133,8.959978757996547,5,2025,0.49999999999999994,-0.8660254037844387,124.0,137.0,147.0,173.9085644705868,115.0,124.0,130.0,139.0,175.0,115.0,70.0,110.0,125.0,79.86644841549125,48.791209316261664,20.88529024080202,24.106153256653936,23.530615505325294,21.90973362432511,17.915957479693265,8.828123968739641,9.742731588243055,7.169434089834203,8.532397650385592,7.327390087047736,136.0,155.4695214901956,11.532562594670788,101.66666666666669
Jammu,Udhampur,Udhampur PCC Office Battal Ballian 1063,2025-06-01,129.0,129.0,55.0,18.99676415102955,8.492847353820036,6,2025,1.2246467991473532e-16,-1.0,134.0,124.0,137.0,173.9085644705868,104.0,134.0,124.0,130.0,131.0,104.0,61.0,70.0,110.0,89.08580265334983,46.99467756503276,20.710398322125133,20.88529024080202,24.106153256653936,24.70988693348123,20.1503031386292,8.959978757996547,8.828123968739641,9.742731588243055,7.465924419904882,8.974738009458644,131.66666666666666,148.81809407843113,6.806859285554034,80.33333333333336
Jammu,Udhampur,Udhampur PCC Office Battal Ballian 1063,2025-07-01,106.0,106.0,77.0,20.60983459466706,8.533658209923392,7,2025,-0.4999999999999997,-0.8660254037844388,129.0,134.0,124.0,177.0,92.0,129.0,134.0,124.0,172.0,92.0,55.0,61.0,70.0,75.0,32.34639573264396,18.99676415102955,20.710398322125133,20.88529024080202,23.133779514068028,17.321355831819268,8.492847353820036,8.959978757996547,8.828123968739641,8.525331169405701,3.6362194186693135,129.0,141.33333333333334,4.9999999999999805,62.00000000000002
Jammu,Udhampur,Udhampur PCC Office Battal Ballian 1063,2025-08-01,67.0,67.0,55.0,16.19570590038821,6.616072318204772,8,2025,-0.8660254037844384,-0.5000000000000004,106.0,129.0,134.0,147.0,80.0,106.0,129.0,134.0,139.0,80.0,77.0,55.0,61.0,125.0,24.820587766609112,20.60983459466706,18.99676415102955,20.710398322125133,23.530615505325294,14.8355254133442,8.533658209923392,8.492847353820036,8.959978757996547,7.169434089834203,3.0045467245072723,123.0,129.5,14.933184523068071,64.33333333333336
Jammu,Udhampur,Udhampur PCC Office Battal Ballian 1063,2025-09-01,97.0,96.0,55.0,15.466503769045374,6.856071201203751,9,2025,-1.0,-1.8369701987210297e-16,67.0,106.0,129.0,137.0,101.0,67.0,106.0,129.0,130.0,101.0,55.0,77.0,55.0,110.0,45.671719396633584,16.19570590038821,20.60983459466706,18.99676415102955,24.106153256653936,16.516613303129603,6.616072318204772,8.533658209923392,8.492847353820036,9.742731588243055,6.80414351820483,100.66666666666667,116.16666666666667,31.342197327777345,62.33333333333335
Jammu,Udhampur,Udhampur PCC Office Battal Ballian 1063,2025-10-01,141.0,136.0,101.0,14.0,4.0,10,2025,-0.8660254037844386,0.5000000000000001,97.0,67.0,106.0,124.0,153.0,96.0,67.0,106.0,124.0,153.0,55.0,55.0,77.0,70.0,45.21960041825808,15.466503769045374,16.19570590038821,20.60983459466706,20.88529024080202,25.121307883580045,6.856071201203751,6.616072318204772,8.533658209923392,8.828123968739641,7.04568414242851,90.0,109.5,20.42057785666214,62.33333333333335
Jammu,Udhampur,Udhampur PCC Office Battal Ballian 1063,2025-11-01,166.0,152.0,151.0,15.0,5.0,11,2025,-0.5000000000000004,0.8660254037844384,141.0,97.0,67.0,134.0,173.9085644705868,136.0,96.0,67.0,134.0,175.0,101.0,55.0,55.0,61.0,79.86644841549125,14.0,15.466503769045374,16.19570590038821,20.710398322125133,21.90973362432511,4.0,6.856071201203751,6.616072318204772,8.959978757996547,8.532397650385592,101.66666666666667,112.33333333333333,37.22006627255429,70.33333333333336
Jammu,Udhampur,Udhampur PCC Office Battal Ballian 1063,2025-12-01,192.0,162.5,190.0,17.0,5.0,12,2025,-2.4492935982947064e-16,1.0,166.0,141.0,97.0,129.0,173.9085644705868,152.0,136.0,96.0,129.0,131.0,151.0,101.0,55.0,55.0,89.08580265334983,15.0,14.0,15.466503769045374,18.99676415102955,24.70988693348123,5.0,4.0,6.856071201203751,8.492847353820036,7.465924419904882,134.66666666666666,117.66666666666667,34.93326972004386,102.33333333333336
Jammu,Udhampur,Udhampur PCC Office Battal Ballian 1063,2026-01-01,174.0,173.0,141.0,19.0,5.0,1,2026,0.49999999999999994,0.8660254037844387,192.0,166.0,141.0,106.0,177.0,162.5,152.0,136.0,106.0,172.0,190.0,151.0,101.0,77.0,75.0,17.0,15.0,14.0,20.60983459466706,23.133779514068028,5.0,5.0,4.0,8.533658209923392,8.525331169405701,166.33333333333334,128.16666666666666,25.501633934580223,147.33333333333334
Jammu,Udhampur,Udhampur PCC Office Battal Ballian 1063,2026-02-01,164.0,162.0,128.0,20.0,6.0,2,2026,0.8660254037844386,0.5000000000000001,174.0,192.0,166.0,67.0,147.0,173.0,162.5,152.0,67.0,139.0,141.0,190.0,151.0,55.0,125.0,19.0,17.0,15.0,16.19570590038821,23.530615505325294,5.0,5.0,5.0,6.616072318204772,7.169434089834203,177.33333333333334,139.5,13.316656236958792,160.66666666666669
Jammu,Udhampur,Udhampur PCC Office Battal Ballian 1063,2026-03-01,164.2903716200599,154.76923076923077,122.23076923076924,19.46153846153846,5.352946672586945,3,2026,1.0,6.123233995736766e-17,164.0,174.0,192.0,97.0,137.0,162.0,173.0,162.5,96.0,130.0,128.0,141.0,190.0,55.0,110.0,20.0,19.0,17.0,15.466503769045374,24.106153256653936,6.0,5.0,5.0,6.856071201203751,9.742731588243055,176.66666666666666,155.66666666666666,14.189197769195175,153.00000000000003
Kashmir,Srinagar,Zakura Srinagar (PM-10),2023-01-01,37.8,63.0,25.200000000000003,25.200000000000003,5.422674876363508,1,2023,0.49999999999999994,0.8660254037844387,37.8,94.39309303217156,94.39309303217156,94.39309303217156,146.78623235393644,63.0,97.17726946547948,97.17726946547948,97.17726946547948,146.0594311045151,25.200000000000003,45.4194897078592,45.4194897078592,45.4194897078592,66.78571428571429,25.200000000000003,16.90828403592742,16.90828403592742,16.90828403592742,25.01244591667478,4.869506057737313,5.830875792682721,5.830875792682721,5.830875792682721,8.298441591242227,75.52872868811437,84.96091086014296,32.67403749639779,38.67965980523949
Kashmir,Srinagar,Zakura Srinagar (PM-10),2023-02-01,37.8,63.0,35.29020737002345,11.22804660805683,5.539131844085375,2,2023,0.8660254037844386,0.5000000000000001,37.8,37.8,94.39309303217156,94.39309303217156,146.78623235393644,63.0,63.0,97.17726946547948,97.17726946547948,146.0594311045151,25.200000000000003,25.200000000000003,45.4194897078592,45.4194897078592,66.78571428571429,25.200000000000003,25.200000000000003,16.90828403592742,16.90828403592742,25.01244591667478,5.422674876363508,4.869506057737313,5.830875792682721,5.830875792682721,8.298441591242227,56.664364344057184,75.52872868811438,32.67403749639778,31.939829902619753
Kashmir,Srinagar,Zakura Srinagar (PM-10),2023-03-01,63.0,63.0,35.29020737002345,11.22804660805683,5.539131844085375,3,2023,1.0,6.123233995736766e-17,37.8,37.8,37.8,94.39309303217156,94.39309303217156,63.0,63.0,63.0,97.17726946547948,97.17726946547948,35.29020737002345,25.200000000000003,25.200000000000003,45.4194897078592,45.4194897078592,11.22804660805683,25.200000000000003,25.200000000000003,16.90828403592742,16.90828403592742,5.539131844085375,5.422674876363508,4.869506057737313,5.830875792682721,5.830875792682721,37.8,66.09654651608578,0.0,28.563402456674506
Kashmir,Srinagar,Zakura Srinagar (PM-10),2023-04-01,63.0,63.0,35.29020737002345,19.0,6.0,4,2023,0.8660254037844387,-0.4999999999999998,63.0,37.8,37.8,94.39309303217156,94.39309303217156,63.0,63.0,63.0,97.17726946547948,97.17726946547948,35.29020737002345,35.29020737002345,25.200000000000003,45.4194897078592,45.4194897078592,11.22804660805683,11.22804660805683,25.200000000000003,16.90828403592742,16.90828403592742,5.539131844085375,5.539131844085375,5.422674876363508,5.830875792682721,5.830875792682721,46.199999999999996,60.864364344057186,14.549226783578572,31.926804913348988
Kashmir,Srinagar,Zakura Srinagar (PM-10),2023-05-01,73.0,73.0,37.26762496901448,18.0,8.0,5,2023,0.49999999999999994,-0.8660254037844387,63.0,63.0,37.8,94.39309303217156,94.39309303217156,63.0,63.0,63.0,97.17726946547948,97.17726946547948,35.29020737002345,35.29020737002345,35.29020737002345,45.4194897078592,45.4194897078592,19.0,11.22804660805683,11.22804660805683,16.90828403592742,16.90828403592742,6.0,5.539131844085375,5.539131844085375,5.830875792682721,5.830875792682721,54.6,55.63218217202859,14.549226783578575,35.29020737002345
Kashmir,Srinagar,Zakura Srinagar (PM-10),2023-06-01,89.0,89.0,39.65502426434779,21.0,9.0,6,2023,1.2246467991473532e-16,-1.0,73.0,63.0,63.0,37.8,94.39309303217156,73.0,63.0,63.0,63.0,97.17726946547948,37.26762496901448,35.29020737002345,35.29020737002345,25.200000000000003,45.4194897078592,18.0,19.0,11.22804660805683,25.200000000000003,16.90828403592742,8.0,6.0,5.539131844085375,4.869506057737313,5.830875792682721,66.33333333333333,52.06666666666666,5.77350269189626,35.949346569687144
Kashmir,Srinagar,Zakura Srinagar (PM-10),2023-07-01,83.0,83.0,36.51608892847257,20.0,8.0,7,2023,-0.4999999999999997,-0.8660254037844388,89.0,73.0,63.0,37.8,94.39309303217156,89.0,73.0,63.0,63.0,97.17726946547948,39.65502426434779,37.26762496901448,35.29020737002345,25.200000000000003,45.4194897078592,21.0,18.0,19.0,25.200000000000003,16.90828403592742,9.0,8.0,6.0,5.422674876363508,5.830875792682721,75.0,60.6,13.114877048604002,37.40428553446193
Kashmir,Srinagar,Zakura Srinagar (PM-10),2023-08-01,70.0,70.0,27.235704712681837,13.0,4.0,8,2023,-0.8660254037844384,-0.5000000000000004,83.0,89.0,73.0,37.8,94.39309303217156,83.0,89.0,73.0,63.0,97.17726946547948,36.51608892847257,39.65502426434779,37.26762496901448,35.29020737002345,45.4194897078592,20.0,21.0,18.0,11.22804660805683,16.90828403592742,8.0,9.0,8.0,5.539131844085375,5.830875792682721,81.66666666666667,68.13333333333333,8.082903768654763,37.81291272061163
Kashmir,Srinagar,Zakura Srinagar (PM-10),2023-09-01,70.0,70.0,30.319617529610326,17.0,5.0,9,2023,-1.0,-1.8369701987210297e-16,70.0,83.0,89.0,63.0,94.39309303217156,70.0,83.0,89.0,63.0,97.17726946547948,27.235704712681837,36.51608892847257,39.65502426434779,35.29020737002345,45.4194897078592,13.0,20.0,21.0,11.22804660805683,16.90828403592742,4.0,8.0,9.0,5.539131844085375,5.830875792682721,80.66666666666667,73.5,9.712534856222312,34.468939301834084
Kashmir,Srinagar,Zakura Srinagar (PM-10),2023-10-01,85.0,85.0,41.86183651447654,18.0,6.0,10,2023,-0.8660254037844386,0.5000000000000001,70.0,70.0,83.0,63.0,94.39309303217156,70.0,70.0,83.0,63.0,97.17726946547948,30.319617529610326,27.235704712681837,36.51608892847257,35.29020737002345,45.4194897078592,17.0,13.0,20.0,19.0,16.90828403592742,5.0,4.0,8.0,6.0,5.830875792682721,74.33333333333333,74.66666666666667,7.5055534994651385,31.357137056921598
Kashmir,Srinagar,Zakura Srinagar (PM-10),2023-11-01,105.0,94.33333333333331,42.32744235234375,19.0,9.206427479632383,11,2023,-0.5000000000000004,0.8660254037844384,85.0,70.0,70.0,73.0,94.39309303217156,85.0,70.0,70.0,73.0,97.17726946547948,41.86183651447654,30.319617529610326,27.235704712681837,37.26762496901448,45.4194897078592,18.0,17.0,13.0,18.0,16.90828403592742,6.0,5.0,4.0,8.0,5.830875792682721,75.0,78.33333333333333,8.660254037844387,33.13905291892292
Kashmir,Srinagar,Zakura Srinagar (PM-10),2023-12-01,121.0,103.66666666666669,39.3434945980056,11.0,3.567558901077066,12,2023,-2.4492935982947064e-16,1.0,105.0,85.0,70.0,89.0,37.8,94.33333333333331,85.0,70.0,89.0,63.0,42.32744235234375,41.86183651447654,30.319617529610326,39.65502426434779,25.200000000000003,19.0,18.0,17.0,21.0,25.200000000000003,9.206427479632383,6.0,5.0,9.0,4.869506057737313,86.66666666666667,83.66666666666667,17.55942292142123,38.16963213214356
Kashmir,Srinagar,Zakura Srinagar (PM-10),2024-01-01,113.0,113.0,48.86403012741413,14.0,6.162022925346925,1,2024,0.49999999999999994,0.8660254037844387,121.0,105.0,85.0,83.0,37.8,103.66666666666669,94.33333333333331,85.0,83.0,63.0,39.3434945980056,42.32744235234375,41.86183651447654,36.51608892847257,25.200000000000003,11.0,19.0,18.0,20.0,25.200000000000003,3.567558901077066,9.206427479632383,6.0,8.0,5.422674876363508,103.66666666666667,89.0,18.036999011291574,41.177591154941986
Kashmir,Srinagar,Zakura Srinagar (PM-10),2024-02-01,114.9612938877636,115.5,43.50359704878981,19.0,8.33486903863655,2,2024,0.8660254037844386,0.5000000000000001,113.0,121.0,105.0,70.0,37.8,113.0,103.66666666666669,94.33333333333331,70.0,63.0,48.86403012741413,39.3434945980056,42.32744235234375,27.235704712681837,35.29020737002345,14.0,11.0,19.0,13.0,11.22804660805683,6.162022925346925,3.567558901077066,9.206427479632383,4.0,5.539131844085375,113.0,94.0,7.999999999999986,43.51165569258785
Kashmir,Srinagar,Zakura Srinagar (PM-10),2024-03-01,118.0,118.0,38.0,24.0,5.0,3,2024,1.0,6.123233995736766e-17,114.9612938877636,113.0,121.0,70.0,63.0,115.5,113.0,103.66666666666669,70.0,63.0,43.50359704878981,48.86403012741413,39.3434945980056,30.319617529610326,35.29020737002345,19.0,14.0,11.0,17.0,11.22804660805683,8.33486903863655,6.162022925346925,3.567558901077066,5.0,5.539131844085375,116.3204312959212,101.49354898129394,4.169585215664717,43.903707258069865
Kashmir,Srinagar,Zakura Srinagar (PM-10),2024-04-01,105.41154514950524,104.33333333333331,38.0,20.33333333333333,5.408763668383237,4,2024,0.8660254037844387,-0.4999999999999998,118.0,114.9612938877636,113.0,85.0,63.0,118.0,115.5,113.0,85.0,63.0,38.0,43.50359704878981,48.86403012741413,41.86183651447654,35.29020737002345,24.0,19.0,14.0,18.0,19.0,5.0,8.33486903863655,6.162022925346925,6.0,6.0,115.3204312959212,109.49354898129394,2.5192726645707433,43.455875725401334
Kashmir,Srinagar,Zakura Srinagar (PM-10),2024-05-01,105.41154514950524,90.66666666666669,38.0,16.666666666666668,4.081249287430726,5,2024,0.49999999999999994,-0.8660254037844387,105.41154514950524,118.0,114.9612938877636,105.0,73.0,104.33333333333331,118.0,115.5,94.33333333333331,73.0,38.0,38.0,43.50359704878981,42.32744235234375,37.26762496901448,20.33333333333333,24.0,19.0,19.0,18.0,5.408763668383237,5.0,8.33486903863655,9.206427479632383,8.0,112.79094634575627,112.89547317287816,6.568873968996429,39.83453234959662
Kashmir,Srinagar,Zakura Srinagar (PM-10),2024-06-01,77.0,77.0,28.16066463713811,13.0,5.0,6,2024,1.2246467991473532e-16,-1.0,105.41154514950524,105.41154514950524,118.0,121.0,89.0,90.66666666666669,104.33333333333331,118.0,103.66666666666669,89.0,38.0,38.0,38.0,39.3434945980056,39.65502426434779,16.666666666666668,20.33333333333333,24.0,11.0,21.0,4.081249287430726,5.408763668383237,5.0,3.567558901077066,9.0,109.60769676633684,112.96406403112901,7.267947796614579,38.0
Kashmir,Srinagar,Zakura Srinagar (PM-10),2024-07-01,83.0,83.0,33.2555956565875,10.0,5.0,7,2024,-0.4999999999999997,-0.8660254037844388,77.0,105.41154514950524,105.41154514950524,113.0,83.0,77.0,90.66666666666669,104.33333333333331,113.0,83.0,28.16066463713811,38.0,38.0,48.86403012741413,36.51608892847257,13.0,16.666666666666668,20.33333333333333,14.0,20.0,5.0,4.081249287430726,5.408763668383237,6.162022925346925,8.0,95.94103009967017,105.63073069779568,16.403413240160056,34.720221545712725
Kashmir,Srinagar,Zakura Srinagar (PM-10),2024-08-01,77.0,77.0,31.098370101149303,14.0,6.0,8,2024,-0.8660254037844384,-0.5000000000000004,83.0,77.0,105.41154514950524,114.9612938877636,70.0,83.0,77.0,90.66666666666669,115.5,70.0,33.2555956565875,28.16066463713811,38.0,43.50359704878981,27.235704712681837,10.0,13.0,16.666666666666668,19.0,13.0,5.0,5.0,4.081249287430726,8.33486903863655,4.0,88.47051504983507,100.63073069779568,14.97494159015145,33.13875343124189
Kashmir,Srinagar,Zakura Srinagar (PM-10),2024-09-01,69.0,69.0,29.70322588141657,12.0,6.0,9,2024,-1.0,-1.8369701987210297e-16,77.0,83.0,77.0,118.0,70.0,77.0,83.0,77.0,118.0,70.0,31.098370101149303,33.2555956565875,28.16066463713811,38.0,30.319617529610326,14.0,10.0,13.0,24.0,17.0,6.0,5.0,5.0,5.0,5.0,79.0,94.30384838316841,3.464101615137692,30.83821013162499
Kashmir,Srinagar,Zakura Srinagar (PM-10),2024-10-01,76.0,76.0,32.376507933080426,12.25,7.0,10,2024,-0.8660254037844386,0.5000000000000001,69.0,77.0,83.0,105.41154514950524,85.0,69.0,77.0,83.0,104.33333333333331,85.0,29.70322588141657,31.098370101149303,33.2555956565875,38.0,41.86183651447654,12.0,14.0,10.0,20.33333333333333,18.0,6.0,6.0,5.0,5.408763668383237,6.0,76.33333333333333,86.13718171650174,7.0237691685684505,31.352397213051145
Kashmir,Srinagar,Zakura Srinagar (PM-10),2024-11-01,112.0,112.0,44.47157033349232,12.5,2.0,11,2024,-0.5000000000000004,0.8660254037844384,76.0,69.0,77.0,105.41154514950524,105.0,76.0,69.0,77.0,90.66666666666669,94.33333333333331,32.376507933080426,29.70322588141657,31.098370101149303,38.0,42.32744235234375,12.25,12.0,14.0,16.666666666666668,19.0,7.0,6.0,6.0,4.081249287430726,9.206427479632383,74.0,81.23525752491754,4.35889894354059,31.05936797188212
Kashmir,Srinagar,Zakura Srinagar (PM-10),2024-12-01,103.70132542858062,101.0,47.66289450237514,12.75,9.0,12,2024,-2.4492935982947064e-16,1.0,112.0,76.0,69.0,77.0,121.0,112.0,76.0,69.0,77.0,103.66666666666669,44.47157033349232,32.376507933080426,29.70322588141657,28.16066463713811,39.3434945980056,12.5,12.25,12.0,13.0,11.0,2.0,7.0,6.0,5.0,3.567558901077066,85.66666666666667,82.33333333333333,23.072349974229617,35.51710138266313
Kashmir,Srinagar,Zakura Srinagar (PM-10),2025-01-01,77.0,77.0,34.947566635505275,13.0,8.0,1,2025,0.49999999999999994,0.8660254037844387,103.70132542858062,112.0,76.0,83.0,113.0,101.0,112.0,76.0,83.0,113.0,47.66289450237514,44.47157033349232,32.376507933080426,33.2555956565875,48.86403012741413,12.75,12.5,12.25,10.0,14.0,9.0,2.0,7.0,5.0,6.162022925346925,97.23377514286021,86.78355423809677,18.851310432533396,41.503657589649315
Kashmir,Srinagar,Zakura Srinagar (PM-10),2025-02-01,58.0,58.0,31.061487380894263,14.0,9.0,2,2025,0.8660254037844386,0.5000000000000001,77.0,103.70132542858062,112.0,77.0,114.9612938877636,77.0,101.0,112.0,77.0,115.5,34.947566635505275,47.66289450237514,44.47157033349232,31.098370101149303,43.50359704878981,13.0,12.75,12.5,14.0,19.0,8.0,9.0,2.0,6.0,8.33486903863655,97.56710847619354,85.78355423809677,18.288560993534066,42.360677157124265
Kashmir,Srinagar,Zakura Srinagar (PM-10),2025-03-01,45.0,45.0,27.066216366503223,13.0,7.0,3,2025,1.0,6.123233995736766e-17,58.0,77.0,103.70132542858062,69.0,118.0,58.0,77.0,101.0,69.0,118.0,31.061487380894263,34.947566635505275,47.66289450237514,29.70322588141657,38.0,14.0,13.0,12.75,12.0,24.0,9.0,8.0,9.0,6.0,5.0,79.56710847619354,82.6168875714301,22.95855659506202,37.89064950625825
Kashmir,Srinagar,Zakura Srinagar (PM-10),2025-04-01,38.0,38.0,30.54545345145323,12.0,7.0,4,2025,0.8660254037844387,-0.4999999999999998,45.0,58.0,77.0,76.0,105.41154514950524,45.0,58.0,77.0,76.0,104.33333333333331,27.066216366503223,31.061487380894263,34.947566635505275,32.376507933080426,38.0,13.0,14.0,13.0,12.25,20.33333333333333,7.0,9.0,8.0,7.0,5.408763668383237,60.0,78.6168875714301,16.09347693943105,31.02509012763427
Kashmir,Srinagar,Zakura Srinagar (PM-10),2025-05-01,57.0,57.0,34.605516611746474,14.0,7.0,5,2025,0.49999999999999994,-0.8660254037844387,38.0,45.0,58.0,112.0,105.41154514950524,38.0,45.0,58.0,112.0,90.66666666666669,30.54545345145323,27.066216366503223,31.061487380894263,44.47157033349232,38.0,12.0,13.0,14.0,12.5,16.666666666666668,7.0,7.0,9.0,2.0,4.081249287430726,47.0,72.28355423809677,10.148891565092129,29.557719066283592
Kashmir,Srinagar,Zakura Srinagar (PM-10),2025-06-01,72.0,72.0,36.538743814493984,15.0,6.0,6,2025,1.2246467991473532e-16,-1.0,57.0,38.0,45.0,103.70132542858062,77.0,57.0,38.0,45.0,101.0,77.0,34.605516611746474,30.54545345145323,27.066216366503223,47.66289450237514,28.16066463713811,14.0,12.0,13.0,12.75,13.0,7.0,7.0,7.0,9.0,5.0,46.666666666666664,63.116887571430105,9.60902353693295,30.73906214323433
Kashmir,Srinagar,Zakura Srinagar (PM-10),2025-07-01,60.0,60.0,32.57387029085649,12.0,6.0,7,2025,-0.4999999999999997,-0.8660254037844388,72.0,57.0,38.0,77.0,83.0,72.0,57.0,38.0,77.0,83.0,36.538743814493984,34.605516611746474,30.54545345145323,34.947566635505275,33.2555956565875,15.0,14.0,12.0,13.0,10.0,6.0,7.0,7.0,8.0,5.0,55.666666666666664,57.833333333333336,17.039170558842702,33.89657129256458
Kashmir,Srinagar,Zakura Srinagar (PM-10),2025-08-01,82.0,82.0,38.40157808224941,11.0,5.0,8,2025,-0.8660254037844384,-0.5000000000000004,60.0,72.0,57.0,58.0,77.0,60.0,72.0,57.0,58.0,77.0,32.57387029085649,36.538743814493984,34.605516611746474,31.061487380894263,31.098370101149303,12.0,15.0,14.0,14.0,14.0,6.0,6.0,7.0,9.0,6.0,63.0,55.0,7.937253933193705,34.57271023903234
Kashmir,Srinagar,Zakura Srinagar (PM-10),2025-09-01,90.0,90.0,40.85931370670143,12.0,3.0,9,2025,-1.0,-1.8369701987210297e-16,82.0,60.0,72.0,45.0,69.0,82.0,60.0,72.0,45.0,69.0,38.40157808224941,32.57387029085649,36.538743814493984,27.066216366503223,29.70322588141657,11.0,12.0,15.0,13.0,12.0,5.0,6.0,6.0,7.0,6.0,71.33333333333333,59.0,11.015141094572177,35.83806406253331
Kashmir,Srinagar,Zakura Srinagar (PM-10),2025-10-01,79.0,79.0,33.22057372942192,12.0,3.8021243346250007,10,2025,-0.8660254037844386,0.5000000000000001,90.0,82.0,60.0,38.0,76.0,90.0,82.0,60.0,38.0,76.0,40.85931370670143,38.40157808224941,32.57387029085649,30.54545345145323,32.376507933080426,12.0,11.0,12.0,12.0,12.25,3.0,5.0,6.0,7.0,7.0,77.33333333333333,66.5,15.53490693030805,37.27825402660246
Kashmir,Srinagar,Zakura Srinagar (PM-10),2025-11-01,78.36984188486994,79.0,30.88365181720636,12.0,4.523080757170671,11,2025,-0.5000000000000004,0.8660254037844384,79.0,90.0,82.0,57.0,112.0,79.0,90.0,82.0,57.0,112.0,33.22057372942192,40.85931370670143,38.40157808224941,34.605516611746474,44.47157033349232,12.0,12.0,11.0,14.0,12.5,3.8021243346250007,3.0,5.0,7.0,2.0,83.66666666666667,73.33333333333333,5.6862407030773365,37.4938218394576
Kashmir,Srinagar,Zakura Srinagar (PM-10),2025-12-01,78.36984188486994,79.0,29.39161020931141,12.0,3.9322604420830616,12,2025,-2.4492935982947064e-16,1.0,78.36984188486994,79.0,90.0,72.0,103.70132542858062,79.0,79.0,90.0,72.0,101.0,30.88365181720636,33.22057372942192,40.85931370670143,36.538743814493984,47.66289450237514,12.0,12.0,12.0,15.0,12.75,4.523080757170671,3.8021243346250007,3.0,6.0,9.0,82.45661396162332,76.89497364747832,6.540357750574378,34.98784641777659
Kashmir,Srinagar,Zakura Srinagar (PM-10),2026-01-01,47.4,79.0,29.39161020931141,12.560768303810477,3.9322604420830616,1,2026,0.49999999999999994,0.8660254037844387,78.36984188486994,78.36984188486994,79.0,60.0,77.0,79.0,79.0,79.0,60.0,77.0,29.39161020931141,30.88365181720636,33.22057372942192,32.57387029085649,34.947566635505275,12.0,12.0,12.0,12.0,13.0,3.9322604420830616,4.523080757170671,3.8021243346250007,6.0,8.0,78.5798945899133,77.95661396162332,0.36382195740199913,31.16527858531325
Kashmir,Srinagar,Zakura Srinagar (PM-10),2026-02-01,47.4,79.0,29.39161020931141,12.560768303810477,3.9322604420830616,2,2026,0.8660254037844386,0.5000000000000001,47.4,78.36984188486994,78.36984188486994,82.0,58.0,79.0,79.0,79.0,82.0,58.0,29.39161020931141,29.39161020931141,30.88365181720636,38.40157808224941,31.061487380894263,12.560768303810477,12.0,12.0,11.0,14.0,3.9322604420830616,3.9322604420830616,4.523080757170671,5.0,9.0,68.04656125657996,75.85661396162332,17.88044654898981,29.88895741194308
Kashmir,Srinagar,Zakura Srinagar (PM-10),2026-03-01,47.4,79.0,29.39161020931141,12.560768303810477,3.9322604420830616,3,2026,1.0,6.123233995736766e-17,47.4,47.4,78.36984188486994,90.0,45.0,79.0,79.0,79.0,90.0,45.0,29.39161020931141,29.39161020931141,29.39161020931141,40.85931370670143,27.066216366503223,12.560768303810477,12.560768303810477,12.0,12.0,13.0,3.9322604420830616,3.9322604420830616,3.9322604420830616,3.0,7.0,57.72328062828998,70.08994729495664,17.880446548989813,29.39161020931141
