Station,PM10,AQI,NO2,District,PM2_5,SO2,Date,Region
Doda PCC Office Near Bus Stand 1065,86.0,86.0,23.0,Doda,35.0,2.0,3991-01-02,Jammu
Doda PCC Office Near Bus Stand 1065,72.0,72.0,12.0,Doda,35.0,6.0,3991-02-02,Jammu
Doda PCC Office Near Bus Stand 1065,75.0,75.0,15.0,Doda,36.0,6.0,3991-03-02,Jammu
Doda PCC Office Near Bus Stand 1065,78.0,79.0,13.0,Doda,38.0,4.0,3991-04-02,Jammu
Doda PCC Office Near Bus Stand 1065,82.0,83.0,16.0,Doda,39.0,4.0,3991-05-02,Jammu
Doda PCC Office Near Bus Stand 1065,85.0,86.0,16.0,Doda,41.0,4.0,3991-06-02,Jammu
Doda PCC Office Near Bus Stand 1065,88.0,88.0,18.0,Doda,42.0,2.0,3991-07-02,Jammu
Doda PCC Office Near Bus Stand 1065,78.0,79.0,12.0,Doda,40.0,4.0,3991-08-02,Jammu
Doda PCC Office Near Bus Stand 1065,82.0,82.0,21.0,Doda,30.0,2.0,3991-09-02,Jammu
Doda PCC Office Near Bus Stand 1065,82.0,82.0,13.0,Doda,32.0,4.0,3991-10-02,Jammu
Doda PCC Office Near Bus Stand 1065,83.0,83.0,12.0,Doda,34.0,5.0,3991-11-02,Jammu
Doda PCC Office Near Bus Stand 1065,85.0,86.0,12.0,Doda,37.0,6.0,3991-12-02,Jammu
Doda PCC Office Near Bus Stand 1065,81.0,81.0,11.0,Doda,32.0,5.0,3992-01-02,Jammu
Doda PCC Office Near Bus Stand 1065,85.0,85.0,10.0,Doda,34.0,5.0,3992-02-02,Jammu
Doda PCC Office Near Bus Stand 1065,78.0,78.0,10.0,Doda,40.0,4.0,3992-03-01,Jammu
Doda PCC Office Near Bus Stand 1065,78.0,78.0,14.0,Doda,38.0,7.0,3992-04-01,Jammu
Doda PCC Office Near Bus Stand 1065,83.0,83.0,14.0,Doda,38.0,5.0,3992-05-01,Jammu
Doda PCC Office Near Bus Stand 1065,85.0,85.0,16.0,Doda,35.0,3.0,3992-06-01,Jammu
Doda PCC Office Near Bus Stand 1065,88.0,88.0,15.0,Doda,28.0,3.0,3992-07-01,Jammu
Doda PCC Office Near Bus Stand 1065,90.0,90.0,16.0,Doda,22.0,3.0,3992-08-01,Jammu
Doda PCC Office Near Bus Stand 1065,86.0,86.0,19.0,Doda,41.0,7.0,3992-09-01,Jammu
Doda PCC Office Near Bus Stand 1065,79.0,79.0,15.0,Doda,42.0,3.0,3992-10-01,Jammu
Doda PCC Office Near Bus Stand 1065,85.0,85.0,15.0,Doda,47.0,5.0,3992-11-01,Jammu
Doda PCC Office Near Bus Stand 1065,84.0,84.0,16.0,Doda,38.0,3.0,3992-12-01,Jammu
Doda PCC Office Near Bus Stand 1065,82.0,82.0,11.0,Doda,35.0,2.0,3993-01-01,Jammu
Doda PCC Office Near Bus Stand 1065,87.0,87.0,14.0,Doda,35.0,3.0,3993-02-01,Jammu
Doda PCC Office Near Bus Stand 1065,88.0,88.0,13.0,Doda,34.0,3.0,3993-03-02,Jammu
Doda PCC Office Near Bus Stand 1065,89.0,89.0,16.0,Doda,38.0,5.0,3993-04-02,Jammu
Doda PCC Office Near Bus Stand 1065,87.0,87.0,13.0,Doda,37.0,5.0,3993-05-02,Jammu
Doda PCC Office Near Bus Stand 1065,83.0,83.0,10.0,Doda,35.0,3.0,3993-06-02,Jammu
Doda PCC Office Near Bus Stand 1065,88.0,88.0,17.0,Doda,39.0,5.0,3993-07-02,Jammu
Doda PCC Office Near Bus Stand 1065,90.0,90.0,15.0,Doda,37.0,6.0,3993-08-02,Jammu
Doda PCC Office Near Bus Stand 1065,84.0,84.0,13.0,Doda,38.0,2.0,3993-09-02,Jammu
Doda PCC Office Near Bus Stand 1065,88.0,88.0,5.0,Doda,35.0,2.0,3993-10-02,Jammu
Doda PCC Office Near Bus Stand 1065,89.0,89.0,10.0,Doda,33.0,2.0,3993-11-02,Jammu
Doda PCC Office Near Bus Stand 1065,87.0,88.0,14.0,Doda,34.0,3.0,3993-12-02,Jammu
Doda PCC Office Near Bus Stand 1065,85.0,85.0,15.0,Doda,42.0,4.0,3994-01-02,Jammu
Doda PCC Office Near Bus Stand 1065,86.0,86.0,17.0,Doda,40.0,7.0,3994-02-02,Jammu
Doda PCC Office Near Bus Stand 1065,89.0,89.0,23.0,Doda,34.0,3.0,3994-03-02,Jammu
Doda PCC Office Near Bus Stand 1065,87.0,87.0,11.0,Doda,37.0,3.0,3994-04-02,Jammu
Doda PCC Office Near Bus Stand 1065,83.0,83.0,11.0,Doda,39.0,4.0,3994-05-02,Jammu
Doda PCC Office Near Bus Stand 1065,87.0,87.0,18.0,Doda,38.0,2.0,3994-06-02,Jammu
Doda PCC Office Near Bus Stand 1065,86.0,86.0,21.0,Doda,37.0,2.0,3994-07-02,Jammu
Doda PCC Office Near Bus Stand 1065,83.0,83.0,14.0,Doda,35.0,3.0,3994-08-02,Jammu
Doda PCC Office Near Bus Stand 1065,51.0,52.0,15.0,Doda,35.0,2.0,3994-09-02,Jammu
Doda PCC Office Near Bus Stand 1065,63.0,63.0,17.0,Doda,43.0,3.0,3994-10-02,Jammu
Doda PCC Office Near Bus Stand 1065,47.0,48.0,17.0,Doda,38.0,2.0,3994-11-02,Jammu
Doda PCC Office Near Bus Stand 1065,51.0,57.0,16.0,Doda,37.0,3.0,3994-12-02,Jammu
Doda PCC Office Near Bus Stand 1065,55.0,55.0,12.0,Doda,36.0,6.0,3995-01-02,Jammu
Doda PCC Office Near Bus Stand 1065,51.0,51.0,15.0,Doda,37.0,5.0,3995-02-02,Jammu
Doda PCC Office Near Bus Stand 1065,51.0,53.0,15.0,Doda,37.0,4.0,3995-03-02,Jammu
Jammu Bantalab Ayurvedic Hospital,89.0,87.0,23.0,Jammu,34.0,3.0,3991-01-02,Jammu
Jammu Bantalab Ayurvedic Hospital,163.0,160.0,28.0,Jammu,52.0,2.0,3991-02-02,Jammu
Jammu Bantalab Ayurvedic Hospital,151.0,156.0,24.0,Jammu,58.0,1.0,3991-03-02,Jammu
Jammu Bantalab Ayurvedic Hospital,129.0,133.0,24.0,Jammu,50.0,2.0,3991-04-02,Jammu
Jammu Bantalab Ayurvedic Hospital,135.0,133.0,27.0,Jammu,53.0,2.0,3991-05-02,Jammu
Jammu Bantalab Ayurvedic Hospital,125.0,126.0,25.0,Jammu,49.0,2.0,3991-06-02,Jammu
Jammu Bantalab Ayurvedic Hospital,82.0,85.0,18.0,Jammu,35.0,2.0,3991-07-02,Jammu
Jammu Bantalab Ayurvedic Hospital,102.0,104.0,21.0,Jammu,38.0,3.0,3991-08-02,Jammu
Jammu Bantalab Ayurvedic Hospital,92.0,89.0,21.0,Jammu,15.0,1.0,3991-09-02,Jammu
Jammu Bantalab Ayurvedic Hospital,106.0,108.0,24.0,Jammu,41.0,1.0,3991-10-02,Jammu
Jammu Bantalab Ayurvedic Hospital,109.0,111.0,20.0,Jammu,40.0,3.0,3991-11-02,Jammu
Jammu Bantalab Ayurvedic Hospital,120.0,119.0,16.0,Jammu,45.0,1.0,3991-12-02,Jammu
Jammu Bantalab Ayurvedic Hospital,115.0,114.0,19.0,Jammu,35.0,3.0,3992-01-02,Jammu
Jammu Bantalab Ayurvedic Hospital,120.0,117.0,6.0,Jammu,44.0,2.0,3992-02-02,Jammu
Jammu Bantalab Ayurvedic Hospital,115.0,111.0,10.0,Jammu,26.0,1.0,3992-03-01,Jammu
Jammu Bantalab Ayurvedic Hospital,64.0,62.0,11.0,Jammu,25.0,2.0,3992-04-01,Jammu
Jammu Bantalab Ayurvedic Hospital,64.0,69.0,11.0,Jammu,25.0,2.0,3992-05-01,Jammu
Jammu Bantalab Ayurvedic Hospital,64.0,64.0,11.0,Jammu,25.0,2.0,3992-06-01,Jammu
Jammu Bantalab Ayurvedic Hospital,64.0,62.0,13.0,Jammu,25.0,2.0,3992-07-01,Jammu
Jammu Bantalab Ayurvedic Hospital,64.0,64.0,13.0,Jammu,25.0,2.0,3992-08-01,Jammu
Jammu Bantalab Ayurvedic Hospital,59.0,59.0,13.0,Jammu,27.0,2.0,3992-09-01,Jammu
Jammu Bantalab Ayurvedic Hospital,52.0,52.0,13.0,Jammu,26.0,2.0,3992-10-01,Jammu
Jammu Bantalab Ayurvedic Hospital,40.0,40.0,13.0,Jammu,25.0,2.0,3992-11-01,Jammu
Jammu Bantalab Ayurvedic Hospital,68.0,68.0,10.0,Jammu,27.0,1.0,3992-12-01,Jammu
Jammu Bantalab Ayurvedic Hospital,65.0,65.0,6.0,Jammu,29.0,2.0,3993-01-01,Jammu
Jammu Bantalab Ayurvedic Hospital,66.0,66.0,5.0,Jammu,28.0,2.0,3993-02-01,Jammu
Jammu Bantalab Ayurvedic Hospital,81.0,81.0,9.0,Jammu,30.0,4.0,3993-03-02,Jammu
Jammu Bantalab Ayurvedic Hospital,73.0,73.0,4.0,Jammu,28.0,1.0,3993-04-02,Jammu
Jammu Bantalab Ayurvedic Hospital,88.0,88.0,7.0,Jammu,33.0,2.0,3993-05-02,Jammu
Jammu Bantalab Ayurvedic Hospital,88.0,88.0,8.0,Jammu,36.0,2.0,3993-06-02,Jammu
Jammu Bantalab Ayurvedic Hospital,69.0,69.0,5.0,Jammu,25.0,2.0,3993-07-02,Jammu
Jammu Bantalab Ayurvedic Hospital,54.0,54.0,5.0,Jammu,15.0,2.0,3993-08-02,Jammu
Jammu Bantalab Ayurvedic Hospital,71.0,71.0,6.0,Jammu,25.0,2.0,3993-09-02,Jammu
Jammu Bantalab Ayurvedic Hospital,86.0,86.0,6.0,Jammu,12.0,1.0,3993-10-02,Jammu
Jammu Bantalab Ayurvedic Hospital,96.0,96.0,14.0,Jammu,12.0,2.0,3993-11-02,Jammu
Jammu Bantalab Ayurvedic Hospital,113.0,113.0,25.0,Jammu,40.0,4.0,3993-12-02,Jammu
Jammu Bantalab Ayurvedic Hospital,115.0,115.0,19.0,Jammu,66.0,3.0,3994-01-02,Jammu
Jammu Bantalab Ayurvedic Hospital,77.0,94.0,15.0,Jammu,59.0,2.0,3994-02-02,Jammu
Jammu Bantalab Ayurvedic Hospital,84.0,84.0,20.0,Jammu,45.0,2.0,3994-03-02,Jammu
Jammu Bantalab Ayurvedic Hospital,102.0,102.0,10.0,Jammu,46.0,2.0,3994-04-02,Jammu
Jammu Bantalab Ayurvedic Hospital,105.0,105.0,13.0,Jammu,51.0,2.0,3994-05-02,Jammu
Jammu Bantalab Ayurvedic Hospital,97.0,97.0,16.0,Jammu,42.0,2.0,3994-06-02,Jammu
Jammu Bantalab Ayurvedic Hospital,73.0,73.0,19.0,Jammu,28.0,2.0,3994-07-02,Jammu
Jammu Bantalab Ayurvedic Hospital,53.0,53.0,17.0,Jammu,28.0,2.0,3994-08-02,Jammu
Jammu Bantalab Ayurvedic Hospital,61.0,61.0,12.0,Jammu,23.0,2.0,3994-09-02,Jammu
Jammu Bantalab Ayurvedic Hospital,67.0,67.0,15.0,Jammu,24.0,2.0,3994-10-02,Jammu
Jammu Bantalab Ayurvedic Hospital,80.0,80.0,20.0,Jammu,39.0,2.0,3994-11-02,Jammu
Jammu Bantalab Ayurvedic Hospital,105.0,105.0,26.0,Jammu,58.0,3.0,3994-12-02,Jammu
Jammu Bantalab Ayurvedic Hospital,120.0,120.0,31.0,Jammu,54.0,3.0,3995-01-02,Jammu
Jammu Bantalab Ayurvedic Hospital,110.0,110.0,32.0,Jammu,63.0,3.0,3995-02-02,Jammu
Jammu Bantalab Ayurvedic Hospital,93.0,93.0,28.0,Jammu,48.0,2.0,3995-03-02,Jammu
Jammu Belicharana,89.0,92.0,23.0,Jammu,34.0,2.0,3991-01-02,Jammu
Jammu Belicharana,163.0,155.0,28.0,Jammu,52.0,3.0,3991-02-02,Jammu
Jammu Belicharana,151.0,150.0,24.0,Jammu,58.0,2.0,3991-03-02,Jammu
Jammu Belicharana,129.0,117.0,24.0,Jammu,50.0,3.0,3991-04-02,Jammu
Jammu Belicharana,135.0,136.0,27.0,Jammu,53.0,3.0,3991-05-02,Jammu
Jammu Belicharana,125.0,122.0,25.0,Jammu,49.0,1.0,3991-06-02,Jammu
Jammu Belicharana,82.0,76.0,18.0,Jammu,35.0,2.0,3991-07-02,Jammu
Jammu Belicharana,102.0,95.0,21.0,Jammu,38.0,2.0,3991-08-02,Jammu
Jammu Belicharana,92.0,86.0,21.0,Jammu,15.0,3.0,3991-09-02,Jammu
Jammu Belicharana,106.0,100.0,24.0,Jammu,41.0,2.0,3991-10-02,Jammu
Jammu Belicharana,109.0,105.0,20.0,Jammu,40.0,2.0,3991-11-02,Jammu
Jammu Belicharana,120.0,119.0,16.0,Jammu,45.0,2.0,3991-12-02,Jammu
Jammu Belicharana,115.0,102.0,19.0,Jammu,35.0,2.0,3992-01-02,Jammu
Jammu Belicharana,120.0,123.0,6.0,Jammu,44.0,2.0,3992-02-02,Jammu
Jammu Belicharana,115.0,104.0,10.0,Jammu,26.0,1.0,3992-03-01,Jammu
Jammu Belicharana,57.0,53.0,8.0,Jammu,25.0,2.0,3992-04-01,Jammu
Jammu Belicharana,57.0,60.0,8.0,Jammu,25.0,1.0,3992-05-01,Jammu
Jammu Belicharana,57.0,60.0,8.0,Jammu,25.0,2.0,3992-06-01,Jammu
Jammu Belicharana,57.0,52.0,5.0,Jammu,25.0,2.0,3992-07-01,Jammu
Jammu Belicharana,57.0,57.0,5.0,Jammu,25.0,2.0,3992-08-01,Jammu
Jammu Belicharana,56.0,56.0,5.0,Jammu,28.0,2.0,3992-09-01,Jammu
Jammu Belicharana,56.0,56.0,5.0,Jammu,32.0,2.0,3992-10-01,Jammu
Jammu Belicharana,41.0,41.0,5.0,Jammu,19.0,2.0,3992-11-01,Jammu
Jammu Belicharana,50.0,51.0,6.0,Jammu,24.0,2.0,3992-12-01,Jammu
Jammu Belicharana,59.0,59.0,7.0,Jammu,27.0,2.0,3993-01-01,Jammu
Jammu Belicharana,53.0,53.0,5.0,Jammu,25.0,2.0,3993-02-01,Jammu
Jammu Belicharana,51.0,51.0,5.0,Jammu,25.0,2.0,3993-03-02,Jammu
Jammu Belicharana,56.0,56.0,4.0,Jammu,17.0,2.0,3993-04-02,Jammu
Jammu Belicharana,54.0,54.0,3.0,Jammu,22.0,2.0,3993-05-02,Jammu
Jammu Belicharana,60.0,60.0,3.0,Jammu,26.0,2.0,3993-06-02,Jammu
Jammu Belicharana,59.0,59.0,3.0,Jammu,28.0,2.0,3993-07-02,Jammu
Jammu Belicharana,48.0,48.0,2.0,Jammu,30.0,1.0,3993-08-02,Jammu
Jammu Belicharana,53.0,53.0,2.0,Jammu,30.0,1.0,3993-09-02,Jammu
Jammu Belicharana,74.0,74.0,3.0,Jammu,30.0,1.0,3993-10-02,Jammu
Jammu Belicharana,97.0,97.0,6.0,Jammu,36.0,1.0,3993-11-02,Jammu
Jammu Belicharana,92.0,92.0,17.0,Jammu,38.0,3.0,3993-12-02,Jammu
Jammu Belicharana,94.0,94.0,22.0,Jammu,40.0,3.0,3994-01-02,Jammu
Jammu Belicharana,43.0,69.0,11.0,Jammu,40.0,1.0,3994-02-02,Jammu
Jammu Belicharana,80.0,80.0,21.0,Jammu,42.0,2.0,3994-03-02,Jammu
Jammu Belicharana,88.0,88.0,4.0,Jammu,44.0,2.0,3994-04-02,Jammu
Jammu Belicharana,95.0,95.0,7.0,Jammu,39.0,2.0,3994-05-02,Jammu
Jammu Belicharana,84.0,84.0,11.0,Jammu,33.0,2.0,3994-06-02,Jammu
Jammu Belicharana,63.0,63.0,14.0,Jammu,27.0,2.0,3994-07-02,Jammu
Jammu Belicharana,45.0,45.0,12.0,Jammu,24.0,1.0,3994-08-02,Jammu
Jammu Belicharana,60.0,60.0,14.0,Jammu,23.0,2.0,3994-09-02,Jammu
Jammu Belicharana,68.0,68.0,14.0,Jammu,26.0,2.0,3994-10-02,Jammu
Jammu Belicharana,67.0,67.0,22.0,Jammu,44.0,2.0,3994-11-02,Jammu
Jammu Belicharana,80.0,91.0,27.0,Jammu,48.0,3.0,3994-12-02,Jammu
Jammu Belicharana,94.0,94.0,26.0,Jammu,46.0,2.0,3995-01-02,Jammu
Jammu Belicharana,86.0,86.0,24.0,Jammu,39.0,2.0,3995-02-02,Jammu
Jammu Belicharana,69.0,69.0,20.0,Jammu,41.0,2.0,3995-03-02,Jammu
Jammu Dogra Hall CCF Office 1070,92.0,92.0,22.0,Jammu,27.0,4.0,3991-01-02,Jammu
Jammu Dogra Hall CCF Office 1070,113.0,113.0,14.0,Jammu,44.0,2.0,3991-02-02,Jammu
Jammu Dogra Hall CCF Office 1070,94.0,94.0,16.0,Jammu,41.0,2.0,3991-03-02,Jammu
Jammu Dogra Hall CCF Office 1070,89.0,107.0,15.0,Jammu,39.0,2.0,3991-04-02,Jammu
Jammu Dogra Hall CCF Office 1070,85.0,88.0,13.0,Jammu,36.0,2.0,3991-05-02,Jammu
Jammu Dogra Hall CCF Office 1070,80.0,82.0,12.0,Jammu,34.0,2.0,3991-06-02,Jammu
Jammu Dogra Hall CCF Office 1070,76.0,102.0,10.0,Jammu,31.0,2.0,3991-07-02,Jammu
Jammu Dogra Hall CCF Office 1070,71.0,71.0,9.0,Jammu,29.0,2.0,3991-08-02,Jammu
Jammu Dogra Hall CCF Office 1070,301.0,301.0,15.0,Jammu,32.0,2.0,3991-09-02,Jammu
Jammu Dogra Hall CCF Office 1070,157.0,157.0,24.0,Jammu,36.0,2.0,3991-10-02,Jammu
Jammu Dogra Hall CCF Office 1070,143.0,131.0,20.0,Jammu,12.0,2.0,3991-11-02,Jammu
Jammu Dogra Hall CCF Office 1070,129.0,176.0,15.0,Jammu,15.0,1.0,3991-12-02,Jammu
Jammu Dogra Hall CCF Office 1070,115.0,115.0,23.0,Jammu,18.0,2.0,3992-01-02,Jammu
Jammu Dogra Hall CCF Office 1070,139.0,139.0,5.0,Jammu,44.0,2.0,3992-02-02,Jammu
Jammu Dogra Hall CCF Office 1070,115.0,115.0,8.0,Jammu,72.0,2.0,3992-03-01,Jammu
Jammu Dogra Hall CCF Office 1070,94.0,94.0,11.0,Jammu,44.0,2.0,3992-04-01,Jammu
Jammu Dogra Hall CCF Office 1070,90.0,90.0,15.0,Jammu,14.0,2.0,3992-05-01,Jammu
Jammu Dogra Hall CCF Office 1070,92.0,92.0,16.0,Jammu,32.0,2.0,3992-06-01,Jammu
Jammu Dogra Hall CCF Office 1070,94.0,94.0,20.0,Jammu,26.0,2.0,3992-07-01,Jammu
Jammu Dogra Hall CCF Office 1070,87.0,87.0,18.0,Jammu,17.0,2.0,3992-08-01,Jammu
Jammu Dogra Hall CCF Office 1070,91.0,91.0,14.0,Jammu,4.0,2.0,3992-09-01,Jammu
Jammu Dogra Hall CCF Office 1070,86.0,86.0,16.0,Jammu,29.0,2.0,3992-10-01,Jammu
Jammu Dogra Hall CCF Office 1070,82.0,82.0,18.0,Jammu,31.0,4.0,3992-11-01,Jammu
Jammu Dogra Hall CCF Office 1070,99.0,111.0,13.0,Jammu,32.0,1.0,3992-12-01,Jammu
Jammu Dogra Hall CCF Office 1070,89.0,89.0,18.0,Jammu,35.0,2.0,3993-01-01,Jammu
Jammu Dogra Hall CCF Office 1070,90.0,90.0,15.0,Jammu,32.0,2.0,3993-02-01,Jammu
Jammu Dogra Hall CCF Office 1070,98.0,98.0,17.0,Jammu,34.0,3.0,3993-03-02,Jammu
Jammu Dogra Hall CCF Office 1070,96.0,96.0,13.0,Jammu,22.0,2.0,3993-04-02,Jammu
Jammu Dogra Hall CCF Office 1070,81.0,81.0,12.0,Jammu,2.0,2.0,3993-05-02,Jammu
Jammu Dogra Hall CCF Office 1070,87.0,87.0,16.0,Jammu,4.0,2.0,3993-06-02,Jammu
Jammu Dogra Hall CCF Office 1070,78.0,78.0,11.0,Jammu,6.0,2.0,3993-07-02,Jammu
Jammu Dogra Hall CCF Office 1070,59.0,59.0,8.0,Jammu,6.0,2.0,3993-08-02,Jammu
Jammu Dogra Hall CCF Office 1070,79.0,79.0,12.0,Jammu,11.0,2.0,3993-09-02,Jammu
Jammu Dogra Hall CCF Office 1070,107.0,100.0,17.0,Jammu,13.0,3.0,3993-10-02,Jammu
Jammu Dogra Hall CCF Office 1070,166.0,149.0,25.0,Jammu,15.0,6.0,3993-11-02,Jammu
Jammu Dogra Hall CCF Office 1070,135.0,156.0,28.0,Jammu,136.0,4.0,3993-12-02,Jammu
Jammu Dogra Hall CCF Office 1070,140.0,154.0,28.0,Jammu,146.0,4.0,3994-01-02,Jammu
Jammu Dogra Hall CCF Office 1070,68.0,97.0,14.0,Jammu,63.0,2.0,3994-02-02,Jammu
Jammu Dogra Hall CCF Office 1070,88.0,88.0,26.0,Jammu,34.0,3.0,3994-03-02,Jammu
Jammu Dogra Hall CCF Office 1070,95.0,95.0,25.0,Jammu,45.0,3.0,3994-04-02,Jammu
Jammu Dogra Hall CCF Office 1070,101.0,101.0,23.0,Jammu,53.0,3.0,3994-05-02,Jammu
Jammu Dogra Hall CCF Office 1070,98.0,98.0,21.0,Jammu,48.0,2.0,3994-06-02,Jammu
Jammu Dogra Hall CCF Office 1070,77.0,77.0,19.0,Jammu,25.0,2.0,3994-07-02,Jammu
Jammu Dogra Hall CCF Office 1070,55.0,55.0,15.0,Jammu,29.0,2.0,3994-08-02,Jammu
Jammu Dogra Hall CCF Office 1070,61.0,61.0,17.0,Jammu,26.0,2.0,3994-09-02,Jammu
Jammu Dogra Hall CCF Office 1070,79.0,84.0,22.0,Jammu,33.0,3.0,3994-10-02,Jammu
Jammu Dogra Hall CCF Office 1070,97.0,86.0,26.0,Jammu,57.0,3.0,3994-11-02,Jammu
Jammu Dogra Hall CCF Office 1070,115.0,110.0,29.0,Jammu,57.0,3.0,3994-12-02,Jammu
Jammu Dogra Hall CCF Office 1070,133.0,133.0,33.0,Jammu,22.0,3.0,3995-01-02,Jammu
Jammu Dogra Hall CCF Office 1070,105.0,105.0,32.0,Jammu,59.0,3.0,3995-02-02,Jammu
Jammu Dogra Hall CCF Office 1070,98.0,98.0,28.0,Jammu,46.0,2.0,3995-03-02,Jammu
Jammu JKPCC Narwal  184,108.0,108.0,26.0,Jammu,46.0,4.0,3991-01-02,Jammu
Jammu JKPCC Narwal  184,280.0,280.0,32.0,Jammu,60.0,5.0,3991-02-02,Jammu
Jammu JKPCC Narwal  184,254.0,254.0,34.0,Jammu,92.0,5.0,3991-03-02,Jammu
Jammu JKPCC Narwal  184,161.0,161.0,35.0,Jammu,64.0,3.0,3991-04-02,Jammu
Jammu JKPCC Narwal  184,217.0,217.0,34.0,Jammu,88.0,4.0,3991-05-02,Jammu
Jammu JKPCC Narwal  184,169.0,169.0,35.0,Jammu,65.0,3.0,3991-06-02,Jammu
Jammu JKPCC Narwal  184,87.0,87.0,16.0,Jammu,38.0,2.0,3991-07-02,Jammu
Jammu JKPCC Narwal  184,115.0,121.0,19.0,Jammu,46.0,3.0,3991-08-02,Jammu
Jammu JKPCC Narwal  184,93.0,93.0,21.0,Jammu,23.0,3.0,3991-09-02,Jammu
Jammu JKPCC Narwal  184,145.0,145.0,26.0,Jammu,47.0,3.0,3991-10-02,Jammu
Jammu JKPCC Narwal  184,144.0,144.0,24.0,Jammu,46.0,2.0,3991-11-02,Jammu
Jammu JKPCC Narwal  184,147.0,147.0,21.0,Jammu,66.0,2.0,3991-12-02,Jammu
Jammu JKPCC Narwal  184,130.0,149.0,19.0,Jammu,59.0,2.0,3992-01-02,Jammu
Jammu JKPCC Narwal  184,129.0,136.0,20.0,Jammu,55.0,2.0,3992-02-02,Jammu
Jammu JKPCC Narwal  184,128.0,128.0,22.0,Jammu,51.0,3.0,3992-03-01,Jammu
Jammu JKPCC Narwal  184,114.0,114.0,19.0,Jammu,38.0,2.0,3992-04-01,Jammu
Jammu JKPCC Narwal  184,106.0,106.0,13.0,Jammu,32.0,2.0,3992-05-01,Jammu
Jammu JKPCC Narwal  184,100.0,100.0,21.0,Jammu,33.0,3.0,3992-06-01,Jammu
Jammu JKPCC Narwal  184,100.0,100.0,15.0,Jammu,19.0,2.0,3992-07-01,Jammu
Jammu JKPCC Narwal  184,92.0,92.0,18.0,Jammu,30.0,3.0,3992-08-01,Jammu
Jammu JKPCC Narwal  184,84.0,84.0,16.0,Jammu,5.0,3.0,3992-09-01,Jammu
Jammu JKPCC Narwal  184,94.0,94.0,19.0,Jammu,12.0,3.0,3992-10-01,Jammu
Jammu JKPCC Narwal  184,107.0,107.0,24.0,Jammu,37.0,4.0,3992-11-01,Jammu
Jammu JKPCC Narwal  184,130.0,130.0,19.0,Jammu,39.0,2.0,3992-12-01,Jammu
Jammu JKPCC Narwal  184,122.0,122.0,25.0,Jammu,41.0,3.0,3993-01-01,Jammu
Jammu JKPCC Narwal  184,121.0,121.0,21.0,Jammu,42.0,3.0,3993-02-01,Jammu
Jammu JKPCC Narwal  184,124.0,124.0,19.0,Jammu,38.0,3.0,3993-03-02,Jammu
Jammu JKPCC Narwal  184,110.0,110.0,19.0,Jammu,34.0,2.0,3993-04-02,Jammu
Jammu JKPCC Narwal  184,113.0,113.0,17.0,Jammu,36.0,3.0,3993-05-02,Jammu
Jammu JKPCC Narwal  184,112.0,112.0,25.0,Jammu,36.0,4.0,3993-06-02,Jammu
Jammu JKPCC Narwal  184,93.0,93.0,15.0,Jammu,32.0,2.0,3993-07-02,Jammu
Jammu JKPCC Narwal  184,72.0,72.0,9.0,Jammu,17.0,1.0,3993-08-02,Jammu
Jammu JKPCC Narwal  184,92.0,92.0,16.0,Jammu,31.0,2.0,3993-09-02,Jammu
Jammu JKPCC Narwal  184,127.0,127.0,23.0,Jammu,14.0,4.0,3993-10-02,Jammu
Jammu JKPCC Narwal  184,156.0,150.0,30.0,Jammu,25.0,6.0,3993-11-02,Jammu
Jammu JKPCC Narwal  184,168.0,168.0,36.0,Jammu,62.0,6.0,3993-12-02,Jammu
Jammu JKPCC Narwal  184,180.0,180.0,34.0,Jammu,78.0,4.0,3994-01-02,Jammu
Jammu JKPCC Narwal  184,118.0,150.0,13.0,Jammu,93.0,2.0,3994-02-02,Jammu
Jammu JKPCC Narwal  184,107.0,107.0,30.0,Jammu,44.0,3.0,3994-03-02,Jammu
Jammu JKPCC Narwal  184,122.0,122.0,25.0,Jammu,73.0,3.0,3994-04-02,Jammu
Jammu JKPCC Narwal  184,120.0,120.0,24.0,Jammu,70.0,3.0,3994-05-02,Jammu
Jammu JKPCC Narwal  184,108.0,108.0,23.0,Jammu,51.0,2.0,3994-06-02,Jammu
Jammu JKPCC Narwal  184,87.0,87.0,22.0,Jammu,31.0,2.0,3994-07-02,Jammu
Jammu JKPCC Narwal  184,70.0,70.0,22.0,Jammu,31.0,2.0,3994-08-02,Jammu
Jammu JKPCC Narwal  184,82.0,82.0,20.0,Jammu,34.0,2.0,3994-09-02,Jammu
Jammu JKPCC Narwal  184,107.0,107.0,24.0,Jammu,44.0,4.0,3994-10-02,Jammu
Jammu JKPCC Narwal  184,148.0,148.0,34.0,Jammu,66.0,3.0,3994-11-02,Jammu
Jammu JKPCC Narwal  184,150.0,152.0,35.0,Jammu,51.0,4.0,3994-12-02,Jammu
Jammu JKPCC Narwal  184,151.0,151.0,39.0,Jammu,67.0,3.0,3995-01-02,Jammu
Jammu JKPCC Narwal  184,126.0,126.0,37.0,Jammu,75.0,4.0,3995-02-02,Jammu
Jammu JKPCC Narwal  184,130.0,130.0,34.0,Jammu,56.0,3.0,3995-03-02,Jammu
Jammu MAM Stadium  482,86.0,86.0,24.0,Jammu,41.0,2.0,3991-01-02,Jammu
Jammu MAM Stadium  482,148.0,148.0,28.0,Jammu,45.0,3.0,3991-02-02,Jammu
Jammu MAM Stadium  482,136.0,136.0,21.0,Jammu,57.0,3.0,3991-03-02,Jammu
Jammu MAM Stadium  482,91.0,91.0,16.0,Jammu,27.0,2.0,3991-04-02,Jammu
Jammu MAM Stadium  482,86.0,97.0,16.0,Jammu,29.0,2.0,3991-05-02,Jammu
Jammu MAM Stadium  482,82.0,92.0,17.0,Jammu,30.0,3.0,3991-06-02,Jammu
Jammu MAM Stadium  482,77.0,77.0,17.0,Jammu,32.0,3.0,3991-07-02,Jammu
Jammu MAM Stadium  482,89.0,89.0,8.0,Jammu,33.0,1.0,3991-08-02,Jammu
Jammu MAM Stadium  482,92.0,101.0,14.0,Jammu,38.0,2.0,3991-09-02,Jammu
Jammu MAM Stadium  482,95.0,95.0,19.0,Jammu,42.0,2.0,3991-10-02,Jammu
Jammu MAM Stadium  482,109.0,92.0,18.0,Jammu,50.0,2.0,3991-11-02,Jammu
Jammu MAM Stadium  482,124.0,125.0,16.0,Jammu,61.0,2.0,3991-12-02,Jammu
Jammu MAM Stadium  482,138.0,138.0,21.0,Jammu,47.0,2.0,3992-01-02,Jammu
Jammu MAM Stadium  482,120.0,120.0,22.0,Jammu,64.0,2.0,3992-02-02,Jammu
Jammu MAM Stadium  482,121.0,121.0,24.0,Jammu,59.0,3.0,3992-03-01,Jammu
Jammu MAM Stadium  482,106.0,106.0,18.0,Jammu,37.0,2.0,3992-04-01,Jammu
Jammu MAM Stadium  482,104.0,104.0,16.0,Jammu,38.0,2.0,3992-05-01,Jammu
Jammu MAM Stadium  482,99.0,99.0,14.0,Jammu,33.0,2.0,3992-06-01,Jammu
Jammu MAM Stadium  482,85.0,85.0,11.0,Jammu,24.0,2.0,3992-07-01,Jammu
Jammu MAM Stadium  482,93.0,93.0,14.0,Jammu,16.0,2.0,3992-08-01,Jammu
Jammu MAM Stadium  482,84.0,84.0,19.0,Jammu,7.0,3.0,3992-09-01,Jammu
Jammu MAM Stadium  482,85.0,85.0,16.0,Jammu,32.0,2.0,3992-10-01,Jammu
Jammu MAM Stadium  482,82.0,87.0,16.0,Jammu,31.0,3.0,3992-11-01,Jammu
Jammu MAM Stadium  482,98.0,102.0,17.0,Jammu,38.0,2.0,3992-12-01,Jammu
Jammu MAM Stadium  482,102.0,102.0,17.0,Jammu,42.0,2.0,3993-01-01,Jammu
Jammu MAM Stadium  482,96.0,96.0,17.0,Jammu,38.0,2.0,3993-02-01,Jammu
Jammu MAM Stadium  482,91.0,91.0,17.0,Jammu,34.0,2.0,3993-03-02,Jammu
Jammu MAM Stadium  482,82.0,82.0,13.0,Jammu,31.0,2.0,3993-04-02,Jammu
Jammu MAM Stadium  482,83.0,83.0,15.0,Jammu,31.0,3.0,3993-05-02,Jammu
Jammu MAM Stadium  482,87.0,87.0,16.0,Jammu,31.0,2.0,3993-06-02,Jammu
Jammu MAM Stadium  482,79.0,79.0,13.0,Jammu,8.0,2.0,3993-07-02,Jammu
Jammu MAM Stadium  482,70.0,70.0,7.0,Jammu,12.0,1.0,3993-08-02,Jammu
Jammu MAM Stadium  482,76.0,76.0,12.0,Jammu,16.0,2.0,3993-09-02,Jammu
Jammu MAM Stadium  482,120.0,120.0,18.0,Jammu,19.0,4.0,3993-10-02,Jammu
Jammu MAM Stadium  482,156.0,156.0,20.0,Jammu,23.0,5.0,3993-11-02,Jammu
Jammu MAM Stadium  482,159.0,159.0,23.0,Jammu,67.0,4.0,3993-12-02,Jammu
Jammu MAM Stadium  482,167.0,167.0,25.0,Jammu,111.0,3.0,3994-01-02,Jammu
Jammu MAM Stadium  482,67.0,112.0,14.0,Jammu,90.0,1.0,3994-02-02,Jammu
Jammu MAM Stadium  482,94.0,94.0,31.0,Jammu,37.0,3.0,3994-03-02,Jammu
Jammu MAM Stadium  482,133.0,133.0,37.0,Jammu,52.0,4.0,3994-04-02,Jammu
Jammu MAM Stadium  482,103.0,103.0,30.0,Jammu,49.0,3.0,3994-05-02,Jammu
Jammu MAM Stadium  482,84.0,80.0,24.0,Jammu,38.0,3.0,3994-06-02,Jammu
Jammu MAM Stadium  482,65.0,65.0,17.0,Jammu,28.0,2.0,3994-07-02,Jammu
Jammu MAM Stadium  482,56.0,56.0,13.0,Jammu,27.0,1.0,3994-08-02,Jammu
Jammu MAM Stadium  482,55.0,55.0,15.0,Jammu,24.0,2.0,3994-09-02,Jammu
Jammu MAM Stadium  482,69.0,69.0,19.0,Jammu,30.0,3.0,3994-10-02,Jammu
Jammu MAM Stadium  482,102.0,106.0,24.0,Jammu,46.0,3.0,3994-11-02,Jammu
Jammu MAM Stadium  482,127.0,127.0,29.0,Jammu,63.0,3.0,3994-12-02,Jammu
Jammu MAM Stadium  482,138.0,138.0,34.0,Jammu,79.0,3.0,3995-01-02,Jammu
Jammu MAM Stadium  482,109.0,109.0,29.0,Jammu,50.0,3.0,3995-02-02,Jammu
Jammu MAM Stadium  482,94.0,94.0,25.0,Jammu,41.0,2.0,3995-03-02,Jammu
Jammu Manda Zoo,89.0,89.0,23.0,Jammu,34.0,2.0,3991-01-02,Jammu
Jammu Manda Zoo,163.0,163.0,28.0,Jammu,52.0,2.0,3991-02-02,Jammu
Jammu Manda Zoo,151.0,151.0,24.0,Jammu,58.0,1.0,3991-03-02,Jammu
Jammu Manda Zoo,129.0,129.0,24.0,Jammu,50.0,1.0,3991-04-02,Jammu
Jammu Manda Zoo,135.0,135.0,27.0,Jammu,53.0,2.0,3991-05-02,Jammu
Jammu Manda Zoo,125.0,125.0,25.0,Jammu,49.0,2.0,3991-06-02,Jammu
Jammu Manda Zoo,82.0,82.0,18.0,Jammu,35.0,1.0,3991-07-02,Jammu
Jammu Manda Zoo,102.0,102.0,21.0,Jammu,38.0,2.0,3991-08-02,Jammu
Jammu Manda Zoo,76.0,76.0,9.0,Jammu,7.0,2.0,3991-09-02,Jammu
Jammu Manda Zoo,76.0,76.0,9.0,Jammu,7.0,2.0,3991-10-02,Jammu
Jammu Manda Zoo,76.0,76.0,9.0,Jammu,7.0,2.0,3991-11-02,Jammu
Jammu Manda Zoo,76.0,76.0,9.0,Jammu,7.0,2.0,3991-12-02,Jammu
Jammu Manda Zoo,76.0,76.0,9.0,Jammu,7.0,2.0,3992-01-02,Jammu
Jammu Manda Zoo,80.0,80.0,5.0,Jammu,10.0,1.0,3992-02-02,Jammu
Jammu Manda Zoo,78.0,78.0,5.0,Jammu,13.0,1.0,3992-03-01,Jammu
Jammu Manda Zoo,76.0,76.0,5.0,Jammu,13.0,1.0,3992-04-01,Jammu
Jammu Manda Zoo,75.0,75.0,5.0,Jammu,19.0,1.0,3992-05-01,Jammu
Jammu Manda Zoo,73.0,73.0,5.0,Jammu,22.0,1.0,3992-06-01,Jammu
Jammu Manda Zoo,71.0,71.0,6.0,Jammu,25.0,2.0,3992-07-01,Jammu
Jammu Manda Zoo,71.0,71.0,6.0,Jammu,25.0,2.0,3992-08-01,Jammu
Jammu Manda Zoo,66.0,66.0,7.0,Jammu,24.0,2.0,3992-09-01,Jammu
Jammu Manda Zoo,66.0,66.0,7.0,Jammu,26.0,2.0,3992-10-01,Jammu
Jammu Manda Zoo,66.0,66.0,7.0,Jammu,28.0,2.0,3992-11-01,Jammu
Jammu Manda Zoo,72.0,72.0,7.0,Jammu,29.0,1.0,3992-12-01,Jammu
Jammu Manda Zoo,77.0,77.0,7.0,Jammu,31.0,2.0,3993-01-01,Jammu
Jammu Manda Zoo,81.0,81.0,5.0,Jammu,27.0,2.0,3993-02-01,Jammu
Jammu Manda Zoo,80.0,80.0,6.0,Jammu,29.0,3.0,3993-03-02,Jammu
Jammu Manda Zoo,74.0,74.0,5.0,Jammu,21.0,2.0,3993-04-02,Jammu
Jammu Manda Zoo,62.0,62.0,5.0,Jammu,21.0,2.0,3993-05-02,Jammu
Jammu Manda Zoo,62.0,62.0,5.0,Jammu,21.0,2.0,3993-06-02,Jammu
Jammu Manda Zoo,62.0,62.0,5.0,Jammu,21.0,2.0,3993-07-02,Jammu
Jammu Manda Zoo,62.0,62.0,5.0,Jammu,21.0,2.0,3993-08-02,Jammu
Jammu Manda Zoo,62.0,62.0,6.0,Jammu,24.0,2.0,3993-09-02,Jammu
Jammu Manda Zoo,111.0,111.0,15.0,Jammu,18.0,2.0,3993-10-02,Jammu
Jammu Manda Zoo,134.0,135.0,21.0,Jammu,26.0,1.0,3993-11-02,Jammu
Jammu Manda Zoo,140.0,141.0,23.0,Jammu,62.0,1.0,3993-12-02,Jammu
Jammu Manda Zoo,152.0,152.0,26.0,Jammu,86.0,3.0,3994-01-02,Jammu
Jammu Manda Zoo,70.0,70.0,14.0,Jammu,64.0,2.0,3994-02-02,Jammu
Jammu Manda Zoo,90.0,90.0,27.0,Jammu,43.0,2.0,3994-03-02,Jammu
Jammu Manda Zoo,106.0,107.0,25.0,Jammu,49.0,2.0,3994-04-02,Jammu
Jammu Manda Zoo,103.0,103.0,24.0,Jammu,52.0,2.0,3994-05-02,Jammu
Jammu Manda Zoo,98.0,98.0,22.0,Jammu,45.0,2.0,3994-06-02,Jammu
Jammu Manda Zoo,75.0,75.0,19.0,Jammu,28.0,1.0,3994-07-02,Jammu
Jammu Manda Zoo,56.0,56.0,16.0,Jammu,28.0,2.0,3994-08-02,Jammu
Jammu Manda Zoo,61.0,61.0,16.0,Jammu,23.0,2.0,3994-09-02,Jammu
Jammu Manda Zoo,74.0,74.0,20.0,Jammu,32.0,1.0,3994-10-02,Jammu
Jammu Manda Zoo,100.0,100.0,25.0,Jammu,42.0,1.0,3994-11-02,Jammu
Jammu Manda Zoo,121.0,121.0,29.0,Jammu,54.0,2.0,3994-12-02,Jammu
Jammu Manda Zoo,128.0,129.0,34.0,Jammu,50.0,2.0,3995-01-02,Jammu
Jammu Manda Zoo,110.0,110.0,32.0,Jammu,61.0,2.0,3995-02-02,Jammu
Jammu Manda Zoo,96.0,96.0,28.0,Jammu,47.0,2.0,3995-03-02,Jammu
Jammu Nagbani Forest Office,89.0,91.0,23.0,Jammu,34.0,1.0,3991-01-02,Jammu
Jammu Nagbani Forest Office,163.0,177.0,28.0,Jammu,52.0,2.0,3991-02-02,Jammu
Jammu Nagbani Forest Office,151.0,163.0,24.0,Jammu,58.0,1.0,3991-03-02,Jammu
Jammu Nagbani Forest Office,129.0,136.0,24.0,Jammu,50.0,1.0,3991-04-02,Jammu
Jammu Nagbani Forest Office,135.0,140.0,27.0,Jammu,53.0,2.0,3991-05-02,Jammu
Jammu Nagbani Forest Office,125.0,131.0,25.0,Jammu,49.0,2.0,3991-06-02,Jammu
Jammu Nagbani Forest Office,82.0,81.0,18.0,Jammu,35.0,1.0,3991-07-02,Jammu
Jammu Nagbani Forest Office,102.0,103.0,21.0,Jammu,38.0,2.0,3991-08-02,Jammu
Jammu Nagbani Forest Office,92.0,90.0,21.0,Jammu,15.0,2.0,3991-09-02,Jammu
Jammu Nagbani Forest Office,106.0,113.0,24.0,Jammu,41.0,1.0,3991-10-02,Jammu
Jammu Nagbani Forest Office,109.0,109.0,20.0,Jammu,40.0,3.0,3991-11-02,Jammu
Jammu Nagbani Forest Office,120.0,132.0,16.0,Jammu,45.0,1.0,3991-12-02,Jammu
Jammu Nagbani Forest Office,115.0,111.0,19.0,Jammu,35.0,2.0,3992-01-02,Jammu
Jammu Nagbani Forest Office,120.0,121.0,6.0,Jammu,44.0,2.0,3992-02-02,Jammu
Jammu Nagbani Forest Office,57.0,58.0,8.0,Jammu,25.0,3.0,3992-03-01,Jammu
Jammu Nagbani Forest Office,57.0,51.0,8.0,Jammu,25.0,2.0,3992-04-01,Jammu
Jammu Nagbani Forest Office,57.0,65.0,8.0,Jammu,25.0,2.0,3992-05-01,Jammu
Jammu Nagbani Forest Office,57.0,60.0,8.0,Jammu,25.0,3.0,3992-06-01,Jammu
Jammu Nagbani Forest Office,57.0,57.0,8.0,Jammu,25.0,2.0,3992-07-01,Jammu
Jammu Nagbani Forest Office,60.0,60.0,9.0,Jammu,26.0,2.0,3992-08-01,Jammu
Jammu Nagbani Forest Office,55.0,55.0,5.0,Jammu,24.0,2.0,3992-09-01,Jammu
Jammu Nagbani Forest Office,53.0,53.0,5.0,Jammu,25.0,2.0,3992-10-01,Jammu
Jammu Nagbani Forest Office,54.0,45.0,5.0,Jammu,27.0,2.0,3992-11-01,Jammu
Jammu Nagbani Forest Office,55.0,49.0,5.0,Jammu,26.0,2.0,3992-12-01,Jammu
Jammu Nagbani Forest Office,56.0,56.0,5.0,Jammu,25.0,2.0,3993-01-01,Jammu
Jammu Nagbani Forest Office,53.0,53.0,4.0,Jammu,24.0,2.0,3993-02-01,Jammu
Jammu Nagbani Forest Office,74.0,74.0,5.0,Jammu,29.0,4.0,3993-03-02,Jammu
Jammu Nagbani Forest Office,61.0,61.0,3.0,Jammu,24.0,1.0,3993-04-02,Jammu
Jammu Nagbani Forest Office,63.0,63.0,4.0,Jammu,23.0,2.0,3993-05-02,Jammu
Jammu Nagbani Forest Office,81.0,81.0,6.0,Jammu,31.0,2.0,3993-06-02,Jammu
Jammu Nagbani Forest Office,59.0,59.0,4.0,Jammu,21.0,2.0,3993-07-02,Jammu
Jammu Nagbani Forest Office,48.0,48.0,4.0,Jammu,15.0,2.0,3993-08-02,Jammu
Jammu Nagbani Forest Office,63.0,60.0,4.0,Jammu,15.0,2.0,3993-09-02,Jammu
Jammu Nagbani Forest Office,78.0,78.0,5.0,Jammu,15.0,1.0,3993-10-02,Jammu
Jammu Nagbani Forest Office,86.0,85.0,9.0,Jammu,24.0,2.0,3993-11-02,Jammu
Jammu Nagbani Forest Office,80.0,79.0,15.0,Jammu,33.0,2.0,3993-12-02,Jammu
Jammu Nagbani Forest Office,83.0,83.0,17.0,Jammu,42.0,3.0,3994-01-02,Jammu
Jammu Nagbani Forest Office,73.0,90.0,13.0,Jammu,65.0,2.0,3994-02-02,Jammu
Jammu Nagbani Forest Office,69.0,69.0,17.0,Jammu,33.0,2.0,3994-03-02,Jammu
Jammu Nagbani Forest Office,90.0,90.0,7.0,Jammu,43.0,1.0,3994-04-02,Jammu
Jammu Nagbani Forest Office,100.0,100.0,9.0,Jammu,50.0,1.0,3994-05-02,Jammu
Jammu Nagbani Forest Office,89.0,89.0,12.0,Jammu,5.0,2.0,3994-06-02,Jammu
Jammu Nagbani Forest Office,63.0,63.0,14.0,Jammu,16.0,2.0,3994-07-02,Jammu
Jammu Nagbani Forest Office,50.0,50.0,16.0,Jammu,26.0,1.0,3994-08-02,Jammu
Jammu Nagbani Forest Office,48.0,48.0,12.0,Jammu,9.0,2.0,3994-09-02,Jammu
Jammu Nagbani Forest Office,48.0,48.0,13.0,Jammu,18.0,2.0,3994-10-02,Jammu
Jammu Nagbani Forest Office,67.0,60.0,20.0,Jammu,26.0,2.0,3994-11-02,Jammu
Jammu Nagbani Forest Office,86.0,100.0,24.0,Jammu,29.0,2.0,3994-12-02,Jammu
Jammu Nagbani Forest Office,105.0,105.0,28.0,Jammu,31.0,2.0,3995-01-02,Jammu
Jammu Nagbani Forest Office,93.0,93.0,27.0,Jammu,34.0,2.0,3995-02-02,Jammu
Jammu Nagbani Forest Office,83.0,83.0,26.0,Jammu,43.0,2.0,3995-03-02,Jammu
Jammu PDD Power House near High Court Janipur 1071,74.0,74.0,20.0,Jammu,20.0,3.0,3991-01-02,Jammu
Jammu PDD Power House near High Court Janipur 1071,115.0,115.0,16.0,Jammu,20.0,3.0,3991-02-02,Jammu
Jammu PDD Power House near High Court Janipur 1071,106.0,106.0,18.0,Jammu,20.0,2.0,3991-03-02,Jammu
Jammu PDD Power House near High Court Janipur 1071,97.0,96.0,19.0,Jammu,20.0,2.0,3991-04-02,Jammu
Jammu PDD Power House near High Court Janipur 1071,88.0,88.0,20.0,Jammu,20.0,2.0,3991-05-02,Jammu
Jammu PDD Power House near High Court Janipur 1071,80.0,85.0,20.0,Jammu,20.0,2.0,3991-06-02,Jammu
Jammu PDD Power House near High Court Janipur 1071,71.0,78.0,20.0,Jammu,20.0,2.0,3991-07-02,Jammu
Jammu PDD Power House near High Court Janipur 1071,62.0,62.0,22.0,Jammu,20.0,2.0,3991-08-02,Jammu
Jammu PDD Power House near High Court Janipur 1071,80.0,80.0,23.0,Jammu,7.0,2.0,3991-09-02,Jammu
Jammu PDD Power House near High Court Janipur 1071,106.0,106.0,24.0,Jammu,41.0,2.0,3991-10-02,Jammu
Jammu PDD Power House near High Court Janipur 1071,109.0,112.0,11.0,Jammu,40.0,2.0,3991-11-02,Jammu
Jammu PDD Power House near High Court Janipur 1071,112.0,107.0,12.0,Jammu,38.0,2.0,3991-12-02,Jammu
Jammu PDD Power House near High Court Janipur 1071,114.0,105.0,8.0,Jammu,35.0,2.0,3992-01-02,Jammu
Jammu PDD Power House near High Court Janipur 1071,117.0,117.0,5.0,Jammu,32.0,2.0,3992-02-02,Jammu
Jammu PDD Power House near High Court Janipur 1071,125.0,125.0,10.0,Jammu,23.0,2.0,3992-03-01,Jammu
Jammu PDD Power House near High Court Janipur 1071,113.0,113.0,15.0,Jammu,18.0,2.0,3992-04-01,Jammu
Jammu PDD Power House near High Court Janipur 1071,112.0,112.0,13.0,Jammu,10.0,2.0,3992-05-01,Jammu
Jammu PDD Power House near High Court Janipur 1071,105.0,105.0,13.0,Jammu,23.0,2.0,3992-06-01,Jammu
Jammu PDD Power House near High Court Janipur 1071,92.0,92.0,9.0,Jammu,19.0,1.0,3992-07-01,Jammu
Jammu PDD Power House near High Court Janipur 1071,85.0,85.0,15.0,Jammu,23.0,3.0,3992-08-01,Jammu
Jammu PDD Power House near High Court Janipur 1071,80.0,80.0,17.0,Jammu,25.0,3.0,3992-09-01,Jammu
Jammu PDD Power House near High Court Janipur 1071,84.0,84.0,17.0,Jammu,19.0,3.0,3992-10-01,Jammu
Jammu PDD Power House near High Court Janipur 1071,105.0,105.0,20.0,Jammu,35.0,3.0,3992-11-01,Jammu
Jammu PDD Power House near High Court Janipur 1071,98.0,98.0,22.0,Jammu,25.0,3.0,3992-12-01,Jammu
Jammu PDD Power House near High Court Janipur 1071,108.0,108.0,20.0,Jammu,34.0,2.0,3993-01-01,Jammu
Jammu PDD Power House near High Court Janipur 1071,91.0,91.0,16.0,Jammu,28.0,2.0,3993-02-01,Jammu
Jammu PDD Power House near High Court Janipur 1071,98.0,98.0,18.0,Jammu,27.0,3.0,3993-03-02,Jammu
Jammu PDD Power House near High Court Janipur 1071,96.0,96.0,13.0,Jammu,26.0,3.0,3993-04-02,Jammu
Jammu PDD Power House near High Court Janipur 1071,102.0,102.0,20.0,Jammu,17.0,4.0,3993-05-02,Jammu
Jammu PDD Power House near High Court Janipur 1071,106.0,106.0,19.0,Jammu,21.0,3.0,3993-06-02,Jammu
Jammu PDD Power House near High Court Janipur 1071,94.0,94.0,14.0,Jammu,6.0,2.0,3993-07-02,Jammu
Jammu PDD Power House near High Court Janipur 1071,72.0,72.0,10.0,Jammu,12.0,1.0,3993-08-02,Jammu
Jammu PDD Power House near High Court Janipur 1071,81.0,81.0,14.0,Jammu,19.0,2.0,3993-09-02,Jammu
Jammu PDD Power House near High Court Janipur 1071,115.0,115.0,19.0,Jammu,26.0,4.0,3993-10-02,Jammu
Jammu PDD Power House near High Court Janipur 1071,129.0,130.0,22.0,Jammu,32.0,4.0,3993-11-02,Jammu
Jammu PDD Power House near High Court Janipur 1071,146.0,128.0,24.0,Jammu,83.0,4.0,3993-12-02,Jammu
Jammu PDD Power House near High Court Janipur 1071,163.0,163.0,26.0,Jammu,93.0,4.0,3994-01-02,Jammu
Jammu PDD Power House near High Court Janipur 1071,55.0,85.0,13.0,Jammu,58.0,1.0,3994-02-02,Jammu
Jammu PDD Power House near High Court Janipur 1071,93.0,93.0,28.0,Jammu,47.0,3.0,3994-03-02,Jammu
Jammu PDD Power House near High Court Janipur 1071,111.0,111.0,31.0,Jammu,59.0,3.0,3994-04-02,Jammu
Jammu PDD Power House near High Court Janipur 1071,103.0,103.0,27.0,Jammu,57.0,3.0,3994-05-02,Jammu
Jammu PDD Power House near High Court Janipur 1071,104.0,104.0,24.0,Jammu,49.0,2.0,3994-06-02,Jammu
Jammu PDD Power House near High Court Janipur 1071,79.0,79.0,20.0,Jammu,26.0,2.0,3994-07-02,Jammu
Jammu PDD Power House near High Court Janipur 1071,69.0,69.0,16.0,Jammu,28.0,1.0,3994-08-02,Jammu
Jammu PDD Power House near High Court Janipur 1071,71.0,71.0,17.0,Jammu,4.0,2.0,3994-09-02,Jammu
Jammu PDD Power House near High Court Janipur 1071,104.0,104.0,23.0,Jammu,37.0,3.0,3994-10-02,Jammu
Jammu PDD Power House near High Court Janipur 1071,109.0,109.0,28.0,Jammu,31.0,3.0,3994-11-02,Jammu
Jammu PDD Power House near High Court Janipur 1071,129.0,129.0,34.0,Jammu,26.0,4.0,3994-12-02,Jammu
Jammu PDD Power House near High Court Janipur 1071,124.0,124.0,35.0,Jammu,20.0,3.0,3995-01-02,Jammu
Jammu PDD Power House near High Court Janipur 1071,112.0,112.0,31.0,Jammu,71.0,3.0,3995-02-02,Jammu
Jammu PDD Power House near High Court Janipur 1071,110.0,110.0,28.0,Jammu,57.0,2.0,3995-03-02,Jammu
Jammu Sidhra Forest Nursery,89.0,93.0,23.0,Jammu,34.0,2.0,3991-01-02,Jammu
Jammu Sidhra Forest Nursery,163.0,154.0,28.0,Jammu,52.0,1.0,3991-02-02,Jammu
Jammu Sidhra Forest Nursery,151.0,152.0,24.0,Jammu,58.0,1.0,3991-03-02,Jammu
Jammu Sidhra Forest Nursery,129.0,133.0,24.0,Jammu,50.0,2.0,3991-04-02,Jammu
Jammu Sidhra Forest Nursery,135.0,143.0,27.0,Jammu,53.0,2.0,3991-05-02,Jammu
Jammu Sidhra Forest Nursery,125.0,123.0,25.0,Jammu,49.0,2.0,3991-06-02,Jammu
Jammu Sidhra Forest Nursery,82.0,93.0,18.0,Jammu,35.0,2.0,3991-07-02,Jammu
Jammu Sidhra Forest Nursery,102.0,114.0,21.0,Jammu,38.0,2.0,3991-08-02,Jammu
Jammu Sidhra Forest Nursery,92.0,87.0,21.0,Jammu,15.0,1.0,3991-09-02,Jammu
Jammu Sidhra Forest Nursery,106.0,114.0,24.0,Jammu,41.0,1.0,3991-10-02,Jammu
Jammu Sidhra Forest Nursery,109.0,120.0,20.0,Jammu,40.0,1.0,3991-11-02,Jammu
Jammu Sidhra Forest Nursery,120.0,125.0,16.0,Jammu,45.0,1.0,3991-12-02,Jammu
Jammu Sidhra Forest Nursery,115.0,106.0,19.0,Jammu,35.0,2.0,3992-01-02,Jammu
Jammu Sidhra Forest Nursery,120.0,123.0,6.0,Jammu,44.0,2.0,3992-02-02,Jammu
Jammu Sidhra Forest Nursery,55.0,58.0,6.0,Jammu,26.0,1.0,3992-03-01,Jammu
Jammu Sidhra Forest Nursery,55.0,64.0,6.0,Jammu,26.0,1.0,3992-04-01,Jammu
Jammu Sidhra Forest Nursery,55.0,64.0,6.0,Jammu,26.0,0.0,3992-05-01,Jammu
Jammu Sidhra Forest Nursery,55.0,70.0,6.0,Jammu,26.0,1.0,3992-06-01,Jammu
Jammu Sidhra Forest Nursery,55.0,55.0,4.0,Jammu,26.0,1.0,3992-07-01,Jammu
Jammu Sidhra Forest Nursery,55.0,55.0,4.0,Jammu,22.0,1.0,3992-08-01,Jammu
Jammu Sidhra Forest Nursery,56.0,56.0,4.0,Jammu,4.0,1.0,3992-09-01,Jammu
Jammu Sidhra Forest Nursery,57.0,57.0,4.0,Jammu,23.0,1.0,3992-10-01,Jammu
Jammu Sidhra Forest Nursery,63.0,74.0,4.0,Jammu,16.0,1.0,3992-11-01,Jammu
Jammu Sidhra Forest Nursery,69.0,68.0,5.0,Jammu,24.0,2.0,3992-12-01,Jammu
Jammu Sidhra Forest Nursery,75.0,75.0,5.0,Jammu,31.0,2.0,3993-01-01,Jammu
Jammu Sidhra Forest Nursery,66.0,66.0,5.0,Jammu,27.0,2.0,3993-02-01,Jammu
Jammu Sidhra Forest Nursery,75.0,75.0,4.0,Jammu,30.0,2.0,3993-03-02,Jammu
Jammu Sidhra Forest Nursery,66.0,66.0,3.0,Jammu,12.0,2.0,3993-04-02,Jammu
Jammu Sidhra Forest Nursery,58.0,58.0,3.0,Jammu,24.0,1.0,3993-05-02,Jammu
Jammu Sidhra Forest Nursery,66.0,66.0,3.0,Jammu,25.0,2.0,3993-06-02,Jammu
Jammu Sidhra Forest Nursery,63.0,63.0,2.0,Jammu,24.0,2.0,3993-07-02,Jammu
Jammu Sidhra Forest Nursery,50.0,50.0,2.0,Jammu,2.0,1.0,3993-08-02,Jammu
Jammu Sidhra Forest Nursery,66.0,66.0,2.0,Jammu,25.0,1.0,3993-09-02,Jammu
Jammu Sidhra Forest Nursery,80.0,80.0,3.0,Jammu,17.0,1.0,3993-10-02,Jammu
Jammu Sidhra Forest Nursery,95.0,95.0,8.0,Jammu,28.0,1.0,3993-11-02,Jammu
Jammu Sidhra Forest Nursery,102.0,99.0,12.0,Jammu,40.0,2.0,3993-12-02,Jammu
Jammu Sidhra Forest Nursery,108.0,108.0,24.0,Jammu,44.0,3.0,3994-01-02,Jammu
Jammu Sidhra Forest Nursery,31.0,67.0,8.0,Jammu,52.0,1.0,3994-02-02,Jammu
Jammu Sidhra Forest Nursery,77.0,77.0,20.0,Jammu,32.0,2.0,3994-03-02,Jammu
Jammu Sidhra Forest Nursery,84.0,84.0,9.0,Jammu,30.0,1.0,3994-04-02,Jammu
Jammu Sidhra Forest Nursery,92.0,92.0,11.0,Jammu,28.0,1.0,3994-05-02,Jammu
Jammu Sidhra Forest Nursery,90.0,90.0,12.0,Jammu,22.0,2.0,3994-06-02,Jammu
Jammu Sidhra Forest Nursery,63.0,63.0,14.0,Jammu,16.0,2.0,3994-07-02,Jammu
Jammu Sidhra Forest Nursery,53.0,53.0,12.0,Jammu,9.0,1.0,3994-08-02,Jammu
Jammu Sidhra Forest Nursery,52.0,52.0,13.0,Jammu,3.0,2.0,3994-09-02,Jammu
Jammu Sidhra Forest Nursery,60.0,60.0,13.0,Jammu,15.0,2.0,3994-10-02,Jammu
Jammu Sidhra Forest Nursery,73.0,73.0,18.0,Jammu,27.0,2.0,3994-11-02,Jammu
Jammu Sidhra Forest Nursery,92.0,103.0,23.0,Jammu,31.0,2.0,3994-12-02,Jammu
Jammu Sidhra Forest Nursery,112.0,112.0,28.0,Jammu,36.0,2.0,3995-01-02,Jammu
Jammu Sidhra Forest Nursery,92.0,92.0,27.0,Jammu,40.0,2.0,3995-02-02,Jammu
Jammu Sidhra Forest Nursery,78.0,78.0,22.0,Jammu,22.0,2.0,3995-03-02,Jammu
Jammu Vikram Chowk Forest Information Center 1072,67.0,67.0,21.0,Jammu,18.0,3.0,3991-01-02,Jammu
Jammu Vikram Chowk Forest Information Center 1072,343.0,343.0,34.0,Jammu,75.0,3.0,3991-02-02,Jammu
Jammu Vikram Chowk Forest Information Center 1072,448.0,448.0,39.0,Jammu,85.0,7.0,3991-03-02,Jammu
Jammu Vikram Chowk Forest Information Center 1072,399.0,389.0,36.0,Jammu,78.0,6.0,3991-04-02,Jammu
Jammu Vikram Chowk Forest Information Center 1072,350.0,348.0,34.0,Jammu,71.0,6.0,3991-05-02,Jammu
Jammu Vikram Chowk Forest Information Center 1072,301.0,298.0,31.0,Jammu,63.0,5.0,3991-06-02,Jammu
Jammu Vikram Chowk Forest Information Center 1072,252.0,250.0,29.0,Jammu,56.0,5.0,3991-07-02,Jammu
Jammu Vikram Chowk Forest Information Center 1072,203.0,203.0,26.0,Jammu,49.0,4.0,3991-08-02,Jammu
Jammu Vikram Chowk Forest Information Center 1072,70.0,71.0,22.0,Jammu,15.0,3.0,3991-09-02,Jammu
Jammu Vikram Chowk Forest Information Center 1072,102.0,102.0,24.0,Jammu,46.0,3.0,3991-10-02,Jammu
Jammu Vikram Chowk Forest Information Center 1072,104.0,110.0,22.0,Jammu,48.0,3.0,3991-11-02,Jammu
Jammu Vikram Chowk Forest Information Center 1072,105.0,111.0,20.0,Jammu,58.0,3.0,3991-12-02,Jammu
Jammu Vikram Chowk Forest Information Center 1072,107.0,107.0,18.0,Jammu,33.0,3.0,3992-01-02,Jammu
Jammu Vikram Chowk Forest Information Center 1072,113.0,113.0,6.0,Jammu,49.0,3.0,3992-02-02,Jammu
Jammu Vikram Chowk Forest Information Center 1072,114.0,114.0,14.0,Jammu,55.0,2.0,3992-03-01,Jammu
Jammu Vikram Chowk Forest Information Center 1072,100.0,100.0,21.0,Jammu,40.0,2.0,3992-04-01,Jammu
Jammu Vikram Chowk Forest Information Center 1072,81.0,81.0,16.0,Jammu,35.0,2.0,3992-05-01,Jammu
Jammu Vikram Chowk Forest Information Center 1072,90.0,90.0,19.0,Jammu,30.0,3.0,3992-06-01,Jammu
Jammu Vikram Chowk Forest Information Center 1072,85.0,85.0,17.0,Jammu,37.0,3.0,3992-07-01,Jammu
Jammu Vikram Chowk Forest Information Center 1072,76.0,76.0,20.0,Jammu,32.0,3.0,3992-08-01,Jammu
Jammu Vikram Chowk Forest Information Center 1072,75.0,75.0,22.0,Jammu,35.0,3.0,3992-09-01,Jammu
Jammu Vikram Chowk Forest Information Center 1072,68.0,69.0,21.0,Jammu,31.0,3.0,3992-10-01,Jammu
Jammu Vikram Chowk Forest Information Center 1072,104.0,107.0,20.0,Jammu,37.0,5.0,3992-11-01,Jammu
Jammu Vikram Chowk Forest Information Center 1072,104.0,109.0,19.0,Jammu,39.0,4.0,3992-12-01,Jammu
Jammu Vikram Chowk Forest Information Center 1072,98.0,98.0,18.0,Jammu,39.0,2.0,3993-01-01,Jammu
Jammu Vikram Chowk Forest Information Center 1072,102.0,102.0,17.0,Jammu,34.0,3.0,3993-02-01,Jammu
Jammu Vikram Chowk Forest Information Center 1072,110.0,110.0,21.0,Jammu,38.0,6.0,3993-03-02,Jammu
Jammu Vikram Chowk Forest Information Center 1072,95.0,95.0,13.0,Jammu,34.0,2.0,3993-04-02,Jammu
Jammu Vikram Chowk Forest Information Center 1072,106.0,106.0,19.0,Jammu,39.0,4.0,3993-05-02,Jammu
Jammu Vikram Chowk Forest Information Center 1072,109.0,109.0,14.0,Jammu,37.0,2.0,3993-06-02,Jammu
Jammu Vikram Chowk Forest Information Center 1072,99.0,99.0,13.0,Jammu,35.0,2.0,3993-07-02,Jammu
Jammu Vikram Chowk Forest Information Center 1072,76.0,76.0,13.0,Jammu,33.0,2.0,3993-08-02,Jammu
Jammu Vikram Chowk Forest Information Center 1072,97.0,97.0,18.0,Jammu,31.0,3.0,3993-09-02,Jammu
Jammu Vikram Chowk Forest Information Center 1072,134.0,134.0,22.0,Jammu,29.0,4.0,3993-10-02,Jammu
Jammu Vikram Chowk Forest Information Center 1072,185.0,185.0,27.0,Jammu,27.0,7.0,3993-11-02,Jammu
Jammu Vikram Chowk Forest Information Center 1072,171.0,171.0,31.0,Jammu,62.0,4.0,3993-12-02,Jammu
Jammu Vikram Chowk Forest Information Center 1072,180.0,180.0,36.0,Jammu,96.0,5.0,3994-01-02,Jammu
Jammu Vikram Chowk Forest Information Center 1072,105.0,134.0,27.0,Jammu,94.0,3.0,3994-02-02,Jammu
Jammu Vikram Chowk Forest Information Center 1072,102.0,102.0,32.0,Jammu,51.0,3.0,3994-03-02,Jammu
Jammu Vikram Chowk Forest Information Center 1072,115.0,115.0,31.0,Jammu,55.0,3.0,3994-04-02,Jammu
Jammu Vikram Chowk Forest Information Center 1072,118.0,118.0,29.0,Jammu,63.0,3.0,3994-05-02,Jammu
Jammu Vikram Chowk Forest Information Center 1072,110.0,110.0,26.0,Jammu,56.0,2.0,3994-06-02,Jammu
Jammu Vikram Chowk Forest Information Center 1072,84.0,84.0,24.0,Jammu,29.0,2.0,3994-07-02,Jammu
Jammu Vikram Chowk Forest Information Center 1072,64.0,64.0,21.0,Jammu,29.0,2.0,3994-08-02,Jammu
Jammu Vikram Chowk Forest Information Center 1072,74.0,74.0,16.0,Jammu,22.0,2.0,3994-09-02,Jammu
Jammu Vikram Chowk Forest Information Center 1072,110.0,110.0,25.0,Jammu,51.0,4.0,3994-10-02,Jammu
Jammu Vikram Chowk Forest Information Center 1072,127.0,127.0,35.0,Jammu,59.0,3.0,3994-11-02,Jammu
Jammu Vikram Chowk Forest Information Center 1072,133.0,133.0,39.0,Jammu,80.0,3.0,3994-12-02,Jammu
Jammu Vikram Chowk Forest Information Center 1072,162.0,162.0,45.0,Jammu,101.0,3.0,3995-01-02,Jammu
Jammu Vikram Chowk Forest Information Center 1072,140.0,140.0,41.0,Jammu,74.0,4.0,3995-02-02,Jammu
Jammu Vikram Chowk Forest Information Center 1072,144.0,144.0,40.0,Jammu,71.0,4.0,3995-03-02,Jammu
Samba BariBrahmna Industrial area 507,134.0,134.0,26.0,Jammu,46.0,2.0,3991-01-02,Jammu
Samba BariBrahmna Industrial area 507,178.0,178.0,28.0,Jammu,64.0,5.0,3991-02-02,Jammu
Samba BariBrahmna Industrial area 507,166.0,166.0,26.0,Jammu,60.0,5.0,3991-03-02,Jammu
Samba BariBrahmna Industrial area 507,178.0,178.0,29.0,Jammu,61.0,3.0,3991-04-02,Jammu
Samba BariBrahmna Industrial area 507,182.0,182.0,34.0,Jammu,73.0,4.0,3991-05-02,Jammu
Samba BariBrahmna Industrial area 507,207.0,207.0,38.0,Jammu,78.0,4.0,3991-06-02,Jammu
Samba BariBrahmna Industrial area 507,138.0,138.0,28.0,Jammu,52.0,4.0,3991-07-02,Jammu
Samba BariBrahmna Industrial area 507,143.0,143.0,25.0,Jammu,43.0,3.0,3991-08-02,Jammu
Samba BariBrahmna Industrial area 507,124.0,124.0,25.0,Jammu,13.0,3.0,3991-09-02,Jammu
Samba BariBrahmna Industrial area 507,145.0,145.0,26.0,Jammu,24.0,3.0,3991-10-02,Jammu
Samba BariBrahmna Industrial area 507,161.0,152.0,27.0,Jammu,34.0,2.0,3991-11-02,Jammu
Samba BariBrahmna Industrial area 507,120.0,124.0,28.0,Jammu,45.0,2.0,3991-12-02,Jammu
Samba BariBrahmna Industrial area 507,131.0,131.0,29.0,Jammu,56.0,3.0,3992-01-02,Jammu
Samba BariBrahmna Industrial area 507,120.0,120.0,26.0,Jammu,16.0,2.0,3992-02-02,Jammu
Samba BariBrahmna Industrial area 507,128.0,128.0,24.0,Jammu,18.0,2.0,3992-03-01,Jammu
Samba BariBrahmna Industrial area 507,124.0,124.0,25.0,Jammu,20.0,3.0,3992-04-01,Jammu
Samba BariBrahmna Industrial area 507,113.0,113.0,24.0,Jammu,34.0,4.0,3992-05-01,Jammu
Samba BariBrahmna Industrial area 507,111.0,111.0,24.0,Jammu,40.0,4.0,3992-06-01,Jammu
Samba BariBrahmna Industrial area 507,102.0,102.0,18.0,Jammu,34.0,2.0,3992-07-01,Jammu
Samba BariBrahmna Industrial area 507,102.0,102.0,24.0,Jammu,22.0,4.0,3992-08-01,Jammu
Samba BariBrahmna Industrial area 507,95.0,95.0,23.0,Jammu,8.0,4.0,3992-09-01,Jammu
Samba BariBrahmna Industrial area 507,94.0,94.0,24.0,Jammu,22.0,4.0,3992-10-01,Jammu
Samba BariBrahmna Industrial area 507,103.0,103.0,24.0,Jammu,36.0,4.0,3992-11-01,Jammu
Samba BariBrahmna Industrial area 507,104.0,104.0,20.0,Jammu,42.0,3.0,3992-12-01,Jammu
Samba BariBrahmna Industrial area 507,117.0,117.0,26.0,Jammu,40.0,4.0,3993-01-01,Jammu
Samba BariBrahmna Industrial area 507,111.0,111.0,19.0,Jammu,36.0,3.0,3993-02-01,Jammu
Samba BariBrahmna Industrial area 507,123.0,123.0,24.0,Jammu,40.0,4.0,3993-03-02,Jammu
Samba BariBrahmna Industrial area 507,116.0,127.0,16.0,Jammu,48.0,2.0,3993-04-02,Jammu
Samba BariBrahmna Industrial area 507,117.0,117.0,26.0,Jammu,39.0,4.0,3993-05-02,Jammu
Samba BariBrahmna Industrial area 507,118.0,118.0,25.0,Jammu,39.0,5.0,3993-06-02,Jammu
Samba BariBrahmna Industrial area 507,101.0,101.0,16.0,Jammu,16.0,3.0,3993-07-02,Jammu
Samba BariBrahmna Industrial area 507,85.0,85.0,15.0,Jammu,24.0,2.0,3993-08-02,Jammu
Samba BariBrahmna Industrial area 507,93.0,93.0,14.0,Jammu,31.0,3.0,3993-09-02,Jammu
Samba BariBrahmna Industrial area 507,117.0,117.0,13.0,Jammu,39.0,4.0,3993-10-02,Jammu
Samba BariBrahmna Industrial area 507,140.0,131.0,36.0,Jammu,47.0,6.0,3993-11-02,Jammu
Samba BariBrahmna Industrial area 507,174.0,181.0,21.0,Jammu,73.0,4.0,3993-12-02,Jammu
Samba BariBrahmna Industrial area 507,186.0,186.0,34.0,Jammu,109.0,4.0,3994-01-02,Jammu
Samba BariBrahmna Industrial area 507,141.0,190.0,27.0,Jammu,140.0,3.0,3994-02-02,Jammu
Samba BariBrahmna Industrial area 507,115.0,115.0,36.0,Jammu,55.0,4.0,3994-03-02,Jammu
Samba BariBrahmna Industrial area 507,128.0,128.0,38.0,Jammu,72.0,4.0,3994-04-02,Jammu
Samba BariBrahmna Industrial area 507,125.0,125.0,33.0,Jammu,70.0,3.0,3994-05-02,Jammu
Samba BariBrahmna Industrial area 507,113.0,113.0,28.0,Jammu,59.0,3.0,3994-06-02,Jammu
Samba BariBrahmna Industrial area 507,86.0,86.0,23.0,Jammu,29.0,2.0,3994-07-02,Jammu
Samba BariBrahmna Industrial area 507,97.0,97.0,24.0,Jammu,33.0,2.0,3994-08-02,Jammu
Samba BariBrahmna Industrial area 507,91.0,91.0,21.0,Jammu,39.0,2.0,3994-09-02,Jammu
Samba BariBrahmna Industrial area 507,108.0,108.0,28.0,Jammu,45.0,4.0,3994-10-02,Jammu
Samba BariBrahmna Industrial area 507,126.0,109.0,39.0,Jammu,7.0,3.0,3994-11-02,Jammu
Samba BariBrahmna Industrial area 507,145.0,145.0,43.0,Jammu,86.0,5.0,3994-12-02,Jammu
Samba BariBrahmna Industrial area 507,163.0,163.0,49.0,Jammu,104.0,5.0,3995-01-02,Jammu
Samba BariBrahmna Industrial area 507,146.0,146.0,45.0,Jammu,86.0,4.0,3995-02-02,Jammu
Samba BariBrahmna Industrial area 507,146.0,150.0,45.0,Jammu,86.0,4.0,3995-03-02,Jammu
Kathua Forest Complex 1069,96.0,96.0,8.0,Kathua,15.0,1.0,3991-01-02,Jammu
Kathua Forest Complex 1069,85.0,85.0,7.0,Kathua,16.0,4.0,3991-02-02,Jammu
Kathua Forest Complex 1069,77.0,77.0,7.0,Kathua,17.0,3.0,3991-03-02,Jammu
Kathua Forest Complex 1069,90.0,90.0,7.0,Kathua,16.0,1.0,3991-04-02,Jammu
Kathua Forest Complex 1069,103.0,102.0,8.0,Kathua,15.0,2.0,3991-05-02,Jammu
Kathua Forest Complex 1069,116.0,116.0,8.0,Kathua,14.0,2.0,3991-06-02,Jammu
Kathua Forest Complex 1069,117.0,117.0,8.0,Kathua,27.0,1.0,3991-07-02,Jammu
Kathua Forest Complex 1069,105.0,104.0,8.0,Kathua,27.0,0.0,3991-08-02,Jammu
Kathua Forest Complex 1069,93.0,94.0,8.0,Kathua,27.0,2.0,3991-09-02,Jammu
Kathua Forest Complex 1069,81.0,81.0,7.0,Kathua,27.0,2.0,3991-10-02,Jammu
Kathua Forest Complex 1069,71.0,71.0,7.0,Kathua,27.0,4.0,3991-11-02,Jammu
Kathua Forest Complex 1069,76.0,76.0,7.0,Kathua,26.0,2.0,3991-12-02,Jammu
Kathua Forest Complex 1069,83.0,83.0,7.0,Kathua,25.0,3.0,3992-01-02,Jammu
Kathua Forest Complex 1069,80.0,80.0,7.0,Kathua,25.0,2.0,3992-02-02,Jammu
Kathua Forest Complex 1069,72.0,72.0,7.0,Kathua,25.0,3.0,3992-03-01,Jammu
Kathua Forest Complex 1069,81.0,81.0,7.0,Kathua,17.0,3.0,3992-04-01,Jammu
Kathua Forest Complex 1069,86.0,86.0,7.0,Kathua,16.0,3.0,3992-05-01,Jammu
Kathua Forest Complex 1069,88.0,88.0,7.0,Kathua,20.0,3.0,3992-06-01,Jammu
Kathua Forest Complex 1069,84.0,84.0,7.0,Kathua,20.0,1.0,3992-07-01,Jammu
Kathua Forest Complex 1069,81.0,81.0,7.0,Kathua,20.0,3.0,3992-08-01,Jammu
Kathua Forest Complex 1069,77.0,77.0,7.0,Kathua,19.0,3.0,3992-09-01,Jammu
Kathua Forest Complex 1069,81.0,81.0,7.0,Kathua,18.0,3.0,3992-10-01,Jammu
Kathua Forest Complex 1069,79.0,79.0,7.0,Kathua,16.0,1.0,3992-11-01,Jammu
Kathua Forest Complex 1069,80.0,80.0,7.0,Kathua,15.0,2.0,3992-12-01,Jammu
Kathua Forest Complex 1069,88.0,88.0,7.0,Kathua,13.0,4.0,3993-01-01,Jammu
Kathua Forest Complex 1069,78.0,78.0,7.0,Kathua,14.0,3.0,3993-02-01,Jammu
Kathua Forest Complex 1069,81.0,81.0,7.0,Kathua,16.0,2.0,3993-03-02,Jammu
Kathua Forest Complex 1069,83.0,83.0,7.0,Kathua,15.0,3.0,3993-04-02,Jammu
Kathua Forest Complex 1069,83.0,83.0,7.0,Kathua,14.0,3.0,3993-05-02,Jammu
Kathua Forest Complex 1069,86.0,86.0,7.0,Kathua,13.0,3.0,3993-06-02,Jammu
Kathua Forest Complex 1069,81.0,81.0,7.0,Kathua,13.0,2.0,3993-07-02,Jammu
Kathua Forest Complex 1069,81.0,81.0,7.0,Kathua,12.0,1.0,3993-08-02,Jammu
Kathua Forest Complex 1069,81.0,81.0,7.0,Kathua,11.0,1.0,3993-09-02,Jammu
Kathua Forest Complex 1069,87.0,87.0,7.0,Kathua,10.0,1.0,3993-10-02,Jammu
Kathua Forest Complex 1069,108.0,108.0,7.0,Kathua,9.0,1.0,3993-11-02,Jammu
Kathua Forest Complex 1069,109.0,105.0,7.0,Kathua,9.0,1.0,3993-12-02,Jammu
Kathua Forest Complex 1069,110.0,110.0,7.0,Kathua,8.0,2.0,3994-01-02,Jammu
Kathua Forest Complex 1069,104.0,104.0,9.0,Kathua,7.0,3.0,3994-02-02,Jammu
Kathua Forest Complex 1069,100.0,100.0,9.0,Kathua,16.0,3.0,3994-03-02,Jammu
Kathua Forest Complex 1069,98.0,98.0,9.0,Kathua,15.0,3.0,3994-04-02,Jammu
Kathua Forest Complex 1069,92.0,92.0,9.0,Kathua,15.0,3.0,3994-05-02,Jammu
Kathua Forest Complex 1069,85.0,85.0,7.0,Kathua,11.0,2.0,3994-06-02,Jammu
Kathua Forest Complex 1069,78.0,78.0,8.0,Kathua,9.0,2.0,3994-07-02,Jammu
Kathua Forest Complex 1069,75.0,75.0,6.0,Kathua,8.0,2.0,3994-08-02,Jammu
Kathua Forest Complex 1069,80.0,80.0,7.0,Kathua,10.0,3.0,3994-09-02,Jammu
Kathua Forest Complex 1069,95.0,95.0,6.0,Kathua,10.0,2.0,3994-10-02,Jammu
Kathua Forest Complex 1069,87.0,87.0,7.0,Kathua,11.0,3.0,3994-11-02,Jammu
Kathua Forest Complex 1069,94.0,94.0,7.0,Kathua,13.0,3.0,3994-12-02,Jammu
Kathua Forest Complex 1069,91.0,91.0,8.0,Kathua,11.0,4.0,3995-01-02,Jammu
Kathua Forest Complex 1069,96.0,96.0,8.0,Kathua,18.0,3.0,3995-02-02,Jammu
Kathua Forest Complex 1069,96.0,95.0,8.0,Kathua,18.0,3.0,3995-03-02,Jammu
Kathua Industrial Area 1068,179.0,179.0,12.0,Kathua,86.0,8.0,3991-01-02,Jammu
Kathua Industrial Area 1068,65.0,65.0,5.0,Kathua,72.0,7.0,3991-02-02,Jammu
Kathua Industrial Area 1068,194.0,194.0,13.0,Kathua,58.0,6.0,3991-03-02,Jammu
Kathua Industrial Area 1068,191.0,191.0,13.0,Kathua,54.0,4.0,3991-04-02,Jammu
Kathua Industrial Area 1068,206.0,206.0,14.0,Kathua,51.0,7.0,3991-05-02,Jammu
Kathua Industrial Area 1068,200.0,200.0,13.0,Kathua,42.0,4.0,3991-06-02,Jammu
Kathua Industrial Area 1068,126.0,126.0,9.0,Kathua,33.0,5.0,3991-07-02,Jammu
Kathua Industrial Area 1068,155.0,155.0,10.0,Kathua,31.0,7.0,3991-08-02,Jammu
Kathua Industrial Area 1068,134.0,134.0,9.0,Kathua,28.0,6.0,3991-09-02,Jammu
Kathua Industrial Area 1068,112.0,112.0,8.0,Kathua,26.0,7.0,3991-10-02,Jammu
Kathua Industrial Area 1068,142.0,142.0,10.0,Kathua,32.0,7.0,3991-11-02,Jammu
Kathua Industrial Area 1068,164.0,164.0,11.0,Kathua,33.0,6.0,3991-12-02,Jammu
Kathua Industrial Area 1068,149.0,149.0,10.0,Kathua,30.0,6.0,3992-01-02,Jammu
Kathua Industrial Area 1068,170.0,170.0,11.0,Kathua,48.0,8.0,3992-02-02,Jammu
Kathua Industrial Area 1068,163.0,163.0,11.0,Kathua,15.0,4.0,3992-03-01,Jammu
Kathua Industrial Area 1068,159.0,159.0,11.0,Kathua,29.0,7.0,3992-04-01,Jammu
Kathua Industrial Area 1068,145.0,145.0,10.0,Kathua,18.0,4.0,3992-05-01,Jammu
Kathua Industrial Area 1068,163.0,163.0,11.0,Kathua,24.0,7.0,3992-06-01,Jammu
Kathua Industrial Area 1068,161.0,161.0,11.0,Kathua,23.0,5.0,3992-07-01,Jammu
Kathua Industrial Area 1068,160.0,160.0,11.0,Kathua,22.0,6.0,3992-08-01,Jammu
Kathua Industrial Area 1068,158.0,158.0,11.0,Kathua,21.0,7.0,3992-09-01,Jammu
Kathua Industrial Area 1068,135.0,135.0,9.0,Kathua,15.0,5.0,3992-10-01,Jammu
Kathua Industrial Area 1068,72.0,72.0,5.0,Kathua,15.0,7.0,3992-11-01,Jammu
Kathua Industrial Area 1068,80.0,80.0,6.0,Kathua,14.0,6.0,3992-12-01,Jammu
Kathua Industrial Area 1068,78.0,78.0,6.0,Kathua,14.0,7.0,3993-01-01,Jammu
Kathua Industrial Area 1068,78.0,78.0,6.0,Kathua,14.0,7.0,3993-02-01,Jammu
Kathua Industrial Area 1068,78.0,78.0,6.0,Kathua,13.0,8.0,3993-03-02,Jammu
Kathua Industrial Area 1068,93.0,93.0,7.0,Kathua,17.0,5.0,3993-04-02,Jammu
Kathua Industrial Area 1068,85.0,85.0,6.0,Kathua,15.0,6.0,3993-05-02,Jammu
Kathua Industrial Area 1068,95.0,95.0,7.0,Kathua,17.0,5.0,3993-06-02,Jammu
Kathua Industrial Area 1068,96.0,96.0,7.0,Kathua,17.0,6.0,3993-07-02,Jammu
Kathua Industrial Area 1068,83.0,83.0,6.0,Kathua,14.0,6.0,3993-08-02,Jammu
Kathua Industrial Area 1068,79.0,79.0,7.0,Kathua,13.0,6.0,3993-09-02,Jammu
Kathua Industrial Area 1068,91.0,91.0,7.0,Kathua,12.0,6.0,3993-10-02,Jammu
Kathua Industrial Area 1068,121.0,121.0,7.0,Kathua,12.0,6.0,3993-11-02,Jammu
Kathua Industrial Area 1068,126.0,126.0,7.0,Kathua,12.0,6.0,3993-12-02,Jammu
Kathua Industrial Area 1068,126.0,126.0,7.0,Kathua,11.0,6.0,3994-01-02,Jammu
Kathua Industrial Area 1068,141.0,141.0,11.0,Kathua,11.0,7.0,3994-02-02,Jammu
Kathua Industrial Area 1068,133.0,133.0,10.0,Kathua,21.0,8.0,3994-03-02,Jammu
Kathua Industrial Area 1068,137.0,137.0,10.0,Kathua,23.0,8.0,3994-04-02,Jammu
Kathua Industrial Area 1068,126.0,126.0,10.0,Kathua,21.0,7.0,3994-05-02,Jammu
Kathua Industrial Area 1068,116.0,116.0,9.0,Kathua,17.0,5.0,3994-06-02,Jammu
Kathua Industrial Area 1068,109.0,109.0,9.0,Kathua,17.0,6.0,3994-07-02,Jammu
Kathua Industrial Area 1068,95.0,95.0,7.0,Kathua,14.0,4.0,3994-08-02,Jammu
Kathua Industrial Area 1068,105.0,105.0,7.0,Kathua,17.0,4.0,3994-09-02,Jammu
Kathua Industrial Area 1068,104.0,104.0,6.0,Kathua,23.0,4.0,3994-10-02,Jammu
Kathua Industrial Area 1068,105.0,105.0,7.0,Kathua,15.0,4.0,3994-11-02,Jammu
Kathua Industrial Area 1068,110.0,110.0,7.0,Kathua,14.0,5.0,3994-12-02,Jammu
Kathua Industrial Area 1068,115.0,115.0,9.0,Kathua,14.0,6.0,3995-01-02,Jammu
Kathua Industrial Area 1068,113.0,113.0,7.0,Kathua,16.0,6.0,3995-02-02,Jammu
Kathua Industrial Area 1068,113.0,113.0,7.0,Kathua,16.0,6.0,3995-03-02,Jammu
Poonch PCC Office 1075,14.0,14.0,14.0,Poonch,17.0,5.0,3991-01-02,Jammu
Poonch PCC Office 1075,21.0,19.0,14.0,Poonch,19.0,5.0,3991-02-02,Jammu
Poonch PCC Office 1075,27.0,33.0,12.0,Poonch,20.0,7.0,3991-03-02,Jammu
Poonch PCC Office 1075,27.0,32.0,14.0,Poonch,20.0,6.0,3991-04-02,Jammu
Poonch PCC Office 1075,27.0,28.0,14.0,Poonch,24.0,5.0,3991-05-02,Jammu
Poonch PCC Office 1075,48.0,49.0,14.0,Poonch,24.0,5.0,3991-06-02,Jammu
Poonch PCC Office 1075,54.0,53.0,17.0,Poonch,24.0,5.0,3991-07-02,Jammu
Poonch PCC Office 1075,61.0,61.0,16.0,Poonch,24.0,5.0,3991-08-02,Jammu
Poonch PCC Office 1075,38.0,38.0,13.0,Poonch,24.0,6.0,3991-09-02,Jammu
Poonch PCC Office 1075,32.0,32.0,13.0,Poonch,20.0,6.0,3991-10-02,Jammu
Poonch PCC Office 1075,44.0,41.0,11.0,Poonch,20.0,6.0,3991-11-02,Jammu
Poonch PCC Office 1075,37.0,36.0,16.0,Poonch,28.0,6.0,3991-12-02,Jammu
Poonch PCC Office 1075,31.0,32.0,18.0,Poonch,26.0,6.0,3992-01-02,Jammu
Poonch PCC Office 1075,34.0,34.0,14.0,Poonch,26.0,4.0,3992-02-02,Jammu
Poonch PCC Office 1075,35.0,35.0,9.0,Poonch,25.0,3.0,3992-03-01,Jammu
Poonch PCC Office 1075,38.0,38.0,11.0,Poonch,24.0,3.0,3992-04-01,Jammu
Poonch PCC Office 1075,38.0,38.0,8.0,Poonch,24.0,1.0,3992-05-01,Jammu
Poonch PCC Office 1075,39.0,39.0,7.0,Poonch,23.0,2.0,3992-06-01,Jammu
Poonch PCC Office 1075,25.0,24.0,10.0,Poonch,22.0,4.0,3992-07-01,Jammu
Poonch PCC Office 1075,11.0,11.0,10.0,Poonch,22.0,4.0,3992-08-01,Jammu
Poonch PCC Office 1075,41.0,37.0,9.0,Poonch,21.0,2.0,3992-09-01,Jammu
Poonch PCC Office 1075,42.0,40.0,6.0,Poonch,20.0,2.0,3992-10-01,Jammu
Poonch PCC Office 1075,43.0,45.0,7.0,Poonch,20.0,2.0,3992-11-01,Jammu
Poonch PCC Office 1075,44.0,40.0,6.0,Poonch,21.0,2.0,3992-12-01,Jammu
Poonch PCC Office 1075,45.0,45.0,5.0,Poonch,23.0,2.0,3993-01-01,Jammu
Poonch PCC Office 1075,45.0,45.0,6.0,Poonch,19.0,3.0,3993-02-01,Jammu
Poonch PCC Office 1075,41.0,41.0,6.0,Poonch,20.0,3.0,3993-03-02,Jammu
Poonch PCC Office 1075,43.0,43.0,4.0,Poonch,21.0,2.0,3993-04-02,Jammu
Poonch PCC Office 1075,45.0,45.0,6.0,Poonch,20.0,3.0,3993-05-02,Jammu
Poonch PCC Office 1075,45.0,45.0,8.0,Poonch,20.0,4.0,3993-06-02,Jammu
Poonch PCC Office 1075,34.0,39.0,7.0,Poonch,19.0,4.0,3993-07-02,Jammu
Poonch PCC Office 1075,37.0,21.0,4.0,Poonch,21.0,2.0,3993-08-02,Jammu
Poonch PCC Office 1075,41.0,24.0,4.0,Poonch,24.0,1.0,3993-09-02,Jammu
Poonch PCC Office 1075,44.0,44.0,6.0,Poonch,22.0,2.0,3993-10-02,Jammu
Poonch PCC Office 1075,45.0,45.0,10.0,Poonch,24.0,5.0,3993-11-02,Jammu
Poonch PCC Office 1075,61.0,61.0,15.0,Poonch,40.0,6.0,3993-12-02,Jammu
Poonch PCC Office 1075,61.0,61.0,13.0,Poonch,43.0,7.0,3994-01-02,Jammu
Poonch PCC Office 1075,61.0,61.0,15.0,Poonch,40.0,8.0,3994-02-02,Jammu
Poonch PCC Office 1075,59.0,59.0,12.0,Poonch,37.0,5.0,3994-03-02,Jammu
Poonch PCC Office 1075,62.0,62.0,11.0,Poonch,31.0,6.0,3994-04-02,Jammu
Poonch PCC Office 1075,62.0,62.0,12.0,Poonch,33.0,6.0,3994-05-02,Jammu
Poonch PCC Office 1075,64.0,64.0,10.0,Poonch,30.0,4.0,3994-06-02,Jammu
Poonch PCC Office 1075,63.0,63.0,13.0,Poonch,37.0,6.0,3994-07-02,Jammu
Poonch PCC Office 1075,65.0,65.0,18.0,Poonch,25.0,2.0,3994-08-02,Jammu
Poonch PCC Office 1075,63.0,63.0,13.0,Poonch,27.0,4.0,3994-09-02,Jammu
Poonch PCC Office 1075,63.0,63.0,16.0,Poonch,27.0,2.0,3994-10-02,Jammu
Poonch PCC Office 1075,68.0,68.0,17.0,Poonch,28.0,4.0,3994-11-02,Jammu
Poonch PCC Office 1075,69.0,69.0,13.0,Poonch,28.0,5.0,3994-12-02,Jammu
Poonch PCC Office 1075,63.0,63.0,11.0,Poonch,28.0,5.0,3995-01-02,Jammu
Poonch PCC Office 1075,61.0,61.0,14.0,Poonch,28.0,5.0,3995-02-02,Jammu
Poonch PCC Office 1075,61.0,62.0,17.0,Poonch,28.0,4.0,3995-03-02,Jammu
Rajouri PCC Office Near Panja Chowk 1073,77.0,90.0,20.0,Rajouri,39.0,2.0,3991-01-02,Jammu
Rajouri PCC Office Near Panja Chowk 1073,77.0,82.0,12.0,Rajouri,39.0,7.0,3991-02-02,Jammu
Rajouri PCC Office Near Panja Chowk 1073,77.0,85.0,15.0,Rajouri,39.0,7.0,3991-03-02,Jammu
Rajouri PCC Office Near Panja Chowk 1073,77.0,87.0,14.0,Rajouri,39.0,5.0,3991-04-02,Jammu
Rajouri PCC Office Near Panja Chowk 1073,77.0,82.0,16.0,Rajouri,39.0,5.0,3991-05-02,Jammu
Rajouri PCC Office Near Panja Chowk 1073,77.0,84.0,17.0,Rajouri,39.0,5.0,3991-06-02,Jammu
Rajouri PCC Office Near Panja Chowk 1073,77.0,90.0,17.0,Rajouri,39.0,4.0,3991-07-02,Jammu
Rajouri PCC Office Near Panja Chowk 1073,77.0,77.0,18.0,Rajouri,30.0,6.0,3991-08-02,Jammu
Rajouri PCC Office Near Panja Chowk 1073,74.0,66.0,16.0,Rajouri,30.0,6.0,3991-09-02,Jammu
Rajouri PCC Office Near Panja Chowk 1073,72.0,79.0,13.0,Rajouri,30.0,6.0,3991-10-02,Jammu
Rajouri PCC Office Near Panja Chowk 1073,69.0,76.0,13.0,Rajouri,30.0,7.0,3991-11-02,Jammu
Rajouri PCC Office Near Panja Chowk 1073,66.0,66.0,15.0,Rajouri,30.0,6.0,3991-12-02,Jammu
Rajouri PCC Office Near Panja Chowk 1073,69.0,69.0,14.0,Rajouri,35.0,6.0,3992-01-02,Jammu
Rajouri PCC Office Near Panja Chowk 1073,74.0,164.0,29.0,Rajouri,164.0,17.0,3992-02-02,Jammu
Rajouri PCC Office Near Panja Chowk 1073,78.0,85.0,15.0,Rajouri,62.0,5.0,3992-03-01,Jammu
Rajouri PCC Office Near Panja Chowk 1073,82.0,71.0,15.0,Rajouri,71.0,6.0,3992-04-01,Jammu
Rajouri PCC Office Near Panja Chowk 1073,87.0,87.0,16.0,Rajouri,68.0,5.0,3992-05-01,Jammu
Rajouri PCC Office Near Panja Chowk 1073,83.0,86.0,17.0,Rajouri,75.0,9.0,3992-06-01,Jammu
Rajouri PCC Office Near Panja Chowk 1073,78.0,93.0,21.0,Rajouri,88.0,11.0,3992-07-01,Jammu
Rajouri PCC Office Near Panja Chowk 1073,76.0,76.0,15.0,Rajouri,36.0,4.0,3992-08-01,Jammu
Rajouri PCC Office Near Panja Chowk 1073,76.0,76.0,16.0,Rajouri,40.0,4.0,3992-09-01,Jammu
Rajouri PCC Office Near Panja Chowk 1073,79.0,79.0,17.0,Rajouri,43.0,6.0,3992-10-01,Jammu
Rajouri PCC Office Near Panja Chowk 1073,78.0,78.0,11.0,Rajouri,30.0,5.0,3992-11-01,Jammu
Rajouri PCC Office Near Panja Chowk 1073,71.0,71.0,8.0,Rajouri,34.0,4.0,3992-12-01,Jammu
Rajouri PCC Office Near Panja Chowk 1073,78.0,78.0,8.0,Rajouri,30.0,3.0,3993-01-01,Jammu
Rajouri PCC Office Near Panja Chowk 1073,77.0,77.0,7.0,Rajouri,25.0,3.0,3993-02-01,Jammu
Rajouri PCC Office Near Panja Chowk 1073,77.0,77.0,6.0,Rajouri,28.0,4.0,3993-03-02,Jammu
Rajouri PCC Office Near Panja Chowk 1073,75.0,75.0,11.0,Rajouri,32.0,4.0,3993-04-02,Jammu
Rajouri PCC Office Near Panja Chowk 1073,75.0,75.0,10.0,Rajouri,28.0,4.0,3993-05-02,Jammu
Rajouri PCC Office Near Panja Chowk 1073,82.0,82.0,11.0,Rajouri,28.0,4.0,3993-06-02,Jammu
Rajouri PCC Office Near Panja Chowk 1073,75.0,75.0,7.0,Rajouri,32.0,3.0,3993-07-02,Jammu
Rajouri PCC Office Near Panja Chowk 1073,77.0,77.0,12.0,Rajouri,28.0,3.0,3993-08-02,Jammu
Rajouri PCC Office Near Panja Chowk 1073,77.0,77.0,13.0,Rajouri,28.0,7.0,3993-09-02,Jammu
Rajouri PCC Office Near Panja Chowk 1073,78.0,78.0,7.0,Rajouri,27.0,3.0,3993-10-02,Jammu
Rajouri PCC Office Near Panja Chowk 1073,79.0,79.0,12.0,Rajouri,28.0,5.0,3993-11-02,Jammu
Rajouri PCC Office Near Panja Chowk 1073,79.0,79.0,15.0,Rajouri,41.0,5.0,3993-12-02,Jammu
Rajouri PCC Office Near Panja Chowk 1073,78.0,78.0,14.0,Rajouri,28.0,6.0,3994-01-02,Jammu
Rajouri PCC Office Near Panja Chowk 1073,79.0,79.0,17.0,Rajouri,27.0,10.0,3994-02-02,Jammu
Rajouri PCC Office Near Panja Chowk 1073,75.0,75.0,14.0,Rajouri,26.0,5.0,3994-03-02,Jammu
Rajouri PCC Office Near Panja Chowk 1073,78.0,78.0,11.0,Rajouri,25.0,4.0,3994-04-02,Jammu
Rajouri PCC Office Near Panja Chowk 1073,86.0,86.0,14.0,Rajouri,41.0,5.0,3994-05-02,Jammu
Rajouri PCC Office Near Panja Chowk 1073,86.0,86.0,19.0,Rajouri,41.0,5.0,3994-06-02,Jammu
Rajouri PCC Office Near Panja Chowk 1073,78.0,78.0,21.0,Rajouri,29.0,2.0,3994-07-02,Jammu
Rajouri PCC Office Near Panja Chowk 1073,76.0,76.0,13.0,Rajouri,27.0,4.0,3994-08-02,Jammu
Rajouri PCC Office Near Panja Chowk 1073,79.0,79.0,15.0,Rajouri,26.0,4.0,3994-09-02,Jammu
Rajouri PCC Office Near Panja Chowk 1073,75.0,75.0,17.0,Rajouri,27.0,2.0,3994-10-02,Jammu
Rajouri PCC Office Near Panja Chowk 1073,79.0,76.0,16.0,Rajouri,32.0,4.0,3994-11-02,Jammu
Rajouri PCC Office Near Panja Chowk 1073,84.0,86.0,18.0,Rajouri,36.0,3.0,3994-12-02,Jammu
Rajouri PCC Office Near Panja Chowk 1073,88.0,88.0,17.0,Rajouri,41.0,4.0,3995-01-02,Jammu
Rajouri PCC Office Near Panja Chowk 1073,76.0,76.0,23.0,Rajouri,27.0,3.0,3995-02-02,Jammu
Rajouri PCC Office Near Panja Chowk 1073,76.0,78.0,19.0,Rajouri,27.0,4.0,3995-03-02,Jammu
Ramban PCC Office 1064,102.0,102.0,14.0,Ramban,29.0,4.0,3991-01-02,Jammu
Ramban PCC Office 1064,139.0,139.0,21.0,Ramban,29.0,9.0,3991-02-02,Jammu
Ramban PCC Office 1064,149.0,149.0,16.0,Ramban,29.0,8.0,3991-03-02,Jammu
Ramban PCC Office 1064,132.0,126.0,20.0,Ramban,29.0,6.0,3991-04-02,Jammu
Ramban PCC Office 1064,114.0,104.0,18.0,Ramban,29.0,5.0,3991-05-02,Jammu
Ramban PCC Office 1064,96.0,94.0,16.0,Ramban,29.0,3.0,3991-06-02,Jammu
Ramban PCC Office 1064,79.0,79.0,18.0,Ramban,35.0,4.0,3991-07-02,Jammu
Ramban PCC Office 1064,106.0,106.0,20.0,Ramban,32.0,5.0,3991-08-02,Jammu
Ramban PCC Office 1064,87.0,87.0,15.0,Ramban,34.0,5.0,3991-09-02,Jammu
Ramban PCC Office 1064,84.0,76.0,13.0,Ramban,34.0,6.0,3991-10-02,Jammu
Ramban PCC Office 1064,80.0,92.0,14.0,Ramban,35.0,7.0,3991-11-02,Jammu
Ramban PCC Office 1064,79.0,82.0,16.0,Ramban,35.0,6.0,3991-12-02,Jammu
Ramban PCC Office 1064,78.0,78.0,15.0,Ramban,35.0,5.0,3992-01-02,Jammu
Ramban PCC Office 1064,61.0,61.0,18.0,Ramban,37.0,6.0,3992-02-02,Jammu
Ramban PCC Office 1064,50.0,50.0,13.0,Ramban,38.0,4.0,3992-03-01,Jammu
Ramban PCC Office 1064,52.0,52.0,12.0,Ramban,38.0,4.0,3992-04-01,Jammu
Ramban PCC Office 1064,56.0,56.0,11.0,Ramban,37.0,3.0,3992-05-01,Jammu
Ramban PCC Office 1064,56.0,56.0,9.0,Ramban,37.0,3.0,3992-06-01,Jammu
Ramban PCC Office 1064,54.0,54.0,9.0,Ramban,38.0,3.0,3992-07-01,Jammu
Ramban PCC Office 1064,50.0,50.0,9.0,Ramban,38.0,3.0,3992-08-01,Jammu
Ramban PCC Office 1064,45.0,45.0,13.0,Ramban,39.0,4.0,3992-09-01,Jammu
Ramban PCC Office 1064,46.0,46.0,9.0,Ramban,39.0,3.0,3992-10-01,Jammu
Ramban PCC Office 1064,46.0,46.0,11.0,Ramban,39.0,5.0,3992-11-01,Jammu
Ramban PCC Office 1064,47.0,48.0,10.0,Ramban,39.0,5.0,3992-12-01,Jammu
Ramban PCC Office 1064,47.0,47.0,5.0,Ramban,39.0,2.0,3993-01-01,Jammu
Ramban PCC Office 1064,48.0,48.0,7.0,Ramban,38.0,3.0,3993-02-01,Jammu
Ramban PCC Office 1064,43.0,43.0,6.0,Ramban,39.0,3.0,3993-03-02,Jammu
Ramban PCC Office 1064,46.0,46.0,4.0,Ramban,39.0,2.0,3993-04-02,Jammu
Ramban PCC Office 1064,47.0,47.0,6.0,Ramban,39.0,3.0,3993-05-02,Jammu
Ramban PCC Office 1064,51.0,51.0,9.0,Ramban,38.0,5.0,3993-06-02,Jammu
Ramban PCC Office 1064,42.0,42.0,9.0,Ramban,39.0,5.0,3993-07-02,Jammu
Ramban PCC Office 1064,42.0,42.0,7.0,Ramban,39.0,4.0,3993-08-02,Jammu
Ramban PCC Office 1064,48.0,48.0,7.0,Ramban,27.0,4.0,3993-09-02,Jammu
Ramban PCC Office 1064,48.0,48.0,8.0,Ramban,27.0,4.0,3993-10-02,Jammu
Ramban PCC Office 1064,53.0,53.0,12.0,Ramban,27.0,6.0,3993-11-02,Jammu
Ramban PCC Office 1064,46.0,57.0,13.0,Ramban,27.0,5.0,3993-12-02,Jammu
Ramban PCC Office 1064,39.0,56.0,11.0,Ramban,27.0,5.0,3994-01-02,Jammu
Ramban PCC Office 1064,35.0,56.0,12.0,Ramban,56.0,5.0,3994-02-02,Jammu
Ramban PCC Office 1064,47.0,51.0,10.0,Ramban,41.0,5.0,3994-03-02,Jammu
Ramban PCC Office 1064,56.0,56.0,10.0,Ramban,45.0,6.0,3994-04-02,Jammu
Ramban PCC Office 1064,44.0,44.0,11.0,Ramban,37.0,6.0,3994-05-02,Jammu
Ramban PCC Office 1064,49.0,50.0,9.0,Ramban,43.0,4.0,3994-06-02,Jammu
Ramban PCC Office 1064,49.0,49.0,12.0,Ramban,39.0,6.0,3994-07-02,Jammu
Ramban PCC Office 1064,49.0,49.0,14.0,Ramban,42.0,3.0,3994-08-02,Jammu
Ramban PCC Office 1064,47.0,47.0,12.0,Ramban,35.0,4.0,3994-09-02,Jammu
Ramban PCC Office 1064,57.0,57.0,14.0,Ramban,39.0,3.0,3994-10-02,Jammu
Ramban PCC Office 1064,50.0,50.0,15.0,Ramban,42.0,4.0,3994-11-02,Jammu
Ramban PCC Office 1064,48.0,48.0,10.0,Ramban,42.0,5.0,3994-12-02,Jammu
Ramban PCC Office 1064,56.0,56.0,11.0,Ramban,47.0,5.0,3995-01-02,Jammu
Ramban PCC Office 1064,51.0,52.0,13.0,Ramban,45.0,6.0,3995-02-02,Jammu
Ramban PCC Office 1064,51.0,56.0,14.0,Ramban,45.0,5.0,3995-03-02,Jammu
Reasi PCC Office Building Mini Secretariat 1067,52.0,52.0,16.0,Reasi,27.0,4.0,3991-01-02,Jammu
Reasi PCC Office Building Mini Secretariat 1067,54.0,54.0,13.0,Reasi,27.0,4.0,3991-02-02,Jammu
Reasi PCC Office Building Mini Secretariat 1067,49.0,49.0,12.0,Reasi,27.0,7.0,3991-03-02,Jammu
Reasi PCC Office Building Mini Secretariat 1067,47.0,35.0,14.0,Reasi,28.0,7.0,3991-04-02,Jammu
Reasi PCC Office Building Mini Secretariat 1067,45.0,47.0,14.0,Reasi,28.0,5.0,3991-05-02,Jammu
Reasi PCC Office Building Mini Secretariat 1067,43.0,45.0,14.0,Reasi,28.0,5.0,3991-06-02,Jammu
Reasi PCC Office Building Mini Secretariat 1067,41.0,41.0,14.0,Reasi,28.0,6.0,3991-07-02,Jammu
Reasi PCC Office Building Mini Secretariat 1067,39.0,39.0,13.0,Reasi,28.0,5.0,3991-08-02,Jammu
Reasi PCC Office Building Mini Secretariat 1067,45.0,45.0,12.0,Reasi,29.0,6.0,3991-09-02,Jammu
Reasi PCC Office Building Mini Secretariat 1067,52.0,62.0,13.0,Reasi,29.0,7.0,3991-10-02,Jammu
Reasi PCC Office Building Mini Secretariat 1067,59.0,60.0,13.0,Reasi,32.0,7.0,3991-11-02,Jammu
Reasi PCC Office Building Mini Secretariat 1067,64.0,58.0,16.0,Reasi,34.0,6.0,3991-12-02,Jammu
Reasi PCC Office Building Mini Secretariat 1067,67.0,67.0,16.0,Reasi,37.0,6.0,3992-01-02,Jammu
Reasi PCC Office Building Mini Secretariat 1067,66.0,74.0,16.0,Reasi,72.0,7.0,3992-02-02,Jammu
Reasi PCC Office Building Mini Secretariat 1067,62.0,62.0,14.0,Reasi,37.0,5.0,3992-03-01,Jammu
Reasi PCC Office Building Mini Secretariat 1067,60.0,60.0,16.0,Reasi,37.0,6.0,3992-04-01,Jammu
Reasi PCC Office Building Mini Secretariat 1067,28.0,46.0,9.0,Reasi,37.0,2.0,3992-05-01,Jammu
Reasi PCC Office Building Mini Secretariat 1067,36.0,38.0,7.0,Reasi,38.0,2.0,3992-06-01,Jammu
Reasi PCC Office Building Mini Secretariat 1067,44.0,30.0,10.0,Reasi,30.0,4.0,3992-07-01,Jammu
Reasi PCC Office Building Mini Secretariat 1067,51.0,33.0,9.0,Reasi,33.0,3.0,3992-08-01,Jammu
Reasi PCC Office Building Mini Secretariat 1067,59.0,59.0,16.0,Reasi,47.0,5.0,3992-09-01,Jammu
Reasi PCC Office Building Mini Secretariat 1067,56.0,56.0,11.0,Reasi,42.0,4.0,3992-10-01,Jammu
Reasi PCC Office Building Mini Secretariat 1067,60.0,61.0,17.0,Reasi,53.0,9.0,3992-11-01,Jammu
Reasi PCC Office Building Mini Secretariat 1067,59.0,59.0,10.0,Reasi,39.0,5.0,3992-12-01,Jammu
Reasi PCC Office Building Mini Secretariat 1067,61.0,61.0,8.0,Reasi,41.0,3.0,3993-01-01,Jammu
Reasi PCC Office Building Mini Secretariat 1067,59.0,59.0,6.0,Reasi,44.0,3.0,3993-02-01,Jammu
Reasi PCC Office Building Mini Secretariat 1067,60.0,60.0,7.0,Reasi,45.0,3.0,3993-03-02,Jammu
Reasi PCC Office Building Mini Secretariat 1067,60.0,60.0,9.0,Reasi,46.0,4.0,3993-04-02,Jammu
Reasi PCC Office Building Mini Secretariat 1067,63.0,63.0,8.0,Reasi,48.0,4.0,3993-05-02,Jammu
Reasi PCC Office Building Mini Secretariat 1067,66.0,66.0,8.0,Reasi,38.0,4.0,3993-06-02,Jammu
Reasi PCC Office Building Mini Secretariat 1067,61.0,61.0,8.0,Reasi,39.0,5.0,3993-07-02,Jammu
Reasi PCC Office Building Mini Secretariat 1067,66.0,66.0,12.0,Reasi,19.0,6.0,3993-08-02,Jammu
Reasi PCC Office Building Mini Secretariat 1067,65.0,65.0,10.0,Reasi,25.0,6.0,3993-09-02,Jammu
Reasi PCC Office Building Mini Secretariat 1067,65.0,65.0,9.0,Reasi,30.0,5.0,3993-10-02,Jammu
Reasi PCC Office Building Mini Secretariat 1067,62.0,62.0,13.0,Reasi,30.0,6.0,3993-11-02,Jammu
Reasi PCC Office Building Mini Secretariat 1067,55.0,64.0,13.0,Reasi,30.0,5.0,3993-12-02,Jammu
Reasi PCC Office Building Mini Secretariat 1067,59.0,59.0,13.0,Reasi,48.0,7.0,3994-01-02,Jammu
Reasi PCC Office Building Mini Secretariat 1067,57.0,57.0,15.0,Reasi,53.0,8.0,3994-02-02,Jammu
Reasi PCC Office Building Mini Secretariat 1067,60.0,65.0,14.0,Reasi,59.0,7.0,3994-03-02,Jammu
Reasi PCC Office Building Mini Secretariat 1067,61.0,61.0,11.0,Reasi,50.0,5.0,3994-04-02,Jammu
Reasi PCC Office Building Mini Secretariat 1067,63.0,63.0,13.0,Reasi,50.0,6.0,3994-05-02,Jammu
Reasi PCC Office Building Mini Secretariat 1067,67.0,67.0,10.0,Reasi,40.0,4.0,3994-06-02,Jammu
Reasi PCC Office Building Mini Secretariat 1067,62.0,62.0,13.0,Reasi,47.0,6.0,3994-07-02,Jammu
Reasi PCC Office Building Mini Secretariat 1067,64.0,64.0,13.0,Reasi,48.0,4.0,3994-08-02,Jammu
Reasi PCC Office Building Mini Secretariat 1067,63.0,63.0,14.0,Reasi,48.0,4.0,3994-09-02,Jammu
Reasi PCC Office Building Mini Secretariat 1067,64.0,64.0,16.0,Reasi,48.0,3.0,3994-10-02,Jammu
Reasi PCC Office Building Mini Secretariat 1067,64.0,63.0,17.0,Reasi,49.0,4.0,3994-11-02,Jammu
Reasi PCC Office Building Mini Secretariat 1067,63.0,67.0,14.0,Reasi,49.0,5.0,3994-12-02,Jammu
Reasi PCC Office Building Mini Secretariat 1067,64.0,64.0,12.0,Reasi,50.0,5.0,3995-01-02,Jammu
Reasi PCC Office Building Mini Secretariat 1067,67.0,67.0,12.0,Reasi,43.0,5.0,3995-02-02,Jammu
Reasi PCC Office Building Mini Secretariat 1067,67.0,68.0,16.0,Reasi,43.0,4.0,3995-03-02,Jammu
Samba PCC Office Phase -1 1066,159.0,169.0,1.0,Samba,112.0,4.0,3991-01-02,Jammu
Samba PCC Office Phase -1 1066,158.0,158.0,2.0,Samba,79.0,5.0,3991-02-02,Jammu
Samba PCC Office Phase -1 1066,161.0,161.0,1.0,Samba,55.0,3.0,3991-03-02,Jammu
Samba PCC Office Phase -1 1066,164.0,164.0,-0.0,Samba,53.0,5.0,3991-04-02,Jammu
Samba PCC Office Phase -1 1066,142.0,142.0,6.0,Samba,66.0,3.0,3991-05-02,Jammu
Samba PCC Office Phase -1 1066,134.0,134.0,8.0,Samba,72.0,7.0,3991-06-02,Jammu
Samba PCC Office Phase -1 1066,107.0,107.0,15.0,Samba,62.0,5.0,3991-07-02,Jammu
Samba PCC Office Phase -1 1066,78.0,78.0,22.0,Samba,33.0,6.0,3991-08-02,Jammu
Samba PCC Office Phase -1 1066,91.0,91.0,19.0,Samba,56.0,3.0,3991-09-02,Jammu
Samba PCC Office Phase -1 1066,94.0,94.0,18.0,Samba,53.0,6.0,3991-10-02,Jammu
Samba PCC Office Phase -1 1066,94.0,93.0,18.0,Samba,39.0,6.0,3991-11-02,Jammu
Samba PCC Office Phase -1 1066,92.0,90.0,18.0,Samba,38.0,6.0,3991-12-02,Jammu
Samba PCC Office Phase -1 1066,91.0,91.0,19.0,Samba,36.0,3.0,3992-01-02,Jammu
Samba PCC Office Phase -1 1066,92.0,92.0,19.0,Samba,35.0,3.0,3992-02-02,Jammu
Samba PCC Office Phase -1 1066,96.0,96.0,18.0,Samba,32.0,1.0,3992-03-01,Jammu
Samba PCC Office Phase -1 1066,93.0,93.0,18.0,Samba,35.0,2.0,3992-04-01,Jammu
Samba PCC Office Phase -1 1066,83.0,83.0,21.0,Samba,33.0,6.0,3992-05-01,Jammu
Samba PCC Office Phase -1 1066,87.0,87.0,20.0,Samba,31.0,3.0,3992-06-01,Jammu
Samba PCC Office Phase -1 1066,93.0,93.0,18.0,Samba,28.0,2.0,3992-07-01,Jammu
Samba PCC Office Phase -1 1066,97.0,97.0,17.0,Samba,29.0,3.0,3992-08-01,Jammu
Samba PCC Office Phase -1 1066,96.0,96.0,18.0,Samba,35.0,2.0,3992-09-01,Jammu
Samba PCC Office Phase -1 1066,100.0,100.0,17.0,Samba,38.0,4.0,3992-10-01,Jammu
Samba PCC Office Phase -1 1066,103.0,103.0,16.0,Samba,29.0,2.0,3992-11-01,Jammu
Samba PCC Office Phase -1 1066,95.0,94.0,18.0,Samba,35.0,5.0,3992-12-01,Jammu
Samba PCC Office Phase -1 1066,99.0,99.0,17.0,Samba,41.0,2.0,3993-01-01,Jammu
Samba PCC Office Phase -1 1066,117.0,117.0,12.0,Samba,51.0,5.0,3993-02-01,Jammu
Samba PCC Office Phase -1 1066,125.0,125.0,10.0,Samba,55.0,3.0,3993-03-02,Jammu
Samba PCC Office Phase -1 1066,129.0,129.0,9.0,Samba,39.0,2.0,3993-04-02,Jammu
Samba PCC Office Phase -1 1066,130.0,130.0,9.0,Samba,49.0,2.0,3993-05-02,Jammu
Samba PCC Office Phase -1 1066,123.0,123.0,11.0,Samba,45.0,4.0,3993-06-02,Jammu
Samba PCC Office Phase -1 1066,117.0,117.0,12.0,Samba,46.0,4.0,3993-07-02,Jammu
Samba PCC Office Phase -1 1066,115.0,115.0,13.0,Samba,34.0,3.0,3993-08-02,Jammu
Samba PCC Office Phase -1 1066,111.0,111.0,14.0,Samba,35.0,4.0,3993-09-02,Jammu
Samba PCC Office Phase -1 1066,111.0,111.0,14.0,Samba,32.0,4.0,3993-10-02,Jammu
Samba PCC Office Phase -1 1066,159.0,159.0,1.0,Samba,46.0,2.0,3993-11-02,Jammu
Samba PCC Office Phase -1 1066,173.0,174.0,-2.0,Samba,54.0,7.0,3993-12-02,Jammu
Samba PCC Office Phase -1 1066,187.0,187.0,-6.0,Samba,50.0,3.0,3994-01-02,Jammu
Samba PCC Office Phase -1 1066,175.0,175.0,-3.0,Samba,44.0,4.0,3994-02-02,Jammu
Samba PCC Office Phase -1 1066,167.0,167.0,-1.0,Samba,59.0,2.0,3994-03-02,Jammu
Samba PCC Office Phase -1 1066,155.0,155.0,2.0,Samba,58.0,2.0,3994-04-02,Jammu
Samba PCC Office Phase -1 1066,128.0,128.0,9.0,Samba,58.0,3.0,3994-05-02,Jammu
Samba PCC Office Phase -1 1066,119.0,119.0,9.0,Samba,57.0,2.0,3994-06-02,Jammu
Samba PCC Office Phase -1 1066,132.0,132.0,9.0,Samba,57.0,2.0,3994-07-02,Jammu
Samba PCC Office Phase -1 1066,94.0,94.0,9.0,Samba,56.0,2.0,3994-08-02,Jammu
Samba PCC Office Phase -1 1066,99.0,99.0,9.0,Samba,56.0,2.0,3994-09-02,Jammu
Samba PCC Office Phase -1 1066,103.0,103.0,9.0,Samba,55.0,2.0,3994-10-02,Jammu
Samba PCC Office Phase -1 1066,128.0,128.0,14.0,Samba,55.0,4.0,3994-11-02,Jammu
Samba PCC Office Phase -1 1066,116.0,116.0,14.0,Samba,54.0,4.0,3994-12-02,Jammu
Samba PCC Office Phase -1 1066,103.0,103.0,17.0,Samba,26.0,4.0,3995-01-02,Jammu
Samba PCC Office Phase -1 1066,90.0,90.0,28.0,Samba,44.0,6.0,3995-02-02,Jammu
Samba PCC Office Phase -1 1066,90.0,90.0,28.0,Samba,44.0,6.0,3995-03-02,Jammu
Udhampur PCC Office Battal Ballian 1063,162.0,187.0,18.0,Udhampur,172.0,4.0,3991-01-02,Jammu
Udhampur PCC Office Battal Ballian 1063,149.0,149.0,17.0,Udhampur,30.0,5.0,3991-02-02,Jammu
Udhampur PCC Office Battal Ballian 1063,152.0,152.0,17.0,Udhampur,31.0,5.0,3991-03-02,Jammu
Udhampur PCC Office Battal Ballian 1063,130.0,130.0,16.0,Udhampur,33.0,5.0,3991-04-02,Jammu
Udhampur PCC Office Battal Ballian 1063,132.0,132.0,16.0,Udhampur,33.0,4.0,3991-05-02,Jammu
Udhampur PCC Office Battal Ballian 1063,145.0,140.0,17.0,Udhampur,33.0,5.0,3991-06-02,Jammu
Udhampur PCC Office Battal Ballian 1063,158.0,158.0,17.0,Udhampur,100.0,4.0,3991-07-02,Jammu
Udhampur PCC Office Battal Ballian 1063,158.0,158.0,17.0,Udhampur,100.0,6.0,3991-08-02,Jammu
Udhampur PCC Office Battal Ballian 1063,156.0,162.0,17.0,Udhampur,99.0,4.0,3991-09-02,Jammu
Udhampur PCC Office Battal Ballian 1063,155.0,155.0,17.0,Udhampur,98.0,5.0,3991-10-02,Jammu
Udhampur PCC Office Battal Ballian 1063,150.0,150.0,17.0,Udhampur,94.0,5.0,3991-11-02,Jammu
Udhampur PCC Office Battal Ballian 1063,148.0,152.0,17.0,Udhampur,92.0,6.0,3991-12-02,Jammu
Udhampur PCC Office Battal Ballian 1063,146.0,146.0,17.0,Udhampur,91.0,5.0,3992-01-02,Jammu
Udhampur PCC Office Battal Ballian 1063,148.0,148.0,17.0,Udhampur,92.0,4.0,3992-02-02,Jammu
Udhampur PCC Office Battal Ballian 1063,125.0,125.0,16.0,Udhampur,75.0,3.0,3992-03-01,Jammu
Udhampur PCC Office Battal Ballian 1063,143.0,143.0,17.0,Udhampur,89.0,4.0,3992-04-01,Jammu
Udhampur PCC Office Battal Ballian 1063,85.0,85.0,13.0,Udhampur,46.0,3.0,3992-05-01,Jammu
Udhampur PCC Office Battal Ballian 1063,82.0,82.0,13.0,Udhampur,44.0,5.0,3992-06-01,Jammu
Udhampur PCC Office Battal Ballian 1063,64.0,64.0,12.0,Udhampur,31.0,6.0,3992-07-01,Jammu
Udhampur PCC Office Battal Ballian 1063,94.0,94.0,14.0,Udhampur,53.0,5.0,3992-08-01,Jammu
Udhampur PCC Office Battal Ballian 1063,107.0,107.0,15.0,Udhampur,62.0,4.0,3992-09-01,Jammu
Udhampur PCC Office Battal Ballian 1063,136.0,136.0,16.0,Udhampur,84.0,5.0,3992-10-01,Jammu
Udhampur PCC Office Battal Ballian 1063,160.0,160.0,18.0,Udhampur,101.0,5.0,3992-11-01,Jammu
Udhampur PCC Office Battal Ballian 1063,175.0,175.0,18.0,Udhampur,112.0,5.0,3992-12-01,Jammu
Udhampur PCC Office Battal Ballian 1063,204.0,204.0,20.0,Udhampur,134.0,4.0,3993-01-01,Jammu
Udhampur PCC Office Battal Ballian 1063,149.0,149.0,17.0,Udhampur,93.0,5.0,3993-02-01,Jammu
Udhampur PCC Office Battal Ballian 1063,116.0,116.0,15.0,Udhampur,69.0,5.0,3993-03-02,Jammu
Udhampur PCC Office Battal Ballian 1063,103.0,103.0,14.0,Udhampur,59.0,5.0,3993-04-02,Jammu
Udhampur PCC Office Battal Ballian 1063,115.0,115.0,15.0,Udhampur,68.0,5.0,3993-05-02,Jammu
Udhampur PCC Office Battal Ballian 1063,104.0,104.0,14.0,Udhampur,60.0,3.0,3993-06-02,Jammu
Udhampur PCC Office Battal Ballian 1063,92.0,92.0,14.0,Udhampur,51.0,4.0,3993-07-02,Jammu
Udhampur PCC Office Battal Ballian 1063,80.0,80.0,13.0,Udhampur,42.0,4.0,3993-08-02,Jammu
Udhampur PCC Office Battal Ballian 1063,101.0,101.0,14.0,Udhampur,72.0,5.0,3993-09-02,Jammu
Udhampur PCC Office Battal Ballian 1063,153.0,153.0,17.0,Udhampur,72.0,5.0,3993-10-02,Jammu
Udhampur PCC Office Battal Ballian 1063,175.0,175.0,18.0,Udhampur,72.0,5.0,3993-11-02,Jammu
Udhampur PCC Office Battal Ballian 1063,131.0,130.0,16.0,Udhampur,74.0,5.0,3993-12-02,Jammu
Udhampur PCC Office Battal Ballian 1063,172.0,177.0,18.0,Udhampur,75.0,5.0,3994-01-02,Jammu
Udhampur PCC Office Battal Ballian 1063,139.0,147.0,16.0,Udhampur,125.0,5.0,3994-02-02,Jammu
Udhampur PCC Office Battal Ballian 1063,130.0,137.0,16.0,Udhampur,110.0,5.0,3994-03-02,Jammu
Udhampur PCC Office Battal Ballian 1063,124.0,124.0,16.0,Udhampur,70.0,4.0,3994-04-02,Jammu
Udhampur PCC Office Battal Ballian 1063,134.0,134.0,16.0,Udhampur,61.0,3.0,3994-05-02,Jammu
Udhampur PCC Office Battal Ballian 1063,129.0,129.0,14.0,Udhampur,55.0,4.0,3994-06-02,Jammu
Udhampur PCC Office Battal Ballian 1063,106.0,106.0,14.0,Udhampur,77.0,4.0,3994-07-02,Jammu
Udhampur PCC Office Battal Ballian 1063,67.0,67.0,14.0,Udhampur,55.0,4.0,3994-08-02,Jammu
Udhampur PCC Office Battal Ballian 1063,96.0,97.0,14.0,Udhampur,55.0,4.0,3994-09-02,Jammu
Udhampur PCC Office Battal Ballian 1063,136.0,141.0,14.0,Udhampur,101.0,4.0,3994-10-02,Jammu
Udhampur PCC Office Battal Ballian 1063,152.0,166.0,15.0,Udhampur,151.0,5.0,3994-11-02,Jammu
Udhampur PCC Office Battal Ballian 1063,162.0,192.0,17.0,Udhampur,190.0,5.0,3994-12-02,Jammu
Udhampur PCC Office Battal Ballian 1063,173.0,174.0,19.0,Udhampur,141.0,5.0,3995-01-02,Jammu
Udhampur PCC Office Battal Ballian 1063,162.0,164.0,20.0,Udhampur,128.0,6.0,3995-02-02,Jammu
Udhampur PCC Office Battal Ballian 1063,162.0,167.0,20.0,Udhampur,128.0,6.0,3995-03-02,Jammu
"Anantnag (PM-10, PM-2.5) 1084",134.0,120.0,10.0,Anantnag,46.0,7.0,3991-01-02,Kashmir
"Anantnag (PM-10, PM-2.5) 1084",85.0,112.0,11.0,Anantnag,67.0,8.0,3991-02-02,Kashmir
"Anantnag (PM-10, PM-2.5) 1084",114.0,102.0,10.0,Anantnag,33.0,7.0,3991-03-02,Kashmir
"Anantnag (PM-10, PM-2.5) 1084",118.0,119.0,24.0,Anantnag,33.0,9.0,3991-04-02,Kashmir
"Anantnag (PM-10, PM-2.5) 1084",70.0,117.0,12.0,Anantnag,42.0,6.0,3991-05-02,Kashmir
"Anantnag (PM-10, PM-2.5) 1084",75.0,119.0,16.0,Anantnag,38.0,9.0,3991-06-02,Kashmir
"Anantnag (PM-10, PM-2.5) 1084",138.0,156.0,23.0,Anantnag,60.0,12.0,3991-07-02,Kashmir
"Anantnag (PM-10, PM-2.5) 1084",68.0,120.0,13.0,Anantnag,53.0,8.0,3991-08-02,Kashmir
"Anantnag (PM-10, PM-2.5) 1084",68.0,105.0,13.0,Anantnag,53.0,8.0,3991-09-02,Kashmir
"Anantnag (PM-10, PM-2.5) 1084",68.0,126.0,13.0,Anantnag,53.0,8.0,3991-10-02,Kashmir
"Anantnag (PM-10, PM-2.5) 1084",68.0,118.0,13.0,Anantnag,53.0,8.0,3991-11-02,Kashmir
"Anantnag (PM-10, PM-2.5) 1084",68.0,121.0,13.0,Anantnag,53.0,8.0,3991-12-02,Kashmir
"Anantnag (PM-10, PM-2.5) 1084",61.0,102.0,12.0,Anantnag,40.0,6.0,3992-01-02,Kashmir
"Anantnag (PM-10, PM-2.5) 1084",63.0,107.0,14.0,Anantnag,44.0,8.0,3992-02-02,Kashmir
"Anantnag (PM-10, PM-2.5) 1084",81.0,115.0,14.0,Anantnag,33.0,7.0,3992-03-01,Kashmir
"Anantnag (PM-10, PM-2.5) 1084",79.0,86.0,15.0,Anantnag,33.0,7.0,3992-04-01,Kashmir
"Anantnag (PM-10, PM-2.5) 1084",77.0,90.0,16.0,Anantnag,33.0,7.0,3992-05-01,Kashmir
"Anantnag (PM-10, PM-2.5) 1084",75.0,112.0,18.0,Anantnag,33.0,7.0,3992-06-01,Kashmir
"Anantnag (PM-10, PM-2.5) 1084",73.0,78.0,19.0,Anantnag,33.0,7.0,3992-07-01,Kashmir
"Anantnag (PM-10, PM-2.5) 1084",72.0,95.0,20.0,Anantnag,32.0,9.0,3992-08-01,Kashmir
"Anantnag (PM-10, PM-2.5) 1084",70.0,98.0,21.0,Anantnag,32.0,8.0,3992-09-01,Kashmir
"Anantnag (PM-10, PM-2.5) 1084",68.0,101.0,22.0,Anantnag,32.0,9.0,3992-10-01,Kashmir
"Anantnag (PM-10, PM-2.5) 1084",66.0,104.0,24.0,Anantnag,32.0,9.0,3992-11-01,Kashmir
"Anantnag (PM-10, PM-2.5) 1084",64.0,96.0,25.0,Anantnag,32.0,9.0,3992-12-01,Kashmir
"Anantnag (PM-10, PM-2.5) 1084",132.0,132.0,26.0,Anantnag,38.0,9.0,3993-01-01,Kashmir
"Anantnag (PM-10, PM-2.5) 1084",132.0,132.0,23.0,Anantnag,45.0,9.0,3993-02-01,Kashmir
"Anantnag (PM-10, PM-2.5) 1084",123.0,123.0,18.0,Anantnag,21.0,8.0,3993-03-02,Kashmir
"Anantnag (PM-10, PM-2.5) 1084",98.0,98.0,22.0,Anantnag,52.0,10.0,3993-04-02,Kashmir
"Anantnag (PM-10, PM-2.5) 1084",107.0,112.0,23.0,Anantnag,52.0,11.0,3993-05-02,Kashmir
"Anantnag (PM-10, PM-2.5) 1084",116.0,124.0,24.0,Anantnag,51.0,11.0,3993-06-02,Kashmir
"Anantnag (PM-10, PM-2.5) 1084",116.0,131.0,24.0,Anantnag,51.0,11.0,3993-07-02,Kashmir
"Anantnag (PM-10, PM-2.5) 1084",116.0,141.0,24.0,Anantnag,51.0,11.0,3993-08-02,Kashmir
"Anantnag (PM-10, PM-2.5) 1084",143.0,137.0,27.0,Anantnag,51.0,13.0,3993-09-02,Kashmir
"Anantnag (PM-10, PM-2.5) 1084",152.0,142.0,28.0,Anantnag,50.0,13.0,3993-10-02,Kashmir
"Anantnag (PM-10, PM-2.5) 1084",161.0,161.0,29.0,Anantnag,50.0,14.0,3993-11-02,Kashmir
"Anantnag (PM-10, PM-2.5) 1084",131.0,129.0,16.0,Anantnag,59.0,10.0,3993-12-02,Kashmir
"Anantnag (PM-10, PM-2.5) 1084",92.0,104.0,12.0,Anantnag,51.0,7.0,3994-01-02,Kashmir
"Anantnag (PM-10, PM-2.5) 1084",120.0,120.0,15.0,Anantnag,58.0,8.0,3994-02-02,Kashmir
"Anantnag (PM-10, PM-2.5) 1084",93.0,93.0,13.0,Anantnag,40.0,6.0,3994-03-02,Kashmir
"Anantnag (PM-10, PM-2.5) 1084",84.0,99.0,12.0,Anantnag,36.0,6.0,3994-04-02,Kashmir
"Anantnag (PM-10, PM-2.5) 1084",74.0,74.0,10.0,Anantnag,31.0,5.0,3994-05-02,Kashmir
"Anantnag (PM-10, PM-2.5) 1084",113.0,113.0,8.0,Anantnag,55.0,3.0,3994-06-02,Kashmir
"Anantnag (PM-10, PM-2.5) 1084",112.0,112.0,14.0,Anantnag,55.0,6.0,3994-07-02,Kashmir
"Anantnag (PM-10, PM-2.5) 1084",118.0,118.0,14.0,Anantnag,55.0,6.0,3994-08-02,Kashmir
"Anantnag (PM-10, PM-2.5) 1084",116.0,123.0,13.0,Anantnag,55.0,6.0,3994-09-02,Kashmir
"Anantnag (PM-10, PM-2.5) 1084",114.0,114.0,13.0,Anantnag,55.0,6.0,3994-10-02,Kashmir
"Anantnag (PM-10, PM-2.5) 1084",127.0,127.0,17.0,Anantnag,49.0,6.0,3994-11-02,Kashmir
"Anantnag (PM-10, PM-2.5) 1084",136.0,136.0,17.0,Anantnag,51.0,11.0,3994-12-02,Kashmir
"Anantnag (PM-10, PM-2.5) 1084",104.0,104.0,13.0,Anantnag,46.0,10.0,3995-01-02,Kashmir
"Anantnag (PM-10, PM-2.5) 1084",104.0,134.0,13.0,Anantnag,46.0,13.0,3995-02-02,Kashmir
"Anantnag (PM-10, PM-2.5) 1084",104.0,118.0,13.0,Anantnag,46.0,10.0,3995-03-02,Kashmir
"Bandipora (PM-10, PM-2.5) 1085",97.0,104.0,17.0,Bandipora,28.0,5.0,3991-01-02,Kashmir
"Bandipora (PM-10, PM-2.5) 1085",86.0,88.0,10.0,Bandipora,27.0,3.0,3991-02-02,Kashmir
"Bandipora (PM-10, PM-2.5) 1085",66.0,98.0,14.0,Bandipora,41.0,7.0,3991-03-02,Kashmir
"Bandipora (PM-10, PM-2.5) 1085",76.0,109.0,23.0,Bandipora,59.0,12.0,3991-04-02,Kashmir
"Bandipora (PM-10, PM-2.5) 1085",102.0,106.0,13.0,Bandipora,57.0,5.0,3991-05-02,Kashmir
"Bandipora (PM-10, PM-2.5) 1085",219.0,128.0,26.0,Bandipora,54.0,6.0,3991-06-02,Kashmir
"Bandipora (PM-10, PM-2.5) 1085",76.0,92.0,20.0,Bandipora,54.0,8.0,3991-07-02,Kashmir
"Bandipora (PM-10, PM-2.5) 1085",58.0,94.0,12.0,Bandipora,37.0,7.0,3991-08-02,Kashmir
"Bandipora (PM-10, PM-2.5) 1085",58.0,95.0,12.0,Bandipora,37.0,7.0,3991-09-02,Kashmir
"Bandipora (PM-10, PM-2.5) 1085",58.0,97.0,12.0,Bandipora,37.0,7.0,3991-10-02,Kashmir
"Bandipora (PM-10, PM-2.5) 1085",58.0,105.0,12.0,Bandipora,37.0,7.0,3991-11-02,Kashmir
"Bandipora (PM-10, PM-2.5) 1085",58.0,95.0,12.0,Bandipora,37.0,7.0,3991-12-02,Kashmir
"Bandipora (PM-10, PM-2.5) 1085",28.0,91.0,4.0,Bandipora,63.0,2.0,3992-01-02,Kashmir
"Bandipora (PM-10, PM-2.5) 1085",64.0,109.0,13.0,Bandipora,45.0,6.0,3992-02-02,Kashmir
"Bandipora (PM-10, PM-2.5) 1085",69.0,108.0,14.0,Bandipora,108.0,6.0,3992-03-01,Kashmir
"Bandipora (PM-10, PM-2.5) 1085",75.0,91.0,15.0,Bandipora,103.0,7.0,3992-04-01,Kashmir
"Bandipora (PM-10, PM-2.5) 1085",75.0,113.0,15.0,Bandipora,97.0,7.0,3992-05-01,Kashmir
"Bandipora (PM-10, PM-2.5) 1085",75.0,89.0,15.0,Bandipora,92.0,7.0,3992-06-01,Kashmir
"Bandipora (PM-10, PM-2.5) 1085",163.0,143.0,22.0,Bandipora,86.0,10.0,3992-07-01,Kashmir
"Bandipora (PM-10, PM-2.5) 1085",118.0,146.0,20.0,Bandipora,81.0,15.0,3992-08-01,Kashmir
"Bandipora (PM-10, PM-2.5) 1085",130.0,107.0,21.0,Bandipora,75.0,6.0,3992-09-01,Kashmir
"Bandipora (PM-10, PM-2.5) 1085",117.0,127.0,23.0,Bandipora,70.0,11.0,3992-10-01,Kashmir
"Bandipora (PM-10, PM-2.5) 1085",117.0,110.0,23.0,Bandipora,64.0,11.0,3992-11-01,Kashmir
"Bandipora (PM-10, PM-2.5) 1085",117.0,127.0,23.0,Bandipora,59.0,11.0,3992-12-01,Kashmir
"Bandipora (PM-10, PM-2.5) 1085",123.0,131.0,24.0,Bandipora,52.0,12.0,3993-01-01,Kashmir
"Bandipora (PM-10, PM-2.5) 1085",128.0,128.0,25.0,Bandipora,46.0,12.0,3993-02-01,Kashmir
"Bandipora (PM-10, PM-2.5) 1085",124.0,124.0,3.0,Bandipora,15.0,1.0,3993-03-02,Kashmir
"Bandipora (PM-10, PM-2.5) 1085",114.0,114.0,22.0,Bandipora,57.0,11.0,3993-04-02,Kashmir
"Bandipora (PM-10, PM-2.5) 1085",116.0,105.0,21.0,Bandipora,58.0,10.0,3993-05-02,Kashmir
"Bandipora (PM-10, PM-2.5) 1085",119.0,124.0,19.0,Bandipora,58.0,10.0,3993-06-02,Kashmir
"Bandipora (PM-10, PM-2.5) 1085",119.0,113.0,19.0,Bandipora,58.0,9.0,3993-07-02,Kashmir
"Bandipora (PM-10, PM-2.5) 1085",119.0,120.0,19.0,Bandipora,59.0,9.0,3993-08-02,Kashmir
"Bandipora (PM-10, PM-2.5) 1085",126.0,119.0,15.0,Bandipora,59.0,8.0,3993-09-02,Kashmir
"Bandipora (PM-10, PM-2.5) 1085",129.0,124.0,13.0,Bandipora,60.0,7.0,3993-10-02,Kashmir
"Bandipora (PM-10, PM-2.5) 1085",131.0,131.0,12.0,Bandipora,60.0,7.0,3993-11-02,Kashmir
"Bandipora (PM-10, PM-2.5) 1085",126.0,117.0,11.0,Bandipora,61.0,6.0,3993-12-02,Kashmir
"Bandipora (PM-10, PM-2.5) 1085",120.0,120.0,3.0,Bandipora,62.0,1.0,3994-01-02,Kashmir
"Bandipora (PM-10, PM-2.5) 1085",119.0,119.0,3.0,Bandipora,62.0,1.0,3994-02-02,Kashmir
"Bandipora (PM-10, PM-2.5) 1085",114.0,114.0,3.0,Bandipora,62.0,1.0,3994-03-02,Kashmir
"Bandipora (PM-10, PM-2.5) 1085",98.0,98.0,3.0,Bandipora,62.0,1.0,3994-04-02,Kashmir
"Bandipora (PM-10, PM-2.5) 1085",101.0,130.0,3.0,Bandipora,62.0,1.0,3994-05-02,Kashmir
"Bandipora (PM-10, PM-2.5) 1085",104.0,104.0,3.0,Bandipora,62.0,1.0,3994-06-02,Kashmir
"Bandipora (PM-10, PM-2.5) 1085",73.0,73.0,3.0,Bandipora,60.0,1.0,3994-07-02,Kashmir
"Bandipora (PM-10, PM-2.5) 1085",98.0,98.0,17.0,Bandipora,59.0,7.0,3994-08-02,Kashmir
"Bandipora (PM-10, PM-2.5) 1085",98.0,98.0,20.0,Bandipora,59.0,10.0,3994-09-02,Kashmir
"Bandipora (PM-10, PM-2.5) 1085",88.0,102.0,16.0,Bandipora,60.0,10.0,3994-10-02,Kashmir
"Bandipora (PM-10, PM-2.5) 1085",98.0,117.0,16.0,Bandipora,59.0,10.0,3994-11-02,Kashmir
"Bandipora (PM-10, PM-2.5) 1085",123.0,123.0,16.0,Bandipora,59.0,10.0,3994-12-02,Kashmir
"Bandipora (PM-10, PM-2.5) 1085",119.0,119.0,20.0,Bandipora,59.0,10.0,3995-01-02,Kashmir
"Bandipora (PM-10, PM-2.5) 1085",113.0,113.0,19.0,Bandipora,59.0,10.0,3995-02-02,Kashmir
"Bandipora (PM-10, PM-2.5) 1085",113.0,123.0,19.0,Bandipora,59.0,10.0,3995-03-02,Kashmir
"Baramulla DFO Office (PM-10, PM-2.5) 1078",81.0,104.0,22.0,Baramulla,61.0,12.0,3991-01-02,Kashmir
"Baramulla DFO Office (PM-10, PM-2.5) 1078",99.0,131.0,19.0,Baramulla,57.0,9.0,3991-02-02,Kashmir
"Baramulla DFO Office (PM-10, PM-2.5) 1078",103.0,118.0,17.0,Baramulla,49.0,10.0,3991-03-02,Kashmir
"Baramulla DFO Office (PM-10, PM-2.5) 1078",62.0,102.0,13.0,Baramulla,38.0,8.0,3991-04-02,Kashmir
"Baramulla DFO Office (PM-10, PM-2.5) 1078",101.0,110.0,23.0,Baramulla,30.0,9.0,3991-05-02,Kashmir
"Baramulla DFO Office (PM-10, PM-2.5) 1078",73.0,99.0,23.0,Baramulla,37.0,9.0,3991-06-02,Kashmir
"Baramulla DFO Office (PM-10, PM-2.5) 1078",104.0,119.0,14.0,Baramulla,50.0,10.0,3991-07-02,Kashmir
"Baramulla DFO Office (PM-10, PM-2.5) 1078",67.0,114.0,13.0,Baramulla,37.0,7.0,3991-08-02,Kashmir
"Baramulla DFO Office (PM-10, PM-2.5) 1078",67.0,106.0,13.0,Baramulla,37.0,7.0,3991-09-02,Kashmir
"Baramulla DFO Office (PM-10, PM-2.5) 1078",67.0,107.0,13.0,Baramulla,37.0,7.0,3991-10-02,Kashmir
"Baramulla DFO Office (PM-10, PM-2.5) 1078",67.0,116.0,13.0,Baramulla,37.0,7.0,3991-11-02,Kashmir
"Baramulla DFO Office (PM-10, PM-2.5) 1078",67.0,104.0,13.0,Baramulla,37.0,7.0,3991-12-02,Kashmir
"Baramulla DFO Office (PM-10, PM-2.5) 1078",72.0,117.0,11.0,Baramulla,45.0,5.0,3992-01-02,Kashmir
"Baramulla DFO Office (PM-10, PM-2.5) 1078",49.0,93.0,9.0,Baramulla,44.0,5.0,3992-02-02,Kashmir
"Baramulla DFO Office (PM-10, PM-2.5) 1078",66.0,118.0,12.0,Baramulla,51.0,6.0,3992-03-01,Kashmir
"Baramulla DFO Office (PM-10, PM-2.5) 1078",66.0,97.0,13.0,Baramulla,51.0,7.0,3992-04-01,Kashmir
"Baramulla DFO Office (PM-10, PM-2.5) 1078",66.0,106.0,13.0,Baramulla,50.0,7.0,3992-05-01,Kashmir
"Baramulla DFO Office (PM-10, PM-2.5) 1078",66.0,103.0,14.0,Baramulla,50.0,7.0,3992-06-01,Kashmir
"Baramulla DFO Office (PM-10, PM-2.5) 1078",66.0,109.0,14.0,Baramulla,50.0,7.0,3992-07-01,Kashmir
"Baramulla DFO Office (PM-10, PM-2.5) 1078",65.0,111.0,15.0,Baramulla,49.0,7.0,3992-08-01,Kashmir
"Baramulla DFO Office (PM-10, PM-2.5) 1078",65.0,85.0,16.0,Baramulla,49.0,9.0,3992-09-01,Kashmir
"Baramulla DFO Office (PM-10, PM-2.5) 1078",65.0,117.0,16.0,Baramulla,49.0,11.0,3992-10-01,Kashmir
"Baramulla DFO Office (PM-10, PM-2.5) 1078",65.0,107.0,17.0,Baramulla,48.0,11.0,3992-11-01,Kashmir
"Baramulla DFO Office (PM-10, PM-2.5) 1078",65.0,105.0,17.0,Baramulla,48.0,11.0,3992-12-01,Kashmir
"Baramulla DFO Office (PM-10, PM-2.5) 1078",117.0,117.0,18.0,Baramulla,58.0,11.0,3993-01-01,Kashmir
"Baramulla DFO Office (PM-10, PM-2.5) 1078",114.0,114.0,24.0,Baramulla,67.0,12.0,3993-02-01,Kashmir
"Baramulla DFO Office (PM-10, PM-2.5) 1078",87.0,87.0,14.0,Baramulla,52.0,5.0,3993-03-02,Kashmir
"Baramulla DFO Office (PM-10, PM-2.5) 1078",87.0,87.0,17.0,Baramulla,67.0,7.0,3993-04-02,Kashmir
"Baramulla DFO Office (PM-10, PM-2.5) 1078",91.0,93.0,16.0,Baramulla,66.0,7.0,3993-05-02,Kashmir
"Baramulla DFO Office (PM-10, PM-2.5) 1078",94.0,122.0,15.0,Baramulla,64.0,6.0,3993-06-02,Kashmir
"Baramulla DFO Office (PM-10, PM-2.5) 1078",94.0,92.0,13.0,Baramulla,63.0,6.0,3993-07-02,Kashmir
"Baramulla DFO Office (PM-10, PM-2.5) 1078",94.0,117.0,12.0,Baramulla,61.0,5.0,3993-08-02,Kashmir
"Baramulla DFO Office (PM-10, PM-2.5) 1078",105.0,130.0,11.0,Baramulla,60.0,5.0,3993-09-02,Kashmir
"Baramulla DFO Office (PM-10, PM-2.5) 1078",108.0,101.0,10.0,Baramulla,58.0,4.0,3993-10-02,Kashmir
"Baramulla DFO Office (PM-10, PM-2.5) 1078",112.0,112.0,8.0,Baramulla,57.0,4.0,3993-11-02,Kashmir
"Baramulla DFO Office (PM-10, PM-2.5) 1078",98.0,96.0,7.0,Baramulla,55.0,3.0,3993-12-02,Kashmir
"Baramulla DFO Office (PM-10, PM-2.5) 1078",84.0,95.0,6.0,Baramulla,54.0,3.0,3994-01-02,Kashmir
"Baramulla DFO Office (PM-10, PM-2.5) 1078",117.0,117.0,15.0,Baramulla,59.0,8.0,3994-02-02,Kashmir
"Baramulla DFO Office (PM-10, PM-2.5) 1078",116.0,116.0,9.0,Baramulla,37.0,4.0,3994-03-02,Kashmir
"Baramulla DFO Office (PM-10, PM-2.5) 1078",116.0,116.0,5.0,Baramulla,48.0,3.0,3994-04-02,Kashmir
"Baramulla DFO Office (PM-10, PM-2.5) 1078",109.0,109.0,6.0,Baramulla,52.0,3.0,3994-05-02,Kashmir
"Baramulla DFO Office (PM-10, PM-2.5) 1078",110.0,110.0,6.0,Baramulla,52.0,3.0,3994-06-02,Kashmir
"Baramulla DFO Office (PM-10, PM-2.5) 1078",115.0,115.0,7.0,Baramulla,55.0,3.0,3994-07-02,Kashmir
"Baramulla DFO Office (PM-10, PM-2.5) 1078",110.0,110.0,10.0,Baramulla,50.0,4.0,3994-08-02,Kashmir
"Baramulla DFO Office (PM-10, PM-2.5) 1078",112.0,112.0,17.0,Baramulla,66.0,7.0,3994-09-02,Kashmir
"Baramulla DFO Office (PM-10, PM-2.5) 1078",114.0,114.0,9.0,Baramulla,54.0,7.0,3994-10-02,Kashmir
"Baramulla DFO Office (PM-10, PM-2.5) 1078",118.0,118.0,15.0,Baramulla,50.0,7.0,3994-11-02,Kashmir
"Baramulla DFO Office (PM-10, PM-2.5) 1078",122.0,122.0,16.0,Baramulla,55.0,7.0,3994-12-02,Kashmir
"Baramulla DFO Office (PM-10, PM-2.5) 1078",115.0,115.0,16.0,Baramulla,46.0,7.0,3995-01-02,Kashmir
"Baramulla DFO Office (PM-10, PM-2.5) 1078",115.0,124.0,16.0,Baramulla,46.0,7.0,3995-02-02,Kashmir
"Baramulla DFO Office (PM-10, PM-2.5) 1078",115.0,119.0,16.0,Baramulla,46.0,7.0,3995-03-02,Kashmir
"Baramulla JKPCC Office (PM-10, PM-2.5) 1079",114.0,82.0,22.0,Baramulla,82.0,6.0,3991-01-02,Kashmir
"Baramulla JKPCC Office (PM-10, PM-2.5) 1079",171.0,72.0,25.0,Baramulla,79.0,8.0,3991-02-02,Kashmir
"Baramulla JKPCC Office (PM-10, PM-2.5) 1079",140.0,105.0,18.0,Baramulla,75.0,8.0,3991-03-02,Kashmir
"Baramulla JKPCC Office (PM-10, PM-2.5) 1079",161.0,118.0,20.0,Baramulla,75.0,7.0,3991-04-02,Kashmir
"Baramulla JKPCC Office (PM-10, PM-2.5) 1079",131.0,105.0,18.0,Baramulla,75.0,8.0,3991-05-02,Kashmir
"Baramulla JKPCC Office (PM-10, PM-2.5) 1079",82.0,117.0,18.0,Baramulla,75.0,8.0,3991-06-02,Kashmir
"Baramulla JKPCC Office (PM-10, PM-2.5) 1079",140.0,94.0,21.0,Baramulla,51.0,4.0,3991-07-02,Kashmir
"Baramulla JKPCC Office (PM-10, PM-2.5) 1079",75.0,104.0,13.0,Baramulla,53.0,7.0,3991-08-02,Kashmir
"Baramulla JKPCC Office (PM-10, PM-2.5) 1079",75.0,108.0,13.0,Baramulla,53.0,7.0,3991-09-02,Kashmir
"Baramulla JKPCC Office (PM-10, PM-2.5) 1079",75.0,107.0,13.0,Baramulla,53.0,7.0,3991-10-02,Kashmir
"Baramulla JKPCC Office (PM-10, PM-2.5) 1079",75.0,107.0,13.0,Baramulla,49.0,7.0,3991-11-02,Kashmir
"Baramulla JKPCC Office (PM-10, PM-2.5) 1079",75.0,122.0,13.0,Baramulla,46.0,7.0,3991-12-02,Kashmir
"Baramulla JKPCC Office (PM-10, PM-2.5) 1079",70.0,113.0,11.0,Baramulla,43.0,6.0,3992-01-02,Kashmir
"Baramulla JKPCC Office (PM-10, PM-2.5) 1079",82.0,150.0,13.0,Baramulla,68.0,8.0,3992-02-02,Kashmir
"Baramulla JKPCC Office (PM-10, PM-2.5) 1079",86.0,139.0,16.0,Baramulla,53.0,10.0,3992-03-01,Kashmir
"Baramulla JKPCC Office (PM-10, PM-2.5) 1079",86.0,95.0,16.0,Baramulla,51.0,10.0,3992-04-01,Kashmir
"Baramulla JKPCC Office (PM-10, PM-2.5) 1079",85.0,151.0,16.0,Baramulla,50.0,11.0,3992-05-01,Kashmir
"Baramulla JKPCC Office (PM-10, PM-2.5) 1079",85.0,134.0,17.0,Baramulla,48.0,11.0,3992-06-01,Kashmir
"Baramulla JKPCC Office (PM-10, PM-2.5) 1079",85.0,125.0,17.0,Baramulla,47.0,11.0,3992-07-01,Kashmir
"Baramulla JKPCC Office (PM-10, PM-2.5) 1079",84.0,119.0,17.0,Baramulla,45.0,5.0,3992-08-01,Kashmir
"Baramulla JKPCC Office (PM-10, PM-2.5) 1079",84.0,106.0,17.0,Baramulla,44.0,10.0,3992-09-01,Kashmir
"Baramulla JKPCC Office (PM-10, PM-2.5) 1079",84.0,150.0,17.0,Baramulla,42.0,12.0,3992-10-01,Kashmir
"Baramulla JKPCC Office (PM-10, PM-2.5) 1079",83.0,159.0,18.0,Baramulla,41.0,12.0,3992-11-01,Kashmir
"Baramulla JKPCC Office (PM-10, PM-2.5) 1079",83.0,141.0,18.0,Baramulla,39.0,12.0,3992-12-01,Kashmir
"Baramulla JKPCC Office (PM-10, PM-2.5) 1079",121.0,121.0,18.0,Baramulla,78.0,13.0,3993-01-01,Kashmir
"Baramulla JKPCC Office (PM-10, PM-2.5) 1079",129.0,133.0,25.0,Baramulla,116.0,13.0,3993-02-01,Kashmir
"Baramulla JKPCC Office (PM-10, PM-2.5) 1079",138.0,149.0,23.0,Baramulla,139.0,11.0,3993-03-02,Kashmir
"Baramulla JKPCC Office (PM-10, PM-2.5) 1079",132.0,135.0,22.0,Baramulla,104.0,12.0,3993-04-02,Kashmir
"Baramulla JKPCC Office (PM-10, PM-2.5) 1079",131.0,128.0,21.0,Baramulla,101.0,11.0,3993-05-02,Kashmir
"Baramulla JKPCC Office (PM-10, PM-2.5) 1079",131.0,118.0,20.0,Baramulla,97.0,9.0,3993-06-02,Kashmir
"Baramulla JKPCC Office (PM-10, PM-2.5) 1079",130.0,107.0,20.0,Baramulla,97.0,9.0,3993-07-02,Kashmir
"Baramulla JKPCC Office (PM-10, PM-2.5) 1079",129.0,148.0,20.0,Baramulla,97.0,9.0,3993-08-02,Kashmir
"Baramulla JKPCC Office (PM-10, PM-2.5) 1079",129.0,118.0,18.0,Baramulla,87.0,5.0,3993-09-02,Kashmir
"Baramulla JKPCC Office (PM-10, PM-2.5) 1079",128.0,126.0,17.0,Baramulla,83.0,3.0,3993-10-02,Kashmir
"Baramulla JKPCC Office (PM-10, PM-2.5) 1079",127.0,130.0,16.0,Baramulla,80.0,2.0,3993-11-02,Kashmir
"Baramulla JKPCC Office (PM-10, PM-2.5) 1079",127.0,131.0,17.0,Baramulla,72.0,9.0,3993-12-02,Kashmir
"Baramulla JKPCC Office (PM-10, PM-2.5) 1079",126.0,126.0,15.0,Baramulla,65.0,8.0,3994-01-02,Kashmir
"Baramulla JKPCC Office (PM-10, PM-2.5) 1079",124.0,124.0,18.0,Baramulla,66.0,10.0,3994-02-02,Kashmir
"Baramulla JKPCC Office (PM-10, PM-2.5) 1079",114.0,114.0,16.0,Baramulla,29.0,9.0,3994-03-02,Kashmir
"Baramulla JKPCC Office (PM-10, PM-2.5) 1079",125.0,125.0,10.0,Baramulla,68.0,5.0,3994-04-02,Kashmir
"Baramulla JKPCC Office (PM-10, PM-2.5) 1079",114.0,114.0,18.0,Baramulla,61.0,5.0,3994-05-02,Kashmir
"Baramulla JKPCC Office (PM-10, PM-2.5) 1079",126.0,126.0,12.0,Baramulla,68.0,5.0,3994-06-02,Kashmir
"Baramulla JKPCC Office (PM-10, PM-2.5) 1079",126.0,126.0,12.0,Baramulla,52.0,6.0,3994-07-02,Kashmir
"Baramulla JKPCC Office (PM-10, PM-2.5) 1079",119.0,119.0,16.0,Baramulla,53.0,8.0,3994-08-02,Kashmir
"Baramulla JKPCC Office (PM-10, PM-2.5) 1079",124.0,51.0,17.0,Baramulla,51.0,8.0,3994-09-02,Kashmir
"Baramulla JKPCC Office (PM-10, PM-2.5) 1079",128.0,128.0,18.0,Baramulla,62.0,8.0,3994-10-02,Kashmir
"Baramulla JKPCC Office (PM-10, PM-2.5) 1079",132.0,132.0,22.0,Baramulla,71.0,8.0,3994-11-02,Kashmir
"Baramulla JKPCC Office (PM-10, PM-2.5) 1079",130.0,88.0,24.0,Baramulla,95.0,8.0,3994-12-02,Kashmir
"Baramulla JKPCC Office (PM-10, PM-2.5) 1079",128.0,128.0,23.0,Baramulla,70.0,8.0,3995-01-02,Kashmir
"Baramulla JKPCC Office (PM-10, PM-2.5) 1079",108.0,108.0,22.0,Baramulla,46.0,8.0,3995-02-02,Kashmir
"Baramulla JKPCC Office (PM-10, PM-2.5) 1079",108.0,100.0,22.0,Baramulla,46.0,8.0,3995-03-02,Kashmir
Lasjan Budgam (PM-10) 913,186.0,186.0,33.0,Budgam,5.0,14.0,3991-01-02,Kashmir
Lasjan Budgam (PM-10) 913,158.0,158.0,31.0,Budgam,5.0,16.0,3991-02-02,Kashmir
Lasjan Budgam (PM-10) 913,177.0,177.0,18.0,Budgam,5.0,11.0,3991-03-02,Kashmir
Lasjan Budgam (PM-10) 913,188.0,188.0,31.0,Budgam,5.0,14.0,3991-04-02,Kashmir
Lasjan Budgam (PM-10) 913,214.0,214.0,37.0,Budgam,5.0,14.0,3991-05-02,Kashmir
Lasjan Budgam (PM-10) 913,213.0,213.0,28.0,Budgam,5.0,12.0,3991-06-02,Kashmir
Lasjan Budgam (PM-10) 913,195.0,195.0,28.0,Budgam,5.0,14.0,3991-07-02,Kashmir
Lasjan Budgam (PM-10) 913,191.0,191.0,29.0,Budgam,5.0,17.0,3991-08-02,Kashmir
Lasjan Budgam (PM-10) 913,204.0,204.0,30.0,Budgam,5.0,20.0,3991-09-02,Kashmir
Lasjan Budgam (PM-10) 913,212.0,212.0,31.0,Budgam,5.0,20.0,3991-10-02,Kashmir
Lasjan Budgam (PM-10) 913,213.0,213.0,35.0,Budgam,5.0,26.0,3991-11-02,Kashmir
Lasjan Budgam (PM-10) 913,203.0,203.0,36.0,Budgam,5.0,27.0,3991-12-02,Kashmir
Lasjan Budgam (PM-10) 913,201.0,201.0,34.0,Budgam,5.0,26.0,3992-01-02,Kashmir
Lasjan Budgam (PM-10) 913,195.0,195.0,39.0,Budgam,5.0,26.0,3992-02-02,Kashmir
Lasjan Budgam (PM-10) 913,164.0,164.0,32.0,Budgam,5.0,20.0,3992-03-01,Kashmir
Lasjan Budgam (PM-10) 913,173.0,173.0,36.0,Budgam,5.0,25.0,3992-04-01,Kashmir
Lasjan Budgam (PM-10) 913,185.0,185.0,31.0,Budgam,5.0,23.0,3992-05-01,Kashmir
Lasjan Budgam (PM-10) 913,162.0,162.0,29.0,Budgam,5.0,16.0,3992-06-01,Kashmir
Lasjan Budgam (PM-10) 913,186.0,186.0,30.0,Budgam,5.0,16.0,3992-07-01,Kashmir
Lasjan Budgam (PM-10) 913,185.0,185.0,26.0,Budgam,5.0,15.0,3992-08-01,Kashmir
Lasjan Budgam (PM-10) 913,220.0,220.0,29.0,Budgam,5.0,17.0,3992-09-01,Kashmir
Lasjan Budgam (PM-10) 913,230.0,230.0,32.0,Budgam,5.0,19.0,3992-10-01,Kashmir
Lasjan Budgam (PM-10) 913,271.0,271.0,34.0,Budgam,5.0,20.0,3992-11-01,Kashmir
Lasjan Budgam (PM-10) 913,276.0,276.0,18.0,Budgam,5.0,11.0,3992-12-01,Kashmir
Lasjan Budgam (PM-10) 913,253.0,253.0,32.0,Budgam,5.0,2.0,3993-01-01,Kashmir
Lasjan Budgam (PM-10) 913,200.0,200.0,3.0,Budgam,5.0,16.0,3993-02-01,Kashmir
Lasjan Budgam (PM-10) 913,234.0,234.0,26.0,Budgam,5.0,14.0,3993-03-02,Kashmir
Lasjan Budgam (PM-10) 913,203.0,203.0,28.0,Budgam,5.0,15.0,3993-04-02,Kashmir
Lasjan Budgam (PM-10) 913,262.0,262.0,28.0,Budgam,5.0,16.0,3993-05-02,Kashmir
Lasjan Budgam (PM-10) 913,280.0,280.0,26.0,Budgam,5.0,13.0,3993-06-02,Kashmir
Lasjan Budgam (PM-10) 913,263.0,263.0,24.0,Budgam,5.0,16.0,3993-07-02,Kashmir
Lasjan Budgam (PM-10) 913,241.0,241.0,26.0,Budgam,5.0,20.0,3993-08-02,Kashmir
Lasjan Budgam (PM-10) 913,228.0,228.0,25.0,Budgam,5.0,20.0,3993-09-02,Kashmir
Lasjan Budgam (PM-10) 913,219.0,219.0,27.0,Budgam,5.0,22.0,3993-10-02,Kashmir
Lasjan Budgam (PM-10) 913,219.0,212.0,23.0,Budgam,5.0,13.0,3993-11-02,Kashmir
Lasjan Budgam (PM-10) 913,191.0,191.0,19.0,Budgam,5.0,14.0,3993-12-02,Kashmir
Lasjan Budgam (PM-10) 913,194.0,194.0,26.0,Budgam,5.0,20.0,3994-01-02,Kashmir
Lasjan Budgam (PM-10) 913,188.0,188.0,26.0,Budgam,5.0,20.0,3994-02-02,Kashmir
Lasjan Budgam (PM-10) 913,190.0,190.0,22.0,Budgam,5.0,14.0,3994-03-02,Kashmir
Lasjan Budgam (PM-10) 913,184.0,184.0,23.0,Budgam,5.0,13.0,3994-04-02,Kashmir
Lasjan Budgam (PM-10) 913,169.0,169.0,25.0,Budgam,5.0,15.0,3994-05-02,Kashmir
Lasjan Budgam (PM-10) 913,153.0,153.0,25.0,Budgam,5.0,14.0,3994-06-02,Kashmir
Lasjan Budgam (PM-10) 913,151.0,151.0,26.0,Budgam,5.0,16.0,3994-07-02,Kashmir
Lasjan Budgam (PM-10) 913,207.0,207.0,24.0,Budgam,5.0,14.0,3994-08-02,Kashmir
Lasjan Budgam (PM-10) 913,168.0,175.0,24.0,Budgam,5.0,14.0,3994-09-02,Kashmir
Lasjan Budgam (PM-10) 913,130.0,130.0,25.0,Budgam,5.0,14.0,3994-10-02,Kashmir
Lasjan Budgam (PM-10) 913,233.0,233.0,28.0,Budgam,5.0,14.0,3994-11-02,Kashmir
Lasjan Budgam (PM-10) 913,210.0,247.0,29.0,Budgam,5.0,14.0,3994-12-02,Kashmir
Lasjan Budgam (PM-10) 913,186.0,186.0,26.0,Budgam,5.0,14.0,3995-01-02,Kashmir
Lasjan Budgam (PM-10) 913,158.0,158.0,33.0,Budgam,5.0,14.0,3995-02-02,Kashmir
Lasjan Budgam (PM-10) 913,158.0,158.0,33.0,Budgam,5.0,14.0,3995-03-02,Kashmir
"SIDCO Complex Ompora Budgam (PM-10, PM-2.5) 1081",105.0,86.0,14.0,Budgam,43.0,8.0,3991-01-02,Kashmir
"SIDCO Complex Ompora Budgam (PM-10, PM-2.5) 1081",71.0,72.0,11.0,Budgam,34.0,8.0,3991-02-02,Kashmir
"SIDCO Complex Ompora Budgam (PM-10, PM-2.5) 1081",82.0,91.0,17.0,Budgam,34.0,7.0,3991-03-02,Kashmir
"SIDCO Complex Ompora Budgam (PM-10, PM-2.5) 1081",74.0,64.0,17.0,Budgam,47.0,11.0,3991-04-02,Kashmir
"SIDCO Complex Ompora Budgam (PM-10, PM-2.5) 1081",128.0,134.0,20.0,Budgam,37.0,12.0,3991-05-02,Kashmir
"SIDCO Complex Ompora Budgam (PM-10, PM-2.5) 1081",109.0,125.0,20.0,Budgam,57.0,10.0,3991-06-02,Kashmir
"SIDCO Complex Ompora Budgam (PM-10, PM-2.5) 1081",89.0,105.0,17.0,Budgam,51.0,10.0,3991-07-02,Kashmir
"SIDCO Complex Ompora Budgam (PM-10, PM-2.5) 1081",61.0,72.0,16.0,Budgam,36.0,10.0,3991-08-02,Kashmir
"SIDCO Complex Ompora Budgam (PM-10, PM-2.5) 1081",61.0,98.0,16.0,Budgam,36.0,10.0,3991-09-02,Kashmir
"SIDCO Complex Ompora Budgam (PM-10, PM-2.5) 1081",61.0,57.0,16.0,Budgam,36.0,10.0,3991-10-02,Kashmir
"SIDCO Complex Ompora Budgam (PM-10, PM-2.5) 1081",61.0,81.0,16.0,Budgam,36.0,10.0,3991-11-02,Kashmir
"SIDCO Complex Ompora Budgam (PM-10, PM-2.5) 1081",61.0,97.0,16.0,Budgam,36.0,10.0,3991-12-02,Kashmir
"SIDCO Complex Ompora Budgam (PM-10, PM-2.5) 1081",58.0,93.0,12.0,Budgam,35.0,6.0,3992-01-02,Kashmir
"SIDCO Complex Ompora Budgam (PM-10, PM-2.5) 1081",57.0,89.0,14.0,Budgam,31.0,8.0,3992-02-02,Kashmir
"SIDCO Complex Ompora Budgam (PM-10, PM-2.5) 1081",75.0,107.0,17.0,Budgam,31.0,10.0,3992-03-01,Kashmir
"SIDCO Complex Ompora Budgam (PM-10, PM-2.5) 1081",74.0,61.0,18.0,Budgam,34.0,10.0,3992-04-01,Kashmir
"SIDCO Complex Ompora Budgam (PM-10, PM-2.5) 1081",72.0,94.0,19.0,Budgam,36.0,10.0,3992-05-01,Kashmir
"SIDCO Complex Ompora Budgam (PM-10, PM-2.5) 1081",71.0,79.0,20.0,Budgam,36.0,10.0,3992-06-01,Kashmir
"SIDCO Complex Ompora Budgam (PM-10, PM-2.5) 1081",70.0,93.0,21.0,Budgam,36.0,10.0,3992-07-01,Kashmir
"SIDCO Complex Ompora Budgam (PM-10, PM-2.5) 1081",68.0,78.0,22.0,Budgam,40.0,9.0,3992-08-01,Kashmir
"SIDCO Complex Ompora Budgam (PM-10, PM-2.5) 1081",67.0,56.0,22.0,Budgam,39.0,8.0,3992-09-01,Kashmir
"SIDCO Complex Ompora Budgam (PM-10, PM-2.5) 1081",66.0,85.0,23.0,Budgam,54.0,12.0,3992-10-01,Kashmir
"SIDCO Complex Ompora Budgam (PM-10, PM-2.5) 1081",64.0,100.0,24.0,Budgam,54.0,12.0,3992-11-01,Kashmir
"SIDCO Complex Ompora Budgam (PM-10, PM-2.5) 1081",63.0,92.0,25.0,Budgam,54.0,12.0,3992-12-01,Kashmir
"SIDCO Complex Ompora Budgam (PM-10, PM-2.5) 1081",125.0,125.0,26.0,Budgam,56.0,12.0,3993-01-01,Kashmir
"SIDCO Complex Ompora Budgam (PM-10, PM-2.5) 1081",120.0,120.0,24.0,Budgam,59.0,12.0,3993-02-01,Kashmir
"SIDCO Complex Ompora Budgam (PM-10, PM-2.5) 1081",133.0,133.0,20.0,Budgam,59.0,11.0,3993-03-02,Kashmir
"SIDCO Complex Ompora Budgam (PM-10, PM-2.5) 1081",124.0,124.0,21.0,Budgam,70.0,10.0,3993-04-02,Kashmir
"SIDCO Complex Ompora Budgam (PM-10, PM-2.5) 1081",125.0,122.0,21.0,Budgam,68.0,9.0,3993-05-02,Kashmir
"SIDCO Complex Ompora Budgam (PM-10, PM-2.5) 1081",126.0,116.0,21.0,Budgam,67.0,8.0,3993-06-02,Kashmir
"SIDCO Complex Ompora Budgam (PM-10, PM-2.5) 1081",126.0,109.0,21.0,Budgam,67.0,8.0,3993-07-02,Kashmir
"SIDCO Complex Ompora Budgam (PM-10, PM-2.5) 1081",128.0,110.0,21.0,Budgam,67.0,8.0,3993-08-02,Kashmir
"SIDCO Complex Ompora Budgam (PM-10, PM-2.5) 1081",129.0,103.0,21.0,Budgam,61.0,6.0,3993-09-02,Kashmir
"SIDCO Complex Ompora Budgam (PM-10, PM-2.5) 1081",130.0,130.0,21.0,Budgam,60.0,5.0,3993-10-02,Kashmir
"SIDCO Complex Ompora Budgam (PM-10, PM-2.5) 1081",117.0,117.0,21.0,Budgam,58.0,4.0,3993-11-02,Kashmir
"SIDCO Complex Ompora Budgam (PM-10, PM-2.5) 1081",120.0,120.0,16.0,Budgam,73.0,9.0,3993-12-02,Kashmir
"SIDCO Complex Ompora Budgam (PM-10, PM-2.5) 1081",119.0,119.0,9.0,Budgam,70.0,6.0,3994-01-02,Kashmir
"SIDCO Complex Ompora Budgam (PM-10, PM-2.5) 1081",110.0,110.0,18.0,Budgam,53.0,11.0,3994-02-02,Kashmir
"SIDCO Complex Ompora Budgam (PM-10, PM-2.5) 1081",83.0,83.0,15.0,Budgam,43.0,8.0,3994-03-02,Kashmir
"SIDCO Complex Ompora Budgam (PM-10, PM-2.5) 1081",65.0,65.0,16.0,Budgam,33.0,9.0,3994-04-02,Kashmir
"SIDCO Complex Ompora Budgam (PM-10, PM-2.5) 1081",53.0,53.0,9.0,Budgam,33.0,5.0,3994-05-02,Kashmir
"SIDCO Complex Ompora Budgam (PM-10, PM-2.5) 1081",64.0,64.0,10.0,Budgam,33.0,4.0,3994-06-02,Kashmir
"SIDCO Complex Ompora Budgam (PM-10, PM-2.5) 1081",65.0,65.0,14.0,Budgam,33.0,7.0,3994-07-02,Kashmir
"SIDCO Complex Ompora Budgam (PM-10, PM-2.5) 1081",75.0,37.0,14.0,Budgam,37.0,7.0,3994-08-02,Kashmir
"SIDCO Complex Ompora Budgam (PM-10, PM-2.5) 1081",84.0,36.0,15.0,Budgam,36.0,7.0,3994-09-02,Kashmir
"SIDCO Complex Ompora Budgam (PM-10, PM-2.5) 1081",94.0,94.0,15.0,Budgam,47.0,7.0,3994-10-02,Kashmir
"SIDCO Complex Ompora Budgam (PM-10, PM-2.5) 1081",99.0,99.0,17.0,Budgam,52.0,7.0,3994-11-02,Kashmir
"SIDCO Complex Ompora Budgam (PM-10, PM-2.5) 1081",116.0,116.0,18.0,Budgam,60.0,10.0,3994-12-02,Kashmir
"SIDCO Complex Ompora Budgam (PM-10, PM-2.5) 1081",111.0,111.0,23.0,Budgam,80.0,7.0,3995-01-02,Kashmir
"SIDCO Complex Ompora Budgam (PM-10, PM-2.5) 1081",111.0,118.0,23.0,Budgam,80.0,7.0,3995-02-02,Kashmir
"SIDCO Complex Ompora Budgam (PM-10, PM-2.5) 1081",111.0,112.0,23.0,Budgam,80.0,6.0,3995-03-02,Kashmir
"Ganderbal DFO Office (PM-10, PM-2.5) 1083",60.0,97.0,13.0,Ganderbal,37.0,6.0,3991-01-02,Kashmir
"Ganderbal DFO Office (PM-10, PM-2.5) 1083",209.0,155.0,24.0,Ganderbal,51.0,6.0,3991-02-02,Kashmir
"Ganderbal DFO Office (PM-10, PM-2.5) 1083",96.0,103.0,18.0,Ganderbal,45.0,8.0,3991-03-02,Kashmir
"Ganderbal DFO Office (PM-10, PM-2.5) 1083",172.0,122.0,19.0,Ganderbal,54.0,7.0,3991-04-02,Kashmir
"Ganderbal DFO Office (PM-10, PM-2.5) 1083",54.0,59.0,9.0,Ganderbal,48.0,4.0,3991-05-02,Kashmir
"Ganderbal DFO Office (PM-10, PM-2.5) 1083",66.0,95.0,14.0,Ganderbal,41.0,7.0,3991-06-02,Kashmir
"Ganderbal DFO Office (PM-10, PM-2.5) 1083",62.0,118.0,13.0,Ganderbal,37.0,8.0,3991-07-02,Kashmir
"Ganderbal DFO Office (PM-10, PM-2.5) 1083",51.0,91.0,12.0,Ganderbal,37.0,7.0,3991-08-02,Kashmir
"Ganderbal DFO Office (PM-10, PM-2.5) 1083",51.0,90.0,12.0,Ganderbal,37.0,7.0,3991-09-02,Kashmir
"Ganderbal DFO Office (PM-10, PM-2.5) 1083",51.0,78.0,12.0,Ganderbal,37.0,7.0,3991-10-02,Kashmir
"Ganderbal DFO Office (PM-10, PM-2.5) 1083",51.0,86.0,12.0,Ganderbal,37.0,7.0,3991-11-02,Kashmir
"Ganderbal DFO Office (PM-10, PM-2.5) 1083",51.0,89.0,12.0,Ganderbal,37.0,7.0,3991-12-02,Kashmir
"Ganderbal DFO Office (PM-10, PM-2.5) 1083",59.0,112.0,11.0,Ganderbal,52.0,6.0,3992-01-02,Kashmir
"Ganderbal DFO Office (PM-10, PM-2.5) 1083",61.0,108.0,13.0,Ganderbal,46.0,7.0,3992-02-02,Kashmir
"Ganderbal DFO Office (PM-10, PM-2.5) 1083",46.0,104.0,9.0,Ganderbal,58.0,5.0,3992-03-01,Kashmir
"Ganderbal DFO Office (PM-10, PM-2.5) 1083",53.0,98.0,10.0,Ganderbal,58.0,5.0,3992-04-01,Kashmir
"Ganderbal DFO Office (PM-10, PM-2.5) 1083",59.0,93.0,11.0,Ganderbal,58.0,6.0,3992-05-01,Kashmir
"Ganderbal DFO Office (PM-10, PM-2.5) 1083",59.0,111.0,11.0,Ganderbal,58.0,6.0,3992-06-01,Kashmir
"Ganderbal DFO Office (PM-10, PM-2.5) 1083",59.0,100.0,11.0,Ganderbal,58.0,6.0,3992-07-01,Kashmir
"Ganderbal DFO Office (PM-10, PM-2.5) 1083",104.0,88.0,15.0,Ganderbal,32.0,7.0,3992-08-01,Kashmir
"Ganderbal DFO Office (PM-10, PM-2.5) 1083",203.0,132.0,21.0,Ganderbal,57.0,7.0,3992-09-01,Kashmir
"Ganderbal DFO Office (PM-10, PM-2.5) 1083",106.0,129.0,20.0,Ganderbal,60.0,9.0,3992-10-01,Kashmir
"Ganderbal DFO Office (PM-10, PM-2.5) 1083",106.0,100.0,20.0,Ganderbal,60.0,9.0,3992-11-01,Kashmir
"Ganderbal DFO Office (PM-10, PM-2.5) 1083",106.0,107.0,20.0,Ganderbal,60.0,9.0,3992-12-01,Kashmir
"Ganderbal DFO Office (PM-10, PM-2.5) 1083",112.0,129.0,21.0,Ganderbal,60.0,10.0,3993-01-01,Kashmir
"Ganderbal DFO Office (PM-10, PM-2.5) 1083",119.0,119.0,22.0,Ganderbal,60.0,10.0,3993-02-01,Kashmir
"Ganderbal DFO Office (PM-10, PM-2.5) 1083",86.0,86.0,19.0,Ganderbal,55.0,8.0,3993-03-02,Kashmir
"Ganderbal DFO Office (PM-10, PM-2.5) 1083",76.0,76.0,20.0,Ganderbal,50.0,8.0,3993-04-02,Kashmir
"Ganderbal DFO Office (PM-10, PM-2.5) 1083",83.0,112.0,21.0,Ganderbal,46.0,8.0,3993-05-02,Kashmir
"Ganderbal DFO Office (PM-10, PM-2.5) 1083",91.0,126.0,22.0,Ganderbal,41.0,8.0,3993-06-02,Kashmir
"Ganderbal DFO Office (PM-10, PM-2.5) 1083",91.0,81.0,22.0,Ganderbal,36.0,8.0,3993-07-02,Kashmir
"Ganderbal DFO Office (PM-10, PM-2.5) 1083",91.0,109.0,22.0,Ganderbal,31.0,8.0,3993-08-02,Kashmir
"Ganderbal DFO Office (PM-10, PM-2.5) 1083",112.0,76.0,24.0,Ganderbal,27.0,9.0,3993-09-02,Kashmir
"Ganderbal DFO Office (PM-10, PM-2.5) 1083",120.0,114.0,25.0,Ganderbal,22.0,9.0,3993-10-02,Kashmir
"Ganderbal DFO Office (PM-10, PM-2.5) 1083",127.0,127.0,26.0,Ganderbal,17.0,9.0,3993-11-02,Kashmir
"Ganderbal DFO Office (PM-10, PM-2.5) 1083",108.0,115.0,13.0,Ganderbal,59.0,7.0,3993-12-02,Kashmir
"Ganderbal DFO Office (PM-10, PM-2.5) 1083",107.0,107.0,6.0,Ganderbal,58.0,3.0,3994-01-02,Kashmir
"Ganderbal DFO Office (PM-10, PM-2.5) 1083",101.0,101.0,15.0,Ganderbal,47.0,8.0,3994-02-02,Kashmir
"Ganderbal DFO Office (PM-10, PM-2.5) 1083",76.0,76.0,10.0,Ganderbal,42.0,4.0,3994-03-02,Kashmir
"Ganderbal DFO Office (PM-10, PM-2.5) 1083",78.0,78.0,11.0,Ganderbal,38.0,6.0,3994-04-02,Kashmir
"Ganderbal DFO Office (PM-10, PM-2.5) 1083",67.0,67.0,7.0,Ganderbal,34.0,4.0,3994-05-02,Kashmir
"Ganderbal DFO Office (PM-10, PM-2.5) 1083",73.0,73.0,13.0,Ganderbal,29.0,5.0,3994-06-02,Kashmir
"Ganderbal DFO Office (PM-10, PM-2.5) 1083",71.0,71.0,10.0,Ganderbal,24.0,5.0,3994-07-02,Kashmir
"Ganderbal DFO Office (PM-10, PM-2.5) 1083",66.0,66.0,12.0,Ganderbal,20.0,6.0,3994-08-02,Kashmir
"Ganderbal DFO Office (PM-10, PM-2.5) 1083",69.0,69.0,12.0,Ganderbal,16.0,6.0,3994-09-02,Kashmir
"Ganderbal DFO Office (PM-10, PM-2.5) 1083",90.0,90.0,9.0,Ganderbal,11.0,6.0,3994-10-02,Kashmir
"Ganderbal DFO Office (PM-10, PM-2.5) 1083",92.0,94.0,15.0,Ganderbal,45.0,6.0,3994-11-02,Kashmir
"Ganderbal DFO Office (PM-10, PM-2.5) 1083",97.0,126.0,15.0,Ganderbal,48.0,6.0,3994-12-02,Kashmir
"Ganderbal DFO Office (PM-10, PM-2.5) 1083",87.0,87.0,16.0,Ganderbal,40.0,6.0,3995-01-02,Kashmir
"Ganderbal DFO Office (PM-10, PM-2.5) 1083",87.0,87.0,16.0,Ganderbal,38.0,6.0,3995-02-02,Kashmir
"Ganderbal DFO Office (PM-10, PM-2.5) 1083",87.0,79.0,16.0,Ganderbal,38.0,6.0,3995-03-02,Kashmir
"Kulgam near D.I.C Building (PM-10, PM-2.5) 1086",104.0,102.0,9.0,Kulgam,36.0,7.0,3991-01-02,Kashmir
"Kulgam near D.I.C Building (PM-10, PM-2.5) 1086",121.0,86.0,20.0,Kulgam,55.0,5.0,3991-02-02,Kashmir
"Kulgam near D.I.C Building (PM-10, PM-2.5) 1086",78.0,98.0,16.0,Kulgam,49.0,9.0,3991-03-02,Kashmir
"Kulgam near D.I.C Building (PM-10, PM-2.5) 1086",164.0,130.0,11.0,Kulgam,38.0,4.0,3991-04-02,Kashmir
"Kulgam near D.I.C Building (PM-10, PM-2.5) 1086",99.0,94.0,18.0,Kulgam,56.0,10.0,3991-05-02,Kashmir
"Kulgam near D.I.C Building (PM-10, PM-2.5) 1086",122.0,125.0,13.0,Kulgam,45.0,7.0,3991-06-02,Kashmir
"Kulgam near D.I.C Building (PM-10, PM-2.5) 1086",64.0,70.0,17.0,Kulgam,37.0,6.0,3991-07-02,Kashmir
"Kulgam near D.I.C Building (PM-10, PM-2.5) 1086",53.0,69.0,11.0,Kulgam,36.0,7.0,3991-08-02,Kashmir
"Kulgam near D.I.C Building (PM-10, PM-2.5) 1086",53.0,82.0,11.0,Kulgam,36.0,7.0,3991-09-02,Kashmir
"Kulgam near D.I.C Building (PM-10, PM-2.5) 1086",53.0,59.0,11.0,Kulgam,36.0,7.0,3991-10-02,Kashmir
"Kulgam near D.I.C Building (PM-10, PM-2.5) 1086",53.0,67.0,11.0,Kulgam,36.0,7.0,3991-11-02,Kashmir
"Kulgam near D.I.C Building (PM-10, PM-2.5) 1086",53.0,89.0,11.0,Kulgam,36.0,7.0,3991-12-02,Kashmir
"Kulgam near D.I.C Building (PM-10, PM-2.5) 1086",61.0,101.0,13.0,Kulgam,40.0,7.0,3992-01-02,Kashmir
"Kulgam near D.I.C Building (PM-10, PM-2.5) 1086",63.0,119.0,13.0,Kulgam,55.0,7.0,3992-02-02,Kashmir
"Kulgam near D.I.C Building (PM-10, PM-2.5) 1086",68.0,103.0,13.0,Kulgam,35.0,7.0,3992-03-01,Kashmir
"Kulgam near D.I.C Building (PM-10, PM-2.5) 1086",66.0,80.0,14.0,Kulgam,38.0,7.0,3992-04-01,Kashmir
"Kulgam near D.I.C Building (PM-10, PM-2.5) 1086",64.0,98.0,15.0,Kulgam,41.0,8.0,3992-05-01,Kashmir
"Kulgam near D.I.C Building (PM-10, PM-2.5) 1086",62.0,77.0,15.0,Kulgam,41.0,8.0,3992-06-01,Kashmir
"Kulgam near D.I.C Building (PM-10, PM-2.5) 1086",60.0,80.0,15.0,Kulgam,41.0,8.0,3992-07-01,Kashmir
"Kulgam near D.I.C Building (PM-10, PM-2.5) 1086",58.0,58.0,14.0,Kulgam,39.0,3.0,3992-08-01,Kashmir
"Kulgam near D.I.C Building (PM-10, PM-2.5) 1086",56.0,81.0,14.0,Kulgam,39.0,4.0,3992-09-01,Kashmir
"Kulgam near D.I.C Building (PM-10, PM-2.5) 1086",54.0,62.0,21.0,Kulgam,61.0,11.0,3992-10-01,Kashmir
"Kulgam near D.I.C Building (PM-10, PM-2.5) 1086",52.0,61.0,21.0,Kulgam,61.0,11.0,3992-11-01,Kashmir
"Kulgam near D.I.C Building (PM-10, PM-2.5) 1086",50.0,63.0,21.0,Kulgam,61.0,11.0,3992-12-01,Kashmir
"Kulgam near D.I.C Building (PM-10, PM-2.5) 1086",72.0,104.0,22.0,Kulgam,64.0,12.0,3993-01-01,Kashmir
"Kulgam near D.I.C Building (PM-10, PM-2.5) 1086",94.0,94.0,23.0,Kulgam,67.0,12.0,3993-02-01,Kashmir
"Kulgam near D.I.C Building (PM-10, PM-2.5) 1086",98.0,93.0,22.0,Kulgam,93.0,11.0,3993-03-02,Kashmir
"Kulgam near D.I.C Building (PM-10, PM-2.5) 1086",103.0,99.0,22.0,Kulgam,99.0,10.0,3993-04-02,Kashmir
"Kulgam near D.I.C Building (PM-10, PM-2.5) 1086",107.0,118.0,21.0,Kulgam,94.0,9.0,3993-05-02,Kashmir
"Kulgam near D.I.C Building (PM-10, PM-2.5) 1086",112.0,116.0,21.0,Kulgam,89.0,8.0,3993-06-02,Kashmir
"Kulgam near D.I.C Building (PM-10, PM-2.5) 1086",116.0,102.0,20.0,Kulgam,89.0,7.0,3993-07-02,Kashmir
"Kulgam near D.I.C Building (PM-10, PM-2.5) 1086",121.0,106.0,20.0,Kulgam,89.0,6.0,3993-08-02,Kashmir
"Kulgam near D.I.C Building (PM-10, PM-2.5) 1086",125.0,143.0,19.0,Kulgam,74.0,5.0,3993-09-02,Kashmir
"Kulgam near D.I.C Building (PM-10, PM-2.5) 1086",130.0,125.0,19.0,Kulgam,69.0,4.0,3993-10-02,Kashmir
"Kulgam near D.I.C Building (PM-10, PM-2.5) 1086",134.0,141.0,18.0,Kulgam,64.0,3.0,3993-11-02,Kashmir
"Kulgam near D.I.C Building (PM-10, PM-2.5) 1086",120.0,125.0,17.0,Kulgam,45.0,10.0,3993-12-02,Kashmir
"Kulgam near D.I.C Building (PM-10, PM-2.5) 1086",106.0,106.0,12.0,Kulgam,46.0,8.0,3994-01-02,Kashmir
"Kulgam near D.I.C Building (PM-10, PM-2.5) 1086",83.0,83.0,16.0,Kulgam,32.0,10.0,3994-02-02,Kashmir
"Kulgam near D.I.C Building (PM-10, PM-2.5) 1086",64.0,64.0,4.0,Kulgam,26.0,2.0,3994-03-02,Kashmir
"Kulgam near D.I.C Building (PM-10, PM-2.5) 1086",82.0,82.0,12.0,Kulgam,48.0,5.0,3994-04-02,Kashmir
"Kulgam near D.I.C Building (PM-10, PM-2.5) 1086",68.0,68.0,12.0,Kulgam,17.0,6.0,3994-05-02,Kashmir
"Kulgam near D.I.C Building (PM-10, PM-2.5) 1086",67.0,67.0,5.0,Kulgam,41.0,2.0,3994-06-02,Kashmir
"Kulgam near D.I.C Building (PM-10, PM-2.5) 1086",58.0,58.0,11.0,Kulgam,27.0,5.0,3994-07-02,Kashmir
"Kulgam near D.I.C Building (PM-10, PM-2.5) 1086",76.0,76.0,9.0,Kulgam,47.0,4.0,3994-08-02,Kashmir
"Kulgam near D.I.C Building (PM-10, PM-2.5) 1086",64.0,64.0,11.0,Kulgam,28.0,5.0,3994-09-02,Kashmir
"Kulgam near D.I.C Building (PM-10, PM-2.5) 1086",105.0,105.0,11.0,Kulgam,14.0,5.0,3994-10-02,Kashmir
"Kulgam near D.I.C Building (PM-10, PM-2.5) 1086",122.0,122.0,16.0,Kulgam,14.0,5.0,3994-11-02,Kashmir
"Kulgam near D.I.C Building (PM-10, PM-2.5) 1086",129.0,129.0,16.0,Kulgam,14.0,5.0,3994-12-02,Kashmir
"Kulgam near D.I.C Building (PM-10, PM-2.5) 1086",107.0,107.0,17.0,Kulgam,14.0,5.0,3995-01-02,Kashmir
"Kulgam near D.I.C Building (PM-10, PM-2.5) 1086",49.0,49.0,19.0,Kulgam,14.0,5.0,3995-02-02,Kashmir
"Kulgam near D.I.C Building (PM-10, PM-2.5) 1086",49.0,58.0,19.0,Kulgam,14.0,5.0,3995-03-02,Kashmir
"Kupwara JKPCC (PM-10, PM-2.5)",97.0,114.0,16.0,Kupwara,61.0,7.0,3991-01-02,Kashmir
"Kupwara JKPCC (PM-10, PM-2.5)",158.0,299.0,18.0,Kupwara,97.0,6.0,3991-02-02,Kashmir
"Kupwara JKPCC (PM-10, PM-2.5)",130.0,145.0,14.0,Kupwara,50.0,6.0,3991-03-02,Kashmir
"Kupwara JKPCC (PM-10, PM-2.5)",147.0,143.0,11.0,Kupwara,24.0,7.0,3991-04-02,Kashmir
"Kupwara JKPCC (PM-10, PM-2.5)",80.0,82.0,13.0,Kupwara,52.0,7.0,3991-05-02,Kashmir
"Kupwara JKPCC (PM-10, PM-2.5)",76.0,118.0,13.0,Kupwara,67.0,7.0,3991-06-02,Kashmir
"Kupwara JKPCC (PM-10, PM-2.5)",94.0,102.0,13.0,Kupwara,39.0,6.0,3991-07-02,Kashmir
"Kupwara JKPCC (PM-10, PM-2.5)",70.0,62.0,16.0,Kupwara,38.0,5.0,3991-08-02,Kashmir
"Kupwara JKPCC (PM-10, PM-2.5)",70.0,67.0,15.0,Kupwara,47.0,6.0,3991-09-02,Kashmir
"Kupwara JKPCC (PM-10, PM-2.5)",104.0,90.0,9.0,Kupwara,34.0,7.0,3991-10-02,Kashmir
"Kupwara JKPCC (PM-10, PM-2.5)",112.0,163.0,13.0,Kupwara,66.0,8.0,3991-11-02,Kashmir
"Kupwara JKPCC (PM-10, PM-2.5)",78.0,43.0,17.0,Kupwara,33.0,7.0,3991-12-02,Kashmir
"Kupwara JKPCC (PM-10, PM-2.5)",82.0,99.0,18.0,Kupwara,64.0,8.0,3992-01-02,Kashmir
"Kupwara JKPCC (PM-10, PM-2.5)",88.0,41.0,9.0,Kupwara,21.0,6.0,3992-02-02,Kashmir
"Kupwara JKPCC (PM-10, PM-2.5)",110.0,192.0,11.0,Kupwara,63.0,8.0,3992-03-01,Kashmir
"Kupwara JKPCC (PM-10, PM-2.5)",149.0,242.0,12.0,Kupwara,74.0,8.0,3992-04-01,Kashmir
"Kupwara JKPCC (PM-10, PM-2.5)",72.0,92.0,13.0,Kupwara,62.0,7.0,3992-05-01,Kashmir
"Kupwara JKPCC (PM-10, PM-2.5)",83.0,57.0,19.0,Kupwara,48.0,8.0,3992-06-01,Kashmir
"Kupwara JKPCC (PM-10, PM-2.5)",72.0,19.0,23.0,Kupwara,37.0,9.0,3992-07-01,Kashmir
"Kupwara JKPCC (PM-10, PM-2.5)",50.0,-2.0,13.0,Kupwara,34.0,7.0,3992-08-01,Kashmir
"Kupwara JKPCC (PM-10, PM-2.5)",93.0,108.0,8.0,Kupwara,30.0,7.0,3992-09-01,Kashmir
"Kupwara JKPCC (PM-10, PM-2.5)",81.0,89.0,13.0,Kupwara,50.0,7.0,3992-10-01,Kashmir
"Kupwara JKPCC (PM-10, PM-2.5)",126.0,166.0,14.0,Kupwara,59.0,7.0,3992-11-01,Kashmir
"Kupwara JKPCC (PM-10, PM-2.5)",141.0,150.0,10.0,Kupwara,26.0,7.0,3992-12-01,Kashmir
"Kupwara JKPCC (PM-10, PM-2.5)",86.0,54.0,20.0,Kupwara,39.0,6.0,3993-01-01,Kashmir
"Kupwara JKPCC (PM-10, PM-2.5)",57.0,26.0,13.0,Kupwara,37.0,7.0,3993-02-01,Kashmir
"Kupwara JKPCC (PM-10, PM-2.5)",112.0,173.0,13.0,Kupwara,66.0,8.0,3993-03-02,Kashmir
"Kupwara JKPCC (PM-10, PM-2.5)",112.0,99.0,12.0,Kupwara,41.0,6.0,3993-04-02,Kashmir
"Kupwara JKPCC (PM-10, PM-2.5)",73.0,62.0,17.0,Kupwara,36.0,7.0,3993-05-02,Kashmir
"Kupwara JKPCC (PM-10, PM-2.5)",67.0,49.0,13.0,Kupwara,37.0,6.0,3993-06-02,Kashmir
"Kupwara JKPCC (PM-10, PM-2.5)",86.0,143.0,12.0,Kupwara,63.0,7.0,3993-07-02,Kashmir
"Kupwara JKPCC (PM-10, PM-2.5)",95.0,126.0,14.0,Kupwara,57.0,6.0,3993-08-02,Kashmir
"Kupwara JKPCC (PM-10, PM-2.5)",81.0,57.0,15.0,Kupwara,39.0,7.0,3993-09-02,Kashmir
"Kupwara JKPCC (PM-10, PM-2.5)",81.0,59.0,15.0,Kupwara,39.0,7.0,3993-10-02,Kashmir
"Kupwara JKPCC (PM-10, PM-2.5)",81.0,80.0,15.0,Kupwara,39.0,7.0,3993-11-02,Kashmir
"Kupwara JKPCC (PM-10, PM-2.5)",81.0,71.0,15.0,Kupwara,39.0,7.0,3993-12-02,Kashmir
"Kupwara JKPCC (PM-10, PM-2.5)",81.0,81.0,15.0,Kupwara,39.0,7.0,3994-01-02,Kashmir
"Kupwara JKPCC (PM-10, PM-2.5)",61.0,61.0,15.0,Kupwara,44.0,8.0,3994-02-02,Kashmir
"Kupwara JKPCC (PM-10, PM-2.5)",69.0,69.0,12.0,Kupwara,47.0,6.0,3994-03-02,Kashmir
"Kupwara JKPCC (PM-10, PM-2.5)",49.0,49.0,8.0,Kupwara,47.0,4.0,3994-04-02,Kashmir
"Kupwara JKPCC (PM-10, PM-2.5)",70.0,70.0,15.0,Kupwara,47.0,7.0,3994-05-02,Kashmir
"Kupwara JKPCC (PM-10, PM-2.5)",70.0,57.0,15.0,Kupwara,47.0,7.0,3994-06-02,Kashmir
"Kupwara JKPCC (PM-10, PM-2.5)",70.0,47.0,14.0,Kupwara,47.0,7.0,3994-07-02,Kashmir
"Kupwara JKPCC (PM-10, PM-2.5)",69.0,43.0,14.0,Kupwara,43.0,7.0,3994-08-02,Kashmir
"Kupwara JKPCC (PM-10, PM-2.5)",69.0,31.0,14.0,Kupwara,31.0,7.0,3994-09-02,Kashmir
"Kupwara JKPCC (PM-10, PM-2.5)",69.0,38.0,13.0,Kupwara,38.0,7.0,3994-10-02,Kashmir
"Kupwara JKPCC (PM-10, PM-2.5)",68.0,76.0,13.0,Kupwara,38.0,8.0,3994-11-02,Kashmir
"Kupwara JKPCC (PM-10, PM-2.5)",68.0,56.0,12.0,Kupwara,38.0,6.0,3994-12-02,Kashmir
"Kupwara JKPCC (PM-10, PM-2.5)",68.0,68.0,12.0,Kupwara,42.0,7.0,3995-01-02,Kashmir
"Kupwara JKPCC (PM-10, PM-2.5)",68.0,47.0,12.0,Kupwara,42.0,6.0,3995-02-02,Kashmir
"Kupwara JKPCC (PM-10, PM-2.5)",68.0,71.0,12.0,Kupwara,42.0,6.0,3995-03-02,Kashmir
"I.G.C Lassipora Pulwama (PM-10, PM-2.5) 1082",102.0,131.0,17.0,Pulwama,49.0,10.0,3991-01-02,Kashmir
"I.G.C Lassipora Pulwama (PM-10, PM-2.5) 1082",68.0,101.0,13.0,Pulwama,39.0,8.0,3991-02-02,Kashmir
"I.G.C Lassipora Pulwama (PM-10, PM-2.5) 1082",88.0,118.0,17.0,Pulwama,37.0,9.0,3991-03-02,Kashmir
"I.G.C Lassipora Pulwama (PM-10, PM-2.5) 1082",165.0,167.0,27.0,Pulwama,38.0,13.0,3991-04-02,Kashmir
"I.G.C Lassipora Pulwama (PM-10, PM-2.5) 1082",127.0,128.0,21.0,Pulwama,37.0,12.0,3991-05-02,Kashmir
"I.G.C Lassipora Pulwama (PM-10, PM-2.5) 1082",117.0,124.0,15.0,Pulwama,61.0,7.0,3991-06-02,Kashmir
"I.G.C Lassipora Pulwama (PM-10, PM-2.5) 1082",101.0,130.0,13.0,Pulwama,47.0,10.0,3991-07-02,Kashmir
"I.G.C Lassipora Pulwama (PM-10, PM-2.5) 1082",49.0,82.0,15.0,Pulwama,33.0,9.0,3991-08-02,Kashmir
"I.G.C Lassipora Pulwama (PM-10, PM-2.5) 1082",49.0,101.0,15.0,Pulwama,33.0,9.0,3991-09-02,Kashmir
"I.G.C Lassipora Pulwama (PM-10, PM-2.5) 1082",49.0,88.0,15.0,Pulwama,33.0,9.0,3991-10-02,Kashmir
"I.G.C Lassipora Pulwama (PM-10, PM-2.5) 1082",49.0,86.0,15.0,Pulwama,33.0,9.0,3991-11-02,Kashmir
"I.G.C Lassipora Pulwama (PM-10, PM-2.5) 1082",49.0,83.0,15.0,Pulwama,33.0,9.0,3991-12-02,Kashmir
"I.G.C Lassipora Pulwama (PM-10, PM-2.5) 1082",69.0,116.0,13.0,Pulwama,46.0,7.0,3992-01-02,Kashmir
"I.G.C Lassipora Pulwama (PM-10, PM-2.5) 1082",67.0,114.0,14.0,Pulwama,47.0,8.0,3992-02-02,Kashmir
"I.G.C Lassipora Pulwama (PM-10, PM-2.5) 1082",76.0,124.0,16.0,Pulwama,48.0,9.0,3992-03-01,Kashmir
"I.G.C Lassipora Pulwama (PM-10, PM-2.5) 1082",83.0,117.0,17.0,Pulwama,47.0,9.0,3992-04-01,Kashmir
"I.G.C Lassipora Pulwama (PM-10, PM-2.5) 1082",90.0,116.0,17.0,Pulwama,45.0,10.0,3992-05-01,Kashmir
"I.G.C Lassipora Pulwama (PM-10, PM-2.5) 1082",97.0,123.0,18.0,Pulwama,44.0,10.0,3992-06-01,Kashmir
"I.G.C Lassipora Pulwama (PM-10, PM-2.5) 1082",104.0,124.0,18.0,Pulwama,43.0,10.0,3992-07-01,Kashmir
"I.G.C Lassipora Pulwama (PM-10, PM-2.5) 1082",110.0,134.0,19.0,Pulwama,41.0,8.0,3992-08-01,Kashmir
"I.G.C Lassipora Pulwama (PM-10, PM-2.5) 1082",117.0,134.0,20.0,Pulwama,40.0,7.0,3992-09-01,Kashmir
"I.G.C Lassipora Pulwama (PM-10, PM-2.5) 1082",124.0,147.0,20.0,Pulwama,39.0,12.0,3992-10-01,Kashmir
"I.G.C Lassipora Pulwama (PM-10, PM-2.5) 1082",131.0,137.0,21.0,Pulwama,37.0,12.0,3992-11-01,Kashmir
"I.G.C Lassipora Pulwama (PM-10, PM-2.5) 1082",138.0,142.0,21.0,Pulwama,36.0,12.0,3992-12-01,Kashmir
"I.G.C Lassipora Pulwama (PM-10, PM-2.5) 1082",145.0,145.0,22.0,Pulwama,42.0,13.0,3993-01-01,Kashmir
"I.G.C Lassipora Pulwama (PM-10, PM-2.5) 1082",142.0,142.0,25.0,Pulwama,48.0,13.0,3993-02-01,Kashmir
"I.G.C Lassipora Pulwama (PM-10, PM-2.5) 1082",126.0,126.0,19.0,Pulwama,63.0,9.0,3993-03-02,Kashmir
"I.G.C Lassipora Pulwama (PM-10, PM-2.5) 1082",124.0,124.0,22.0,Pulwama,50.0,11.0,3993-04-02,Kashmir
"I.G.C Lassipora Pulwama (PM-10, PM-2.5) 1082",128.0,136.0,20.0,Pulwama,44.0,10.0,3993-05-02,Kashmir
"I.G.C Lassipora Pulwama (PM-10, PM-2.5) 1082",131.0,132.0,19.0,Pulwama,39.0,9.0,3993-06-02,Kashmir
"I.G.C Lassipora Pulwama (PM-10, PM-2.5) 1082",131.0,144.0,19.0,Pulwama,39.0,9.0,3993-07-02,Kashmir
"I.G.C Lassipora Pulwama (PM-10, PM-2.5) 1082",131.0,140.0,19.0,Pulwama,39.0,9.0,3993-08-02,Kashmir
"I.G.C Lassipora Pulwama (PM-10, PM-2.5) 1082",143.0,148.0,13.0,Pulwama,21.0,6.0,3993-09-02,Kashmir
"I.G.C Lassipora Pulwama (PM-10, PM-2.5) 1082",146.0,143.0,12.0,Pulwama,16.0,5.0,3993-10-02,Kashmir
"I.G.C Lassipora Pulwama (PM-10, PM-2.5) 1082",150.0,141.0,10.0,Pulwama,10.0,4.0,3993-11-02,Kashmir
"I.G.C Lassipora Pulwama (PM-10, PM-2.5) 1082",146.0,139.0,19.0,Pulwama,10.0,13.0,3993-12-02,Kashmir
"I.G.C Lassipora Pulwama (PM-10, PM-2.5) 1082",153.0,153.0,22.0,Pulwama,10.0,16.0,3994-01-02,Kashmir
"I.G.C Lassipora Pulwama (PM-10, PM-2.5) 1082",148.0,148.0,24.0,Pulwama,46.0,19.0,3994-02-02,Kashmir
"I.G.C Lassipora Pulwama (PM-10, PM-2.5) 1082",141.0,141.0,9.0,Pulwama,34.0,8.0,3994-03-02,Kashmir
"I.G.C Lassipora Pulwama (PM-10, PM-2.5) 1082",111.0,111.0,15.0,Pulwama,46.0,10.0,3994-04-02,Kashmir
"I.G.C Lassipora Pulwama (PM-10, PM-2.5) 1082",163.0,163.0,24.0,Pulwama,74.0,11.0,3994-05-02,Kashmir
"I.G.C Lassipora Pulwama (PM-10, PM-2.5) 1082",144.0,144.0,10.0,Pulwama,66.0,6.0,3994-06-02,Kashmir
"I.G.C Lassipora Pulwama (PM-10, PM-2.5) 1082",142.0,142.0,22.0,Pulwama,69.0,12.0,3994-07-02,Kashmir
"I.G.C Lassipora Pulwama (PM-10, PM-2.5) 1082",146.0,146.0,18.0,Pulwama,69.0,10.0,3994-08-02,Kashmir
"I.G.C Lassipora Pulwama (PM-10, PM-2.5) 1082",140.0,140.0,26.0,Pulwama,56.0,13.0,3994-09-02,Kashmir
"I.G.C Lassipora Pulwama (PM-10, PM-2.5) 1082",137.0,137.0,22.0,Pulwama,58.0,13.0,3994-10-02,Kashmir
"I.G.C Lassipora Pulwama (PM-10, PM-2.5) 1082",98.0,108.0,16.0,Pulwama,49.0,13.0,3994-11-02,Kashmir
"I.G.C Lassipora Pulwama (PM-10, PM-2.5) 1082",136.0,142.0,27.0,Pulwama,62.0,13.0,3994-12-02,Kashmir
"I.G.C Lassipora Pulwama (PM-10, PM-2.5) 1082",144.0,144.0,32.0,Pulwama,60.0,13.0,3995-01-02,Kashmir
"I.G.C Lassipora Pulwama (PM-10, PM-2.5) 1082",144.0,149.0,32.0,Pulwama,60.0,13.0,3995-02-02,Kashmir
"I.G.C Lassipora Pulwama (PM-10, PM-2.5) 1082",144.0,139.0,32.0,Pulwama,60.0,13.0,3995-03-02,Kashmir
Khrew Pulwama (PM-10) 912,137.0,137.0,33.0,Pulwama,54.0,13.0,3991-01-02,Kashmir
Khrew Pulwama (PM-10) 912,140.0,140.0,23.0,Pulwama,45.0,12.0,3991-02-02,Kashmir
Khrew Pulwama (PM-10) 912,105.0,105.0,30.0,Pulwama,44.0,12.0,3991-03-02,Kashmir
Khrew Pulwama (PM-10) 912,118.0,118.0,32.0,Pulwama,45.0,12.0,3991-04-02,Kashmir
Khrew Pulwama (PM-10) 912,124.0,124.0,33.0,Pulwama,47.0,11.0,3991-05-02,Kashmir
Khrew Pulwama (PM-10) 912,134.0,134.0,27.0,Pulwama,48.0,11.0,3991-06-02,Kashmir
Khrew Pulwama (PM-10) 912,124.0,124.0,29.0,Pulwama,43.0,14.0,3991-07-02,Kashmir
Khrew Pulwama (PM-10) 912,111.0,111.0,28.0,Pulwama,37.0,13.0,3991-08-02,Kashmir
Khrew Pulwama (PM-10) 912,127.0,127.0,23.0,Pulwama,27.0,11.0,3991-09-02,Kashmir
Khrew Pulwama (PM-10) 912,112.0,113.0,29.0,Pulwama,42.0,16.0,3991-10-02,Kashmir
Khrew Pulwama (PM-10) 912,126.0,125.0,33.0,Pulwama,35.0,23.0,3991-11-02,Kashmir
Khrew Pulwama (PM-10) 912,106.0,103.0,34.0,Pulwama,51.0,23.0,3991-12-02,Kashmir
Khrew Pulwama (PM-10) 912,127.0,127.0,32.0,Pulwama,40.0,20.0,3992-01-02,Kashmir
Khrew Pulwama (PM-10) 912,125.0,125.0,27.0,Pulwama,69.0,16.0,3992-02-02,Kashmir
Khrew Pulwama (PM-10) 912,132.0,132.0,28.0,Pulwama,44.0,16.0,3992-03-01,Kashmir
Khrew Pulwama (PM-10) 912,142.0,142.0,30.0,Pulwama,40.0,17.0,3992-04-01,Kashmir
Khrew Pulwama (PM-10) 912,138.0,138.0,29.0,Pulwama,41.0,16.0,3992-05-01,Kashmir
Khrew Pulwama (PM-10) 912,104.0,104.0,26.0,Pulwama,44.0,15.0,3992-06-01,Kashmir
Khrew Pulwama (PM-10) 912,112.0,112.0,25.0,Pulwama,41.0,13.0,3992-07-01,Kashmir
Khrew Pulwama (PM-10) 912,113.0,113.0,22.0,Pulwama,31.0,10.0,3992-08-01,Kashmir
Khrew Pulwama (PM-10) 912,125.0,125.0,27.0,Pulwama,54.0,15.0,3992-09-01,Kashmir
Khrew Pulwama (PM-10) 912,114.0,114.0,21.0,Pulwama,87.0,10.0,3992-10-01,Kashmir
Khrew Pulwama (PM-10) 912,128.0,128.0,22.0,Pulwama,56.0,10.0,3992-11-01,Kashmir
Khrew Pulwama (PM-10) 912,131.0,131.0,13.0,Pulwama,37.0,6.0,3992-12-01,Kashmir
Khrew Pulwama (PM-10) 912,124.0,124.0,22.0,Pulwama,47.0,1.0,3993-01-01,Kashmir
Khrew Pulwama (PM-10) 912,117.0,117.0,24.0,Pulwama,51.0,13.0,3993-02-01,Kashmir
Khrew Pulwama (PM-10) 912,112.0,112.0,24.0,Pulwama,45.0,12.0,3993-03-02,Kashmir
Khrew Pulwama (PM-10) 912,92.0,92.0,20.0,Pulwama,40.0,8.0,3993-04-02,Kashmir
Khrew Pulwama (PM-10) 912,115.0,115.0,23.0,Pulwama,59.0,10.0,3993-05-02,Kashmir
Khrew Pulwama (PM-10) 912,117.0,117.0,19.0,Pulwama,60.0,11.0,3993-06-02,Kashmir
Khrew Pulwama (PM-10) 912,115.0,115.0,15.0,Pulwama,56.0,10.0,3993-07-02,Kashmir
Khrew Pulwama (PM-10) 912,120.0,120.0,16.0,Pulwama,63.0,8.0,3993-08-02,Kashmir
Khrew Pulwama (PM-10) 912,116.0,116.0,17.0,Pulwama,60.0,12.0,3993-09-02,Kashmir
Khrew Pulwama (PM-10) 912,117.0,117.0,19.0,Pulwama,33.0,12.0,3993-10-02,Kashmir
Khrew Pulwama (PM-10) 912,126.0,126.0,16.0,Pulwama,36.0,10.0,3993-11-02,Kashmir
Khrew Pulwama (PM-10) 912,133.0,133.0,16.0,Pulwama,53.0,9.0,3993-12-02,Kashmir
Khrew Pulwama (PM-10) 912,100.0,100.0,20.0,Pulwama,47.0,14.0,3994-01-02,Kashmir
Khrew Pulwama (PM-10) 912,75.0,75.0,20.0,Pulwama,52.0,14.0,3994-02-02,Kashmir
Khrew Pulwama (PM-10) 912,71.0,71.0,19.0,Pulwama,42.0,12.0,3994-03-02,Kashmir
Khrew Pulwama (PM-10) 912,111.0,111.0,21.0,Pulwama,52.0,11.0,3994-04-02,Kashmir
Khrew Pulwama (PM-10) 912,81.0,81.0,21.0,Pulwama,45.0,10.0,3994-05-02,Kashmir
Khrew Pulwama (PM-10) 912,90.0,90.0,20.0,Pulwama,26.0,9.0,3994-06-02,Kashmir
Khrew Pulwama (PM-10) 912,90.0,90.0,19.0,Pulwama,43.0,12.0,3994-07-02,Kashmir
Khrew Pulwama (PM-10) 912,81.0,81.0,10.0,Pulwama,40.0,5.0,3994-08-02,Kashmir
Khrew Pulwama (PM-10) 912,73.0,73.0,17.0,Pulwama,29.0,7.0,3994-09-02,Kashmir
Khrew Pulwama (PM-10) 912,98.0,98.0,14.0,Pulwama,28.0,7.0,3994-10-02,Kashmir
Khrew Pulwama (PM-10) 912,101.0,113.0,17.0,Pulwama,38.0,7.0,3994-11-02,Kashmir
Khrew Pulwama (PM-10) 912,105.0,117.0,20.0,Pulwama,69.0,7.0,3994-12-02,Kashmir
Khrew Pulwama (PM-10) 912,108.0,108.0,23.0,Pulwama,35.0,7.0,3995-01-02,Kashmir
Khrew Pulwama (PM-10) 912,122.0,122.0,21.0,Pulwama,62.0,7.0,3995-02-02,Kashmir
Khrew Pulwama (PM-10) 912,122.0,120.0,21.0,Pulwama,51.0,7.0,3995-03-02,Kashmir
"Shopian Bongam  (PM-10, PM-2.5) 1080",70.0,127.0,7.0,Shopian,69.0,7.0,3991-01-02,Kashmir
"Shopian Bongam  (PM-10, PM-2.5) 1080",102.0,85.0,13.0,Shopian,60.0,5.0,3991-02-02,Kashmir
"Shopian Bongam  (PM-10, PM-2.5) 1080",131.0,130.0,15.0,Shopian,51.0,5.0,3991-03-02,Kashmir
"Shopian Bongam  (PM-10, PM-2.5) 1080",211.0,188.0,24.0,Shopian,51.0,6.0,3991-04-02,Kashmir
"Shopian Bongam  (PM-10, PM-2.5) 1080",102.0,97.0,15.0,Shopian,62.0,4.0,3991-05-02,Kashmir
"Shopian Bongam  (PM-10, PM-2.5) 1080",110.0,109.0,14.0,Shopian,33.0,1.0,3991-06-02,Kashmir
"Shopian Bongam  (PM-10, PM-2.5) 1080",89.0,94.0,9.0,Shopian,21.0,3.0,3991-07-02,Kashmir
"Shopian Bongam  (PM-10, PM-2.5) 1080",68.0,115.0,11.0,Shopian,44.0,6.0,3991-08-02,Kashmir
"Shopian Bongam  (PM-10, PM-2.5) 1080",68.0,86.0,11.0,Shopian,44.0,6.0,3991-09-02,Kashmir
"Shopian Bongam  (PM-10, PM-2.5) 1080",68.0,82.0,11.0,Shopian,44.0,6.0,3991-10-02,Kashmir
"Shopian Bongam  (PM-10, PM-2.5) 1080",68.0,88.0,11.0,Shopian,44.0,6.0,3991-11-02,Kashmir
"Shopian Bongam  (PM-10, PM-2.5) 1080",68.0,113.0,11.0,Shopian,44.0,6.0,3991-12-02,Kashmir
"Shopian Bongam  (PM-10, PM-2.5) 1080",64.0,105.0,10.0,Shopian,40.0,5.0,3992-01-02,Kashmir
"Shopian Bongam  (PM-10, PM-2.5) 1080",65.0,104.0,12.0,Shopian,39.0,7.0,3992-02-02,Kashmir
"Shopian Bongam  (PM-10, PM-2.5) 1080",43.0,99.0,7.0,Shopian,56.0,3.0,3992-03-01,Kashmir
"Shopian Bongam  (PM-10, PM-2.5) 1080",46.0,102.0,8.0,Shopian,53.0,4.0,3992-04-01,Kashmir
"Shopian Bongam  (PM-10, PM-2.5) 1080",48.0,80.0,8.0,Shopian,50.0,4.0,3992-05-01,Kashmir
"Shopian Bongam  (PM-10, PM-2.5) 1080",51.0,106.0,8.0,Shopian,48.0,4.0,3992-06-01,Kashmir
"Shopian Bongam  (PM-10, PM-2.5) 1080",53.0,112.0,9.0,Shopian,45.0,4.0,3992-07-01,Kashmir
"Shopian Bongam  (PM-10, PM-2.5) 1080",56.0,83.0,9.0,Shopian,42.0,4.0,3992-08-01,Kashmir
"Shopian Bongam  (PM-10, PM-2.5) 1080",58.0,123.0,10.0,Shopian,39.0,2.0,3992-09-01,Kashmir
"Shopian Bongam  (PM-10, PM-2.5) 1080",61.0,113.0,10.0,Shopian,37.0,8.0,3992-10-01,Kashmir
"Shopian Bongam  (PM-10, PM-2.5) 1080",63.0,70.0,11.0,Shopian,34.0,8.0,3992-11-01,Kashmir
"Shopian Bongam  (PM-10, PM-2.5) 1080",66.0,71.0,12.0,Shopian,31.0,8.0,3992-12-01,Kashmir
"Shopian Bongam  (PM-10, PM-2.5) 1080",125.0,125.0,12.0,Shopian,46.0,8.0,3993-01-01,Kashmir
"Shopian Bongam  (PM-10, PM-2.5) 1080",123.0,123.0,20.0,Shopian,61.0,9.0,3993-02-01,Kashmir
"Shopian Bongam  (PM-10, PM-2.5) 1080",85.0,96.0,12.0,Shopian,48.0,5.0,3993-03-02,Kashmir
"Shopian Bongam  (PM-10, PM-2.5) 1080",96.0,46.0,12.0,Shopian,46.0,5.0,3993-04-02,Kashmir
"Shopian Bongam  (PM-10, PM-2.5) 1080",108.0,143.0,12.0,Shopian,48.0,5.0,3993-05-02,Kashmir
"Shopian Bongam  (PM-10, PM-2.5) 1080",119.0,87.0,13.0,Shopian,49.0,5.0,3993-06-02,Kashmir
"Shopian Bongam  (PM-10, PM-2.5) 1080",131.0,109.0,13.0,Shopian,51.0,5.0,3993-07-02,Kashmir
"Shopian Bongam  (PM-10, PM-2.5) 1080",142.0,140.0,13.0,Shopian,53.0,5.0,3993-08-02,Kashmir
"Shopian Bongam  (PM-10, PM-2.5) 1080",153.0,147.0,14.0,Shopian,54.0,5.0,3993-09-02,Kashmir
"Shopian Bongam  (PM-10, PM-2.5) 1080",165.0,177.0,14.0,Shopian,56.0,5.0,3993-10-02,Kashmir
"Shopian Bongam  (PM-10, PM-2.5) 1080",176.0,176.0,14.0,Shopian,57.0,5.0,3993-11-02,Kashmir
"Shopian Bongam  (PM-10, PM-2.5) 1080",115.0,115.0,4.0,Shopian,59.0,2.0,3993-12-02,Kashmir
"Shopian Bongam  (PM-10, PM-2.5) 1080",120.0,120.0,3.0,Shopian,54.0,3.0,3994-01-02,Kashmir
"Shopian Bongam  (PM-10, PM-2.5) 1080",119.0,119.0,13.0,Shopian,52.0,8.0,3994-02-02,Kashmir
"Shopian Bongam  (PM-10, PM-2.5) 1080",70.0,84.0,7.0,Shopian,29.0,3.0,3994-03-02,Kashmir
"Shopian Bongam  (PM-10, PM-2.5) 1080",122.0,122.0,6.0,Shopian,48.0,4.0,3994-04-02,Kashmir
"Shopian Bongam  (PM-10, PM-2.5) 1080",36.0,79.0,3.0,Shopian,55.0,2.0,3994-05-02,Kashmir
"Shopian Bongam  (PM-10, PM-2.5) 1080",113.0,113.0,11.0,Shopian,48.0,4.0,3994-06-02,Kashmir
"Shopian Bongam  (PM-10, PM-2.5) 1080",30.0,71.0,2.0,Shopian,41.0,4.0,3994-07-02,Kashmir
"Shopian Bongam  (PM-10, PM-2.5) 1080",129.0,129.0,10.0,Shopian,41.0,4.0,3994-08-02,Kashmir
"Shopian Bongam  (PM-10, PM-2.5) 1080",129.0,129.0,10.0,Shopian,41.0,4.0,3994-09-02,Kashmir
"Shopian Bongam  (PM-10, PM-2.5) 1080",122.0,122.0,11.0,Shopian,41.0,4.0,3994-10-02,Kashmir
"Shopian Bongam  (PM-10, PM-2.5) 1080",120.0,120.0,16.0,Shopian,41.0,4.0,3994-11-02,Kashmir
"Shopian Bongam  (PM-10, PM-2.5) 1080",125.0,125.0,17.0,Shopian,49.0,4.0,3994-12-02,Kashmir
"Shopian Bongam  (PM-10, PM-2.5) 1080",115.0,115.0,17.0,Shopian,48.0,4.0,3995-01-02,Kashmir
"Shopian Bongam  (PM-10, PM-2.5) 1080",107.0,107.0,16.0,Shopian,48.0,4.0,3995-02-02,Kashmir
"Shopian Bongam  (PM-10, PM-2.5) 1080",107.0,112.0,16.0,Shopian,48.0,4.0,3995-03-02,Kashmir
"Bagh-Ali Mardan Khan (PM-10, PM-2.5) 1077",133.0,165.0,10.0,Srinagar,47.0,7.0,3991-01-02,Kashmir
"Bagh-Ali Mardan Khan (PM-10, PM-2.5) 1077",63.0,111.0,13.0,Srinagar,37.0,8.0,3991-02-02,Kashmir
"Bagh-Ali Mardan Khan (PM-10, PM-2.5) 1077",82.0,85.0,17.0,Srinagar,46.0,9.0,3991-03-02,Kashmir
"Bagh-Ali Mardan Khan (PM-10, PM-2.5) 1077",68.0,93.0,12.0,Srinagar,42.0,6.0,3991-04-02,Kashmir
"Bagh-Ali Mardan Khan (PM-10, PM-2.5) 1077",64.0,112.0,16.0,Srinagar,35.0,7.0,3991-05-02,Kashmir
"Bagh-Ali Mardan Khan (PM-10, PM-2.5) 1077",45.0,75.0,11.0,Srinagar,34.0,6.0,3991-06-02,Kashmir
"Bagh-Ali Mardan Khan (PM-10, PM-2.5) 1077",45.0,86.0,11.0,Srinagar,34.0,6.0,3991-07-02,Kashmir
"Bagh-Ali Mardan Khan (PM-10, PM-2.5) 1077",45.0,79.0,11.0,Srinagar,34.0,6.0,3991-08-02,Kashmir
"Bagh-Ali Mardan Khan (PM-10, PM-2.5) 1077",45.0,86.0,11.0,Srinagar,34.0,6.0,3991-09-02,Kashmir
"Bagh-Ali Mardan Khan (PM-10, PM-2.5) 1077",45.0,80.0,11.0,Srinagar,34.0,6.0,3991-10-02,Kashmir
"Bagh-Ali Mardan Khan (PM-10, PM-2.5) 1077",56.0,64.0,13.0,Srinagar,38.0,8.0,3991-11-02,Kashmir
"Bagh-Ali Mardan Khan (PM-10, PM-2.5) 1077",66.0,109.0,15.0,Srinagar,42.0,9.0,3991-12-02,Kashmir
"Bagh-Ali Mardan Khan (PM-10, PM-2.5) 1077",65.0,108.0,13.0,Srinagar,43.0,7.0,3992-01-02,Kashmir
"Bagh-Ali Mardan Khan (PM-10, PM-2.5) 1077",74.0,109.0,15.0,Srinagar,35.0,9.0,3992-02-02,Kashmir
"Bagh-Ali Mardan Khan (PM-10, PM-2.5) 1077",97.0,121.0,19.0,Srinagar,23.0,11.0,3992-03-01,Kashmir
"Bagh-Ali Mardan Khan (PM-10, PM-2.5) 1077",92.0,125.0,18.0,Srinagar,26.0,10.0,3992-04-01,Kashmir
"Bagh-Ali Mardan Khan (PM-10, PM-2.5) 1077",86.0,102.0,17.0,Srinagar,30.0,9.0,3992-05-01,Kashmir
"Bagh-Ali Mardan Khan (PM-10, PM-2.5) 1077",81.0,118.0,16.0,Srinagar,33.0,8.0,3992-06-01,Kashmir
"Bagh-Ali Mardan Khan (PM-10, PM-2.5) 1077",75.0,129.0,14.0,Srinagar,37.0,7.0,3992-07-01,Kashmir
"Bagh-Ali Mardan Khan (PM-10, PM-2.5) 1077",70.0,101.0,13.0,Srinagar,40.0,7.0,3992-08-01,Kashmir
"Bagh-Ali Mardan Khan (PM-10, PM-2.5) 1077",65.0,90.0,12.0,Srinagar,44.0,6.0,3992-09-01,Kashmir
"Bagh-Ali Mardan Khan (PM-10, PM-2.5) 1077",59.0,92.0,11.0,Srinagar,48.0,5.0,3992-10-01,Kashmir
"Bagh-Ali Mardan Khan (PM-10, PM-2.5) 1077",54.0,105.0,10.0,Srinagar,51.0,4.0,3992-11-01,Kashmir
"Bagh-Ali Mardan Khan (PM-10, PM-2.5) 1077",72.0,104.0,19.0,Srinagar,31.0,2.0,3992-12-01,Kashmir
"Bagh-Ali Mardan Khan (PM-10, PM-2.5) 1077",138.0,138.0,28.0,Srinagar,47.0,1.0,3993-01-01,Kashmir
"Bagh-Ali Mardan Khan (PM-10, PM-2.5) 1077",133.0,133.0,27.0,Srinagar,63.0,15.0,3993-02-01,Kashmir
"Bagh-Ali Mardan Khan (PM-10, PM-2.5) 1077",82.0,82.0,15.0,Srinagar,54.0,10.0,3993-03-02,Kashmir
"Bagh-Ali Mardan Khan (PM-10, PM-2.5) 1077",102.0,102.0,23.0,Srinagar,93.0,11.0,3993-04-02,Kashmir
"Bagh-Ali Mardan Khan (PM-10, PM-2.5) 1077",108.0,126.0,22.0,Srinagar,93.0,10.0,3993-05-02,Kashmir
"Bagh-Ali Mardan Khan (PM-10, PM-2.5) 1077",113.0,117.0,22.0,Srinagar,93.0,9.0,3993-06-02,Kashmir
"Bagh-Ali Mardan Khan (PM-10, PM-2.5) 1077",113.0,108.0,22.0,Srinagar,93.0,9.0,3993-07-02,Kashmir
"Bagh-Ali Mardan Khan (PM-10, PM-2.5) 1077",125.0,142.0,22.0,Srinagar,93.0,9.0,3993-08-02,Kashmir
"Bagh-Ali Mardan Khan (PM-10, PM-2.5) 1077",130.0,126.0,20.0,Srinagar,92.0,6.0,3993-09-02,Kashmir
"Bagh-Ali Mardan Khan (PM-10, PM-2.5) 1077",136.0,136.0,20.0,Srinagar,92.0,5.0,3993-10-02,Kashmir
"Bagh-Ali Mardan Khan (PM-10, PM-2.5) 1077",150.0,150.0,19.0,Srinagar,92.0,4.0,3993-11-02,Kashmir
"Bagh-Ali Mardan Khan (PM-10, PM-2.5) 1077",118.0,92.0,18.0,Srinagar,92.0,6.0,3993-12-02,Kashmir
"Bagh-Ali Mardan Khan (PM-10, PM-2.5) 1077",118.0,118.0,18.0,Srinagar,92.0,14.0,3994-01-02,Kashmir
"Bagh-Ali Mardan Khan (PM-10, PM-2.5) 1077",116.0,116.0,16.0,Srinagar,99.0,12.0,3994-02-02,Kashmir
"Bagh-Ali Mardan Khan (PM-10, PM-2.5) 1077",77.0,77.0,21.0,Srinagar,93.0,13.0,3994-03-02,Kashmir
"Bagh-Ali Mardan Khan (PM-10, PM-2.5) 1077",87.0,87.0,19.0,Srinagar,88.0,11.0,3994-04-02,Kashmir
"Bagh-Ali Mardan Khan (PM-10, PM-2.5) 1077",83.0,99.0,17.0,Srinagar,82.0,10.0,3994-05-02,Kashmir
"Bagh-Ali Mardan Khan (PM-10, PM-2.5) 1077",80.0,86.0,15.0,Srinagar,76.0,8.0,3994-06-02,Kashmir
"Bagh-Ali Mardan Khan (PM-10, PM-2.5) 1077",76.0,88.0,13.0,Srinagar,70.0,7.0,3994-07-02,Kashmir
"Bagh-Ali Mardan Khan (PM-10, PM-2.5) 1077",72.0,72.0,11.0,Srinagar,64.0,5.0,3994-08-02,Kashmir
"Bagh-Ali Mardan Khan (PM-10, PM-2.5) 1077",68.0,68.0,14.0,Srinagar,59.0,5.0,3994-09-02,Kashmir
"Bagh-Ali Mardan Khan (PM-10, PM-2.5) 1077",62.0,71.0,17.0,Srinagar,53.0,5.0,3994-10-02,Kashmir
"Bagh-Ali Mardan Khan (PM-10, PM-2.5) 1077",82.0,80.0,21.0,Srinagar,80.0,5.0,3994-11-02,Kashmir
"Bagh-Ali Mardan Khan (PM-10, PM-2.5) 1077",102.0,92.0,24.0,Srinagar,80.0,5.0,3994-12-02,Kashmir
"Bagh-Ali Mardan Khan (PM-10, PM-2.5) 1077",122.0,122.0,27.0,Srinagar,80.0,5.0,3995-01-02,Kashmir
"Bagh-Ali Mardan Khan (PM-10, PM-2.5) 1077",119.0,119.0,25.0,Srinagar,80.0,5.0,3995-02-02,Kashmir
"Bagh-Ali Mardan Khan (PM-10, PM-2.5) 1077",119.0,105.0,25.0,Srinagar,80.0,5.0,3995-03-02,Kashmir
Dalgate Boulvard Srinagar (PM-2.5),106.0,84.0,19.0,Srinagar,84.0,7.0,3991-01-02,Kashmir
Dalgate Boulvard Srinagar (PM-2.5),103.0,66.0,16.0,Srinagar,66.0,7.0,3991-02-02,Kashmir
Dalgate Boulvard Srinagar (PM-2.5),131.0,93.0,22.0,Srinagar,93.0,9.0,3991-03-02,Kashmir
Dalgate Boulvard Srinagar (PM-2.5),126.0,89.0,22.0,Srinagar,89.0,9.0,3991-04-02,Kashmir
Dalgate Boulvard Srinagar (PM-2.5),106.0,89.0,16.0,Srinagar,89.0,7.0,3991-05-02,Kashmir
Dalgate Boulvard Srinagar (PM-2.5),103.0,89.0,18.0,Srinagar,89.0,8.0,3991-06-02,Kashmir
Dalgate Boulvard Srinagar (PM-2.5),105.0,86.0,20.0,Srinagar,86.0,8.0,3991-07-02,Kashmir
Dalgate Boulvard Srinagar (PM-2.5),90.0,88.0,20.0,Srinagar,88.0,10.0,3991-08-02,Kashmir
Dalgate Boulvard Srinagar (PM-2.5),71.0,79.0,14.0,Srinagar,79.0,6.0,3991-09-02,Kashmir
Dalgate Boulvard Srinagar (PM-2.5),96.0,87.0,21.0,Srinagar,87.0,7.0,3991-10-02,Kashmir
Dalgate Boulvard Srinagar (PM-2.5),80.0,80.0,16.0,Srinagar,80.0,5.0,3991-11-02,Kashmir
Dalgate Boulvard Srinagar (PM-2.5),76.0,78.0,17.0,Srinagar,78.0,9.0,3991-12-02,Kashmir
Dalgate Boulvard Srinagar (PM-2.5),57.0,82.0,11.0,Srinagar,82.0,6.0,3992-01-02,Kashmir
Dalgate Boulvard Srinagar (PM-2.5),119.0,116.0,25.0,Srinagar,116.0,14.0,3992-02-02,Kashmir
Dalgate Boulvard Srinagar (PM-2.5),96.0,106.0,17.0,Srinagar,106.0,9.0,3992-03-01,Kashmir
Dalgate Boulvard Srinagar (PM-2.5),67.0,81.0,14.0,Srinagar,81.0,7.0,3992-04-01,Kashmir
Dalgate Boulvard Srinagar (PM-2.5),91.0,95.0,19.0,Srinagar,95.0,9.0,3992-05-01,Kashmir
Dalgate Boulvard Srinagar (PM-2.5),92.0,93.0,21.0,Srinagar,93.0,11.0,3992-06-01,Kashmir
Dalgate Boulvard Srinagar (PM-2.5),87.0,90.0,19.0,Srinagar,90.0,10.0,3992-07-01,Kashmir
Dalgate Boulvard Srinagar (PM-2.5),94.0,87.0,21.0,Srinagar,87.0,9.0,3992-08-01,Kashmir
Dalgate Boulvard Srinagar (PM-2.5),88.0,88.0,18.0,Srinagar,88.0,8.0,3992-09-01,Kashmir
Dalgate Boulvard Srinagar (PM-2.5),118.0,104.0,22.0,Srinagar,104.0,10.0,3992-10-01,Kashmir
Dalgate Boulvard Srinagar (PM-2.5),125.0,111.0,20.0,Srinagar,111.0,9.0,3992-11-01,Kashmir
Dalgate Boulvard Srinagar (PM-2.5),124.0,119.0,18.0,Srinagar,119.0,7.0,3992-12-01,Kashmir
Dalgate Boulvard Srinagar (PM-2.5),123.0,114.0,22.0,Srinagar,114.0,9.0,3993-01-01,Kashmir
Dalgate Boulvard Srinagar (PM-2.5),117.0,108.0,24.0,Srinagar,108.0,12.0,3993-02-01,Kashmir
Dalgate Boulvard Srinagar (PM-2.5),107.0,108.0,23.0,Srinagar,108.0,12.0,3993-03-02,Kashmir
Dalgate Boulvard Srinagar (PM-2.5),101.0,98.0,22.0,Srinagar,98.0,11.0,3993-04-02,Kashmir
Dalgate Boulvard Srinagar (PM-2.5),103.0,92.0,21.0,Srinagar,92.0,10.0,3993-05-02,Kashmir
Dalgate Boulvard Srinagar (PM-2.5),118.0,87.0,21.0,Srinagar,87.0,10.0,3993-06-02,Kashmir
Dalgate Boulvard Srinagar (PM-2.5),117.0,93.0,20.0,Srinagar,93.0,9.0,3993-07-02,Kashmir
Dalgate Boulvard Srinagar (PM-2.5),122.0,93.0,19.0,Srinagar,93.0,9.0,3993-08-02,Kashmir
Dalgate Boulvard Srinagar (PM-2.5),111.0,95.0,19.0,Srinagar,95.0,11.0,3993-09-02,Kashmir
Dalgate Boulvard Srinagar (PM-2.5),114.0,94.0,18.0,Srinagar,94.0,10.0,3993-10-02,Kashmir
Dalgate Boulvard Srinagar (PM-2.5),117.0,90.0,17.0,Srinagar,90.0,8.0,3993-11-02,Kashmir
Dalgate Boulvard Srinagar (PM-2.5),115.0,87.0,15.0,Srinagar,87.0,6.0,3993-12-02,Kashmir
Dalgate Boulvard Srinagar (PM-2.5),107.0,90.0,17.0,Srinagar,90.0,9.0,3994-01-02,Kashmir
Dalgate Boulvard Srinagar (PM-2.5),72.0,86.0,16.0,Srinagar,86.0,6.0,3994-02-02,Kashmir
Dalgate Boulvard Srinagar (PM-2.5),81.0,89.0,17.0,Srinagar,89.0,9.0,3994-03-02,Kashmir
Dalgate Boulvard Srinagar (PM-2.5),88.0,85.0,18.0,Srinagar,85.0,11.0,3994-04-02,Kashmir
Dalgate Boulvard Srinagar (PM-2.5),87.0,87.0,18.0,Srinagar,87.0,10.0,3994-05-02,Kashmir
Dalgate Boulvard Srinagar (PM-2.5),85.0,88.0,14.0,Srinagar,88.0,7.0,3994-06-02,Kashmir
Dalgate Boulvard Srinagar (PM-2.5),79.0,86.0,13.0,Srinagar,86.0,7.0,3994-07-02,Kashmir
Dalgate Boulvard Srinagar (PM-2.5),77.0,73.0,12.0,Srinagar,73.0,5.0,3994-08-02,Kashmir
Dalgate Boulvard Srinagar (PM-2.5),77.0,66.0,15.0,Srinagar,66.0,6.0,3994-09-02,Kashmir
Dalgate Boulvard Srinagar (PM-2.5),60.0,67.0,15.0,Srinagar,67.0,5.0,3994-10-02,Kashmir
Dalgate Boulvard Srinagar (PM-2.5),86.0,74.0,21.0,Srinagar,74.0,4.0,3994-11-02,Kashmir
Dalgate Boulvard Srinagar (PM-2.5),108.0,84.0,22.0,Srinagar,84.0,5.0,3994-12-02,Kashmir
Dalgate Boulvard Srinagar (PM-2.5),119.0,115.0,24.0,Srinagar,115.0,8.0,3995-01-02,Kashmir
Dalgate Boulvard Srinagar (PM-2.5),108.0,76.0,31.0,Srinagar,76.0,5.0,3995-02-02,Kashmir
Dalgate Boulvard Srinagar (PM-2.5),95.0,76.0,26.0,Srinagar,76.0,5.0,3995-03-02,Kashmir
"Hokersar Wildlife Office (PM-10, PM-2.5) 1076",111.0,93.0,10.0,Srinagar,34.0,7.0,3991-01-02,Kashmir
"Hokersar Wildlife Office (PM-10, PM-2.5) 1076",77.0,81.0,16.0,Srinagar,50.0,8.0,3991-02-02,Kashmir
"Hokersar Wildlife Office (PM-10, PM-2.5) 1076",100.0,123.0,18.0,Srinagar,50.0,10.0,3991-03-02,Kashmir
"Hokersar Wildlife Office (PM-10, PM-2.5) 1076",114.0,135.0,12.0,Srinagar,49.0,5.0,3991-04-02,Kashmir
"Hokersar Wildlife Office (PM-10, PM-2.5) 1076",64.0,93.0,16.0,Srinagar,35.0,11.0,3991-05-02,Kashmir
"Hokersar Wildlife Office (PM-10, PM-2.5) 1076",44.0,79.0,12.0,Srinagar,32.0,6.0,3991-06-02,Kashmir
"Hokersar Wildlife Office (PM-10, PM-2.5) 1076",44.0,105.0,12.0,Srinagar,32.0,6.0,3991-07-02,Kashmir
"Hokersar Wildlife Office (PM-10, PM-2.5) 1076",44.0,96.0,12.0,Srinagar,32.0,6.0,3991-08-02,Kashmir
"Hokersar Wildlife Office (PM-10, PM-2.5) 1076",44.0,96.0,12.0,Srinagar,32.0,6.0,3991-09-02,Kashmir
"Hokersar Wildlife Office (PM-10, PM-2.5) 1076",44.0,76.0,12.0,Srinagar,32.0,6.0,3991-10-02,Kashmir
"Hokersar Wildlife Office (PM-10, PM-2.5) 1076",57.0,103.0,12.0,Srinagar,36.0,7.0,3991-11-02,Kashmir
"Hokersar Wildlife Office (PM-10, PM-2.5) 1076",70.0,112.0,13.0,Srinagar,41.0,8.0,3991-12-02,Kashmir
"Hokersar Wildlife Office (PM-10, PM-2.5) 1076",59.0,97.0,14.0,Srinagar,37.0,8.0,3992-01-02,Kashmir
"Hokersar Wildlife Office (PM-10, PM-2.5) 1076",58.0,91.0,12.0,Srinagar,32.0,8.0,3992-02-02,Kashmir
"Hokersar Wildlife Office (PM-10, PM-2.5) 1076",80.0,128.0,17.0,Srinagar,48.0,10.0,3992-03-01,Kashmir
"Hokersar Wildlife Office (PM-10, PM-2.5) 1076",77.0,107.0,16.0,Srinagar,49.0,9.0,3992-04-01,Kashmir
"Hokersar Wildlife Office (PM-10, PM-2.5) 1076",74.0,58.0,16.0,Srinagar,50.0,9.0,3992-05-01,Kashmir
"Hokersar Wildlife Office (PM-10, PM-2.5) 1076",71.0,93.0,15.0,Srinagar,51.0,8.0,3992-06-01,Kashmir
"Hokersar Wildlife Office (PM-10, PM-2.5) 1076",68.0,105.0,14.0,Srinagar,52.0,8.0,3992-07-01,Kashmir
"Hokersar Wildlife Office (PM-10, PM-2.5) 1076",64.0,104.0,13.0,Srinagar,53.0,7.0,3992-08-01,Kashmir
"Hokersar Wildlife Office (PM-10, PM-2.5) 1076",61.0,94.0,12.0,Srinagar,54.0,6.0,3992-09-01,Kashmir
"Hokersar Wildlife Office (PM-10, PM-2.5) 1076",58.0,110.0,12.0,Srinagar,55.0,6.0,3992-10-01,Kashmir
"Hokersar Wildlife Office (PM-10, PM-2.5) 1076",55.0,111.0,11.0,Srinagar,56.0,5.0,3992-11-01,Kashmir
"Hokersar Wildlife Office (PM-10, PM-2.5) 1076",90.0,121.0,16.0,Srinagar,39.0,3.0,3992-12-01,Kashmir
"Hokersar Wildlife Office (PM-10, PM-2.5) 1076",124.0,124.0,21.0,Srinagar,50.0,1.0,3993-01-01,Kashmir
"Hokersar Wildlife Office (PM-10, PM-2.5) 1076",119.0,119.0,27.0,Srinagar,60.0,15.0,3993-02-01,Kashmir
"Hokersar Wildlife Office (PM-10, PM-2.5) 1076",126.0,126.0,24.0,Srinagar,85.0,13.0,3993-03-02,Kashmir
"Hokersar Wildlife Office (PM-10, PM-2.5) 1076",125.0,125.0,23.0,Srinagar,90.0,14.0,3993-04-02,Kashmir
"Hokersar Wildlife Office (PM-10, PM-2.5) 1076",125.0,134.0,21.0,Srinagar,84.0,13.0,3993-05-02,Kashmir
"Hokersar Wildlife Office (PM-10, PM-2.5) 1076",126.0,120.0,19.0,Srinagar,78.0,13.0,3993-06-02,Kashmir
"Hokersar Wildlife Office (PM-10, PM-2.5) 1076",126.0,106.0,19.0,Srinagar,71.0,13.0,3993-07-02,Kashmir
"Hokersar Wildlife Office (PM-10, PM-2.5) 1076",126.0,115.0,19.0,Srinagar,65.0,13.0,3993-08-02,Kashmir
"Hokersar Wildlife Office (PM-10, PM-2.5) 1076",127.0,59.0,14.0,Srinagar,59.0,10.0,3993-09-02,Kashmir
"Hokersar Wildlife Office (PM-10, PM-2.5) 1076",127.0,110.0,12.0,Srinagar,34.0,10.0,3993-10-02,Kashmir
"Hokersar Wildlife Office (PM-10, PM-2.5) 1076",127.0,118.0,10.0,Srinagar,9.0,9.0,3993-11-02,Kashmir
"Hokersar Wildlife Office (PM-10, PM-2.5) 1076",128.0,127.0,13.0,Srinagar,42.0,8.0,3993-12-02,Kashmir
"Hokersar Wildlife Office (PM-10, PM-2.5) 1076",128.0,128.0,13.0,Srinagar,52.0,7.0,3994-01-02,Kashmir
"Hokersar Wildlife Office (PM-10, PM-2.5) 1076",132.0,132.0,19.0,Srinagar,67.0,11.0,3994-02-02,Kashmir
"Hokersar Wildlife Office (PM-10, PM-2.5) 1076",116.0,116.0,11.0,Srinagar,48.0,7.0,3994-03-02,Kashmir
"Hokersar Wildlife Office (PM-10, PM-2.5) 1076",114.0,106.0,16.0,Srinagar,47.0,10.0,3994-04-02,Kashmir
"Hokersar Wildlife Office (PM-10, PM-2.5) 1076",113.0,113.0,20.0,Srinagar,46.0,12.0,3994-05-02,Kashmir
"Hokersar Wildlife Office (PM-10, PM-2.5) 1076",110.0,110.0,13.0,Srinagar,35.0,5.0,3994-06-02,Kashmir
"Hokersar Wildlife Office (PM-10, PM-2.5) 1076",111.0,111.0,12.0,Srinagar,18.0,6.0,3994-07-02,Kashmir
"Hokersar Wildlife Office (PM-10, PM-2.5) 1076",99.0,111.0,7.0,Srinagar,48.0,3.0,3994-08-02,Kashmir
"Hokersar Wildlife Office (PM-10, PM-2.5) 1076",116.0,116.0,10.0,Srinagar,28.0,5.0,3994-09-02,Kashmir
"Hokersar Wildlife Office (PM-10, PM-2.5) 1076",114.0,114.0,17.0,Srinagar,22.0,5.0,3994-10-02,Kashmir
"Hokersar Wildlife Office (PM-10, PM-2.5) 1076",107.0,146.0,20.0,Srinagar,22.0,5.0,3994-11-02,Kashmir
"Hokersar Wildlife Office (PM-10, PM-2.5) 1076",116.0,128.0,23.0,Srinagar,22.0,5.0,3994-12-02,Kashmir
"Hokersar Wildlife Office (PM-10, PM-2.5) 1076",107.0,107.0,23.0,Srinagar,39.0,5.0,3995-01-02,Kashmir
"Hokersar Wildlife Office (PM-10, PM-2.5) 1076",111.0,111.0,26.0,Srinagar,36.0,5.0,3995-02-02,Kashmir
"Hokersar Wildlife Office (PM-10, PM-2.5) 1076",111.0,120.0,26.0,Srinagar,36.0,5.0,3995-03-02,Kashmir
Hyderpora (Paraypora) Srinagar (PM-2.5),106.0,84.0,19.0,Srinagar,84.0,7.0,3991-01-02,Kashmir
Hyderpora (Paraypora) Srinagar (PM-2.5),100.0,63.0,15.0,Srinagar,63.0,7.0,3991-02-02,Kashmir
Hyderpora (Paraypora) Srinagar (PM-2.5),116.0,91.0,20.0,Srinagar,91.0,9.0,3991-03-02,Kashmir
Hyderpora (Paraypora) Srinagar (PM-2.5),126.0,89.0,22.0,Srinagar,89.0,9.0,3991-04-02,Kashmir
Hyderpora (Paraypora) Srinagar (PM-2.5),114.0,92.0,20.0,Srinagar,92.0,8.0,3991-05-02,Kashmir
Hyderpora (Paraypora) Srinagar (PM-2.5),103.0,92.0,18.0,Srinagar,92.0,8.0,3991-06-02,Kashmir
Hyderpora (Paraypora) Srinagar (PM-2.5),111.0,87.0,22.0,Srinagar,87.0,9.0,3991-07-02,Kashmir
Hyderpora (Paraypora) Srinagar (PM-2.5),66.0,75.0,14.0,Srinagar,75.0,7.0,3991-08-02,Kashmir
Hyderpora (Paraypora) Srinagar (PM-2.5),77.0,77.0,16.0,Srinagar,77.0,6.0,3991-09-02,Kashmir
Hyderpora (Paraypora) Srinagar (PM-2.5),96.0,87.0,21.0,Srinagar,87.0,7.0,3991-10-02,Kashmir
Hyderpora (Paraypora) Srinagar (PM-2.5),90.0,83.0,20.0,Srinagar,83.0,8.0,3991-11-02,Kashmir
Hyderpora (Paraypora) Srinagar (PM-2.5),77.0,79.0,18.0,Srinagar,79.0,9.0,3991-12-02,Kashmir
Hyderpora (Paraypora) Srinagar (PM-2.5),57.0,80.0,15.0,Srinagar,80.0,8.0,3992-01-02,Kashmir
Hyderpora (Paraypora) Srinagar (PM-2.5),120.0,116.0,25.0,Srinagar,116.0,15.0,3992-02-02,Kashmir
Hyderpora (Paraypora) Srinagar (PM-2.5),97.0,103.0,17.0,Srinagar,103.0,9.0,3992-03-01,Kashmir
Hyderpora (Paraypora) Srinagar (PM-2.5),85.0,99.0,18.0,Srinagar,99.0,8.0,3992-04-01,Kashmir
Hyderpora (Paraypora) Srinagar (PM-2.5),79.0,75.0,14.0,Srinagar,75.0,7.0,3992-05-01,Kashmir
Hyderpora (Paraypora) Srinagar (PM-2.5),85.0,80.0,21.0,Srinagar,80.0,11.0,3992-06-01,Kashmir
Hyderpora (Paraypora) Srinagar (PM-2.5),63.0,73.0,13.0,Srinagar,73.0,6.0,3992-07-01,Kashmir
Hyderpora (Paraypora) Srinagar (PM-2.5),63.0,73.0,13.0,Srinagar,73.0,5.0,3992-08-01,Kashmir
Hyderpora (Paraypora) Srinagar (PM-2.5),67.0,63.0,17.0,Srinagar,63.0,7.0,3992-09-01,Kashmir
Hyderpora (Paraypora) Srinagar (PM-2.5),67.0,78.0,16.0,Srinagar,78.0,8.0,3992-10-01,Kashmir
Hyderpora (Paraypora) Srinagar (PM-2.5),85.0,93.0,15.0,Srinagar,78.0,7.0,3992-11-01,Kashmir
Hyderpora (Paraypora) Srinagar (PM-2.5),80.0,91.0,21.0,Srinagar,78.0,10.0,3992-12-01,Kashmir
Hyderpora (Paraypora) Srinagar (PM-2.5),100.0,89.0,20.0,Srinagar,78.0,10.0,3993-01-01,Kashmir
Hyderpora (Paraypora) Srinagar (PM-2.5),111.0,89.0,24.0,Srinagar,78.0,12.0,3993-02-01,Kashmir
Hyderpora (Paraypora) Srinagar (PM-2.5),91.0,89.0,19.0,Srinagar,79.0,9.0,3993-03-02,Kashmir
Hyderpora (Paraypora) Srinagar (PM-2.5),89.0,83.0,20.0,Srinagar,79.0,9.0,3993-04-02,Kashmir
Hyderpora (Paraypora) Srinagar (PM-2.5),96.0,81.0,19.0,Srinagar,79.0,9.0,3993-05-02,Kashmir
Hyderpora (Paraypora) Srinagar (PM-2.5),95.0,79.0,17.0,Srinagar,79.0,8.0,3993-06-02,Kashmir
Hyderpora (Paraypora) Srinagar (PM-2.5),116.0,82.0,19.0,Srinagar,82.0,9.0,3993-07-02,Kashmir
Hyderpora (Paraypora) Srinagar (PM-2.5),96.0,77.0,19.0,Srinagar,77.0,12.0,3993-08-02,Kashmir
Hyderpora (Paraypora) Srinagar (PM-2.5),75.0,73.0,13.0,Srinagar,73.0,10.0,3993-09-02,Kashmir
Hyderpora (Paraypora) Srinagar (PM-2.5),83.0,72.0,13.0,Srinagar,72.0,9.0,3993-10-02,Kashmir
Hyderpora (Paraypora) Srinagar (PM-2.5),88.0,71.0,14.0,Srinagar,84.0,7.0,3993-11-02,Kashmir
Hyderpora (Paraypora) Srinagar (PM-2.5),94.0,70.0,14.0,Srinagar,76.0,5.0,3993-12-02,Kashmir
Hyderpora (Paraypora) Srinagar (PM-2.5),80.0,69.0,12.0,Srinagar,69.0,4.0,3994-01-02,Kashmir
Hyderpora (Paraypora) Srinagar (PM-2.5),71.0,72.0,15.0,Srinagar,72.0,5.0,3994-02-02,Kashmir
Hyderpora (Paraypora) Srinagar (PM-2.5),73.0,76.0,18.0,Srinagar,76.0,8.0,3994-03-02,Kashmir
Hyderpora (Paraypora) Srinagar (PM-2.5),78.0,70.0,10.0,Srinagar,70.0,5.0,3994-04-02,Kashmir
Hyderpora (Paraypora) Srinagar (PM-2.5),68.0,69.0,13.0,Srinagar,69.0,6.0,3994-05-02,Kashmir
Hyderpora (Paraypora) Srinagar (PM-2.5),87.0,75.0,15.0,Srinagar,75.0,6.0,3994-06-02,Kashmir
Hyderpora (Paraypora) Srinagar (PM-2.5),78.0,72.0,12.0,Srinagar,72.0,6.0,3994-07-02,Kashmir
Hyderpora (Paraypora) Srinagar (PM-2.5),79.0,75.0,12.0,Srinagar,75.0,5.0,3994-08-02,Kashmir
Hyderpora (Paraypora) Srinagar (PM-2.5),71.0,65.0,13.0,Srinagar,65.0,5.0,3994-09-02,Kashmir
Hyderpora (Paraypora) Srinagar (PM-2.5),60.0,63.0,15.0,Srinagar,63.0,3.0,3994-10-02,Kashmir
Hyderpora (Paraypora) Srinagar (PM-2.5),78.0,66.0,21.0,Srinagar,66.0,3.0,3994-11-02,Kashmir
Hyderpora (Paraypora) Srinagar (PM-2.5),101.0,77.0,24.0,Srinagar,77.0,5.0,3994-12-02,Kashmir
Hyderpora (Paraypora) Srinagar (PM-2.5),111.0,83.0,25.0,Srinagar,83.0,5.0,3995-01-02,Kashmir
Hyderpora (Paraypora) Srinagar (PM-2.5),109.0,85.0,30.0,Srinagar,85.0,6.0,3995-02-02,Kashmir
Hyderpora (Paraypora) Srinagar (PM-2.5),107.0,85.0,27.0,Srinagar,85.0,8.0,3995-03-02,Kashmir
"J&K PCC Rajbagh Srinagar (PM-10, PM-2.5) 910",48.0,81.0,13.0,Srinagar,32.0,5.0,3991-01-02,Kashmir
"J&K PCC Rajbagh Srinagar (PM-10, PM-2.5) 910",71.0,96.0,12.0,Srinagar,25.0,6.0,3991-02-02,Kashmir
"J&K PCC Rajbagh Srinagar (PM-10, PM-2.5) 910",80.0,96.0,22.0,Srinagar,16.0,8.0,3991-03-02,Kashmir
"J&K PCC Rajbagh Srinagar (PM-10, PM-2.5) 910",42.0,71.0,14.0,Srinagar,28.0,7.0,3991-04-02,Kashmir
"J&K PCC Rajbagh Srinagar (PM-10, PM-2.5) 910",46.0,78.0,15.0,Srinagar,32.0,5.0,3991-05-02,Kashmir
"J&K PCC Rajbagh Srinagar (PM-10, PM-2.5) 910",53.0,77.0,15.0,Srinagar,23.0,5.0,3991-06-02,Kashmir
"J&K PCC Rajbagh Srinagar (PM-10, PM-2.5) 910",67.0,87.0,16.0,Srinagar,20.0,8.0,3991-07-02,Kashmir
"J&K PCC Rajbagh Srinagar (PM-10, PM-2.5) 910",46.0,77.0,12.0,Srinagar,29.0,6.0,3991-08-02,Kashmir
"J&K PCC Rajbagh Srinagar (PM-10, PM-2.5) 910",49.0,79.0,12.0,Srinagar,29.0,7.0,3991-09-02,Kashmir
"J&K PCC Rajbagh Srinagar (PM-10, PM-2.5) 910",52.0,93.0,14.0,Srinagar,35.0,7.0,3991-10-02,Kashmir
"J&K PCC Rajbagh Srinagar (PM-10, PM-2.5) 910",54.0,105.0,12.0,Srinagar,34.0,7.0,3991-11-02,Kashmir
"J&K PCC Rajbagh Srinagar (PM-10, PM-2.5) 910",56.0,103.0,17.0,Srinagar,27.0,9.0,3991-12-02,Kashmir
"J&K PCC Rajbagh Srinagar (PM-10, PM-2.5) 910",59.0,88.0,11.0,Srinagar,29.0,6.0,3992-01-02,Kashmir
"J&K PCC Rajbagh Srinagar (PM-10, PM-2.5) 910",59.0,91.0,13.0,Srinagar,31.0,6.0,3992-02-02,Kashmir
"J&K PCC Rajbagh Srinagar (PM-10, PM-2.5) 910",81.0,109.0,17.0,Srinagar,27.0,8.0,3992-03-01,Kashmir
"J&K PCC Rajbagh Srinagar (PM-10, PM-2.5) 910",38.0,88.0,9.0,Srinagar,50.0,4.0,3992-04-01,Kashmir
"J&K PCC Rajbagh Srinagar (PM-10, PM-2.5) 910",101.0,101.0,22.0,Srinagar,85.0,9.0,3992-05-01,Kashmir
"J&K PCC Rajbagh Srinagar (PM-10, PM-2.5) 910",48.0,92.0,13.0,Srinagar,43.0,6.0,3992-06-01,Kashmir
"J&K PCC Rajbagh Srinagar (PM-10, PM-2.5) 910",50.0,93.0,11.0,Srinagar,43.0,5.0,3992-07-01,Kashmir
"J&K PCC Rajbagh Srinagar (PM-10, PM-2.5) 910",38.0,74.0,11.0,Srinagar,35.0,4.0,3992-08-01,Kashmir
"J&K PCC Rajbagh Srinagar (PM-10, PM-2.5) 910",55.0,94.0,12.0,Srinagar,38.0,6.0,3992-09-01,Kashmir
"J&K PCC Rajbagh Srinagar (PM-10, PM-2.5) 910",56.0,89.0,11.0,Srinagar,32.0,4.0,3992-10-01,Kashmir
"J&K PCC Rajbagh Srinagar (PM-10, PM-2.5) 910",84.0,87.0,9.0,Srinagar,49.0,3.0,3992-11-01,Kashmir
"J&K PCC Rajbagh Srinagar (PM-10, PM-2.5) 910",113.0,113.0,7.0,Srinagar,36.0,5.0,3992-12-01,Kashmir
"J&K PCC Rajbagh Srinagar (PM-10, PM-2.5) 910",141.0,141.0,16.0,Srinagar,37.0,7.0,3993-01-01,Kashmir
"J&K PCC Rajbagh Srinagar (PM-10, PM-2.5) 910",101.0,101.0,19.0,Srinagar,38.0,9.0,3993-02-01,Kashmir
"J&K PCC Rajbagh Srinagar (PM-10, PM-2.5) 910",60.0,84.0,13.0,Srinagar,39.0,6.0,3993-03-02,Kashmir
"J&K PCC Rajbagh Srinagar (PM-10, PM-2.5) 910",80.0,80.0,20.0,Srinagar,40.0,8.0,3993-04-02,Kashmir
"J&K PCC Rajbagh Srinagar (PM-10, PM-2.5) 910",93.0,93.0,21.0,Srinagar,42.0,11.0,3993-05-02,Kashmir
"J&K PCC Rajbagh Srinagar (PM-10, PM-2.5) 910",70.0,81.0,11.0,Srinagar,43.0,7.0,3993-06-02,Kashmir
"J&K PCC Rajbagh Srinagar (PM-10, PM-2.5) 910",52.0,67.0,10.0,Srinagar,33.0,4.0,3993-07-02,Kashmir
"J&K PCC Rajbagh Srinagar (PM-10, PM-2.5) 910",39.0,60.0,7.0,Srinagar,26.0,2.0,3993-08-02,Kashmir
"J&K PCC Rajbagh Srinagar (PM-10, PM-2.5) 910",30.0,64.0,4.0,Srinagar,39.0,2.0,3993-09-02,Kashmir
"J&K PCC Rajbagh Srinagar (PM-10, PM-2.5) 910",37.0,76.0,3.0,Srinagar,49.0,2.0,3993-10-02,Kashmir
"J&K PCC Rajbagh Srinagar (PM-10, PM-2.5) 910",44.0,110.0,10.0,Srinagar,34.0,2.0,3993-11-02,Kashmir
"J&K PCC Rajbagh Srinagar (PM-10, PM-2.5) 910",50.0,139.0,10.0,Srinagar,64.0,6.0,3993-12-02,Kashmir
"J&K PCC Rajbagh Srinagar (PM-10, PM-2.5) 910",57.0,85.0,5.0,Srinagar,35.0,3.0,3994-01-02,Kashmir
"J&K PCC Rajbagh Srinagar (PM-10, PM-2.5) 910",46.0,80.0,5.0,Srinagar,34.0,3.0,3994-02-02,Kashmir
"J&K PCC Rajbagh Srinagar (PM-10, PM-2.5) 910",32.0,63.0,5.0,Srinagar,30.0,2.0,3994-03-02,Kashmir
"J&K PCC Rajbagh Srinagar (PM-10, PM-2.5) 910",44.0,58.0,7.0,Srinagar,35.0,4.0,3994-04-02,Kashmir
"J&K PCC Rajbagh Srinagar (PM-10, PM-2.5) 910",35.0,69.0,5.0,Srinagar,34.0,2.0,3994-05-02,Kashmir
"J&K PCC Rajbagh Srinagar (PM-10, PM-2.5) 910",34.0,53.0,6.0,Srinagar,36.0,2.0,3994-06-02,Kashmir
"J&K PCC Rajbagh Srinagar (PM-10, PM-2.5) 910",26.0,59.0,3.0,Srinagar,38.0,1.0,3994-07-02,Kashmir
"J&K PCC Rajbagh Srinagar (PM-10, PM-2.5) 910",62.0,63.0,9.0,Srinagar,36.0,3.0,3994-08-02,Kashmir
"J&K PCC Rajbagh Srinagar (PM-10, PM-2.5) 910",17.0,48.0,3.0,Srinagar,38.0,1.0,3994-09-02,Kashmir
"J&K PCC Rajbagh Srinagar (PM-10, PM-2.5) 910",40.0,68.0,5.0,Srinagar,32.0,1.0,3994-10-02,Kashmir
"J&K PCC Rajbagh Srinagar (PM-10, PM-2.5) 910",102.0,166.0,7.0,Srinagar,72.0,1.0,3994-11-02,Kashmir
"J&K PCC Rajbagh Srinagar (PM-10, PM-2.5) 910",118.0,120.0,7.0,Srinagar,86.0,1.0,3994-12-02,Kashmir
"J&K PCC Rajbagh Srinagar (PM-10, PM-2.5) 910",134.0,134.0,15.0,Srinagar,68.0,1.0,3995-01-02,Kashmir
"J&K PCC Rajbagh Srinagar (PM-10, PM-2.5) 910",127.0,127.0,14.0,Srinagar,67.0,1.0,3995-02-02,Kashmir
"J&K PCC Rajbagh Srinagar (PM-10, PM-2.5) 910",127.0,133.0,14.0,Srinagar,67.0,1.0,3995-03-02,Kashmir
Jehangir Chowk Srinagar (PM-2.5),106.0,86.0,19.0,Srinagar,86.0,8.0,3991-01-02,Kashmir
Jehangir Chowk Srinagar (PM-2.5),99.0,65.0,14.0,Srinagar,65.0,7.0,3991-02-02,Kashmir
Jehangir Chowk Srinagar (PM-2.5),86.0,73.0,16.0,Srinagar,73.0,8.0,3991-03-02,Kashmir
Jehangir Chowk Srinagar (PM-2.5),81.0,74.0,15.0,Srinagar,74.0,8.0,3991-04-02,Kashmir
Jehangir Chowk Srinagar (PM-2.5),71.0,62.0,15.0,Srinagar,62.0,6.0,3991-05-02,Kashmir
Jehangir Chowk Srinagar (PM-2.5),84.0,76.0,16.0,Srinagar,76.0,7.0,3991-06-02,Kashmir
Jehangir Chowk Srinagar (PM-2.5),77.0,68.0,18.0,Srinagar,68.0,5.0,3991-07-02,Kashmir
Jehangir Chowk Srinagar (PM-2.5),69.0,70.0,15.0,Srinagar,70.0,7.0,3991-08-02,Kashmir
Jehangir Chowk Srinagar (PM-2.5),73.0,70.0,15.0,Srinagar,70.0,6.0,3991-09-02,Kashmir
Jehangir Chowk Srinagar (PM-2.5),84.0,72.0,15.0,Srinagar,72.0,6.0,3991-10-02,Kashmir
Jehangir Chowk Srinagar (PM-2.5),93.0,79.0,20.0,Srinagar,79.0,8.0,3991-11-02,Kashmir
Jehangir Chowk Srinagar (PM-2.5),87.0,74.0,22.0,Srinagar,74.0,10.0,3991-12-02,Kashmir
Jehangir Chowk Srinagar (PM-2.5),64.0,73.0,15.0,Srinagar,73.0,5.0,3992-01-02,Kashmir
Jehangir Chowk Srinagar (PM-2.5),120.0,109.0,24.0,Srinagar,109.0,13.0,3992-02-02,Kashmir
Jehangir Chowk Srinagar (PM-2.5),102.0,99.0,16.0,Srinagar,99.0,7.0,3992-03-01,Kashmir
Jehangir Chowk Srinagar (PM-2.5),80.0,86.0,13.0,Srinagar,86.0,6.0,3992-04-01,Kashmir
Jehangir Chowk Srinagar (PM-2.5),89.0,87.0,18.0,Srinagar,87.0,8.0,3992-05-01,Kashmir
Jehangir Chowk Srinagar (PM-2.5),92.0,90.0,24.0,Srinagar,90.0,13.0,3992-06-01,Kashmir
Jehangir Chowk Srinagar (PM-2.5),94.0,89.0,22.0,Srinagar,89.0,12.0,3992-07-01,Kashmir
Jehangir Chowk Srinagar (PM-2.5),81.0,78.0,16.0,Srinagar,78.0,7.0,3992-08-01,Kashmir
Jehangir Chowk Srinagar (PM-2.5),102.0,88.0,21.0,Srinagar,88.0,9.0,3992-09-01,Kashmir
Jehangir Chowk Srinagar (PM-2.5),119.0,117.0,22.0,Srinagar,117.0,10.0,3992-10-01,Kashmir
Jehangir Chowk Srinagar (PM-2.5),128.0,111.0,20.0,Srinagar,111.0,8.0,3992-11-01,Kashmir
Jehangir Chowk Srinagar (PM-2.5),123.0,103.0,19.0,Srinagar,103.0,7.0,3992-12-01,Kashmir
Jehangir Chowk Srinagar (PM-2.5),106.0,96.0,22.0,Srinagar,96.0,10.0,3993-01-01,Kashmir
Jehangir Chowk Srinagar (PM-2.5),105.0,89.0,23.0,Srinagar,89.0,12.0,3993-02-01,Kashmir
Jehangir Chowk Srinagar (PM-2.5),98.0,89.0,23.0,Srinagar,89.0,11.0,3993-03-02,Kashmir
Jehangir Chowk Srinagar (PM-2.5),82.0,75.0,21.0,Srinagar,75.0,9.0,3993-04-02,Kashmir
Jehangir Chowk Srinagar (PM-2.5),83.0,68.0,17.0,Srinagar,68.0,8.0,3993-05-02,Kashmir
Jehangir Chowk Srinagar (PM-2.5),73.0,61.0,14.0,Srinagar,61.0,7.0,3993-06-02,Kashmir
Jehangir Chowk Srinagar (PM-2.5),69.0,68.0,16.0,Srinagar,68.0,9.0,3993-07-02,Kashmir
Jehangir Chowk Srinagar (PM-2.5),107.0,85.0,20.0,Srinagar,85.0,10.0,3993-08-02,Kashmir
Jehangir Chowk Srinagar (PM-2.5),91.0,77.0,18.0,Srinagar,77.0,11.0,3993-09-02,Kashmir
Jehangir Chowk Srinagar (PM-2.5),84.0,74.0,14.0,Srinagar,74.0,10.0,3993-10-02,Kashmir
Jehangir Chowk Srinagar (PM-2.5),90.0,79.0,14.0,Srinagar,82.0,8.0,3993-11-02,Kashmir
Jehangir Chowk Srinagar (PM-2.5),105.0,83.0,13.0,Srinagar,85.0,6.0,3993-12-02,Kashmir
Jehangir Chowk Srinagar (PM-2.5),97.0,88.0,17.0,Srinagar,88.0,10.0,3994-01-02,Kashmir
Jehangir Chowk Srinagar (PM-2.5),72.0,82.0,16.0,Srinagar,82.0,7.0,3994-02-02,Kashmir
Jehangir Chowk Srinagar (PM-2.5),72.0,81.0,18.0,Srinagar,81.0,10.0,3994-03-02,Kashmir
Jehangir Chowk Srinagar (PM-2.5),95.0,83.0,18.0,Srinagar,83.0,10.0,3994-04-02,Kashmir
Jehangir Chowk Srinagar (PM-2.5),71.0,77.0,18.0,Srinagar,77.0,7.0,3994-05-02,Kashmir
Jehangir Chowk Srinagar (PM-2.5),59.0,57.0,10.0,Srinagar,57.0,4.0,3994-06-02,Kashmir
Jehangir Chowk Srinagar (PM-2.5),89.0,83.0,16.0,Srinagar,83.0,9.0,3994-07-02,Kashmir
Jehangir Chowk Srinagar (PM-2.5),79.0,76.0,10.0,Srinagar,76.0,4.0,3994-08-02,Kashmir
Jehangir Chowk Srinagar (PM-2.5),79.0,68.0,15.0,Srinagar,68.0,6.0,3994-09-02,Kashmir
Jehangir Chowk Srinagar (PM-2.5),73.0,73.0,15.0,Srinagar,73.0,6.0,3994-10-02,Kashmir
Jehangir Chowk Srinagar (PM-2.5),95.0,88.0,20.0,Srinagar,88.0,5.0,3994-11-02,Kashmir
Jehangir Chowk Srinagar (PM-2.5),109.0,120.0,20.0,Srinagar,120.0,6.0,3994-12-02,Kashmir
Jehangir Chowk Srinagar (PM-2.5),110.0,87.0,24.0,Srinagar,87.0,8.0,3995-01-02,Kashmir
Jehangir Chowk Srinagar (PM-2.5),107.0,94.0,27.0,Srinagar,94.0,11.0,3995-02-02,Kashmir
Jehangir Chowk Srinagar (PM-2.5),108.0,94.0,27.0,Srinagar,94.0,11.0,3995-03-02,Kashmir
Khonmoh Srinagar (PM-10) 911,144.0,144.0,38.0,Srinagar,40.0,22.0,3991-01-02,Kashmir
Khonmoh Srinagar (PM-10) 911,156.0,156.0,23.0,Srinagar,37.0,13.0,3991-02-02,Kashmir
Khonmoh Srinagar (PM-10) 911,148.0,148.0,21.0,Srinagar,44.0,14.0,3991-03-02,Kashmir
Khonmoh Srinagar (PM-10) 911,149.0,149.0,30.0,Srinagar,45.0,11.0,3991-04-02,Kashmir
Khonmoh Srinagar (PM-10) 911,152.0,152.0,35.0,Srinagar,53.0,12.0,3991-05-02,Kashmir
Khonmoh Srinagar (PM-10) 911,153.0,153.0,27.0,Srinagar,61.0,10.0,3991-06-02,Kashmir
Khonmoh Srinagar (PM-10) 911,113.0,113.0,26.0,Srinagar,43.0,12.0,3991-07-02,Kashmir
Khonmoh Srinagar (PM-10) 911,136.0,136.0,27.0,Srinagar,52.0,12.0,3991-08-02,Kashmir
Khonmoh Srinagar (PM-10) 911,128.0,128.0,27.0,Srinagar,31.0,15.0,3991-09-02,Kashmir
Khonmoh Srinagar (PM-10) 911,142.0,142.0,26.0,Srinagar,49.0,16.0,3991-10-02,Kashmir
Khonmoh Srinagar (PM-10) 911,177.0,177.0,31.0,Srinagar,41.0,21.0,3991-11-02,Kashmir
Khonmoh Srinagar (PM-10) 911,164.0,164.0,32.0,Srinagar,62.0,22.0,3991-12-02,Kashmir
Khonmoh Srinagar (PM-10) 911,150.0,150.0,24.0,Srinagar,57.0,13.0,3992-01-02,Kashmir
Khonmoh Srinagar (PM-10) 911,151.0,151.0,26.0,Srinagar,58.0,15.0,3992-02-02,Kashmir
Khonmoh Srinagar (PM-10) 911,146.0,146.0,30.0,Srinagar,35.0,17.0,3992-03-01,Kashmir
Khonmoh Srinagar (PM-10) 911,138.0,138.0,27.0,Srinagar,46.0,14.0,3992-04-01,Kashmir
Khonmoh Srinagar (PM-10) 911,114.0,114.0,25.0,Srinagar,39.0,13.0,3992-05-01,Kashmir
Khonmoh Srinagar (PM-10) 911,111.0,111.0,29.0,Srinagar,45.0,16.0,3992-06-01,Kashmir
Khonmoh Srinagar (PM-10) 911,112.0,112.0,28.0,Srinagar,43.0,15.0,3992-07-01,Kashmir
Khonmoh Srinagar (PM-10) 911,115.0,115.0,24.0,Srinagar,44.0,12.0,3992-08-01,Kashmir
Khonmoh Srinagar (PM-10) 911,98.0,98.0,23.0,Srinagar,38.0,11.0,3992-09-01,Kashmir
Khonmoh Srinagar (PM-10) 911,133.0,133.0,22.0,Srinagar,64.0,9.0,3992-10-01,Kashmir
Khonmoh Srinagar (PM-10) 911,191.0,198.0,24.0,Srinagar,76.0,15.0,3992-11-01,Kashmir
Khonmoh Srinagar (PM-10) 911,180.0,172.0,27.0,Srinagar,90.0,8.0,3992-12-01,Kashmir
Khonmoh Srinagar (PM-10) 911,173.0,173.0,29.0,Srinagar,85.0,1.0,3993-01-01,Kashmir
Khonmoh Srinagar (PM-10) 911,125.0,125.0,22.0,Srinagar,55.0,11.0,3993-02-01,Kashmir
Khonmoh Srinagar (PM-10) 911,97.0,97.0,23.0,Srinagar,72.0,11.0,3993-03-02,Kashmir
Khonmoh Srinagar (PM-10) 911,85.0,85.0,22.0,Srinagar,55.0,10.0,3993-04-02,Kashmir
Khonmoh Srinagar (PM-10) 911,101.0,101.0,20.0,Srinagar,44.0,10.0,3993-05-02,Kashmir
Khonmoh Srinagar (PM-10) 911,109.0,109.0,21.0,Srinagar,51.0,12.0,3993-06-02,Kashmir
Khonmoh Srinagar (PM-10) 911,56.0,56.0,19.0,Srinagar,39.0,12.0,3993-07-02,Kashmir
Khonmoh Srinagar (PM-10) 911,63.0,63.0,20.0,Srinagar,26.0,15.0,3993-08-02,Kashmir
Khonmoh Srinagar (PM-10) 911,65.0,65.0,20.0,Srinagar,46.0,15.0,3993-09-02,Kashmir
Khonmoh Srinagar (PM-10) 911,100.0,100.0,23.0,Srinagar,33.0,19.0,3993-10-02,Kashmir
Khonmoh Srinagar (PM-10) 911,194.0,194.0,25.0,Srinagar,34.0,5.0,3993-11-02,Kashmir
Khonmoh Srinagar (PM-10) 911,247.0,255.0,22.0,Srinagar,5.0,13.0,3993-12-02,Kashmir
Khonmoh Srinagar (PM-10) 911,152.0,152.0,20.0,Srinagar,82.0,14.0,3994-01-02,Kashmir
Khonmoh Srinagar (PM-10) 911,150.0,150.0,25.0,Srinagar,53.0,19.0,3994-02-02,Kashmir
Khonmoh Srinagar (PM-10) 911,139.0,139.0,21.0,Srinagar,49.0,15.0,3994-03-02,Kashmir
Khonmoh Srinagar (PM-10) 911,101.0,106.0,22.0,Srinagar,43.0,13.0,3994-04-02,Kashmir
Khonmoh Srinagar (PM-10) 911,115.0,115.0,22.0,Srinagar,52.0,13.0,3994-05-02,Kashmir
Khonmoh Srinagar (PM-10) 911,159.0,159.0,25.0,Srinagar,27.0,14.0,3994-06-02,Kashmir
Khonmoh Srinagar (PM-10) 911,148.0,148.0,23.0,Srinagar,39.0,13.0,3994-07-02,Kashmir
Khonmoh Srinagar (PM-10) 911,117.0,117.0,18.0,Srinagar,49.0,10.0,3994-08-02,Kashmir
Khonmoh Srinagar (PM-10) 911,171.0,171.0,19.0,Srinagar,41.0,14.0,3994-09-02,Kashmir
Khonmoh Srinagar (PM-10) 911,168.0,168.0,23.0,Srinagar,74.0,14.0,3994-10-02,Kashmir
Khonmoh Srinagar (PM-10) 911,279.0,279.0,29.0,Srinagar,31.0,14.0,3994-11-02,Kashmir
Khonmoh Srinagar (PM-10) 911,212.0,246.0,21.0,Srinagar,38.0,14.0,3994-12-02,Kashmir
Khonmoh Srinagar (PM-10) 911,145.0,145.0,31.0,Srinagar,60.0,14.0,3995-01-02,Kashmir
Khonmoh Srinagar (PM-10) 911,102.0,102.0,29.0,Srinagar,65.0,14.0,3995-02-02,Kashmir
Khonmoh Srinagar (PM-10) 911,102.0,100.0,29.0,Srinagar,65.0,14.0,3995-03-02,Kashmir
Kralsangri Srinagar (PM-10),81.0,82.0,12.0,Srinagar,45.0,4.0,3991-01-02,Kashmir
Kralsangri Srinagar (PM-10),141.0,143.0,12.0,Srinagar,83.0,4.0,3991-02-02,Kashmir
Kralsangri Srinagar (PM-10),110.0,111.0,19.0,Srinagar,41.0,3.0,3991-03-02,Kashmir
Kralsangri Srinagar (PM-10),190.0,189.0,19.0,Srinagar,50.0,6.0,3991-04-02,Kashmir
Kralsangri Srinagar (PM-10),81.0,80.0,18.0,Srinagar,37.0,7.0,3991-05-02,Kashmir
Kralsangri Srinagar (PM-10),81.0,82.0,18.0,Srinagar,37.0,7.0,3991-06-02,Kashmir
Kralsangri Srinagar (PM-10),81.0,81.0,18.0,Srinagar,37.0,7.0,3991-07-02,Kashmir
Kralsangri Srinagar (PM-10),81.0,79.0,18.0,Srinagar,37.0,7.0,3991-08-02,Kashmir
Kralsangri Srinagar (PM-10),81.0,81.0,18.0,Srinagar,37.0,7.0,3991-09-02,Kashmir
Kralsangri Srinagar (PM-10),79.0,78.0,18.0,Srinagar,37.0,7.0,3991-10-02,Kashmir
Kralsangri Srinagar (PM-10),76.0,77.0,18.0,Srinagar,36.0,7.0,3991-11-02,Kashmir
Kralsangri Srinagar (PM-10),76.0,75.0,18.0,Srinagar,36.0,7.0,3991-12-02,Kashmir
Kralsangri Srinagar (PM-10),76.0,77.0,18.0,Srinagar,36.0,7.0,3992-01-02,Kashmir
Kralsangri Srinagar (PM-10),70.0,69.0,17.0,Srinagar,33.0,6.0,3992-02-02,Kashmir
Kralsangri Srinagar (PM-10),67.0,67.0,17.0,Srinagar,32.0,6.0,3992-03-01,Kashmir
Kralsangri Srinagar (PM-10),65.0,65.0,17.0,Srinagar,31.0,6.0,3992-04-01,Kashmir
Kralsangri Srinagar (PM-10),68.0,68.0,17.0,Srinagar,32.0,5.0,3992-05-01,Kashmir
Kralsangri Srinagar (PM-10),130.0,130.0,9.0,Srinagar,56.0,3.0,3992-06-01,Kashmir
Kralsangri Srinagar (PM-10),89.0,89.0,17.0,Srinagar,41.0,6.0,3992-07-01,Kashmir
Kralsangri Srinagar (PM-10),57.0,57.0,10.0,Srinagar,28.0,5.0,3992-08-01,Kashmir
Kralsangri Srinagar (PM-10),57.0,57.0,17.0,Srinagar,28.0,5.0,3992-09-01,Kashmir
Kralsangri Srinagar (PM-10),88.0,88.0,15.0,Srinagar,40.0,5.0,3992-10-01,Kashmir
Kralsangri Srinagar (PM-10),109.0,111.0,20.0,Srinagar,48.0,5.0,3992-11-01,Kashmir
Kralsangri Srinagar (PM-10),113.0,112.0,12.0,Srinagar,50.0,5.0,3992-12-01,Kashmir
Kralsangri Srinagar (PM-10),122.0,122.0,14.0,Srinagar,53.0,5.0,3993-01-01,Kashmir
Kralsangri Srinagar (PM-10),115.0,115.0,14.0,Srinagar,51.0,5.0,3993-02-01,Kashmir
Kralsangri Srinagar (PM-10),109.0,108.0,13.0,Srinagar,48.0,6.0,3993-03-02,Kashmir
Kralsangri Srinagar (PM-10),102.0,102.0,13.0,Srinagar,46.0,6.0,3993-04-02,Kashmir
Kralsangri Srinagar (PM-10),96.0,95.0,12.0,Srinagar,43.0,6.0,3993-05-02,Kashmir
Kralsangri Srinagar (PM-10),89.0,89.0,12.0,Srinagar,41.0,6.0,3993-06-02,Kashmir
Kralsangri Srinagar (PM-10),88.0,88.0,10.0,Srinagar,25.0,5.0,3993-07-02,Kashmir
Kralsangri Srinagar (PM-10),83.0,83.0,8.0,Srinagar,25.0,3.0,3993-08-02,Kashmir
Kralsangri Srinagar (PM-10),86.0,86.0,12.0,Srinagar,25.0,6.0,3993-09-02,Kashmir
Kralsangri Srinagar (PM-10),82.0,82.0,9.0,Srinagar,25.0,5.0,3993-10-02,Kashmir
Kralsangri Srinagar (PM-10),110.0,109.0,9.0,Srinagar,25.0,2.0,3993-11-02,Kashmir
Kralsangri Srinagar (PM-10),118.0,119.0,9.0,Srinagar,71.0,5.0,3993-12-02,Kashmir
Kralsangri Srinagar (PM-10),79.0,85.0,9.0,Srinagar,60.0,4.0,3994-01-02,Kashmir
Kralsangri Srinagar (PM-10),78.0,78.0,14.0,Srinagar,64.0,7.0,3994-02-02,Kashmir
Kralsangri Srinagar (PM-10),59.0,59.0,11.0,Srinagar,49.0,4.0,3994-03-02,Kashmir
Kralsangri Srinagar (PM-10),69.0,69.0,8.0,Srinagar,46.0,5.0,3994-04-02,Kashmir
Kralsangri Srinagar (PM-10),43.0,43.0,11.0,Srinagar,22.0,5.0,3994-05-02,Kashmir
Kralsangri Srinagar (PM-10),52.0,52.0,9.0,Srinagar,28.0,3.0,3994-06-02,Kashmir
Kralsangri Srinagar (PM-10),44.0,44.0,9.0,Srinagar,26.0,4.0,3994-07-02,Kashmir
Kralsangri Srinagar (PM-10),46.0,46.0,10.0,Srinagar,23.0,4.0,3994-08-02,Kashmir
Kralsangri Srinagar (PM-10),54.0,54.0,8.0,Srinagar,20.0,4.0,3994-09-02,Kashmir
Kralsangri Srinagar (PM-10),39.0,39.0,8.0,Srinagar,18.0,4.0,3994-10-02,Kashmir
Kralsangri Srinagar (PM-10),39.0,40.0,8.0,Srinagar,18.0,4.0,3994-11-02,Kashmir
Kralsangri Srinagar (PM-10),39.0,38.0,8.0,Srinagar,18.0,4.0,3994-12-02,Kashmir
Kralsangri Srinagar (PM-10),39.0,38.0,8.0,Srinagar,18.0,4.0,3995-01-02,Kashmir
Kralsangri Srinagar (PM-10),39.0,39.0,8.0,Srinagar,18.0,4.0,3995-02-02,Kashmir
Kralsangri Srinagar (PM-10),39.0,39.0,8.0,Srinagar,18.0,4.0,3995-03-02,Kashmir
Soura Near SKIMS Srinagar (PM-2.5),86.0,70.0,13.0,Srinagar,70.0,6.0,3991-01-02,Kashmir
Soura Near SKIMS Srinagar (PM-2.5),82.0,58.0,12.0,Srinagar,58.0,6.0,3991-02-02,Kashmir
Soura Near SKIMS Srinagar (PM-2.5),87.0,64.0,14.0,Srinagar,64.0,7.0,3991-03-02,Kashmir
Soura Near SKIMS Srinagar (PM-2.5),73.0,65.0,15.0,Srinagar,65.0,8.0,3991-04-02,Kashmir
Soura Near SKIMS Srinagar (PM-2.5),88.0,70.0,16.0,Srinagar,70.0,7.0,3991-05-02,Kashmir
Soura Near SKIMS Srinagar (PM-2.5),67.0,66.0,15.0,Srinagar,66.0,6.0,3991-06-02,Kashmir
Soura Near SKIMS Srinagar (PM-2.5),72.0,65.0,16.0,Srinagar,65.0,5.0,3991-07-02,Kashmir
Soura Near SKIMS Srinagar (PM-2.5),69.0,65.0,17.0,Srinagar,65.0,7.0,3991-08-02,Kashmir
Soura Near SKIMS Srinagar (PM-2.5),74.0,72.0,15.0,Srinagar,72.0,5.0,3991-09-02,Kashmir
Soura Near SKIMS Srinagar (PM-2.5),88.0,77.0,19.0,Srinagar,77.0,7.0,3991-10-02,Kashmir
Soura Near SKIMS Srinagar (PM-2.5),94.0,82.0,20.0,Srinagar,82.0,9.0,3991-11-02,Kashmir
Soura Near SKIMS Srinagar (PM-2.5),86.0,78.0,23.0,Srinagar,78.0,10.0,3991-12-02,Kashmir
Soura Near SKIMS Srinagar (PM-2.5),74.0,78.0,16.0,Srinagar,78.0,6.0,3992-01-02,Kashmir
Soura Near SKIMS Srinagar (PM-2.5),94.0,94.0,18.0,Srinagar,94.0,7.0,3992-02-02,Kashmir
Soura Near SKIMS Srinagar (PM-2.5),122.0,115.0,24.0,Srinagar,115.0,12.0,3992-03-01,Kashmir
Soura Near SKIMS Srinagar (PM-2.5),75.0,74.0,12.0,Srinagar,74.0,5.0,3992-04-01,Kashmir
Soura Near SKIMS Srinagar (PM-2.5),79.0,82.0,16.0,Srinagar,82.0,7.0,3992-05-01,Kashmir
Soura Near SKIMS Srinagar (PM-2.5),92.0,87.0,21.0,Srinagar,87.0,11.0,3992-06-01,Kashmir
Soura Near SKIMS Srinagar (PM-2.5),93.0,83.0,23.0,Srinagar,83.0,12.0,3992-07-01,Kashmir
Soura Near SKIMS Srinagar (PM-2.5),100.0,90.0,22.0,Srinagar,90.0,10.0,3992-08-01,Kashmir
Soura Near SKIMS Srinagar (PM-2.5),81.0,78.0,20.0,Srinagar,78.0,9.0,3992-09-01,Kashmir
Soura Near SKIMS Srinagar (PM-2.5),82.0,84.0,20.0,Srinagar,84.0,10.0,3992-10-01,Kashmir
Soura Near SKIMS Srinagar (PM-2.5),128.0,104.0,19.0,Srinagar,104.0,8.0,3992-11-01,Kashmir
Soura Near SKIMS Srinagar (PM-2.5),109.0,106.0,20.0,Srinagar,106.0,7.0,3992-12-01,Kashmir
Soura Near SKIMS Srinagar (PM-2.5),112.0,102.0,22.0,Srinagar,102.0,9.0,3993-01-01,Kashmir
Soura Near SKIMS Srinagar (PM-2.5),107.0,97.0,23.0,Srinagar,97.0,12.0,3993-02-01,Kashmir
Soura Near SKIMS Srinagar (PM-2.5),103.0,97.0,22.0,Srinagar,97.0,10.0,3993-03-02,Kashmir
Soura Near SKIMS Srinagar (PM-2.5),95.0,89.0,20.0,Srinagar,89.0,9.0,3993-04-02,Kashmir
Soura Near SKIMS Srinagar (PM-2.5),102.0,84.0,20.0,Srinagar,84.0,9.0,3993-05-02,Kashmir
Soura Near SKIMS Srinagar (PM-2.5),112.0,80.0,17.0,Srinagar,80.0,7.0,3993-06-02,Kashmir
Soura Near SKIMS Srinagar (PM-2.5),100.0,81.0,18.0,Srinagar,81.0,8.0,3993-07-02,Kashmir
Soura Near SKIMS Srinagar (PM-2.5),66.0,65.0,17.0,Srinagar,65.0,11.0,3993-08-02,Kashmir
Soura Near SKIMS Srinagar (PM-2.5),92.0,71.0,17.0,Srinagar,71.0,10.0,3993-09-02,Kashmir
Soura Near SKIMS Srinagar (PM-2.5),77.0,77.0,15.0,Srinagar,77.0,10.0,3993-10-02,Kashmir
Soura Near SKIMS Srinagar (PM-2.5),108.0,85.0,17.0,Srinagar,85.0,9.0,3993-11-02,Kashmir
Soura Near SKIMS Srinagar (PM-2.5),114.0,85.0,13.0,Srinagar,85.0,7.0,3993-12-02,Kashmir
Soura Near SKIMS Srinagar (PM-2.5),80.0,81.0,14.0,Srinagar,81.0,9.0,3994-01-02,Kashmir
Soura Near SKIMS Srinagar (PM-2.5),66.0,74.0,15.0,Srinagar,74.0,7.0,3994-02-02,Kashmir
Soura Near SKIMS Srinagar (PM-2.5),66.0,69.0,15.0,Srinagar,69.0,8.0,3994-03-02,Kashmir
Soura Near SKIMS Srinagar (PM-2.5),56.0,58.0,11.0,Srinagar,58.0,6.0,3994-04-02,Kashmir
Soura Near SKIMS Srinagar (PM-2.5),60.0,65.0,12.0,Srinagar,65.0,6.0,3994-05-02,Kashmir
Soura Near SKIMS Srinagar (PM-2.5),73.0,68.0,12.0,Srinagar,68.0,5.0,3994-06-02,Kashmir
Soura Near SKIMS Srinagar (PM-2.5),57.0,64.0,12.0,Srinagar,64.0,6.0,3994-07-02,Kashmir
Soura Near SKIMS Srinagar (PM-2.5),67.0,62.0,12.0,Srinagar,62.0,5.0,3994-08-02,Kashmir
Soura Near SKIMS Srinagar (PM-2.5),64.0,62.0,14.0,Srinagar,62.0,5.0,3994-09-02,Kashmir
Soura Near SKIMS Srinagar (PM-2.5),65.0,66.0,13.0,Srinagar,66.0,5.0,3994-10-02,Kashmir
Soura Near SKIMS Srinagar (PM-2.5),83.0,75.0,18.0,Srinagar,75.0,5.0,3994-11-02,Kashmir
Soura Near SKIMS Srinagar (PM-2.5),113.0,89.0,20.0,Srinagar,89.0,6.0,3994-12-02,Kashmir
Soura Near SKIMS Srinagar (PM-2.5),109.0,103.0,23.0,Srinagar,103.0,8.0,3995-01-02,Kashmir
Soura Near SKIMS Srinagar (PM-2.5),70.0,69.0,19.0,Srinagar,69.0,7.0,3995-02-02,Kashmir
Soura Near SKIMS Srinagar (PM-2.5),70.0,69.0,21.0,Srinagar,69.0,6.0,3995-03-02,Kashmir
Zakura Srinagar (PM-10),138.0,141.0,13.0,Srinagar,70.0,5.0,3991-01-02,Kashmir
Zakura Srinagar (PM-10),124.0,133.0,13.0,Srinagar,47.0,8.0,3991-02-02,Kashmir
Zakura Srinagar (PM-10),176.0,182.0,15.0,Srinagar,100.0,4.0,3991-03-02,Kashmir
Zakura Srinagar (PM-10),68.0,62.0,13.0,Srinagar,35.0,8.0,3991-04-02,Kashmir
Zakura Srinagar (PM-10),64.0,58.0,16.0,Srinagar,35.0,5.0,3991-05-02,Kashmir
Zakura Srinagar (PM-10),49.0,51.0,14.0,Srinagar,33.0,4.0,3991-06-02,Kashmir
Zakura Srinagar (PM-10),56.0,44.0,14.0,Srinagar,33.0,7.0,3991-07-02,Kashmir
Zakura Srinagar (PM-10),46.0,41.0,12.0,Srinagar,33.0,5.0,3991-08-02,Kashmir
Zakura Srinagar (PM-10),47.0,44.0,12.0,Srinagar,33.0,6.0,3991-09-02,Kashmir
Zakura Srinagar (PM-10),48.0,44.0,13.0,Srinagar,34.0,4.0,3991-10-02,Kashmir
Zakura Srinagar (PM-10),56.0,58.0,13.0,Srinagar,36.0,6.0,3991-11-02,Kashmir
Zakura Srinagar (PM-10),63.0,65.0,19.0,Srinagar,38.0,6.0,3991-12-02,Kashmir
Zakura Srinagar (PM-10),63.0,56.0,19.0,Srinagar,38.0,6.0,3992-01-02,Kashmir
Zakura Srinagar (PM-10),63.0,64.0,19.0,Srinagar,38.0,6.0,3992-02-02,Kashmir
Zakura Srinagar (PM-10),63.0,61.0,19.0,Srinagar,38.0,6.0,3992-03-01,Kashmir
Zakura Srinagar (PM-10),63.0,63.0,19.0,Srinagar,38.0,6.0,3992-04-01,Kashmir
Zakura Srinagar (PM-10),73.0,73.0,18.0,Srinagar,38.0,8.0,3992-05-01,Kashmir
Zakura Srinagar (PM-10),89.0,89.0,21.0,Srinagar,38.0,9.0,3992-06-01,Kashmir
Zakura Srinagar (PM-10),83.0,83.0,20.0,Srinagar,38.0,8.0,3992-07-01,Kashmir
Zakura Srinagar (PM-10),70.0,70.0,13.0,Srinagar,38.0,4.0,3992-08-01,Kashmir
Zakura Srinagar (PM-10),70.0,70.0,17.0,Srinagar,38.0,5.0,3992-09-01,Kashmir
Zakura Srinagar (PM-10),85.0,85.0,18.0,Srinagar,38.0,6.0,3992-10-01,Kashmir
Zakura Srinagar (PM-10),94.0,105.0,19.0,Srinagar,38.0,6.0,3992-11-01,Kashmir
Zakura Srinagar (PM-10),104.0,121.0,11.0,Srinagar,38.0,6.0,3992-12-01,Kashmir
Zakura Srinagar (PM-10),113.0,113.0,14.0,Srinagar,38.0,5.0,3993-01-01,Kashmir
Zakura Srinagar (PM-10),116.0,118.0,19.0,Srinagar,38.0,5.0,3993-02-01,Kashmir
Zakura Srinagar (PM-10),118.0,118.0,24.0,Srinagar,38.0,5.0,3993-03-02,Kashmir
Zakura Srinagar (PM-10),104.0,113.0,20.0,Srinagar,38.0,5.0,3993-04-02,Kashmir
Zakura Srinagar (PM-10),91.0,93.0,17.0,Srinagar,38.0,5.0,3993-05-02,Kashmir
Zakura Srinagar (PM-10),77.0,77.0,13.0,Srinagar,38.0,5.0,3993-06-02,Kashmir
Zakura Srinagar (PM-10),83.0,83.0,10.0,Srinagar,38.0,5.0,3993-07-02,Kashmir
Zakura Srinagar (PM-10),77.0,77.0,14.0,Srinagar,38.0,6.0,3993-08-02,Kashmir
Zakura Srinagar (PM-10),69.0,69.0,12.0,Srinagar,38.0,6.0,3993-09-02,Kashmir
Zakura Srinagar (PM-10),76.0,76.0,12.0,Srinagar,38.0,7.0,3993-10-02,Kashmir
Zakura Srinagar (PM-10),112.0,112.0,12.0,Srinagar,38.0,2.0,3993-11-02,Kashmir
Zakura Srinagar (PM-10),101.0,103.0,13.0,Srinagar,38.0,9.0,3993-12-02,Kashmir
Zakura Srinagar (PM-10),77.0,77.0,13.0,Srinagar,38.0,8.0,3994-01-02,Kashmir
Zakura Srinagar (PM-10),58.0,58.0,14.0,Srinagar,38.0,9.0,3994-02-02,Kashmir
Zakura Srinagar (PM-10),45.0,45.0,13.0,Srinagar,38.0,7.0,3994-03-02,Kashmir
Zakura Srinagar (PM-10),38.0,38.0,12.0,Srinagar,38.0,7.0,3994-04-02,Kashmir
Zakura Srinagar (PM-10),57.0,57.0,14.0,Srinagar,38.0,7.0,3994-05-02,Kashmir
Zakura Srinagar (PM-10),72.0,72.0,15.0,Srinagar,38.0,6.0,3994-06-02,Kashmir
Zakura Srinagar (PM-10),60.0,60.0,12.0,Srinagar,38.0,6.0,3994-07-02,Kashmir
Zakura Srinagar (PM-10),82.0,82.0,11.0,Srinagar,38.0,5.0,3994-08-02,Kashmir
Zakura Srinagar (PM-10),90.0,90.0,12.0,Srinagar,38.0,3.0,3994-09-02,Kashmir
Zakura Srinagar (PM-10),79.0,79.0,12.0,Srinagar,38.0,3.0,3994-10-02,Kashmir
Zakura Srinagar (PM-10),79.0,78.0,12.0,Srinagar,38.0,3.0,3994-11-02,Kashmir
Zakura Srinagar (PM-10),79.0,80.0,12.0,Srinagar,38.0,3.0,3994-12-02,Kashmir
Zakura Srinagar (PM-10),79.0,76.0,12.0,Srinagar,38.0,3.0,3995-01-02,Kashmir
Zakura Srinagar (PM-10),79.0,88.0,12.0,Srinagar,38.0,3.0,3995-02-02,Kashmir
Zakura Srinagar (PM-10),79.0,74.0,12.0,Srinagar,38.0,3.0,3995-03-02,Kashmir
