Region,District,Station,Date,AQI,PM10,PM2_5,NO2,SO2,Calculated_AQI,Data_Quality_Tier
Jammu,Jammu,Jammu JKPCC Narwal  184,2022-01-01,108.0,108.0,46.0,26.0,4.0,106.0,Tier_1_Gold
Jammu,Jammu,Jammu JKPCC Narwal  184,2022-02-01,280.0,280.0,60.0,32.0,5.0,230.0,Tier_1_Gold
Jammu,Jammu,Jammu JKPCC Narwal  184,2022-03-01,254.0,254.0,92.0,34.0,5.0,204.0,Tier_1_Gold
Jammu,Jammu,Jammu JKPCC Narwal  184,2022-04-01,161.0,161.0,64.0,35.0,3.0,141.0,Tier_1_Gold
Jammu,Jammu,Jammu JKPCC Narwal  184,2022-05-01,217.0,217.0,88.0,34.0,4.0,193.0,Tier_1_Gold
Jammu,Jammu,Jammu JKPCC Narwal  184,2022-06-01,169.0,169.0,65.0,35.0,3.0,146.0,Tier_1_Gold
Jammu,Jammu,Jammu JKPCC Narwal  184,2022-07-01,87.0,87.0,38.0,16.0,2.0,87.0,Tier_1_Gold
Jammu,Jammu,Jammu JKPCC Narwal  184,2022-08-01,121.0,115.0,46.0,19.0,3.0,110.0,Tier_1_Gold
Jammu,Jammu,Jammu JKPCC Narwal  184,2022-09-01,93.0,93.0,23.0,21.0,3.0,93.0,Tier_1_Gold
Jammu,Jammu,Jammu JKPCC Narwal  184,2022-10-01,145.0,145.0,47.0,26.0,3.7464920634920627,130.0,Tier_1_Gold
Jammu,Jammu,Jammu JKPCC Narwal  184,2022-11-01,144.0,144.0,46.0,29.29892857142857,3.672380952380952,130.0,Tier_1_Gold
Jammu,Jammu,Jammu JKPCC Narwal  184,2022-12-01,147.0,147.0,66.0,29.427276334776334,3.5096984126984125,132.0,Tier_1_Gold
Jammu,Jammu,Jammu JKPCC Narwal  184,2023-01-01,149.0,130.0,59.0,19.0,2.0,120.0,Tier_1_Gold
Jammu,Jammu,Jammu JKPCC Narwal  184,2023-02-01,128.02127837075207,125.42929853479855,52.21619047619047,23.574500721500716,3.0934600105776577,117.0,Tier_1_Gold
Jammu,Jammu,Jammu JKPCC Narwal  184,2023-03-01,128.0,128.0,51.0,22.0,3.0,119.0,Tier_1_Gold
Jammu,Jammu,Jammu JKPCC Narwal  184,2023-04-01,114.0,114.0,38.0,19.0,2.0,110.0,Tier_1_Gold
Jammu,Jammu,Jammu JKPCC Narwal  184,2023-05-01,106.0,106.0,32.0,13.0,2.0,104.0,Tier_1_Gold
Jammu,Jammu,Jammu JKPCC Narwal  184,2023-06-01,100.0,100.0,33.0,21.0,3.0,100.0,Tier_1_Gold
Jammu,Jammu,Jammu JKPCC Narwal  184,2023-07-01,100.0,100.0,19.0,15.0,2.0,100.0,Tier_1_Gold
Jammu,Jammu,Jammu JKPCC Narwal  184,2023-08-01,92.0,92.0,30.0,18.0,3.0,92.0,Tier_1_Gold
Jammu,Jammu,Jammu JKPCC Narwal  184,2023-09-01,84.0,84.0,5.0,16.0,3.0,84.0,Tier_1_Gold
Jammu,Jammu,Jammu JKPCC Narwal  184,2023-10-01,94.0,94.0,12.0,19.0,3.0,94.0,Tier_1_Gold
Jammu,Jammu,Jammu JKPCC Narwal  184,2023-11-01,107.0,107.0,37.0,24.0,4.0,105.0,Tier_1_Gold
Jammu,Jammu,Jammu JKPCC Narwal  184,2023-12-01,130.0,130.0,39.0,19.0,2.0,120.0,Tier_1_Gold
Jammu,Jammu,Jammu JKPCC Narwal  184,2024-01-01,122.0,122.0,41.0,25.0,3.0,115.0,Tier_1_Gold
Jammu,Jammu,Jammu JKPCC Narwal  184,2024-02-01,121.0,121.0,42.0,21.0,3.0,114.0,Tier_1_Gold
Jammu,Jammu,Jammu JKPCC Narwal  184,2024-03-01,124.0,124.0,38.0,19.0,3.0,116.0,Tier_1_Gold
Jammu,Jammu,Jammu JKPCC Narwal  184,2024-04-01,110.0,110.0,34.0,19.0,2.0,107.0,Tier_1_Gold
Jammu,Jammu,Jammu JKPCC Narwal  184,2024-05-01,113.0,113.0,36.0,17.0,3.0,109.0,Tier_1_Gold
Jammu,Jammu,Jammu JKPCC Narwal  184,2024-06-01,112.0,112.0,36.0,25.0,4.0,108.0,Tier_1_Gold
Jammu,Jammu,Jammu JKPCC Narwal  184,2024-07-01,93.0,93.0,32.0,15.0,2.0,93.0,Tier_1_Gold
Jammu,Jammu,Jammu JKPCC Narwal  184,2024-08-01,72.0,72.0,17.0,9.0,1.0,72.0,Tier_1_Gold
Jammu,Jammu,Jammu JKPCC Narwal  184,2024-09-01,92.0,92.0,31.0,20.286968253968258,2.791397795015442,92.0,Tier_1_Gold
Jammu,Jammu,Jammu JKPCC Narwal  184,2024-10-01,127.0,127.0,14.0,23.0,4.0,118.0,Tier_1_Gold
Jammu,Jammu,Jammu JKPCC Narwal  184,2024-11-01,173.65453968253973,156.0,25.0,30.0,6.0,138.0,Tier_1_Gold
Jammu,Jammu,Jammu JKPCC Narwal  184,2024-12-01,200.33911111111112,185.678,62.0,36.0,6.0,157.0,Tier_1_Gold
Jammu,Jammu,Jammu JKPCC Narwal  184,2025-01-01,180.0,180.0,78.0,34.0,4.0,159.0,Tier_1_Gold
Jammu,Jammu,Jammu JKPCC Narwal  184,2025-02-01,150.0,118.0,93.0,13.0,2.0,208.0,Tier_1_Gold
Jammu,Jammu,Jammu JKPCC Narwal  184,2025-03-01,107.0,107.0,44.0,30.0,3.0,105.0,Tier_1_Gold
Jammu,Jammu,Jammu JKPCC Narwal  184,2025-04-01,122.0,122.0,73.0,25.0,3.0,142.0,Tier_1_Gold
Jammu,Jammu,Jammu JKPCC Narwal  184,2025-05-01,120.0,120.0,70.0,23.44255772005772,2.8764954196130663,132.0,Tier_1_Gold
Jammu,Jammu,Jammu JKPCC Narwal  184,2025-06-01,108.0,108.0,51.0,21.65820707070707,2.6035799200799206,106.0,Tier_1_Gold
Jammu,Jammu,Jammu JKPCC Narwal  184,2025-07-01,87.0,87.0,31.0,22.0,2.0,87.0,Tier_1_Gold
Jammu,Jammu,Jammu JKPCC Narwal  184,2025-08-01,70.0,70.0,31.0,22.0,2.0,70.0,Tier_1_Gold
Jammu,Jammu,Jammu JKPCC Narwal  184,2025-09-01,82.0,82.0,34.0,20.0,2.0,82.0,Tier_1_Gold
Jammu,Jammu,Jammu JKPCC Narwal  184,2025-10-01,107.0,107.0,44.0,24.0,4.0,105.0,Tier_1_Gold
Jammu,Jammu,Jammu JKPCC Narwal  184,2025-11-01,148.0,148.0,66.0,34.0,3.0,132.0,Tier_1_Gold
Jammu,Jammu,Jammu JKPCC Narwal  184,2025-12-01,152.0,153.0025476190476,51.0,35.0,4.0,136.0,Tier_1_Gold
Jammu,Jammu,Jammu JKPCC Narwal  184,2026-01-01,151.0,151.0,67.0,39.0,3.0,134.0,Tier_1_Gold
Jammu,Jammu,Jammu JKPCC Narwal  184,2026-02-01,126.0,126.0,75.0,37.0,4.0,149.0,Tier_1_Gold
Jammu,Jammu,Jammu JKPCC Narwal  184,2026-03-01,130.0,130.0,56.0,34.0,3.0,120.0,Tier_1_Gold
Jammu,Jammu,Jammu PDD Power House near High Court Janipur 1071,2022-01-01,74.0,74.0,26.737230880230886,20.0,3.0,74.0,Tier_1_Gold
Jammu,Jammu,Jammu PDD Power House near High Court Janipur 1071,2022-02-01,115.0,115.0,30.798954205924794,16.0,3.0,110.0,Tier_1_Gold
Jammu,Jammu,Jammu PDD Power House near High Court Janipur 1071,2022-03-01,106.0,106.0,24.837292034762623,18.0,2.0,104.0,Tier_1_Gold
Jammu,Jammu,Jammu PDD Power House near High Court Janipur 1071,2022-04-01,105.07498775639566,104.91236566907466,23.052188860159443,14.892998867489577,2.1460555555555554,104.0,Tier_1_Gold
Jammu,Jammu,Jammu PDD Power House near High Court Janipur 1071,2022-05-01,105.21026048366839,105.190699002408,19.130403145873732,15.645552258542967,2.429142857142857,104.0,Tier_1_Gold
Jammu,Jammu,Jammu PDD Power House near High Court Janipur 1071,2022-06-01,103.64138194992141,103.77105466428995,20.965609495080084,15.019028449019157,2.123166666666667,103.0,Tier_1_Gold
Jammu,Jammu,Jammu PDD Power House near High Court Janipur 1071,2022-07-01,92.97764602064602,92.81056349206347,18.56091108238167,15.748370554282312,2.1956507936507936,93.0,Tier_1_Gold
Jammu,Jammu,Jammu PDD Power House near High Court Janipur 1071,2022-08-01,62.0,62.0,20.0,14.569414565826328,1.7756190476190477,62.0,Tier_1_Gold
Jammu,Jammu,Jammu PDD Power House near High Court Janipur 1071,2022-09-01,80.0,80.0,7.0,18.35176406926407,2.7267761682761678,80.0,Tier_1_Gold
Jammu,Jammu,Jammu PDD Power House near High Court Janipur 1071,2022-10-01,106.0,106.0,41.0,24.0,2.0,104.0,Tier_1_Gold
Jammu,Jammu,Jammu PDD Power House near High Court Janipur 1071,2022-11-01,101.26275207979155,101.3982372039725,39.27244444444445,11.0,2.0,101.0,Tier_1_Gold
Jammu,Jammu,Jammu PDD Power House near High Court Janipur 1071,2022-12-01,104.97856584497373,105.348699002408,38.0,12.0,2.1034945054945053,104.0,Tier_1_Gold
Jammu,Jammu,Jammu PDD Power House near High Court Janipur 1071,2023-01-01,108.99591793732584,109.20474101921471,32.033952380952385,13.872369111280877,2.4106691086691088,106.0,Tier_1_Gold
Jammu,Jammu,Jammu PDD Power House near High Court Janipur 1071,2023-02-01,117.0,117.0,32.0,5.0,2.8740000000000006,112.0,Tier_1_Gold
Jammu,Jammu,Jammu PDD Power House near High Court Janipur 1071,2023-03-01,125.0,125.0,23.0,13.905568131558844,2.601064713064713,117.0,Tier_1_Gold
Jammu,Jammu,Jammu PDD Power House near High Court Janipur 1071,2023-04-01,113.0,113.0,18.0,15.0,2.0,109.0,Tier_1_Gold
Jammu,Jammu,Jammu PDD Power House near High Court Janipur 1071,2023-05-01,112.0,112.0,10.0,13.0,2.0,108.0,Tier_1_Gold
Jammu,Jammu,Jammu PDD Power House near High Court Janipur 1071,2023-06-01,105.0,105.0,23.0,13.0,2.0,104.0,Tier_1_Gold
Jammu,Jammu,Jammu PDD Power House near High Court Janipur 1071,2023-07-01,92.0,92.0,19.0,9.0,1.0,92.0,Tier_1_Gold
Jammu,Jammu,Jammu PDD Power House near High Court Janipur 1071,2023-08-01,85.0,85.0,23.0,15.0,3.0,85.0,Tier_1_Gold
Jammu,Jammu,Jammu PDD Power House near High Court Janipur 1071,2023-09-01,80.0,80.0,25.0,17.0,3.0,80.0,Tier_1_Gold
Jammu,Jammu,Jammu PDD Power House near High Court Janipur 1071,2023-10-01,84.0,84.0,19.0,17.0,3.0,84.0,Tier_1_Gold
Jammu,Jammu,Jammu PDD Power House near High Court Janipur 1071,2023-11-01,105.0,105.0,35.0,20.0,3.0,104.0,Tier_1_Gold
Jammu,Jammu,Jammu PDD Power House near High Court Janipur 1071,2023-12-01,98.0,98.0,25.0,22.0,3.0,98.0,Tier_1_Gold
Jammu,Jammu,Jammu PDD Power House near High Court Janipur 1071,2024-01-01,108.0,108.0,34.0,20.0,2.0,106.0,Tier_1_Gold
Jammu,Jammu,Jammu PDD Power House near High Court Janipur 1071,2024-02-01,91.0,91.0,28.0,16.0,2.0,91.0,Tier_1_Gold
Jammu,Jammu,Jammu PDD Power House near High Court Janipur 1071,2024-03-01,98.0,98.0,27.0,18.0,3.0,98.0,Tier_1_Gold
Jammu,Jammu,Jammu PDD Power House near High Court Janipur 1071,2024-04-01,96.0,96.0,26.0,13.0,3.0,96.0,Tier_1_Gold
Jammu,Jammu,Jammu PDD Power House near High Court Janipur 1071,2024-05-01,102.0,102.0,17.0,20.0,4.0,102.0,Tier_1_Gold
Jammu,Jammu,Jammu PDD Power House near High Court Janipur 1071,2024-06-01,106.0,106.0,21.0,19.0,3.0,104.0,Tier_1_Gold
Jammu,Jammu,Jammu PDD Power House near High Court Janipur 1071,2024-07-01,94.0,94.0,6.0,14.0,2.0,94.0,Tier_1_Gold
Jammu,Jammu,Jammu PDD Power House near High Court Janipur 1071,2024-08-01,72.0,72.0,21.279631907308374,10.0,1.0,72.0,Tier_1_Gold
Jammu,Jammu,Jammu PDD Power House near High Court Janipur 1071,2024-09-01,81.0,81.0,17.363447924624396,17.429741588820537,3.0101188811188804,81.0,Tier_1_Gold
Jammu,Jammu,Jammu PDD Power House near High Court Janipur 1071,2024-10-01,115.0,115.0,28.96718436465495,19.0,4.0,110.0,Tier_1_Gold
Jammu,Jammu,Jammu PDD Power House near High Court Janipur 1071,2024-11-01,130.0,129.0,32.0,22.0,4.0,120.0,Tier_1_Gold
Jammu,Jammu,Jammu PDD Power House near High Court Janipur 1071,2024-12-01,128.0,138.30666666666664,83.0,25.275333333333332,4.0,176.0,Tier_1_Gold
Jammu,Jammu,Jammu PDD Power House near High Court Janipur 1071,2025-01-01,163.0,163.0,93.0,26.0,4.0,208.0,Tier_1_Gold
Jammu,Jammu,Jammu PDD Power House near High Court Janipur 1071,2025-02-01,85.0,55.0,58.0,13.0,1.0,97.0,Tier_1_Gold
Jammu,Jammu,Jammu PDD Power House near High Court Janipur 1071,2025-03-01,93.0,93.0,47.0,28.0,3.0,93.0,Tier_1_Gold
Jammu,Jammu,Jammu PDD Power House near High Court Janipur 1071,2025-04-01,111.0,111.0,59.0,31.0,3.0,108.0,Tier_1_Gold
Jammu,Jammu,Jammu PDD Power House near High Court Janipur 1071,2025-05-01,103.0,103.0,57.0,25.46622222222222,2.549517094017094,102.0,Tier_1_Gold
Jammu,Jammu,Jammu PDD Power House near High Court Janipur 1071,2025-06-01,104.0,104.0,49.0,19.57132942874119,2.375936507936508,103.0,Tier_1_Gold
Jammu,Jammu,Jammu PDD Power House near High Court Janipur 1071,2025-07-01,79.0,79.0,26.0,20.0,2.0,79.0,Tier_1_Gold
Jammu,Jammu,Jammu PDD Power House near High Court Janipur 1071,2025-08-01,69.0,69.0,28.0,16.0,1.0,69.0,Tier_1_Gold
Jammu,Jammu,Jammu PDD Power House near High Court Janipur 1071,2025-09-01,71.0,71.0,4.0,17.0,2.0,71.0,Tier_1_Gold
Jammu,Jammu,Jammu PDD Power House near High Court Janipur 1071,2025-10-01,104.0,104.0,37.0,23.0,3.0,103.0,Tier_1_Gold
Jammu,Jammu,Jammu PDD Power House near High Court Janipur 1071,2025-11-01,109.0,109.0,43.78277777777777,28.0,3.0,106.0,Tier_1_Gold
Jammu,Jammu,Jammu PDD Power House near High Court Janipur 1071,2025-12-01,129.0,129.0,47.17166666666668,34.0,4.0,120.0,Tier_1_Gold
Jammu,Jammu,Jammu PDD Power House near High Court Janipur 1071,2026-01-01,124.0,124.0,20.0,35.0,3.0,116.0,Tier_1_Gold
Jammu,Jammu,Jammu PDD Power House near High Court Janipur 1071,2026-02-01,112.0,112.0,71.0,31.0,3.0,135.0,Tier_1_Gold
Jammu,Jammu,Jammu PDD Power House near High Court Janipur 1071,2026-03-01,110.0,110.0,57.0,28.0,2.0,107.0,Tier_1_Gold
Jammu,Jammu,Jammu Vikram Chowk Forest Information Center 1072,2022-01-01,67.0,67.0,18.0,21.0,3.0,67.0,Tier_1_Gold
Jammu,Jammu,Jammu Vikram Chowk Forest Information Center 1072,2022-02-01,343.0,343.0,75.0,34.0,3.0,293.0,Tier_1_Gold
Jammu,Jammu,Jammu Vikram Chowk Forest Information Center 1072,2022-03-01,448.0,448.0,85.0,39.0,7.0,411.0,Tier_1_Gold
Jammu,Jammu,Jammu Vikram Chowk Forest Information Center 1072,2022-04-01,357.4600000000001,359.0400000000001,80.71,35.88666666666666,5.469999999999999,311.0,Tier_1_Gold
Jammu,Jammu,Jammu Vikram Chowk Forest Information Center 1072,2022-05-01,342.84,359.5866666666667,82.64,34.89666666666666,5.476666666666667,312.0,Tier_1_Gold
Jammu,Jammu,Jammu Vikram Chowk Forest Information Center 1072,2022-06-01,272.1566666666667,279.23333333333335,42.153421052631586,28.3195,5.132000000000001,229.0,Tier_1_Gold
Jammu,Jammu,Jammu Vikram Chowk Forest Information Center 1072,2022-07-01,146.5354761904762,145.74264903034927,42.08397660818712,24.038166666666665,3.8112307692307685,131.0,Tier_1_Gold
Jammu,Jammu,Jammu Vikram Chowk Forest Information Center 1072,2022-08-01,203.0,203.0,49.0,26.0,4.0,169.0,Tier_1_Gold
Jammu,Jammu,Jammu Vikram Chowk Forest Information Center 1072,2022-09-01,71.0,70.0,15.0,22.0,3.0,70.0,Tier_1_Gold
Jammu,Jammu,Jammu Vikram Chowk Forest Information Center 1072,2022-10-01,102.0,102.0,46.0,24.0,3.0,102.0,Tier_1_Gold
Jammu,Jammu,Jammu Vikram Chowk Forest Information Center 1072,2022-11-01,126.9532857142857,126.77554746524771,48.0,26.33,3.472434953934954,118.0,Tier_1_Gold
Jammu,Jammu,Jammu Vikram Chowk Forest Information Center 1072,2022-12-01,116.50019958988379,114.9723913630939,58.0,20.396391552891558,3.6629343434343435,110.0,Tier_1_Gold
Jammu,Jammu,Jammu Vikram Chowk Forest Information Center 1072,2023-01-01,107.0,107.0,33.0,18.0,3.0,105.0,Tier_1_Gold
Jammu,Jammu,Jammu Vikram Chowk Forest Information Center 1072,2023-02-01,113.0,113.0,49.0,6.0,3.310672438672438,109.0,Tier_1_Gold
Jammu,Jammu,Jammu Vikram Chowk Forest Information Center 1072,2023-03-01,114.0,114.0,55.0,19.709755411255415,3.9424349539349532,110.0,Tier_1_Gold
Jammu,Jammu,Jammu Vikram Chowk Forest Information Center 1072,2023-04-01,100.0,100.0,40.0,21.0,2.0,100.0,Tier_1_Gold
Jammu,Jammu,Jammu Vikram Chowk Forest Information Center 1072,2023-05-01,81.0,81.0,35.0,16.0,2.0,81.0,Tier_1_Gold
Jammu,Jammu,Jammu Vikram Chowk Forest Information Center 1072,2023-06-01,90.0,90.0,30.0,19.0,3.0,90.0,Tier_1_Gold
Jammu,Jammu,Jammu Vikram Chowk Forest Information Center 1072,2023-07-01,85.0,85.0,37.0,17.0,3.0,85.0,Tier_1_Gold
Jammu,Jammu,Jammu Vikram Chowk Forest Information Center 1072,2023-08-01,76.0,76.0,32.0,20.0,3.0,76.0,Tier_1_Gold
Jammu,Jammu,Jammu Vikram Chowk Forest Information Center 1072,2023-09-01,75.0,75.0,35.0,22.0,3.0,75.0,Tier_1_Gold
Jammu,Jammu,Jammu Vikram Chowk Forest Information Center 1072,2023-10-01,73.42381385281385,68.0,31.0,19.349022588522587,3.0,68.0,Tier_1_Gold
Jammu,Jammu,Jammu Vikram Chowk Forest Information Center 1072,2023-11-01,102.99778012046434,104.0,37.0,18.149915362415367,5.0,103.0,Tier_1_Gold
Jammu,Jammu,Jammu Vikram Chowk Forest Information Center 1072,2023-12-01,103.75565585584005,104.0,39.0,16.345074092574094,3.0239920634920634,103.0,Tier_1_Gold
Jammu,Jammu,Jammu Vikram Chowk Forest Information Center 1072,2024-01-01,98.0,98.0,39.0,18.0,2.0,98.0,Tier_1_Gold
Jammu,Jammu,Jammu Vikram Chowk Forest Information Center 1072,2024-02-01,102.0,102.0,34.0,17.0,3.0,102.0,Tier_1_Gold
Jammu,Jammu,Jammu Vikram Chowk Forest Information Center 1072,2024-03-01,110.0,110.0,38.0,21.0,6.0,107.0,Tier_1_Gold
Jammu,Jammu,Jammu Vikram Chowk Forest Information Center 1072,2024-04-01,95.0,95.0,34.0,13.0,2.0,95.0,Tier_1_Gold
Jammu,Jammu,Jammu Vikram Chowk Forest Information Center 1072,2024-05-01,106.0,106.0,39.0,19.0,4.0,104.0,Tier_1_Gold
Jammu,Jammu,Jammu Vikram Chowk Forest Information Center 1072,2024-06-01,109.0,109.0,37.0,14.0,2.0,106.0,Tier_1_Gold
Jammu,Jammu,Jammu Vikram Chowk Forest Information Center 1072,2024-07-01,99.0,99.0,37.25405395306447,13.0,2.0,99.0,Tier_1_Gold
Jammu,Jammu,Jammu Vikram Chowk Forest Information Center 1072,2024-08-01,76.0,76.0,31.287692063492067,13.0,2.0,76.0,Tier_1_Gold
Jammu,Jammu,Jammu Vikram Chowk Forest Information Center 1072,2024-09-01,97.0,97.0,37.59796376547429,18.44972893772894,3.1988730158730156,97.0,Tier_1_Gold
Jammu,Jammu,Jammu Vikram Chowk Forest Information Center 1072,2024-10-01,134.0,134.0,46.18052664703717,20.03303846153846,4.0,123.0,Tier_1_Gold
Jammu,Jammu,Jammu Vikram Chowk Forest Information Center 1072,2024-11-01,185.0,185.0,27.0,29.831666666666663,7.0,157.0,Tier_1_Gold
Jammu,Jammu,Jammu Vikram Chowk Forest Information Center 1072,2024-12-01,171.0,171.0,57.7355,33.16166666666666,4.0,148.0,Tier_1_Gold
Jammu,Jammu,Jammu Vikram Chowk Forest Information Center 1072,2025-01-01,180.0,180.0,96.0,36.0,5.0,218.0,Tier_1_Gold
Jammu,Jammu,Jammu Vikram Chowk Forest Information Center 1072,2025-02-01,134.0,105.0,94.0,27.0,3.0,211.0,Tier_1_Gold
Jammu,Jammu,Jammu Vikram Chowk Forest Information Center 1072,2025-03-01,102.0,102.0,51.0,32.0,3.0,102.0,Tier_1_Gold
Jammu,Jammu,Jammu Vikram Chowk Forest Information Center 1072,2025-04-01,115.0,115.0,55.0,31.0,3.0,110.0,Tier_1_Gold
Jammu,Jammu,Jammu Vikram Chowk Forest Information Center 1072,2025-05-01,118.0,118.0,63.0,31.48333333333333,3.1560540015540015,112.0,Tier_1_Gold
Jammu,Jammu,Jammu Vikram Chowk Forest Information Center 1072,2025-06-01,110.0,110.0,56.0,23.179858585858586,2.947093073593074,107.0,Tier_1_Gold
Jammu,Jammu,Jammu Vikram Chowk Forest Information Center 1072,2025-07-01,84.0,84.0,29.0,24.0,2.0,84.0,Tier_1_Gold
Jammu,Jammu,Jammu Vikram Chowk Forest Information Center 1072,2025-08-01,64.0,64.0,29.0,21.0,2.0,64.0,Tier_1_Gold
Jammu,Jammu,Jammu Vikram Chowk Forest Information Center 1072,2025-09-01,74.0,74.0,22.0,16.0,2.0,74.0,Tier_1_Gold
Jammu,Jammu,Jammu Vikram Chowk Forest Information Center 1072,2025-10-01,110.0,110.0,51.0,25.0,4.0,107.0,Tier_1_Gold
Jammu,Jammu,Jammu Vikram Chowk Forest Information Center 1072,2025-11-01,127.0,127.0,59.0,35.0,3.0,118.0,Tier_1_Gold
Jammu,Jammu,Jammu Vikram Chowk Forest Information Center 1072,2025-12-01,133.0,133.0,80.0,39.0,3.0,166.0,Tier_1_Gold
Jammu,Jammu,Jammu Vikram Chowk Forest Information Center 1072,2026-01-01,162.0,162.0,101.0,45.0,3.0,235.0,Tier_1_Gold
Jammu,Jammu,Jammu Vikram Chowk Forest Information Center 1072,2026-02-01,140.0,140.0,74.0,41.0,4.0,145.0,Tier_1_Gold
Jammu,Jammu,Jammu Vikram Chowk Forest Information Center 1072,2026-03-01,144.0,144.0,71.0,40.0,4.0,135.0,Tier_1_Gold
Jammu,Samba,Samba PCC Office Phase -1 1066,2022-01-01,169.0,159.0,112.0,14.566666666666668,3.5866666666666673,273.0,Tier_1_Gold
Jammu,Samba,Samba PCC Office Phase -1 1066,2022-02-01,158.0,158.0,79.0,14.893333333333334,3.653333333333334,162.0,Tier_1_Gold
Jammu,Samba,Samba PCC Office Phase -1 1066,2022-03-01,161.0,161.0,55.0,14.893333333333334,3.653333333333334,141.0,Tier_1_Gold
Jammu,Samba,Samba PCC Office Phase -1 1066,2022-04-01,164.0,164.0,53.0,14.893333333333334,3.653333333333334,143.0,Tier_1_Gold
Jammu,Samba,Samba PCC Office Phase -1 1066,2022-05-01,142.0,142.0,66.0,14.893333333333334,3.653333333333334,128.0,Tier_1_Gold
Jammu,Samba,Samba PCC Office Phase -1 1066,2022-06-01,134.0,134.0,72.0,13.636666666666672,3.586666666666668,139.0,Tier_1_Gold
Jammu,Samba,Samba PCC Office Phase -1 1066,2022-07-01,107.0,107.0,62.0,17.826666666666668,4.52,105.0,Tier_1_Gold
Jammu,Samba,Samba PCC Office Phase -1 1066,2022-08-01,78.0,78.0,33.0,17.90666666666667,4.186666666666667,78.0,Tier_1_Gold
Jammu,Samba,Samba PCC Office Phase -1 1066,2022-09-01,91.0,91.0,56.0,16.970000000000002,4.120000000000001,93.0,Tier_1_Gold
Jammu,Samba,Samba PCC Office Phase -1 1066,2022-10-01,94.0,94.0,53.0,17.500000000000004,4.320000000000001,94.0,Tier_1_Gold
Jammu,Samba,Samba PCC Office Phase -1 1066,2022-11-01,93.67775884899413,94.0,39.0,17.173333333333336,4.253333333333334,94.0,Tier_1_Gold
Jammu,Samba,Samba PCC Office Phase -1 1066,2022-12-01,93.19909218232743,93.6785646420143,37.01937939605973,17.743333333333336,4.486666666666667,94.0,Tier_1_Gold
Jammu,Samba,Samba PCC Office Phase -1 1066,2023-01-01,91.0,91.0,36.0,19.979999999999997,4.6866666666666665,91.0,Tier_1_Gold
Jammu,Samba,Samba PCC Office Phase -1 1066,2023-02-01,92.0,92.0,35.0,19.086666666666666,4.553333333333333,92.0,Tier_1_Gold
Jammu,Samba,Samba PCC Office Phase -1 1066,2023-03-01,96.0,96.0,32.0,19.9,4.6866666666666665,96.0,Tier_1_Gold
Jammu,Samba,Samba PCC Office Phase -1 1066,2023-04-01,93.0,93.0,35.0,20.30666666666666,4.753333333333333,93.0,Tier_1_Gold
Jammu,Samba,Samba PCC Office Phase -1 1066,2023-05-01,83.0,83.0,33.0,20.30666666666666,4.753333333333333,83.0,Tier_1_Gold
Jammu,Samba,Samba PCC Office Phase -1 1066,2023-06-01,87.0,87.0,31.0,17.663333333333338,4.486666666666667,87.0,Tier_1_Gold
Jammu,Samba,Samba PCC Office Phase -1 1066,2023-07-01,93.0,93.0,28.0,16.28,4.253333333333334,93.0,Tier_1_Gold
Jammu,Samba,Samba PCC Office Phase -1 1066,2023-08-01,97.0,97.0,29.0,16.686666666666667,4.32,97.0,Tier_1_Gold
Jammu,Samba,Samba PCC Office Phase -1 1066,2023-09-01,96.0,96.0,35.0,15.466666666666665,4.0200000000000005,96.0,Tier_1_Gold
Jammu,Samba,Samba PCC Office Phase -1 1066,2023-10-01,100.0,100.0,38.0,14.043333333333335,3.8533333333333344,100.0,Tier_1_Gold
Jammu,Samba,Samba PCC Office Phase -1 1066,2023-11-01,103.0,103.0,29.0,16.766666666666666,4.32,102.0,Tier_1_Gold
Jammu,Samba,Samba PCC Office Phase -1 1066,2023-12-01,94.63233027756554,95.0,35.0,15.506666666666666,4.0200000000000005,95.0,Tier_1_Gold
Jammu,Samba,Samba PCC Office Phase -1 1066,2024-01-01,99.0,99.0,41.0,14.646666666666668,3.5866666666666673,99.0,Tier_1_Gold
Jammu,Samba,Samba PCC Office Phase -1 1066,2024-02-01,117.0,117.0,51.0,14.893333333333334,3.653333333333334,112.0,Tier_1_Gold
Jammu,Samba,Samba PCC Office Phase -1 1066,2024-03-01,125.0,125.0,55.0,14.893333333333334,3.820000000000001,117.0,Tier_1_Gold
Jammu,Samba,Samba PCC Office Phase -1 1066,2024-04-01,129.0,129.0,39.0,14.893333333333334,3.6200000000000006,120.0,Tier_1_Gold
Jammu,Samba,Samba PCC Office Phase -1 1066,2024-05-01,130.0,130.0,49.0,14.566666666666668,3.5866666666666673,120.0,Tier_1_Gold
Jammu,Samba,Samba PCC Office Phase -1 1066,2024-06-01,123.0,123.0,45.0,12.656666666666668,3.386666666666668,116.0,Tier_1_Gold
Jammu,Samba,Samba PCC Office Phase -1 1066,2024-07-01,117.0,117.0,46.0,12.493333333333332,3.653333333333334,112.0,Tier_1_Gold
Jammu,Samba,Samba PCC Office Phase -1 1066,2024-08-01,115.0,115.0,34.0,13.146666666666668,3.7533333333333343,110.0,Tier_1_Gold
Jammu,Samba,Samba PCC Office Phase -1 1066,2024-09-01,111.0,111.0,35.0,13.146666666666668,3.7866666666666675,108.0,Tier_1_Gold
Jammu,Samba,Samba PCC Office Phase -1 1066,2024-10-01,111.0,111.0,32.0,12.166666666666664,3.3200000000000007,108.0,Tier_1_Gold
Jammu,Samba,Samba PCC Office Phase -1 1066,2024-11-01,159.0,159.0,46.0,12.166666666666664,3.3533333333333344,140.0,Tier_1_Gold
Jammu,Samba,Samba PCC Office Phase -1 1066,2024-12-01,174.98999999999995,176.21333333333328,54.0,12.33,3.353333333333335,151.0,Tier_1_Gold
Jammu,Samba,Samba PCC Office Phase -1 1066,2025-01-01,187.0,187.0,50.0,14.566666666666668,3.5866666666666673,158.0,Tier_1_Gold
Jammu,Samba,Samba PCC Office Phase -1 1066,2025-02-01,175.0,175.0,44.0,14.893333333333334,3.653333333333334,150.0,Tier_1_Gold
Jammu,Samba,Samba PCC Office Phase -1 1066,2025-03-01,167.0,167.0,59.0,14.893333333333334,3.653333333333334,145.0,Tier_1_Gold
Jammu,Samba,Samba PCC Office Phase -1 1066,2025-04-01,155.0,155.0,53.434264069264074,14.893333333333334,3.653333333333334,137.0,Tier_1_Gold
Jammu,Samba,Samba PCC Office Phase -1 1066,2025-05-01,128.0,128.0,52.34593073593074,14.893333333333334,3.653333333333334,119.0,Tier_1_Gold
Jammu,Samba,Samba PCC Office Phase -1 1066,2025-06-01,119.0,119.0,47.624168831168845,12.656666666666668,3.5200000000000005,113.0,Tier_1_Gold
Jammu,Samba,Samba PCC Office Phase -1 1066,2025-07-01,132.0,132.0,46.03630952380954,17.21666666666667,4.153333333333334,122.0,Tier_1_Gold
Jammu,Samba,Samba PCC Office Phase -1 1066,2025-08-01,94.0,94.0,45.26714177978884,15.669999999999998,4.086666666666667,94.0,Tier_1_Gold
Jammu,Samba,Samba PCC Office Phase -1 1066,2025-09-01,99.0,99.0,37.14414610157644,14.043333333333335,3.8533333333333344,99.0,Tier_1_Gold
Jammu,Samba,Samba PCC Office Phase -1 1066,2025-10-01,103.0,103.0,35.79905916890128,9.0,2.0,102.0,Tier_1_Gold
Jammu,Samba,Samba PCC Office Phase -1 1066,2025-11-01,128.0,128.0,46.08721428571429,14.0,4.0,119.0,Tier_1_Gold
Jammu,Samba,Samba PCC Office Phase -1 1066,2025-12-01,116.0,116.0,54.0,14.0,4.0,111.0,Tier_1_Gold
Jammu,Samba,Samba PCC Office Phase -1 1066,2026-01-01,103.0,103.0,26.0,17.0,4.0,102.0,Tier_1_Gold
Jammu,Samba,Samba PCC Office Phase -1 1066,2026-02-01,90.0,90.0,44.0,28.0,6.0,90.0,Tier_1_Gold
Jammu,Samba,Samba PCC Office Phase -1 1066,2026-03-01,106.48115945165944,106.0416278998779,38.90201625429953,19.21,4.486666666666667,104.0,Tier_1_Gold
Kashmir,Anantnag,"Anantnag (PM-10, PM-2.5) 1084",2022-01-01,,,,,,,Tier_2_Rescued
Kashmir,Anantnag,"Anantnag (PM-10, PM-2.5) 1084",2022-02-01,,,,,,,Tier_2_Rescued
Kashmir,Anantnag,"Anantnag (PM-10, PM-2.5) 1084",2022-03-01,,,,,,,Tier_2_Rescued
Kashmir,Anantnag,"Anantnag (PM-10, PM-2.5) 1084",2022-04-01,,,,,,,Tier_2_Rescued
Kashmir,Anantnag,"Anantnag (PM-10, PM-2.5) 1084",2022-05-01,,,,,,,Tier_2_Rescued
Kashmir,Anantnag,"Anantnag (PM-10, PM-2.5) 1084",2022-06-01,,,,,,,Tier_2_Rescued
Kashmir,Anantnag,"Anantnag (PM-10, PM-2.5) 1084",2022-07-01,,,,,,,Tier_2_Rescued
Kashmir,Anantnag,"Anantnag (PM-10, PM-2.5) 1084",2022-08-01,,,,,,,Tier_2_Rescued
Kashmir,Anantnag,"Anantnag (PM-10, PM-2.5) 1084",2022-09-01,,,,,,,Tier_2_Rescued
Kashmir,Anantnag,"Anantnag (PM-10, PM-2.5) 1084",2022-10-01,,68.0,53.0,13.0,8.0,88.0,Tier_2_Rescued
Kashmir,Anantnag,"Anantnag (PM-10, PM-2.5) 1084",2022-11-01,,68.0,53.0,13.0,8.0,88.0,Tier_2_Rescued
Kashmir,Anantnag,"Anantnag (PM-10, PM-2.5) 1084",2022-12-01,121.0,68.0,53.0,13.0,8.0,88.0,Tier_2_Rescued
Kashmir,Anantnag,"Anantnag (PM-10, PM-2.5) 1084",2023-01-01,102.0,61.0,40.0,12.0,6.0,66.0,Tier_2_Rescued
Kashmir,Anantnag,"Anantnag (PM-10, PM-2.5) 1084",2023-02-01,107.0,63.0,44.0,14.0,8.0,73.0,Tier_2_Rescued
Kashmir,Anantnag,"Anantnag (PM-10, PM-2.5) 1084",2023-03-01,115.0,81.0,33.0,14.0,7.0,81.0,Tier_2_Rescued
Kashmir,Anantnag,"Anantnag (PM-10, PM-2.5) 1084",2023-04-01,,79.11111111111111,32.888888888888886,15.2,7.181818181818182,79.0,Tier_2_Rescued
Kashmir,Anantnag,"Anantnag (PM-10, PM-2.5) 1084",2023-05-01,,77.22222222222223,32.77777777777778,16.4,7.363636363636363,77.0,Tier_2_Rescued
Kashmir,Anantnag,"Anantnag (PM-10, PM-2.5) 1084",2023-06-01,,75.33333333333336,32.66666666666668,17.599999999999987,,75.0,Tier_2_Rescued
Kashmir,Anantnag,"Anantnag (PM-10, PM-2.5) 1084",2023-07-01,,73.44444444444446,32.555555555555564,18.799999999999986,,73.0,Tier_2_Rescued
Kashmir,Anantnag,"Anantnag (PM-10, PM-2.5) 1084",2023-08-01,,71.55555555555557,32.44444444444446,19.999999999999986,,72.0,Tier_2_Rescued
Kashmir,Anantnag,"Anantnag (PM-10, PM-2.5) 1084",2023-09-01,,69.66666666666669,32.33333333333334,21.199999999999985,,70.0,Tier_2_Rescued
Kashmir,Anantnag,"Anantnag (PM-10, PM-2.5) 1084",2023-10-01,,67.77777777777777,32.22222222222222,22.399999999999984,,68.0,Tier_2_Rescued
Kashmir,Anantnag,"Anantnag (PM-10, PM-2.5) 1084",2023-11-01,,65.88888888888889,32.111111111111114,23.6,,66.0,Tier_2_Rescued
Kashmir,Anantnag,"Anantnag (PM-10, PM-2.5) 1084",2023-12-01,96.0,64.0,32.0,24.799999999999997,8.636363636363637,64.0,Tier_2_Rescued
Kashmir,Anantnag,"Anantnag (PM-10, PM-2.5) 1084",2024-01-01,132.0,132.0,38.5,26.0,8.818181818181818,122.0,Tier_2_Rescued
Kashmir,Anantnag,"Anantnag (PM-10, PM-2.5) 1084",2024-02-01,132.0,132.0,45.0,23.0,9.0,122.0,Tier_2_Rescued
Kashmir,Anantnag,"Anantnag (PM-10, PM-2.5) 1084",2024-03-01,123.0,123.0,21.0,18.0,8.0,116.0,Tier_2_Rescued
Kashmir,Anantnag,"Anantnag (PM-10, PM-2.5) 1084",2024-04-01,98.0,98.0,52.0,22.0,10.0,98.0,Tier_2_Rescued
Kashmir,Anantnag,"Anantnag (PM-10, PM-2.5) 1084",2024-05-01,,107.0,51.714285714285715,23.0,10.571428571428571,105.0,Tier_2_Rescued
Kashmir,Anantnag,"Anantnag (PM-10, PM-2.5) 1084",2024-06-01,,116.0,51.42857142857143,24.0,11.142857142857142,111.0,Tier_2_Rescued
Kashmir,Anantnag,"Anantnag (PM-10, PM-2.5) 1084",2024-07-01,,125.0,51.142857142857146,25.0,11.714285714285714,117.0,Tier_2_Rescued
Kashmir,Anantnag,"Anantnag (PM-10, PM-2.5) 1084",2024-08-01,,134.0,50.857142857142854,26.0,12.285714285714286,123.0,Tier_2_Rescued
Kashmir,Anantnag,"Anantnag (PM-10, PM-2.5) 1084",2024-09-01,,143.0,50.57142857142857,27.0,12.857142857142858,129.0,Tier_2_Rescued
Kashmir,Anantnag,"Anantnag (PM-10, PM-2.5) 1084",2024-10-01,,152.0,50.285714285714285,28.0,13.428571428571429,135.0,Tier_2_Rescued
Kashmir,Anantnag,"Anantnag (PM-10, PM-2.5) 1084",2024-11-01,161.0,161.0,50.0,29.0,14.0,141.0,Tier_2_Rescued
Kashmir,Anantnag,"Anantnag (PM-10, PM-2.5) 1084",2024-12-01,,131.0,59.0,16.0,10.0,121.0,Tier_2_Rescued
Kashmir,Anantnag,"Anantnag (PM-10, PM-2.5) 1084",2025-01-01,104.0,92.0,51.0,12.0,7.0,92.0,Tier_2_Rescued
Kashmir,Anantnag,"Anantnag (PM-10, PM-2.5) 1084",2025-02-01,120.0,120.0,58.0,15.0,8.0,114.0,Tier_2_Rescued
Kashmir,Anantnag,"Anantnag (PM-10, PM-2.5) 1084",2025-03-01,93.0,93.0,40.0,13.0,6.0,93.0,Tier_2_Rescued
Kashmir,Anantnag,"Anantnag (PM-10, PM-2.5) 1084",2025-04-01,,83.5,35.5,11.5,5.5,84.0,Tier_2_Rescued
Kashmir,Anantnag,"Anantnag (PM-10, PM-2.5) 1084",2025-05-01,74.0,74.0,31.0,10.0,5.0,74.0,Tier_2_Rescued
Kashmir,Anantnag,"Anantnag (PM-10, PM-2.5) 1084",2025-06-01,113.0,113.0,55.0,8.0,3.0,109.0,Tier_2_Rescued
Kashmir,Anantnag,"Anantnag (PM-10, PM-2.5) 1084",2025-07-01,112.0,112.0,55.0,14.0,6.0,108.0,Tier_2_Rescued
Kashmir,Anantnag,"Anantnag (PM-10, PM-2.5) 1084",2025-08-01,118.0,118.0,55.0,13.666666666666666,6.0,112.0,Tier_2_Rescued
Kashmir,Anantnag,"Anantnag (PM-10, PM-2.5) 1084",2025-09-01,,116.0,,13.333333333333334,6.0,111.0,Tier_2_Rescued
Kashmir,Anantnag,"Anantnag (PM-10, PM-2.5) 1084",2025-10-01,114.0,114.0,,13.0,,110.0,Tier_2_Rescued
Kashmir,Anantnag,"Anantnag (PM-10, PM-2.5) 1084",2025-11-01,127.0,127.0,,17.0,,118.0,Tier_2_Rescued
Kashmir,Anantnag,"Anantnag (PM-10, PM-2.5) 1084",2025-12-01,136.0,136.0,,17.0,,124.0,Tier_2_Rescued
Kashmir,Anantnag,"Anantnag (PM-10, PM-2.5) 1084",2026-01-01,104.0,104.0,,13.0,,103.0,Tier_2_Rescued
Kashmir,Anantnag,"Anantnag (PM-10, PM-2.5) 1084",2026-02-01,,104.0,,13.0,,103.0,Tier_2_Rescued
Kashmir,Anantnag,"Anantnag (PM-10, PM-2.5) 1084",2026-03-01,,104.0,,13.0,,103.0,Tier_2_Rescued
Kashmir,Srinagar,"Bagh-Ali Mardan Khan (PM-10, PM-2.5) 1077",2022-01-01,,96.0,84.0,25.5,13.5,180.0,Tier_2_Rescued
Kashmir,Srinagar,"Bagh-Ali Mardan Khan (PM-10, PM-2.5) 1077",2022-02-01,,113.5,63.0,17.5,9.5,110.0,Tier_2_Rescued
Kashmir,Srinagar,"Bagh-Ali Mardan Khan (PM-10, PM-2.5) 1077",2022-03-01,,114.0,73.0,21.5,11.0,142.0,Tier_2_Rescued
Kashmir,Srinagar,"Bagh-Ali Mardan Khan (PM-10, PM-2.5) 1077",2022-04-01,,95.5,74.0,22.0,9.0,145.0,Tier_2_Rescued
Kashmir,Srinagar,"Bagh-Ali Mardan Khan (PM-10, PM-2.5) 1077",2022-05-01,,99.0,70.0,25.0,8.5,132.0,Tier_2_Rescued
Kashmir,Srinagar,"Bagh-Ali Mardan Khan (PM-10, PM-2.5) 1077",2022-06-01,,103.0,76.0,21.0,7.5,152.0,Tier_2_Rescued
Kashmir,Srinagar,"Bagh-Ali Mardan Khan (PM-10, PM-2.5) 1077",2022-07-01,,81.0,68.0,18.0,8.0,125.0,Tier_2_Rescued
Kashmir,Srinagar,"Bagh-Ali Mardan Khan (PM-10, PM-2.5) 1077",2022-08-01,,45.0,34.0,11.0,6.0,56.0,Tier_2_Rescued
Kashmir,Srinagar,"Bagh-Ali Mardan Khan (PM-10, PM-2.5) 1077",2022-09-01,,45.0,34.0,11.0,6.0,56.0,Tier_2_Rescued
Kashmir,Srinagar,"Bagh-Ali Mardan Khan (PM-10, PM-2.5) 1077",2022-10-01,80.0,45.0,34.0,11.0,6.0,56.0,Tier_2_Rescued
Kashmir,Srinagar,"Bagh-Ali Mardan Khan (PM-10, PM-2.5) 1077",2022-11-01,,55.5,38.0,13.0,7.5,63.0,Tier_2_Rescued
Kashmir,Srinagar,"Bagh-Ali Mardan Khan (PM-10, PM-2.5) 1077",2022-12-01,109.0,66.0,42.0,15.0,9.0,70.0,Tier_2_Rescued
Kashmir,Srinagar,"Bagh-Ali Mardan Khan (PM-10, PM-2.5) 1077",2023-01-01,108.0,65.0,43.0,13.0,7.0,71.0,Tier_2_Rescued
Kashmir,Srinagar,"Bagh-Ali Mardan Khan (PM-10, PM-2.5) 1077",2023-02-01,109.0,74.0,35.0,15.0,9.0,74.0,Tier_2_Rescued
Kashmir,Srinagar,"Bagh-Ali Mardan Khan (PM-10, PM-2.5) 1077",2023-03-01,121.0,97.0,23.0,19.0,11.0,97.0,Tier_2_Rescued
Kashmir,Srinagar,"Bagh-Ali Mardan Khan (PM-10, PM-2.5) 1077",2023-04-01,,91.625,26.5,17.875,10.125,92.0,Tier_2_Rescued
Kashmir,Srinagar,"Bagh-Ali Mardan Khan (PM-10, PM-2.5) 1077",2023-05-01,,86.25,30.0,16.75,9.25,86.0,Tier_2_Rescued
Kashmir,Srinagar,"Bagh-Ali Mardan Khan (PM-10, PM-2.5) 1077",2023-06-01,,80.87499999999997,33.499999999999986,15.624999999999996,8.374999999999998,81.0,Tier_2_Rescued
Kashmir,Srinagar,"Bagh-Ali Mardan Khan (PM-10, PM-2.5) 1077",2023-07-01,,75.49999999999997,36.999999999999986,14.499999999999996,7.499999999999998,75.0,Tier_2_Rescued
Kashmir,Srinagar,"Bagh-Ali Mardan Khan (PM-10, PM-2.5) 1077",2023-08-01,,70.12499999999999,40.499999999999986,13.375,6.625,70.0,Tier_2_Rescued
Kashmir,Srinagar,"Bagh-Ali Mardan Khan (PM-10, PM-2.5) 1077",2023-09-01,,64.75,44.0,12.25,5.75,73.0,Tier_2_Rescued
Kashmir,Srinagar,"Bagh-Ali Mardan Khan (PM-10, PM-2.5) 1077",2023-10-01,,59.375,47.5,11.125,4.875,80.0,Tier_2_Rescued
Kashmir,Srinagar,"Bagh-Ali Mardan Khan (PM-10, PM-2.5) 1077",2023-11-01,105.0,54.0,51.0,10.0,4.0,85.0,Tier_2_Rescued
Kashmir,Srinagar,"Bagh-Ali Mardan Khan (PM-10, PM-2.5) 1077",2023-12-01,,72.0,31.0,19.0,2.5,72.0,Tier_2_Rescued
Kashmir,Srinagar,"Bagh-Ali Mardan Khan (PM-10, PM-2.5) 1077",2024-01-01,138.0,138.0,47.0,28.0,1.0,126.0,Tier_2_Rescued
Kashmir,Srinagar,"Bagh-Ali Mardan Khan (PM-10, PM-2.5) 1077",2024-02-01,133.0,133.0,63.0,27.0,15.0,122.0,Tier_2_Rescued
Kashmir,Srinagar,"Bagh-Ali Mardan Khan (PM-10, PM-2.5) 1077",2024-03-01,82.0,82.0,54.0,15.0,10.0,90.0,Tier_2_Rescued
Kashmir,Srinagar,"Bagh-Ali Mardan Khan (PM-10, PM-2.5) 1077",2024-04-01,102.0,102.0,93.0,23.0,11.0,208.0,Tier_2_Rescued
Kashmir,Srinagar,"Bagh-Ali Mardan Khan (PM-10, PM-2.5) 1077",2024-05-01,,107.66666666666667,92.88888888888889,22.428571428571427,10.0,208.0,Tier_2_Rescued
Kashmir,Srinagar,"Bagh-Ali Mardan Khan (PM-10, PM-2.5) 1077",2024-06-01,,113.33333333333333,92.77777777777777,21.857142857142858,9.0,208.0,Tier_2_Rescued
Kashmir,Srinagar,"Bagh-Ali Mardan Khan (PM-10, PM-2.5) 1077",2024-07-01,,119.0,92.66666666666667,21.285714285714285,8.0,208.0,Tier_2_Rescued
Kashmir,Srinagar,"Bagh-Ali Mardan Khan (PM-10, PM-2.5) 1077",2024-08-01,,124.66666666666667,92.55555555555557,20.714285714285715,7.0,208.0,Tier_2_Rescued
Kashmir,Srinagar,"Bagh-Ali Mardan Khan (PM-10, PM-2.5) 1077",2024-09-01,,130.33333333333334,92.44444444444446,20.142857142857142,6.0,204.0,Tier_2_Rescued
Kashmir,Srinagar,"Bagh-Ali Mardan Khan (PM-10, PM-2.5) 1077",2024-10-01,136.0,136.0,92.33333333333334,19.571428571428573,5.0,204.0,Tier_2_Rescued
Kashmir,Srinagar,"Bagh-Ali Mardan Khan (PM-10, PM-2.5) 1077",2024-11-01,150.0,150.0,92.22222222222223,19.0,4.0,204.0,Tier_2_Rescued
Kashmir,Srinagar,"Bagh-Ali Mardan Khan (PM-10, PM-2.5) 1077",2024-12-01,,118.0,92.11111111111111,18.5,6.0,204.0,Tier_2_Rescued
Kashmir,Srinagar,"Bagh-Ali Mardan Khan (PM-10, PM-2.5) 1077",2025-01-01,118.0,118.0,92.0,18.0,14.0,204.0,Tier_2_Rescued
Kashmir,Srinagar,"Bagh-Ali Mardan Khan (PM-10, PM-2.5) 1077",2025-02-01,116.0,116.0,99.0,16.0,12.0,228.0,Tier_2_Rescued
Kashmir,Srinagar,"Bagh-Ali Mardan Khan (PM-10, PM-2.5) 1077",2025-03-01,77.0,77.0,93.25,21.0,13.0,208.0,Tier_2_Rescued
Kashmir,Srinagar,"Bagh-Ali Mardan Khan (PM-10, PM-2.5) 1077",2025-04-01,87.0,87.0,87.5,19.0,11.4,193.0,Tier_2_Rescued
Kashmir,Srinagar,"Bagh-Ali Mardan Khan (PM-10, PM-2.5) 1077",2025-05-01,,83.25,81.74999999999997,17.0,9.8,173.0,Tier_2_Rescued
Kashmir,Srinagar,"Bagh-Ali Mardan Khan (PM-10, PM-2.5) 1077",2025-06-01,,79.5,75.99999999999997,15.0,8.2,152.0,Tier_2_Rescued
Kashmir,Srinagar,"Bagh-Ali Mardan Khan (PM-10, PM-2.5) 1077",2025-07-01,,75.75,70.25,13.0,6.6,132.0,Tier_2_Rescued
Kashmir,Srinagar,"Bagh-Ali Mardan Khan (PM-10, PM-2.5) 1077",2025-08-01,72.0,72.0,64.5,11.0,5.0,111.0,Tier_2_Rescued
Kashmir,Srinagar,"Bagh-Ali Mardan Khan (PM-10, PM-2.5) 1077",2025-09-01,68.0,68.0,58.75,14.2,5.0,98.0,Tier_2_Rescued
Kashmir,Srinagar,"Bagh-Ali Mardan Khan (PM-10, PM-2.5) 1077",2025-10-01,71.0,62.0,53.0,17.4,5.0,88.0,Tier_2_Rescued
Kashmir,Srinagar,"Bagh-Ali Mardan Khan (PM-10, PM-2.5) 1077",2025-11-01,80.0,82.0,80.0,20.6,5.0,166.0,Tier_2_Rescued
Kashmir,Srinagar,"Bagh-Ali Mardan Khan (PM-10, PM-2.5) 1077",2025-12-01,,102.0,80.0,23.8,4.999999999999999,166.0,Tier_2_Rescued
Kashmir,Srinagar,"Bagh-Ali Mardan Khan (PM-10, PM-2.5) 1077",2026-01-01,122.0,122.0,80.0,27.0,4.999999999999999,166.0,Tier_2_Rescued
Kashmir,Srinagar,"Bagh-Ali Mardan Khan (PM-10, PM-2.5) 1077",2026-02-01,119.0,119.0,69.0,25.0,4.999999999999998,128.0,Tier_2_Rescued
Kashmir,Srinagar,"Bagh-Ali Mardan Khan (PM-10, PM-2.5) 1077",2026-03-01,,119.0,69.0,25.0,4.999999999999997,128.0,Tier_2_Rescued
Kashmir,Bandipora,"Bandipora (PM-10, PM-2.5) 1085",2022-01-01,,,,,,,Tier_2_Rescued
Kashmir,Bandipora,"Bandipora (PM-10, PM-2.5) 1085",2022-02-01,,,,,,,Tier_2_Rescued
Kashmir,Bandipora,"Bandipora (PM-10, PM-2.5) 1085",2022-03-01,,,,,,,Tier_2_Rescued
Kashmir,Bandipora,"Bandipora (PM-10, PM-2.5) 1085",2022-04-01,,,,,,,Tier_2_Rescued
Kashmir,Bandipora,"Bandipora (PM-10, PM-2.5) 1085",2022-05-01,,,,,,,Tier_2_Rescued
Kashmir,Bandipora,"Bandipora (PM-10, PM-2.5) 1085",2022-06-01,,,,,,,Tier_2_Rescued
Kashmir,Bandipora,"Bandipora (PM-10, PM-2.5) 1085",2022-07-01,,,,,,,Tier_2_Rescued
Kashmir,Bandipora,"Bandipora (PM-10, PM-2.5) 1085",2022-08-01,,,,,,,Tier_2_Rescued
Kashmir,Bandipora,"Bandipora (PM-10, PM-2.5) 1085",2022-09-01,,,,,,,Tier_2_Rescued
Kashmir,Bandipora,"Bandipora (PM-10, PM-2.5) 1085",2022-10-01,,58.0,37.0,12.0,7.0,61.0,Tier_2_Rescued
Kashmir,Bandipora,"Bandipora (PM-10, PM-2.5) 1085",2022-11-01,,58.0,37.0,12.0,7.0,61.0,Tier_2_Rescued
Kashmir,Bandipora,"Bandipora (PM-10, PM-2.5) 1085",2022-12-01,95.0,58.0,37.0,12.0,7.0,61.0,Tier_2_Rescued
Kashmir,Bandipora,"Bandipora (PM-10, PM-2.5) 1085",2023-01-01,91.0,28.0,63.0,4.0,2.0,108.0,Tier_2_Rescued
Kashmir,Bandipora,"Bandipora (PM-10, PM-2.5) 1085",2023-02-01,109.0,64.0,45.0,13.0,6.0,75.0,Tier_2_Rescued
Kashmir,Bandipora,"Bandipora (PM-10, PM-2.5) 1085",2023-03-01,108.0,69.33333333333333,108.0,14.0,6.5,259.0,Tier_2_Rescued
Kashmir,Bandipora,"Bandipora (PM-10, PM-2.5) 1085",2023-04-01,,74.66666666666667,102.55555555555556,15.0,7.0,242.0,Tier_2_Rescued
Kashmir,Bandipora,"Bandipora (PM-10, PM-2.5) 1085",2023-05-01,,,97.11111111111111,,,221.0,Tier_2_Rescued
Kashmir,Bandipora,"Bandipora (PM-10, PM-2.5) 1085",2023-06-01,,,91.66666666666671,,,204.0,Tier_2_Rescued
Kashmir,Bandipora,"Bandipora (PM-10, PM-2.5) 1085",2023-07-01,,,86.22222222222226,,,186.0,Tier_2_Rescued
Kashmir,Bandipora,"Bandipora (PM-10, PM-2.5) 1085",2023-08-01,,,80.77777777777781,,,169.0,Tier_2_Rescued
Kashmir,Bandipora,"Bandipora (PM-10, PM-2.5) 1085",2023-09-01,,,75.33333333333337,,,149.0,Tier_2_Rescued
Kashmir,Bandipora,"Bandipora (PM-10, PM-2.5) 1085",2023-10-01,,,69.88888888888889,,,132.0,Tier_2_Rescued
Kashmir,Bandipora,"Bandipora (PM-10, PM-2.5) 1085",2023-11-01,,,64.44444444444444,,,111.0,Tier_2_Rescued
Kashmir,Bandipora,"Bandipora (PM-10, PM-2.5) 1085",2023-12-01,127.0,117.33333333333333,59.0,23.0,11.0,112.0,Tier_2_Rescued
Kashmir,Bandipora,"Bandipora (PM-10, PM-2.5) 1085",2024-01-01,,122.66666666666666,52.5,24.0,11.5,116.0,Tier_2_Rescued
Kashmir,Bandipora,"Bandipora (PM-10, PM-2.5) 1085",2024-02-01,128.0,128.0,46.0,25.0,12.0,119.0,Tier_2_Rescued
Kashmir,Bandipora,"Bandipora (PM-10, PM-2.5) 1085",2024-03-01,124.0,124.0,15.0,3.0,1.0,116.0,Tier_2_Rescued
Kashmir,Bandipora,"Bandipora (PM-10, PM-2.5) 1085",2024-04-01,114.0,114.0,57.0,22.0,11.0,110.0,Tier_2_Rescued
Kashmir,Bandipora,"Bandipora (PM-10, PM-2.5) 1085",2024-05-01,,116.42857142857143,57.5,20.571428571428573,10.375,111.0,Tier_2_Rescued
Kashmir,Bandipora,"Bandipora (PM-10, PM-2.5) 1085",2024-06-01,,118.85714285714286,58.0,19.142857142857142,9.75,113.0,Tier_2_Rescued
Kashmir,Bandipora,"Bandipora (PM-10, PM-2.5) 1085",2024-07-01,,121.28571428571429,58.49999999999997,17.714285714285715,9.125000000000004,114.0,Tier_2_Rescued
Kashmir,Bandipora,"Bandipora (PM-10, PM-2.5) 1085",2024-08-01,,123.71428571428571,58.99999999999997,16.285714285714285,8.500000000000004,116.0,Tier_2_Rescued
Kashmir,Bandipora,"Bandipora (PM-10, PM-2.5) 1085",2024-09-01,,126.14285714285714,59.49999999999997,14.857142857142858,7.8750000000000036,118.0,Tier_2_Rescued
Kashmir,Bandipora,"Bandipora (PM-10, PM-2.5) 1085",2024-10-01,,128.57142857142856,59.99999999999998,13.428571428571429,7.25,120.0,Tier_2_Rescued
Kashmir,Bandipora,"Bandipora (PM-10, PM-2.5) 1085",2024-11-01,131.0,131.0,60.49999999999998,12.0,6.625,121.0,Tier_2_Rescued
Kashmir,Bandipora,"Bandipora (PM-10, PM-2.5) 1085",2024-12-01,,125.5,61.0,11.0,6.0,118.0,Tier_2_Rescued
Kashmir,Bandipora,"Bandipora (PM-10, PM-2.5) 1085",2025-01-01,120.0,120.0,61.5,3.0,1.0,114.0,Tier_2_Rescued
Kashmir,Bandipora,"Bandipora (PM-10, PM-2.5) 1085",2025-02-01,119.0,119.0,62.0,3.0,1.0,113.0,Tier_2_Rescued
Kashmir,Bandipora,"Bandipora (PM-10, PM-2.5) 1085",2025-03-01,114.0,114.0,62.0,3.0,1.0,110.0,Tier_2_Rescued
Kashmir,Bandipora,"Bandipora (PM-10, PM-2.5) 1085",2025-04-01,98.0,98.0,62.0,3.0,1.0,104.0,Tier_2_Rescued
Kashmir,Bandipora,"Bandipora (PM-10, PM-2.5) 1085",2025-05-01,,101.0,,3.0,1.0,101.0,Tier_2_Rescued
Kashmir,Bandipora,"Bandipora (PM-10, PM-2.5) 1085",2025-06-01,104.0,104.0,,3.0,1.0,103.0,Tier_2_Rescued
Kashmir,Bandipora,"Bandipora (PM-10, PM-2.5) 1085",2025-07-01,73.0,73.0,,3.0,1.0,73.0,Tier_2_Rescued
Kashmir,Bandipora,"Bandipora (PM-10, PM-2.5) 1085",2025-08-01,98.0,98.0,,17.0,7.0,98.0,Tier_2_Rescued
Kashmir,Bandipora,"Bandipora (PM-10, PM-2.5) 1085",2025-09-01,98.0,98.0,,20.0,10.0,98.0,Tier_2_Rescued
Kashmir,Bandipora,"Bandipora (PM-10, PM-2.5) 1085",2025-10-01,,88.0,,16.0,10.0,88.0,Tier_2_Rescued
Kashmir,Bandipora,"Bandipora (PM-10, PM-2.5) 1085",2025-11-01,,98.0,,16.0,10.0,98.0,Tier_2_Rescued
Kashmir,Bandipora,"Bandipora (PM-10, PM-2.5) 1085",2025-12-01,,123.0,,16.0,9.999999999999996,116.0,Tier_2_Rescued
Kashmir,Bandipora,"Bandipora (PM-10, PM-2.5) 1085",2026-01-01,119.0,119.0,,20.0,9.999999999999996,113.0,Tier_2_Rescued
Kashmir,Bandipora,"Bandipora (PM-10, PM-2.5) 1085",2026-02-01,113.0,113.0,,19.0,9.999999999999996,109.0,Tier_2_Rescued
Kashmir,Bandipora,"Bandipora (PM-10, PM-2.5) 1085",2026-03-01,,113.0,,19.0,9.999999999999996,109.0,Tier_2_Rescued
Kashmir,Baramulla,"Baramulla DFO Office (PM-10, PM-2.5) 1078",2022-01-01,,,82.0,,,173.0,Tier_2_Rescued
Kashmir,Baramulla,"Baramulla DFO Office (PM-10, PM-2.5) 1078",2022-02-01,,,78.72727272727273,,,162.0,Tier_2_Rescued
Kashmir,Baramulla,"Baramulla DFO Office (PM-10, PM-2.5) 1078",2022-03-01,,,75.45454545454545,,,149.0,Tier_2_Rescued
Kashmir,Baramulla,"Baramulla DFO Office (PM-10, PM-2.5) 1078",2022-04-01,,,,,,,Tier_2_Rescued
Kashmir,Baramulla,"Baramulla DFO Office (PM-10, PM-2.5) 1078",2022-05-01,,,,,,,Tier_2_Rescued
Kashmir,Baramulla,"Baramulla DFO Office (PM-10, PM-2.5) 1078",2022-06-01,,,,,,,Tier_2_Rescued
Kashmir,Baramulla,"Baramulla DFO Office (PM-10, PM-2.5) 1078",2022-07-01,,,,,,,Tier_2_Rescued
Kashmir,Baramulla,"Baramulla DFO Office (PM-10, PM-2.5) 1078",2022-08-01,,,,,,,Tier_2_Rescued
Kashmir,Baramulla,"Baramulla DFO Office (PM-10, PM-2.5) 1078",2022-09-01,,,,,,,Tier_2_Rescued
Kashmir,Baramulla,"Baramulla DFO Office (PM-10, PM-2.5) 1078",2022-10-01,,67.0,37.0,13.0,7.0,67.0,Tier_2_Rescued
Kashmir,Baramulla,"Baramulla DFO Office (PM-10, PM-2.5) 1078",2022-11-01,,67.0,37.0,13.0,7.0,67.0,Tier_2_Rescued
Kashmir,Baramulla,"Baramulla DFO Office (PM-10, PM-2.5) 1078",2022-12-01,104.0,67.0,37.0,13.0,7.0,67.0,Tier_2_Rescued
Kashmir,Baramulla,"Baramulla DFO Office (PM-10, PM-2.5) 1078",2023-01-01,117.0,72.0,45.0,11.0,5.0,75.0,Tier_2_Rescued
Kashmir,Baramulla,"Baramulla DFO Office (PM-10, PM-2.5) 1078",2023-02-01,93.0,49.0,44.0,9.0,5.0,73.0,Tier_2_Rescued
Kashmir,Baramulla,"Baramulla DFO Office (PM-10, PM-2.5) 1078",2023-03-01,118.0,66.0,51.0,12.0,6.0,85.0,Tier_2_Rescued
Kashmir,Baramulla,"Baramulla DFO Office (PM-10, PM-2.5) 1078",2023-04-01,,65.88888888888889,50.666666666666664,12.6,6.545454545454545,85.0,Tier_2_Rescued
Kashmir,Baramulla,"Baramulla DFO Office (PM-10, PM-2.5) 1078",2023-05-01,,65.77777777777777,50.333333333333336,13.2,7.090909090909091,83.0,Tier_2_Rescued
Kashmir,Baramulla,"Baramulla DFO Office (PM-10, PM-2.5) 1078",2023-06-01,,65.66666666666667,50.000000000000014,13.799999999999997,,83.0,Tier_2_Rescued
Kashmir,Baramulla,"Baramulla DFO Office (PM-10, PM-2.5) 1078",2023-07-01,,65.55555555555556,49.66666666666668,14.399999999999995,,83.0,Tier_2_Rescued
Kashmir,Baramulla,"Baramulla DFO Office (PM-10, PM-2.5) 1078",2023-08-01,,65.44444444444444,49.33333333333334,14.999999999999996,,81.0,Tier_2_Rescued
Kashmir,Baramulla,"Baramulla DFO Office (PM-10, PM-2.5) 1078",2023-09-01,,65.33333333333334,49.000000000000014,15.599999999999998,,81.0,Tier_2_Rescued
Kashmir,Baramulla,"Baramulla DFO Office (PM-10, PM-2.5) 1078",2023-10-01,,65.22222222222223,48.666666666666664,16.199999999999996,,81.0,Tier_2_Rescued
Kashmir,Baramulla,"Baramulla DFO Office (PM-10, PM-2.5) 1078",2023-11-01,,65.11111111111111,48.333333333333336,16.8,,80.0,Tier_2_Rescued
Kashmir,Baramulla,"Baramulla DFO Office (PM-10, PM-2.5) 1078",2023-12-01,,65.0,48.0,17.4,10.909090909090908,80.0,Tier_2_Rescued
Kashmir,Baramulla,"Baramulla DFO Office (PM-10, PM-2.5) 1078",2024-01-01,117.0,117.0,57.5,18.0,11.454545454545453,112.0,Tier_2_Rescued
Kashmir,Baramulla,"Baramulla DFO Office (PM-10, PM-2.5) 1078",2024-02-01,114.0,114.0,67.0,24.0,12.0,121.0,Tier_2_Rescued
Kashmir,Baramulla,"Baramulla DFO Office (PM-10, PM-2.5) 1078",2024-03-01,87.0,87.0,52.0,14.0,5.0,87.0,Tier_2_Rescued
Kashmir,Baramulla,"Baramulla DFO Office (PM-10, PM-2.5) 1078",2024-04-01,87.0,87.0,67.0,17.0,7.0,121.0,Tier_2_Rescued
Kashmir,Baramulla,"Baramulla DFO Office (PM-10, PM-2.5) 1078",2024-05-01,,90.57142857142857,65.55555555555556,15.777777777777779,6.555555555555555,118.0,Tier_2_Rescued
Kashmir,Baramulla,"Baramulla DFO Office (PM-10, PM-2.5) 1078",2024-06-01,,94.14285714285714,64.11111111111111,14.555555555555555,6.111111111111111,111.0,Tier_2_Rescued
Kashmir,Baramulla,"Baramulla DFO Office (PM-10, PM-2.5) 1078",2024-07-01,,97.71428571428571,62.66666666666663,13.333333333333329,5.666666666666659,108.0,Tier_2_Rescued
Kashmir,Baramulla,"Baramulla DFO Office (PM-10, PM-2.5) 1078",2024-08-01,,101.28571428571429,61.222222222222186,12.111111111111107,5.222222222222216,101.0,Tier_2_Rescued
Kashmir,Baramulla,"Baramulla DFO Office (PM-10, PM-2.5) 1078",2024-09-01,,104.85714285714286,59.77777777777774,10.888888888888886,4.7777777777777715,104.0,Tier_2_Rescued
Kashmir,Baramulla,"Baramulla DFO Office (PM-10, PM-2.5) 1078",2024-10-01,,108.42857142857143,58.3333333333333,9.666666666666664,4.333333333333327,106.0,Tier_2_Rescued
Kashmir,Baramulla,"Baramulla DFO Office (PM-10, PM-2.5) 1078",2024-11-01,112.0,112.0,56.888888888888886,8.444444444444443,3.8888888888888893,108.0,Tier_2_Rescued
Kashmir,Baramulla,"Baramulla DFO Office (PM-10, PM-2.5) 1078",2024-12-01,,98.0,55.44444444444444,7.222222222222221,3.4444444444444446,98.0,Tier_2_Rescued
Kashmir,Baramulla,"Baramulla DFO Office (PM-10, PM-2.5) 1078",2025-01-01,95.0,84.0,54.0,6.0,3.0,90.0,Tier_2_Rescued
Kashmir,Baramulla,"Baramulla DFO Office (PM-10, PM-2.5) 1078",2025-02-01,117.0,117.0,59.0,15.0,8.0,112.0,Tier_2_Rescued
Kashmir,Baramulla,"Baramulla DFO Office (PM-10, PM-2.5) 1078",2025-03-01,116.0,116.0,37.0,9.0,4.0,111.0,Tier_2_Rescued
Kashmir,Baramulla,"Baramulla DFO Office (PM-10, PM-2.5) 1078",2025-04-01,116.0,116.0,48.0,5.0,3.0,111.0,Tier_2_Rescued
Kashmir,Baramulla,"Baramulla DFO Office (PM-10, PM-2.5) 1078",2025-05-01,109.0,109.0,52.0,5.5,3.0,106.0,Tier_2_Rescued
Kashmir,Baramulla,"Baramulla DFO Office (PM-10, PM-2.5) 1078",2025-06-01,110.0,110.0,52.0,6.0,3.0,107.0,Tier_2_Rescued
Kashmir,Baramulla,"Baramulla DFO Office (PM-10, PM-2.5) 1078",2025-07-01,115.0,115.0,55.0,7.0,3.0,110.0,Tier_2_Rescued
Kashmir,Baramulla,"Baramulla DFO Office (PM-10, PM-2.5) 1078",2025-08-01,110.0,110.0,50.0,10.0,4.0,107.0,Tier_2_Rescued
Kashmir,Baramulla,"Baramulla DFO Office (PM-10, PM-2.5) 1078",2025-09-01,112.0,112.0,66.0,17.0,7.0,118.0,Tier_2_Rescued
Kashmir,Baramulla,"Baramulla DFO Office (PM-10, PM-2.5) 1078",2025-10-01,114.0,114.0,54.0,9.0,7.0,110.0,Tier_2_Rescued
Kashmir,Baramulla,"Baramulla DFO Office (PM-10, PM-2.5) 1078",2025-11-01,118.0,118.0,50.0,15.0,7.0,112.0,Tier_2_Rescued
Kashmir,Baramulla,"Baramulla DFO Office (PM-10, PM-2.5) 1078",2025-12-01,122.0,122.0,55.0,16.0,7.0,115.0,Tier_2_Rescued
Kashmir,Baramulla,"Baramulla DFO Office (PM-10, PM-2.5) 1078",2026-01-01,115.0,115.0,46.0,16.0,7.0,110.0,Tier_2_Rescued
Kashmir,Baramulla,"Baramulla DFO Office (PM-10, PM-2.5) 1078",2026-02-01,,115.0,46.0,16.0,7.000000000000001,110.0,Tier_2_Rescued
Kashmir,Baramulla,"Baramulla DFO Office (PM-10, PM-2.5) 1078",2026-03-01,,115.0,46.0,16.0,7.000000000000001,110.0,Tier_2_Rescued
Kashmir,Baramulla,"Baramulla JKPCC Office (PM-10, PM-2.5) 1079",2022-01-01,82.0,,82.0,,,173.0,Tier_2_Rescued
Kashmir,Baramulla,"Baramulla JKPCC Office (PM-10, PM-2.5) 1079",2022-02-01,,,78.72727272727273,,,162.0,Tier_2_Rescued
Kashmir,Baramulla,"Baramulla JKPCC Office (PM-10, PM-2.5) 1079",2022-03-01,,,75.45454545454545,,,149.0,Tier_2_Rescued
Kashmir,Baramulla,"Baramulla JKPCC Office (PM-10, PM-2.5) 1079",2022-04-01,,,,,,,Tier_2_Rescued
Kashmir,Baramulla,"Baramulla JKPCC Office (PM-10, PM-2.5) 1079",2022-05-01,,,,,,,Tier_2_Rescued
Kashmir,Baramulla,"Baramulla JKPCC Office (PM-10, PM-2.5) 1079",2022-06-01,,,,,,,Tier_2_Rescued
Kashmir,Baramulla,"Baramulla JKPCC Office (PM-10, PM-2.5) 1079",2022-07-01,,,,,,,Tier_2_Rescued
Kashmir,Baramulla,"Baramulla JKPCC Office (PM-10, PM-2.5) 1079",2022-08-01,,,,,,,Tier_2_Rescued
Kashmir,Baramulla,"Baramulla JKPCC Office (PM-10, PM-2.5) 1079",2022-09-01,,,,,,,Tier_2_Rescued
Kashmir,Baramulla,"Baramulla JKPCC Office (PM-10, PM-2.5) 1079",2022-10-01,,75.0,52.54545454545455,13.0,7.0,88.0,Tier_2_Rescued
Kashmir,Baramulla,"Baramulla JKPCC Office (PM-10, PM-2.5) 1079",2022-11-01,,75.0,49.27272727272727,13.0,7.0,81.0,Tier_2_Rescued
Kashmir,Baramulla,"Baramulla JKPCC Office (PM-10, PM-2.5) 1079",2022-12-01,122.0,75.0,46.0,13.0,7.0,76.0,Tier_2_Rescued
Kashmir,Baramulla,"Baramulla JKPCC Office (PM-10, PM-2.5) 1079",2023-01-01,113.0,70.0,43.0,11.0,6.0,71.0,Tier_2_Rescued
Kashmir,Baramulla,"Baramulla JKPCC Office (PM-10, PM-2.5) 1079",2023-02-01,150.0,82.0,68.0,13.0,8.0,125.0,Tier_2_Rescued
Kashmir,Baramulla,"Baramulla JKPCC Office (PM-10, PM-2.5) 1079",2023-03-01,139.0,86.0,53.0,16.0,10.0,88.0,Tier_2_Rescued
Kashmir,Baramulla,"Baramulla JKPCC Office (PM-10, PM-2.5) 1079",2023-04-01,,85.66666666666667,51.44444444444444,16.2,10.272727272727273,86.0,Tier_2_Rescued
Kashmir,Baramulla,"Baramulla JKPCC Office (PM-10, PM-2.5) 1079",2023-05-01,,85.33333333333333,49.888888888888886,16.4,10.545454545454545,85.0,Tier_2_Rescued
Kashmir,Baramulla,"Baramulla JKPCC Office (PM-10, PM-2.5) 1079",2023-06-01,,85.0,48.33333333333334,16.6,,85.0,Tier_2_Rescued
Kashmir,Baramulla,"Baramulla JKPCC Office (PM-10, PM-2.5) 1079",2023-07-01,,84.66666666666667,46.777777777777786,16.8,,85.0,Tier_2_Rescued
Kashmir,Baramulla,"Baramulla JKPCC Office (PM-10, PM-2.5) 1079",2023-08-01,,84.33333333333333,45.22222222222223,17.000000000000004,,84.0,Tier_2_Rescued
Kashmir,Baramulla,"Baramulla JKPCC Office (PM-10, PM-2.5) 1079",2023-09-01,,84.0,43.66666666666667,17.200000000000003,,84.0,Tier_2_Rescued
Kashmir,Baramulla,"Baramulla JKPCC Office (PM-10, PM-2.5) 1079",2023-10-01,,83.66666666666667,42.111111111111114,17.400000000000006,,84.0,Tier_2_Rescued
Kashmir,Baramulla,"Baramulla JKPCC Office (PM-10, PM-2.5) 1079",2023-11-01,,83.33333333333333,40.55555555555556,17.6,,83.0,Tier_2_Rescued
Kashmir,Baramulla,"Baramulla JKPCC Office (PM-10, PM-2.5) 1079",2023-12-01,,83.0,39.0,17.8,12.454545454545453,83.0,Tier_2_Rescued
Kashmir,Baramulla,"Baramulla JKPCC Office (PM-10, PM-2.5) 1079",2024-01-01,121.0,121.0,77.5,18.0,12.727272727272727,159.0,Tier_2_Rescued
Kashmir,Baramulla,"Baramulla JKPCC Office (PM-10, PM-2.5) 1079",2024-02-01,133.0,129.0,116.0,25.0,13.0,286.0,Tier_2_Rescued
Kashmir,Baramulla,"Baramulla JKPCC Office (PM-10, PM-2.5) 1079",2024-03-01,149.0,138.0,139.0,23.0,11.0,315.0,Tier_2_Rescued
Kashmir,Baramulla,"Baramulla JKPCC Office (PM-10, PM-2.5) 1079",2024-04-01,135.0,132.0,104.0,22.0,12.0,245.0,Tier_2_Rescued
Kashmir,Baramulla,"Baramulla JKPCC Office (PM-10, PM-2.5) 1079",2024-05-01,,131.33333333333334,100.57142857142857,21.142857142857142,10.571428571428571,235.0,Tier_2_Rescued
Kashmir,Baramulla,"Baramulla JKPCC Office (PM-10, PM-2.5) 1079",2024-06-01,,130.66666666666666,97.14285714285714,20.285714285714285,9.142857142857142,221.0,Tier_2_Rescued
Kashmir,Baramulla,"Baramulla JKPCC Office (PM-10, PM-2.5) 1079",2024-07-01,,130.0,93.71428571428571,19.428571428571427,7.7142857142857135,211.0,Tier_2_Rescued
Kashmir,Baramulla,"Baramulla JKPCC Office (PM-10, PM-2.5) 1079",2024-08-01,,129.33333333333334,90.28571428571429,18.571428571428573,6.285714285714285,200.0,Tier_2_Rescued
Kashmir,Baramulla,"Baramulla JKPCC Office (PM-10, PM-2.5) 1079",2024-09-01,,128.66666666666666,86.85714285714286,17.714285714285715,4.857142857142857,190.0,Tier_2_Rescued
Kashmir,Baramulla,"Baramulla JKPCC Office (PM-10, PM-2.5) 1079",2024-10-01,,128.0,83.42857142857143,16.857142857142858,3.428571428571429,176.0,Tier_2_Rescued
Kashmir,Baramulla,"Baramulla JKPCC Office (PM-10, PM-2.5) 1079",2024-11-01,,127.33333333333333,80.0,16.0,2.0,166.0,Tier_2_Rescued
Kashmir,Baramulla,"Baramulla JKPCC Office (PM-10, PM-2.5) 1079",2024-12-01,,126.66666666666667,72.5,17.0,9.0,139.0,Tier_2_Rescued
Kashmir,Baramulla,"Baramulla JKPCC Office (PM-10, PM-2.5) 1079",2025-01-01,126.0,126.0,65.0,15.0,8.0,118.0,Tier_2_Rescued
Kashmir,Baramulla,"Baramulla JKPCC Office (PM-10, PM-2.5) 1079",2025-02-01,124.0,124.0,66.0,18.0,10.0,118.0,Tier_2_Rescued
Kashmir,Baramulla,"Baramulla JKPCC Office (PM-10, PM-2.5) 1079",2025-03-01,114.0,114.0,29.0,16.0,9.0,110.0,Tier_2_Rescued
Kashmir,Baramulla,"Baramulla JKPCC Office (PM-10, PM-2.5) 1079",2025-04-01,125.0,125.0,68.0,10.0,5.0,125.0,Tier_2_Rescued
Kashmir,Baramulla,"Baramulla JKPCC Office (PM-10, PM-2.5) 1079",2025-05-01,114.0,114.0,61.0,18.0,5.0,110.0,Tier_2_Rescued
Kashmir,Baramulla,"Baramulla JKPCC Office (PM-10, PM-2.5) 1079",2025-06-01,126.0,126.0,68.0,12.0,5.0,125.0,Tier_2_Rescued
Kashmir,Baramulla,"Baramulla JKPCC Office (PM-10, PM-2.5) 1079",2025-07-01,126.0,126.0,52.0,12.0,6.0,118.0,Tier_2_Rescued
Kashmir,Baramulla,"Baramulla JKPCC Office (PM-10, PM-2.5) 1079",2025-08-01,119.0,119.0,53.0,16.0,8.0,113.0,Tier_2_Rescued
Kashmir,Baramulla,"Baramulla JKPCC Office (PM-10, PM-2.5) 1079",2025-09-01,51.0,123.5,51.0,17.0,8.0,116.0,Tier_2_Rescued
Kashmir,Baramulla,"Baramulla JKPCC Office (PM-10, PM-2.5) 1079",2025-10-01,128.0,128.0,62.0,18.0,8.0,119.0,Tier_2_Rescued
Kashmir,Baramulla,"Baramulla JKPCC Office (PM-10, PM-2.5) 1079",2025-11-01,132.0,132.0,71.0,22.0,8.0,135.0,Tier_2_Rescued
Kashmir,Baramulla,"Baramulla JKPCC Office (PM-10, PM-2.5) 1079",2025-12-01,,130.0,95.0,24.0,7.999999999999999,215.0,Tier_2_Rescued
Kashmir,Baramulla,"Baramulla JKPCC Office (PM-10, PM-2.5) 1079",2026-01-01,128.0,128.0,70.0,23.0,7.999999999999997,132.0,Tier_2_Rescued
Kashmir,Baramulla,"Baramulla JKPCC Office (PM-10, PM-2.5) 1079",2026-02-01,108.0,108.0,46.0,22.0,7.9999999999999964,106.0,Tier_2_Rescued
Kashmir,Baramulla,"Baramulla JKPCC Office (PM-10, PM-2.5) 1079",2026-03-01,,108.0,46.0,22.0,7.999999999999995,106.0,Tier_2_Rescued
Kashmir,Srinagar,Dalgate Boulvard Srinagar (PM-2.5),2022-01-01,84.0,96.0,84.0,25.5,13.5,180.0,Tier_2_Rescued
Kashmir,Srinagar,Dalgate Boulvard Srinagar (PM-2.5),2022-02-01,66.0,113.5,66.0,17.5,9.5,118.0,Tier_2_Rescued
Kashmir,Srinagar,Dalgate Boulvard Srinagar (PM-2.5),2022-03-01,93.0,114.0,93.0,21.5,11.0,208.0,Tier_2_Rescued
Kashmir,Srinagar,Dalgate Boulvard Srinagar (PM-2.5),2022-04-01,89.0,95.5,89.0,22.0,9.0,197.0,Tier_2_Rescued
Kashmir,Srinagar,Dalgate Boulvard Srinagar (PM-2.5),2022-05-01,89.0,99.0,89.0,25.0,8.5,197.0,Tier_2_Rescued
Kashmir,Srinagar,Dalgate Boulvard Srinagar (PM-2.5),2022-06-01,89.0,103.0,89.0,21.0,7.5,197.0,Tier_2_Rescued
Kashmir,Srinagar,Dalgate Boulvard Srinagar (PM-2.5),2022-07-01,86.0,81.0,86.0,18.0,8.0,186.0,Tier_2_Rescued
Kashmir,Srinagar,Dalgate Boulvard Srinagar (PM-2.5),2022-08-01,88.0,46.0,88.0,12.0,6.0,193.0,Tier_2_Rescued
Kashmir,Srinagar,Dalgate Boulvard Srinagar (PM-2.5),2022-09-01,79.0,49.0,79.0,12.0,7.0,162.0,Tier_2_Rescued
Kashmir,Srinagar,Dalgate Boulvard Srinagar (PM-2.5),2022-10-01,87.0,51.5,87.0,14.0,6.857142857142857,190.0,Tier_2_Rescued
Kashmir,Srinagar,Dalgate Boulvard Srinagar (PM-2.5),2022-11-01,80.0,57.0,80.0,13.0,7.0,166.0,Tier_2_Rescued
Kashmir,Srinagar,Dalgate Boulvard Srinagar (PM-2.5),2022-12-01,78.0,70.0,78.0,17.0,9.0,159.0,Tier_2_Rescued
Kashmir,Srinagar,Dalgate Boulvard Srinagar (PM-2.5),2023-01-01,82.0,65.0,82.0,14.0,7.0,173.0,Tier_2_Rescued
Kashmir,Srinagar,Dalgate Boulvard Srinagar (PM-2.5),2023-02-01,116.0,66.28571428571428,116.0,16.142857142857142,7.142857142857142,286.0,Tier_2_Rescued
Kashmir,Srinagar,Dalgate Boulvard Srinagar (PM-2.5),2023-03-01,106.0,80.5,106.0,18.07142857142857,9.0,252.0,Tier_2_Rescued
Kashmir,Srinagar,Dalgate Boulvard Srinagar (PM-2.5),2023-04-01,81.0,70.9375,81.0,17.4375,7.6875,169.0,Tier_2_Rescued
Kashmir,Srinagar,Dalgate Boulvard Srinagar (PM-2.5),2023-05-01,95.0,80.0,95.0,17.5,8.875,215.0,Tier_2_Rescued
Kashmir,Srinagar,Dalgate Boulvard Srinagar (PM-2.5),2023-06-01,93.0,84.93749999999999,93.0,15.187499999999995,8.25,208.0,Tier_2_Rescued
Kashmir,Srinagar,Dalgate Boulvard Srinagar (PM-2.5),2023-07-01,90.0,79.24999999999999,90.0,15.749999999999998,7.499999999999999,200.0,Tier_2_Rescued
Kashmir,Srinagar,Dalgate Boulvard Srinagar (PM-2.5),2023-08-01,87.0,67.1875,87.0,13.124999999999996,5.8125,190.0,Tier_2_Rescued
Kashmir,Srinagar,Dalgate Boulvard Srinagar (PM-2.5),2023-09-01,88.0,63.0,88.0,14.75,5.875,193.0,Tier_2_Rescued
Kashmir,Srinagar,Dalgate Boulvard Srinagar (PM-2.5),2023-10-01,104.0,72.1875,104.0,13.375,5.3125,245.0,Tier_2_Rescued
Kashmir,Srinagar,Dalgate Boulvard Srinagar (PM-2.5),2023-11-01,111.0,89.33333333333333,111.0,15.0,5.0625,269.0,Tier_2_Rescued
Kashmir,Srinagar,Dalgate Boulvard Srinagar (PM-2.5),2023-12-01,119.0,108.16666666666666,119.0,14.0,5.125,297.0,Tier_2_Rescued
Kashmir,Srinagar,Dalgate Boulvard Srinagar (PM-2.5),2024-01-01,,131.0,113.66666666666667,18.5,3.187499999999999,280.0,Tier_2_Rescued
Kashmir,Srinagar,Dalgate Boulvard Srinagar (PM-2.5),2024-02-01,,117.25,108.33333333333333,20.5,10.0,259.0,Tier_2_Rescued
Kashmir,Srinagar,Dalgate Boulvard Srinagar (PM-2.5),2024-03-01,,102.9,103.0,19.0,8.0,242.0,Tier_2_Rescued
Kashmir,Srinagar,Dalgate Boulvard Srinagar (PM-2.5),2024-04-01,,102.1,97.66666666666667,21.166666666666664,9.0,225.0,Tier_2_Rescued
Kashmir,Srinagar,Dalgate Boulvard Srinagar (PM-2.5),2024-05-01,,98.3,92.33333333333334,20.5,10.0,204.0,Tier_2_Rescued
Kashmir,Srinagar,Dalgate Boulvard Srinagar (PM-2.5),2024-06-01,87.0,99.0,87.0,1.0,8.0,190.0,Tier_2_Rescued
Kashmir,Srinagar,Dalgate Boulvard Srinagar (PM-2.5),2024-07-01,93.0,85.5,93.0,1.0,6.5,208.0,Tier_2_Rescued
Kashmir,Srinagar,Dalgate Boulvard Srinagar (PM-2.5),2024-08-01,93.0,80.0,93.0,1.0,6.5,208.0,Tier_2_Rescued
Kashmir,Srinagar,Dalgate Boulvard Srinagar (PM-2.5),2024-09-01,95.0,77.5,95.0,1.0,6.0,215.0,Tier_2_Rescued
Kashmir,Srinagar,Dalgate Boulvard Srinagar (PM-2.5),2024-10-01,94.0,91.0,94.0,1.0,6.0,211.0,Tier_2_Rescued
Kashmir,Srinagar,Dalgate Boulvard Srinagar (PM-2.5),2024-11-01,90.0,119.66666666666666,90.0,11.25,3.0,200.0,Tier_2_Rescued
Kashmir,Srinagar,Dalgate Boulvard Srinagar (PM-2.5),2024-12-01,87.0,118.0,87.0,12.875,7.0,190.0,Tier_2_Rescued
Kashmir,Srinagar,Dalgate Boulvard Srinagar (PM-2.5),2025-01-01,90.0,98.5,90.0,13.0,7.5,200.0,Tier_2_Rescued
Kashmir,Srinagar,Dalgate Boulvard Srinagar (PM-2.5),2025-02-01,86.0,97.0,86.0,15.0,10.0,186.0,Tier_2_Rescued
Kashmir,Srinagar,Dalgate Boulvard Srinagar (PM-2.5),2025-03-01,89.0,68.0,89.0,12.0,7.0,197.0,Tier_2_Rescued
Kashmir,Srinagar,Dalgate Boulvard Srinagar (PM-2.5),2025-04-01,85.0,78.0,85.0,13.75,8.25,183.0,Tier_2_Rescued
Kashmir,Srinagar,Dalgate Boulvard Srinagar (PM-2.5),2025-05-01,87.0,70.125,87.0,15.5,8.4,190.0,Tier_2_Rescued
Kashmir,Srinagar,Dalgate Boulvard Srinagar (PM-2.5),2025-06-01,88.0,75.75,88.0,14.0,5.5,193.0,Tier_2_Rescued
Kashmir,Srinagar,Dalgate Boulvard Srinagar (PM-2.5),2025-07-01,86.0,67.875,86.0,12.0,6.0,186.0,Tier_2_Rescued
Kashmir,Srinagar,Dalgate Boulvard Srinagar (PM-2.5),2025-08-01,73.0,77.0,73.0,10.5,4.5,142.0,Tier_2_Rescued
Kashmir,Srinagar,Dalgate Boulvard Srinagar (PM-2.5),2025-09-01,66.0,79.0,66.0,11.0,4.5,118.0,Tier_2_Rescued
Kashmir,Srinagar,Dalgate Boulvard Srinagar (PM-2.5),2025-10-01,67.0,70.5,67.0,14.5,4.5,121.0,Tier_2_Rescued
Kashmir,Srinagar,Dalgate Boulvard Srinagar (PM-2.5),2025-11-01,74.0,92.0,74.0,16.0,4.5,145.0,Tier_2_Rescued
Kashmir,Srinagar,Dalgate Boulvard Srinagar (PM-2.5),2025-12-01,84.0,109.0,84.0,16.5,4.499999999999999,180.0,Tier_2_Rescued
Kashmir,Srinagar,Dalgate Boulvard Srinagar (PM-2.5),2026-01-01,115.0,114.5,115.0,19.0,4.499999999999998,283.0,Tier_2_Rescued
Kashmir,Srinagar,Dalgate Boulvard Srinagar (PM-2.5),2026-02-01,76.0,106.5,76.0,19.5,4.499999999999998,152.0,Tier_2_Rescued
Kashmir,Srinagar,Dalgate Boulvard Srinagar (PM-2.5),2026-03-01,,106.5,76.0,19.5,4.499999999999998,152.0,Tier_2_Rescued
Jammu,Doda,Doda PCC Office Near Bus Stand 1065,2022-01-01,86.0,86.0,35.0,21.0,3.0,86.0,Tier_2_Rescued
Jammu,Doda,Doda PCC Office Near Bus Stand 1065,2022-02-01,72.0,72.0,35.0,32.0,3.0,72.0,Tier_2_Rescued
Jammu,Doda,Doda PCC Office Near Bus Stand 1065,2022-03-01,,75.2,36.4,34.0,5.0,75.0,Tier_2_Rescued
Jammu,Doda,Doda PCC Office Near Bus Stand 1065,2022-04-01,,78.4,37.8,35.0,3.0,78.0,Tier_2_Rescued
Jammu,Doda,Doda PCC Office Near Bus Stand 1065,2022-05-01,,81.6,39.2,34.0,4.0,82.0,Tier_2_Rescued
Jammu,Doda,Doda PCC Office Near Bus Stand 1065,2022-06-01,,84.8,40.6,35.0,3.0,85.0,Tier_2_Rescued
Jammu,Doda,Doda PCC Office Near Bus Stand 1065,2022-07-01,88.0,88.0,42.0,16.0,2.0,88.0,Tier_2_Rescued
Jammu,Doda,Doda PCC Office Near Bus Stand 1065,2022-08-01,79.0,78.0,40.0,22.5,3.5,78.0,Tier_2_Rescued
Jammu,Doda,Doda PCC Office Near Bus Stand 1065,2022-09-01,82.0,82.0,30.0,21.5,3.0,82.0,Tier_2_Rescued
Jammu,Doda,Doda PCC Office Near Bus Stand 1065,2022-10-01,,82.5,32.0,24.0,2.5,82.0,Tier_2_Rescued
Jammu,Doda,Doda PCC Office Near Bus Stand 1065,2022-11-01,83.0,83.0,34.0,11.0,2.0,83.0,Tier_2_Rescued
Jammu,Doda,Doda PCC Office Near Bus Stand 1065,2022-12-01,,85.0,37.0,12.0,,85.0,Tier_2_Rescued
Jammu,Doda,Doda PCC Office Near Bus Stand 1065,2023-01-01,81.0,81.0,32.0,18.5,2.5,81.0,Tier_2_Rescued
Jammu,Doda,Doda PCC Office Near Bus Stand 1065,2023-02-01,85.0,85.0,34.0,5.5,,85.0,Tier_2_Rescued
Jammu,Doda,Doda PCC Office Near Bus Stand 1065,2023-03-01,78.0,78.0,40.0,22.0,3.0,78.0,Tier_2_Rescued
Jammu,Doda,Doda PCC Office Near Bus Stand 1065,2023-04-01,78.0,78.0,38.0,19.0,2.0,78.0,Tier_2_Rescued
Jammu,Doda,Doda PCC Office Near Bus Stand 1065,2023-05-01,83.0,83.0,38.0,13.0,2.0,83.0,Tier_2_Rescued
Jammu,Doda,Doda PCC Office Near Bus Stand 1065,2023-06-01,85.0,85.0,35.0,19.0,3.0,85.0,Tier_2_Rescued
Jammu,Doda,Doda PCC Office Near Bus Stand 1065,2023-07-01,88.0,88.0,28.0,15.0,2.0,88.0,Tier_2_Rescued
Jammu,Doda,Doda PCC Office Near Bus Stand 1065,2023-08-01,90.0,90.0,22.0,18.0,3.0,90.0,Tier_2_Rescued
Jammu,Doda,Doda PCC Office Near Bus Stand 1065,2023-09-01,86.0,86.0,41.0,17.0,3.0,86.0,Tier_2_Rescued
Jammu,Doda,Doda PCC Office Near Bus Stand 1065,2023-10-01,79.0,79.0,42.0,18.0,3.0,79.0,Tier_2_Rescued
Jammu,Doda,Doda PCC Office Near Bus Stand 1065,2023-11-01,85.0,85.0,47.0,22.0,4.0,85.0,Tier_2_Rescued
Jammu,Doda,Doda PCC Office Near Bus Stand 1065,2023-12-01,84.0,84.0,38.0,20.5,2.5,84.0,Tier_2_Rescued
Jammu,Doda,Doda PCC Office Near Bus Stand 1065,2024-01-01,82.0,82.0,35.0,20.0,2.0,82.0,Tier_2_Rescued
Jammu,Doda,Doda PCC Office Near Bus Stand 1065,2024-02-01,87.0,87.0,35.0,17.0,3.0,87.0,Tier_2_Rescued
Jammu,Doda,Doda PCC Office Near Bus Stand 1065,2024-03-01,88.0,88.0,34.0,19.0,3.0,88.0,Tier_2_Rescued
Jammu,Doda,Doda PCC Office Near Bus Stand 1065,2024-04-01,89.0,89.0,38.0,13.0,2.0,89.0,Tier_2_Rescued
Jammu,Doda,Doda PCC Office Near Bus Stand 1065,2024-05-01,87.0,87.0,37.0,19.0,4.0,87.0,Tier_2_Rescued
Jammu,Doda,Doda PCC Office Near Bus Stand 1065,2024-06-01,83.0,83.0,35.0,19.0,3.0,83.0,Tier_2_Rescued
Jammu,Doda,Doda PCC Office Near Bus Stand 1065,2024-07-01,88.0,88.0,39.0,14.0,2.0,88.0,Tier_2_Rescued
Jammu,Doda,Doda PCC Office Near Bus Stand 1065,2024-08-01,90.0,90.0,37.0,10.0,1.0,90.0,Tier_2_Rescued
Jammu,Doda,Doda PCC Office Near Bus Stand 1065,2024-09-01,84.0,84.0,38.0,,,84.0,Tier_2_Rescued
Jammu,Doda,Doda PCC Office Near Bus Stand 1065,2024-10-01,88.0,88.0,35.0,21.0,4.0,88.0,Tier_2_Rescued
Jammu,Doda,Doda PCC Office Near Bus Stand 1065,2024-11-01,,89.0,33.0,26.0,6.0,89.0,Tier_2_Rescued
Jammu,Doda,Doda PCC Office Near Bus Stand 1065,2024-12-01,,87.0,34.0,36.0,4.0,87.0,Tier_2_Rescued
Jammu,Doda,Doda PCC Office Near Bus Stand 1065,2025-01-01,85.0,85.0,42.0,34.0,4.0,85.0,Tier_2_Rescued
Jammu,Doda,Doda PCC Office Near Bus Stand 1065,2025-02-01,86.0,86.0,40.0,13.0,2.0,86.0,Tier_2_Rescued
Jammu,Doda,Doda PCC Office Near Bus Stand 1065,2025-03-01,89.0,89.0,34.0,30.0,3.0,89.0,Tier_2_Rescued
Jammu,Doda,Doda PCC Office Near Bus Stand 1065,2025-04-01,87.0,87.0,37.0,31.0,3.0,87.0,Tier_2_Rescued
Jammu,Doda,Doda PCC Office Near Bus Stand 1065,2025-05-01,83.0,83.0,39.0,,,83.0,Tier_2_Rescued
Jammu,Doda,Doda PCC Office Near Bus Stand 1065,2025-06-01,87.0,87.0,38.0,,,87.0,Tier_2_Rescued
Jammu,Doda,Doda PCC Office Near Bus Stand 1065,2025-07-01,86.0,86.0,37.0,22.0,2.0,86.0,Tier_2_Rescued
Jammu,Doda,Doda PCC Office Near Bus Stand 1065,2025-08-01,83.0,83.0,35.0,21.0,2.0,83.0,Tier_2_Rescued
Jammu,Doda,Doda PCC Office Near Bus Stand 1065,2025-09-01,52.0,51.0,35.0,17.0,2.0,58.0,Tier_2_Rescued
Jammu,Doda,Doda PCC Office Near Bus Stand 1065,2025-10-01,63.0,63.0,43.0,23.5,3.5,71.0,Tier_2_Rescued
Jammu,Doda,Doda PCC Office Near Bus Stand 1065,2025-11-01,48.0,47.0,38.0,31.0,3.0,63.0,Tier_2_Rescued
Jammu,Doda,Doda PCC Office Near Bus Stand 1065,2025-12-01,57.0,51.0,37.0,34.5,4.0,61.0,Tier_2_Rescued
Jammu,Doda,Doda PCC Office Near Bus Stand 1065,2026-01-01,55.0,55.0,36.0,37.0,3.0,59.0,Tier_2_Rescued
Jammu,Doda,Doda PCC Office Near Bus Stand 1065,2026-02-01,51.0,51.0,37.0,34.0,4.0,61.0,Tier_2_Rescued
Jammu,Doda,Doda PCC Office Near Bus Stand 1065,2026-03-01,,51.0,37.0,34.0,3.0,61.0,Tier_2_Rescued
Kashmir,Ganderbal,"Ganderbal DFO Office (PM-10, PM-2.5) 1083",2022-01-01,,,,,,,Tier_2_Rescued
Kashmir,Ganderbal,"Ganderbal DFO Office (PM-10, PM-2.5) 1083",2022-02-01,,,,,,,Tier_2_Rescued
Kashmir,Ganderbal,"Ganderbal DFO Office (PM-10, PM-2.5) 1083",2022-03-01,,,,,,,Tier_2_Rescued
Kashmir,Ganderbal,"Ganderbal DFO Office (PM-10, PM-2.5) 1083",2022-04-01,,,,,,,Tier_2_Rescued
Kashmir,Ganderbal,"Ganderbal DFO Office (PM-10, PM-2.5) 1083",2022-05-01,,,,,,,Tier_2_Rescued
Kashmir,Ganderbal,"Ganderbal DFO Office (PM-10, PM-2.5) 1083",2022-06-01,,,,,,,Tier_2_Rescued
Kashmir,Ganderbal,"Ganderbal DFO Office (PM-10, PM-2.5) 1083",2022-07-01,,,,,,,Tier_2_Rescued
Kashmir,Ganderbal,"Ganderbal DFO Office (PM-10, PM-2.5) 1083",2022-08-01,,,,,,,Tier_2_Rescued
Kashmir,Ganderbal,"Ganderbal DFO Office (PM-10, PM-2.5) 1083",2022-09-01,,,,,,,Tier_2_Rescued
Kashmir,Ganderbal,"Ganderbal DFO Office (PM-10, PM-2.5) 1083",2022-10-01,,51.0,37.0,12.0,7.0,61.0,Tier_2_Rescued
Kashmir,Ganderbal,"Ganderbal DFO Office (PM-10, PM-2.5) 1083",2022-11-01,,51.0,37.0,12.0,7.0,61.0,Tier_2_Rescued
Kashmir,Ganderbal,"Ganderbal DFO Office (PM-10, PM-2.5) 1083",2022-12-01,89.0,51.0,37.0,12.0,7.0,61.0,Tier_2_Rescued
Kashmir,Ganderbal,"Ganderbal DFO Office (PM-10, PM-2.5) 1083",2023-01-01,112.0,59.0,52.0,11.0,6.0,86.0,Tier_2_Rescued
Kashmir,Ganderbal,"Ganderbal DFO Office (PM-10, PM-2.5) 1083",2023-02-01,108.0,61.0,46.0,13.0,7.0,76.0,Tier_2_Rescued
Kashmir,Ganderbal,"Ganderbal DFO Office (PM-10, PM-2.5) 1083",2023-03-01,104.0,46.0,58.0,9.0,5.0,97.0,Tier_2_Rescued
Kashmir,Ganderbal,"Ganderbal DFO Office (PM-10, PM-2.5) 1083",2023-04-01,,52.63636363636364,58.18181818181818,10.181818181818182,5.454545454545454,97.0,Tier_2_Rescued
Kashmir,Ganderbal,"Ganderbal DFO Office (PM-10, PM-2.5) 1083",2023-05-01,,59.27272727272727,58.36363636363637,11.363636363636363,5.909090909090909,97.0,Tier_2_Rescued
Kashmir,Ganderbal,"Ganderbal DFO Office (PM-10, PM-2.5) 1083",2023-06-01,,,,,,,Tier_2_Rescued
Kashmir,Ganderbal,"Ganderbal DFO Office (PM-10, PM-2.5) 1083",2023-07-01,,,,,,,Tier_2_Rescued
Kashmir,Ganderbal,"Ganderbal DFO Office (PM-10, PM-2.5) 1083",2023-08-01,,,,,,,Tier_2_Rescued
Kashmir,Ganderbal,"Ganderbal DFO Office (PM-10, PM-2.5) 1083",2023-09-01,,,,,,,Tier_2_Rescued
Kashmir,Ganderbal,"Ganderbal DFO Office (PM-10, PM-2.5) 1083",2023-10-01,,,,,,,Tier_2_Rescued
Kashmir,Ganderbal,"Ganderbal DFO Office (PM-10, PM-2.5) 1083",2023-11-01,,,,,,,Tier_2_Rescued
Kashmir,Ganderbal,"Ganderbal DFO Office (PM-10, PM-2.5) 1083",2023-12-01,,105.72727272727273,59.63636363636363,19.636363636363637,9.09090909090909,104.0,Tier_2_Rescued
Kashmir,Ganderbal,"Ganderbal DFO Office (PM-10, PM-2.5) 1083",2024-01-01,,112.36363636363637,59.81818181818182,20.81818181818182,9.545454545454545,108.0,Tier_2_Rescued
Kashmir,Ganderbal,"Ganderbal DFO Office (PM-10, PM-2.5) 1083",2024-02-01,119.0,119.0,60.0,22.0,10.0,113.0,Tier_2_Rescued
Kashmir,Ganderbal,"Ganderbal DFO Office (PM-10, PM-2.5) 1083",2024-03-01,86.0,86.0,55.22222222222222,19.0,8.0,92.0,Tier_2_Rescued
Kashmir,Ganderbal,"Ganderbal DFO Office (PM-10, PM-2.5) 1083",2024-04-01,76.0,76.0,50.44444444444444,20.0,8.0,83.0,Tier_2_Rescued
Kashmir,Ganderbal,"Ganderbal DFO Office (PM-10, PM-2.5) 1083",2024-05-01,,83.28571428571429,45.666666666666714,20.857142857142858,8.142857142857142,83.0,Tier_2_Rescued
Kashmir,Ganderbal,"Ganderbal DFO Office (PM-10, PM-2.5) 1083",2024-06-01,,90.57142857142857,40.88888888888894,21.714285714285715,8.285714285714286,91.0,Tier_2_Rescued
Kashmir,Ganderbal,"Ganderbal DFO Office (PM-10, PM-2.5) 1083",2024-07-01,,97.85714285714286,36.11111111111114,22.571428571428573,8.428571428571429,98.0,Tier_2_Rescued
Kashmir,Ganderbal,"Ganderbal DFO Office (PM-10, PM-2.5) 1083",2024-08-01,,105.14285714285714,31.33333333333337,23.428571428571427,8.571428571428571,104.0,Tier_2_Rescued
Kashmir,Ganderbal,"Ganderbal DFO Office (PM-10, PM-2.5) 1083",2024-09-01,,112.42857142857143,26.555555555555557,24.285714285714285,8.714285714285714,108.0,Tier_2_Rescued
Kashmir,Ganderbal,"Ganderbal DFO Office (PM-10, PM-2.5) 1083",2024-10-01,,119.71428571428572,21.77777777777778,25.142857142857142,8.857142857142858,114.0,Tier_2_Rescued
Kashmir,Ganderbal,"Ganderbal DFO Office (PM-10, PM-2.5) 1083",2024-11-01,127.0,127.0,17.0,26.0,9.0,118.0,Tier_2_Rescued
Kashmir,Ganderbal,"Ganderbal DFO Office (PM-10, PM-2.5) 1083",2024-12-01,,108.0,59.0,13.0,7.0,106.0,Tier_2_Rescued
Kashmir,Ganderbal,"Ganderbal DFO Office (PM-10, PM-2.5) 1083",2025-01-01,107.0,107.0,58.0,6.0,3.0,105.0,Tier_2_Rescued
Kashmir,Ganderbal,"Ganderbal DFO Office (PM-10, PM-2.5) 1083",2025-02-01,101.0,101.0,47.0,15.0,8.0,101.0,Tier_2_Rescued
Kashmir,Ganderbal,"Ganderbal DFO Office (PM-10, PM-2.5) 1083",2025-03-01,76.0,76.0,42.5,10.0,4.0,76.0,Tier_2_Rescued
Kashmir,Ganderbal,"Ganderbal DFO Office (PM-10, PM-2.5) 1083",2025-04-01,78.0,78.0,38.0,11.0,6.0,78.0,Tier_2_Rescued
Kashmir,Ganderbal,"Ganderbal DFO Office (PM-10, PM-2.5) 1083",2025-05-01,67.0,67.0,33.5,7.0,4.0,67.0,Tier_2_Rescued
Kashmir,Ganderbal,"Ganderbal DFO Office (PM-10, PM-2.5) 1083",2025-06-01,73.0,73.0,29.0,13.0,5.0,73.0,Tier_2_Rescued
Kashmir,Ganderbal,"Ganderbal DFO Office (PM-10, PM-2.5) 1083",2025-07-01,71.0,71.0,24.5,10.0,5.0,71.0,Tier_2_Rescued
Kashmir,Ganderbal,"Ganderbal DFO Office (PM-10, PM-2.5) 1083",2025-08-01,66.0,66.0,20.0,12.0,6.0,66.0,Tier_2_Rescued
Kashmir,Ganderbal,"Ganderbal DFO Office (PM-10, PM-2.5) 1083",2025-09-01,69.0,69.0,15.5,12.0,6.0,69.0,Tier_2_Rescued
Kashmir,Ganderbal,"Ganderbal DFO Office (PM-10, PM-2.5) 1083",2025-10-01,90.0,90.0,11.0,9.0,6.0,90.0,Tier_2_Rescued
Kashmir,Ganderbal,"Ganderbal DFO Office (PM-10, PM-2.5) 1083",2025-11-01,,92.0,45.0,15.0,6.0,92.0,Tier_2_Rescued
Kashmir,Ganderbal,"Ganderbal DFO Office (PM-10, PM-2.5) 1083",2025-12-01,,97.0,48.0,15.0,6.0,97.0,Tier_2_Rescued
Kashmir,Ganderbal,"Ganderbal DFO Office (PM-10, PM-2.5) 1083",2026-01-01,87.0,87.0,40.0,16.0,5.999999999999999,87.0,Tier_2_Rescued
Kashmir,Ganderbal,"Ganderbal DFO Office (PM-10, PM-2.5) 1083",2026-02-01,87.0,87.0,38.0,16.0,5.999999999999999,87.0,Tier_2_Rescued
Kashmir,Ganderbal,"Ganderbal DFO Office (PM-10, PM-2.5) 1083",2026-03-01,,87.0,38.0,16.0,5.999999999999999,87.0,Tier_2_Rescued
Kashmir,Srinagar,"Hokersar Wildlife Office (PM-10, PM-2.5) 1076",2022-01-01,,96.0,84.0,25.5,13.5,180.0,Tier_2_Rescued
Kashmir,Srinagar,"Hokersar Wildlife Office (PM-10, PM-2.5) 1076",2022-02-01,,113.5,63.0,17.5,9.5,110.0,Tier_2_Rescued
Kashmir,Srinagar,"Hokersar Wildlife Office (PM-10, PM-2.5) 1076",2022-03-01,,114.0,73.0,21.5,11.0,142.0,Tier_2_Rescued
Kashmir,Srinagar,"Hokersar Wildlife Office (PM-10, PM-2.5) 1076",2022-04-01,,95.5,74.0,22.0,9.0,145.0,Tier_2_Rescued
Kashmir,Srinagar,"Hokersar Wildlife Office (PM-10, PM-2.5) 1076",2022-05-01,,99.0,70.0,25.0,8.5,132.0,Tier_2_Rescued
Kashmir,Srinagar,"Hokersar Wildlife Office (PM-10, PM-2.5) 1076",2022-06-01,,103.0,76.0,21.0,7.5,152.0,Tier_2_Rescued
Kashmir,Srinagar,"Hokersar Wildlife Office (PM-10, PM-2.5) 1076",2022-07-01,,81.0,68.0,18.0,8.0,125.0,Tier_2_Rescued
Kashmir,Srinagar,"Hokersar Wildlife Office (PM-10, PM-2.5) 1076",2022-08-01,,44.0,32.0,12.0,6.0,53.0,Tier_2_Rescued
Kashmir,Srinagar,"Hokersar Wildlife Office (PM-10, PM-2.5) 1076",2022-09-01,,44.0,32.0,12.0,6.0,53.0,Tier_2_Rescued
Kashmir,Srinagar,"Hokersar Wildlife Office (PM-10, PM-2.5) 1076",2022-10-01,76.0,44.0,32.0,12.0,6.0,53.0,Tier_2_Rescued
Kashmir,Srinagar,"Hokersar Wildlife Office (PM-10, PM-2.5) 1076",2022-11-01,,57.0,36.5,12.5,7.0,59.0,Tier_2_Rescued
Kashmir,Srinagar,"Hokersar Wildlife Office (PM-10, PM-2.5) 1076",2022-12-01,112.0,70.0,41.0,13.0,8.0,70.0,Tier_2_Rescued
Kashmir,Srinagar,"Hokersar Wildlife Office (PM-10, PM-2.5) 1076",2023-01-01,97.0,59.0,37.0,14.0,8.0,61.0,Tier_2_Rescued
Kashmir,Srinagar,"Hokersar Wildlife Office (PM-10, PM-2.5) 1076",2023-02-01,91.0,58.0,32.0,12.0,8.0,58.0,Tier_2_Rescued
Kashmir,Srinagar,"Hokersar Wildlife Office (PM-10, PM-2.5) 1076",2023-03-01,128.0,80.0,48.0,17.0,10.0,80.0,Tier_2_Rescued
Kashmir,Srinagar,"Hokersar Wildlife Office (PM-10, PM-2.5) 1076",2023-04-01,,76.875,49.0,16.25,9.375,81.0,Tier_2_Rescued
Kashmir,Srinagar,"Hokersar Wildlife Office (PM-10, PM-2.5) 1076",2023-05-01,,73.75,50.0,15.5,8.75,83.0,Tier_2_Rescued
Kashmir,Srinagar,"Hokersar Wildlife Office (PM-10, PM-2.5) 1076",2023-06-01,,70.625,51.0,14.749999999999993,8.125,85.0,Tier_2_Rescued
Kashmir,Srinagar,"Hokersar Wildlife Office (PM-10, PM-2.5) 1076",2023-07-01,,67.5,52.0,13.999999999999993,7.5,86.0,Tier_2_Rescued
Kashmir,Srinagar,"Hokersar Wildlife Office (PM-10, PM-2.5) 1076",2023-08-01,,64.375,53.0,13.249999999999993,6.875,88.0,Tier_2_Rescued
Kashmir,Srinagar,"Hokersar Wildlife Office (PM-10, PM-2.5) 1076",2023-09-01,,61.25,54.0,12.5,6.25,90.0,Tier_2_Rescued
Kashmir,Srinagar,"Hokersar Wildlife Office (PM-10, PM-2.5) 1076",2023-10-01,,58.125,55.0,11.75,5.625,92.0,Tier_2_Rescued
Kashmir,Srinagar,"Hokersar Wildlife Office (PM-10, PM-2.5) 1076",2023-11-01,111.0,55.0,56.0,11.0,5.0,93.0,Tier_2_Rescued
Kashmir,Srinagar,"Hokersar Wildlife Office (PM-10, PM-2.5) 1076",2023-12-01,,89.5,39.0,16.0,3.0,90.0,Tier_2_Rescued
Kashmir,Srinagar,"Hokersar Wildlife Office (PM-10, PM-2.5) 1076",2024-01-01,124.0,124.0,49.5,21.0,1.0,116.0,Tier_2_Rescued
Kashmir,Srinagar,"Hokersar Wildlife Office (PM-10, PM-2.5) 1076",2024-02-01,119.0,119.0,60.0,27.0,15.0,113.0,Tier_2_Rescued
Kashmir,Srinagar,"Hokersar Wildlife Office (PM-10, PM-2.5) 1076",2024-03-01,126.0,126.0,85.0,24.0,13.0,183.0,Tier_2_Rescued
Kashmir,Srinagar,"Hokersar Wildlife Office (PM-10, PM-2.5) 1076",2024-04-01,125.0,125.0,90.0,23.0,14.0,200.0,Tier_2_Rescued
Kashmir,Srinagar,"Hokersar Wildlife Office (PM-10, PM-2.5) 1076",2024-05-01,,125.33333333333333,83.8,21.142857142857142,13.285714285714286,180.0,Tier_2_Rescued
Kashmir,Srinagar,"Hokersar Wildlife Office (PM-10, PM-2.5) 1076",2024-06-01,,125.66666666666667,77.6,19.285714285714285,12.571428571428571,159.0,Tier_2_Rescued
Kashmir,Srinagar,"Hokersar Wildlife Office (PM-10, PM-2.5) 1076",2024-07-01,,126.00000000000004,71.4,17.428571428571427,11.857142857142858,135.0,Tier_2_Rescued
Kashmir,Srinagar,"Hokersar Wildlife Office (PM-10, PM-2.5) 1076",2024-08-01,,126.33333333333337,65.2,15.571428571428571,11.142857142857142,118.0,Tier_2_Rescued
Kashmir,Srinagar,"Hokersar Wildlife Office (PM-10, PM-2.5) 1076",2024-09-01,59.0,126.66666666666671,59.0,13.714285714285714,10.428571428571429,118.0,Tier_2_Rescued
Kashmir,Srinagar,"Hokersar Wildlife Office (PM-10, PM-2.5) 1076",2024-10-01,,127.00000000000004,34.0,11.857142857142858,9.714285714285715,118.0,Tier_2_Rescued
Kashmir,Srinagar,"Hokersar Wildlife Office (PM-10, PM-2.5) 1076",2024-11-01,118.0,127.33333333333333,9.0,10.0,9.0,118.0,Tier_2_Rescued
Kashmir,Srinagar,"Hokersar Wildlife Office (PM-10, PM-2.5) 1076",2024-12-01,127.0,127.66666666666667,42.0,13.0,8.0,119.0,Tier_2_Rescued
Kashmir,Srinagar,"Hokersar Wildlife Office (PM-10, PM-2.5) 1076",2025-01-01,128.0,128.0,52.0,13.0,7.0,119.0,Tier_2_Rescued
Kashmir,Srinagar,"Hokersar Wildlife Office (PM-10, PM-2.5) 1076",2025-02-01,132.0,132.0,67.0,19.0,11.0,122.0,Tier_2_Rescued
Kashmir,Srinagar,"Hokersar Wildlife Office (PM-10, PM-2.5) 1076",2025-03-01,116.0,116.0,48.0,11.0,7.0,111.0,Tier_2_Rescued
Kashmir,Srinagar,"Hokersar Wildlife Office (PM-10, PM-2.5) 1076",2025-04-01,,114.5,47.0,15.5,9.5,110.0,Tier_2_Rescued
Kashmir,Srinagar,"Hokersar Wildlife Office (PM-10, PM-2.5) 1076",2025-05-01,113.0,113.0,46.0,20.0,12.0,109.0,Tier_2_Rescued
Kashmir,Srinagar,"Hokersar Wildlife Office (PM-10, PM-2.5) 1076",2025-06-01,110.0,110.0,35.0,13.0,5.0,107.0,Tier_2_Rescued
Kashmir,Srinagar,"Hokersar Wildlife Office (PM-10, PM-2.5) 1076",2025-07-01,111.0,111.0,18.0,12.0,6.0,108.0,Tier_2_Rescued
Kashmir,Srinagar,"Hokersar Wildlife Office (PM-10, PM-2.5) 1076",2025-08-01,111.0,99.0,48.0,7.0,3.0,99.0,Tier_2_Rescued
Kashmir,Srinagar,"Hokersar Wildlife Office (PM-10, PM-2.5) 1076",2025-09-01,116.0,116.0,28.0,10.0,5.0,111.0,Tier_2_Rescued
Kashmir,Srinagar,"Hokersar Wildlife Office (PM-10, PM-2.5) 1076",2025-10-01,114.0,114.0,22.0,17.0,5.0,110.0,Tier_2_Rescued
Kashmir,Srinagar,"Hokersar Wildlife Office (PM-10, PM-2.5) 1076",2025-11-01,,107.0,22.0,20.0,5.0,105.0,Tier_2_Rescued
Kashmir,Srinagar,"Hokersar Wildlife Office (PM-10, PM-2.5) 1076",2025-12-01,,116.0,22.0,23.0,4.999999999999998,111.0,Tier_2_Rescued
Kashmir,Srinagar,"Hokersar Wildlife Office (PM-10, PM-2.5) 1076",2026-01-01,107.0,107.0,39.0,23.0,4.999999999999998,105.0,Tier_2_Rescued
Kashmir,Srinagar,"Hokersar Wildlife Office (PM-10, PM-2.5) 1076",2026-02-01,111.0,111.0,36.0,26.0,4.999999999999998,108.0,Tier_2_Rescued
Kashmir,Srinagar,"Hokersar Wildlife Office (PM-10, PM-2.5) 1076",2026-03-01,,111.0,36.0,26.0,4.999999999999998,108.0,Tier_2_Rescued
Kashmir,Srinagar,Hyderpora (Paraypora) Srinagar (PM-2.5),2022-01-01,84.0,96.0,84.0,25.5,13.5,180.0,Tier_2_Rescued
Kashmir,Srinagar,Hyderpora (Paraypora) Srinagar (PM-2.5),2022-02-01,63.0,113.5,63.0,17.5,9.5,110.0,Tier_2_Rescued
Kashmir,Srinagar,Hyderpora (Paraypora) Srinagar (PM-2.5),2022-03-01,91.0,114.0,91.0,21.5,11.0,201.0,Tier_2_Rescued
Kashmir,Srinagar,Hyderpora (Paraypora) Srinagar (PM-2.5),2022-04-01,89.0,95.5,89.0,22.0,9.0,197.0,Tier_2_Rescued
Kashmir,Srinagar,Hyderpora (Paraypora) Srinagar (PM-2.5),2022-05-01,92.0,99.0,92.0,25.0,8.5,204.0,Tier_2_Rescued
Kashmir,Srinagar,Hyderpora (Paraypora) Srinagar (PM-2.5),2022-06-01,92.0,103.0,92.0,21.0,7.5,204.0,Tier_2_Rescued
Kashmir,Srinagar,Hyderpora (Paraypora) Srinagar (PM-2.5),2022-07-01,87.0,81.0,87.0,18.0,8.0,190.0,Tier_2_Rescued
Kashmir,Srinagar,Hyderpora (Paraypora) Srinagar (PM-2.5),2022-08-01,75.0,46.0,75.0,12.0,6.0,149.0,Tier_2_Rescued
Kashmir,Srinagar,Hyderpora (Paraypora) Srinagar (PM-2.5),2022-09-01,77.0,49.0,77.0,12.0,7.0,156.0,Tier_2_Rescued
Kashmir,Srinagar,Hyderpora (Paraypora) Srinagar (PM-2.5),2022-10-01,87.0,51.5,87.0,14.0,6.857142857142857,190.0,Tier_2_Rescued
Kashmir,Srinagar,Hyderpora (Paraypora) Srinagar (PM-2.5),2022-11-01,83.0,57.0,83.0,13.0,7.0,176.0,Tier_2_Rescued
Kashmir,Srinagar,Hyderpora (Paraypora) Srinagar (PM-2.5),2022-12-01,79.0,70.0,79.0,17.0,9.0,162.0,Tier_2_Rescued
Kashmir,Srinagar,Hyderpora (Paraypora) Srinagar (PM-2.5),2023-01-01,80.0,65.0,80.0,14.0,7.0,166.0,Tier_2_Rescued
Kashmir,Srinagar,Hyderpora (Paraypora) Srinagar (PM-2.5),2023-02-01,116.0,66.28571428571428,116.0,16.142857142857142,7.142857142857142,286.0,Tier_2_Rescued
Kashmir,Srinagar,Hyderpora (Paraypora) Srinagar (PM-2.5),2023-03-01,103.0,80.5,103.0,18.07142857142857,9.0,242.0,Tier_2_Rescued
Kashmir,Srinagar,Hyderpora (Paraypora) Srinagar (PM-2.5),2023-04-01,99.0,70.9375,99.0,17.4375,7.6875,228.0,Tier_2_Rescued
Kashmir,Srinagar,Hyderpora (Paraypora) Srinagar (PM-2.5),2023-05-01,75.0,80.0,75.0,17.5,8.875,149.0,Tier_2_Rescued
Kashmir,Srinagar,Hyderpora (Paraypora) Srinagar (PM-2.5),2023-06-01,80.0,84.93749999999999,80.0,15.187499999999995,8.25,166.0,Tier_2_Rescued
Kashmir,Srinagar,Hyderpora (Paraypora) Srinagar (PM-2.5),2023-07-01,73.0,79.24999999999999,73.0,15.749999999999998,7.499999999999999,142.0,Tier_2_Rescued
Kashmir,Srinagar,Hyderpora (Paraypora) Srinagar (PM-2.5),2023-08-01,73.0,67.1875,73.0,13.124999999999996,5.8125,142.0,Tier_2_Rescued
Kashmir,Srinagar,Hyderpora (Paraypora) Srinagar (PM-2.5),2023-09-01,63.0,63.0,63.0,14.75,5.875,108.0,Tier_2_Rescued
Kashmir,Srinagar,Hyderpora (Paraypora) Srinagar (PM-2.5),2023-10-01,78.0,72.1875,78.0,13.375,5.3125,159.0,Tier_2_Rescued
Kashmir,Srinagar,Hyderpora (Paraypora) Srinagar (PM-2.5),2023-11-01,93.0,89.33333333333333,78.125,15.0,5.0625,159.0,Tier_2_Rescued
Kashmir,Srinagar,Hyderpora (Paraypora) Srinagar (PM-2.5),2023-12-01,,108.16666666666666,78.25,14.0,5.125,159.0,Tier_2_Rescued
Kashmir,Srinagar,Hyderpora (Paraypora) Srinagar (PM-2.5),2024-01-01,,131.0,78.37499999999996,18.5,3.187499999999999,159.0,Tier_2_Rescued
Kashmir,Srinagar,Hyderpora (Paraypora) Srinagar (PM-2.5),2024-02-01,,117.25,78.49999999999996,20.5,10.0,159.0,Tier_2_Rescued
Kashmir,Srinagar,Hyderpora (Paraypora) Srinagar (PM-2.5),2024-03-01,,102.9,78.62499999999996,19.0,8.0,162.0,Tier_2_Rescued
Kashmir,Srinagar,Hyderpora (Paraypora) Srinagar (PM-2.5),2024-04-01,,102.1,78.75,21.166666666666664,9.0,162.0,Tier_2_Rescued
Kashmir,Srinagar,Hyderpora (Paraypora) Srinagar (PM-2.5),2024-05-01,,98.3,78.875,20.5,10.0,162.0,Tier_2_Rescued
Kashmir,Srinagar,Hyderpora (Paraypora) Srinagar (PM-2.5),2024-06-01,79.0,99.0,79.0,13.0,8.0,162.0,Tier_2_Rescued
Kashmir,Srinagar,Hyderpora (Paraypora) Srinagar (PM-2.5),2024-07-01,82.0,85.5,82.0,10.0,6.5,173.0,Tier_2_Rescued
Kashmir,Srinagar,Hyderpora (Paraypora) Srinagar (PM-2.5),2024-08-01,77.0,80.0,77.0,14.0,6.5,156.0,Tier_2_Rescued
Kashmir,Srinagar,Hyderpora (Paraypora) Srinagar (PM-2.5),2024-09-01,73.0,77.5,73.0,12.0,6.0,142.0,Tier_2_Rescued
Kashmir,Srinagar,Hyderpora (Paraypora) Srinagar (PM-2.5),2024-10-01,72.0,91.0,72.0,11.857142857142858,6.0,139.0,Tier_2_Rescued
Kashmir,Srinagar,Hyderpora (Paraypora) Srinagar (PM-2.5),2024-11-01,,119.66666666666666,84.0,11.25,3.0,180.0,Tier_2_Rescued
Kashmir,Srinagar,Hyderpora (Paraypora) Srinagar (PM-2.5),2024-12-01,,118.0,76.5,12.875,7.0,152.0,Tier_2_Rescued
Kashmir,Srinagar,Hyderpora (Paraypora) Srinagar (PM-2.5),2025-01-01,69.0,98.5,69.0,13.0,7.5,128.0,Tier_2_Rescued
Kashmir,Srinagar,Hyderpora (Paraypora) Srinagar (PM-2.5),2025-02-01,72.0,97.0,72.0,15.0,10.0,139.0,Tier_2_Rescued
Kashmir,Srinagar,Hyderpora (Paraypora) Srinagar (PM-2.5),2025-03-01,76.0,68.0,76.0,12.0,7.0,152.0,Tier_2_Rescued
Kashmir,Srinagar,Hyderpora (Paraypora) Srinagar (PM-2.5),2025-04-01,70.0,78.0,70.0,13.75,8.25,132.0,Tier_2_Rescued
Kashmir,Srinagar,Hyderpora (Paraypora) Srinagar (PM-2.5),2025-05-01,69.0,70.125,69.0,15.5,8.4,128.0,Tier_2_Rescued
Kashmir,Srinagar,Hyderpora (Paraypora) Srinagar (PM-2.5),2025-06-01,75.0,75.75,75.0,14.0,5.5,149.0,Tier_2_Rescued
Kashmir,Srinagar,Hyderpora (Paraypora) Srinagar (PM-2.5),2025-07-01,72.0,67.875,72.0,12.0,6.0,139.0,Tier_2_Rescued
Kashmir,Srinagar,Hyderpora (Paraypora) Srinagar (PM-2.5),2025-08-01,75.0,77.0,75.0,10.5,4.5,149.0,Tier_2_Rescued
Kashmir,Srinagar,Hyderpora (Paraypora) Srinagar (PM-2.5),2025-09-01,65.0,79.0,65.0,11.0,4.5,115.0,Tier_2_Rescued
Kashmir,Srinagar,Hyderpora (Paraypora) Srinagar (PM-2.5),2025-10-01,63.0,70.5,63.0,14.5,4.5,108.0,Tier_2_Rescued
Kashmir,Srinagar,Hyderpora (Paraypora) Srinagar (PM-2.5),2025-11-01,66.0,92.0,66.0,16.0,4.5,118.0,Tier_2_Rescued
Kashmir,Srinagar,Hyderpora (Paraypora) Srinagar (PM-2.5),2025-12-01,77.0,109.0,77.0,16.5,4.499999999999999,156.0,Tier_2_Rescued
Kashmir,Srinagar,Hyderpora (Paraypora) Srinagar (PM-2.5),2026-01-01,83.0,114.5,83.0,19.0,4.499999999999998,176.0,Tier_2_Rescued
Kashmir,Srinagar,Hyderpora (Paraypora) Srinagar (PM-2.5),2026-02-01,85.0,106.5,85.0,19.5,4.499999999999998,183.0,Tier_2_Rescued
Kashmir,Srinagar,Hyderpora (Paraypora) Srinagar (PM-2.5),2026-03-01,,106.5,85.0,19.5,4.499999999999998,183.0,Tier_2_Rescued
Kashmir,Pulwama,"I.G.C Lassipora Pulwama (PM-10, PM-2.5) 1082",2022-01-01,,137.0,,33.0,13.0,125.0,Tier_2_Rescued
Kashmir,Pulwama,"I.G.C Lassipora Pulwama (PM-10, PM-2.5) 1082",2022-02-01,,140.0,,23.0,12.0,127.0,Tier_2_Rescued
Kashmir,Pulwama,"I.G.C Lassipora Pulwama (PM-10, PM-2.5) 1082",2022-03-01,,105.0,,30.0,12.0,104.0,Tier_2_Rescued
Kashmir,Pulwama,"I.G.C Lassipora Pulwama (PM-10, PM-2.5) 1082",2022-04-01,,118.0,,32.0,12.0,112.0,Tier_2_Rescued
Kashmir,Pulwama,"I.G.C Lassipora Pulwama (PM-10, PM-2.5) 1082",2022-05-01,,124.0,,33.0,11.0,116.0,Tier_2_Rescued
Kashmir,Pulwama,"I.G.C Lassipora Pulwama (PM-10, PM-2.5) 1082",2022-06-01,,134.0,,27.0,11.0,123.0,Tier_2_Rescued
Kashmir,Pulwama,"I.G.C Lassipora Pulwama (PM-10, PM-2.5) 1082",2022-07-01,,124.0,,29.0,14.0,116.0,Tier_2_Rescued
Kashmir,Pulwama,"I.G.C Lassipora Pulwama (PM-10, PM-2.5) 1082",2022-08-01,,111.0,,28.0,13.0,108.0,Tier_2_Rescued
Kashmir,Pulwama,"I.G.C Lassipora Pulwama (PM-10, PM-2.5) 1082",2022-09-01,,127.0,,23.0,11.0,118.0,Tier_2_Rescued
Kashmir,Pulwama,"I.G.C Lassipora Pulwama (PM-10, PM-2.5) 1082",2022-10-01,,49.0,33.0,15.0,9.0,54.0,Tier_2_Rescued
Kashmir,Pulwama,"I.G.C Lassipora Pulwama (PM-10, PM-2.5) 1082",2022-11-01,,49.0,33.0,15.0,9.0,54.0,Tier_2_Rescued
Kashmir,Pulwama,"I.G.C Lassipora Pulwama (PM-10, PM-2.5) 1082",2022-12-01,83.0,49.0,33.0,15.0,9.0,54.0,Tier_2_Rescued
Kashmir,Pulwama,"I.G.C Lassipora Pulwama (PM-10, PM-2.5) 1082",2023-01-01,116.0,69.0,46.0,13.0,7.0,76.0,Tier_2_Rescued
Kashmir,Pulwama,"I.G.C Lassipora Pulwama (PM-10, PM-2.5) 1082",2023-02-01,114.0,67.0,47.0,14.0,8.0,78.0,Tier_2_Rescued
Kashmir,Pulwama,"I.G.C Lassipora Pulwama (PM-10, PM-2.5) 1082",2023-03-01,124.0,76.0,48.0,16.0,9.0,80.0,Tier_2_Rescued
Kashmir,Pulwama,"I.G.C Lassipora Pulwama (PM-10, PM-2.5) 1082",2023-04-01,,82.9,46.666666666666664,16.6,9.363636363636363,83.0,Tier_2_Rescued
Kashmir,Pulwama,"I.G.C Lassipora Pulwama (PM-10, PM-2.5) 1082",2023-05-01,,89.8,45.333333333333336,17.2,9.727272727272727,90.0,Tier_2_Rescued
Kashmir,Pulwama,"I.G.C Lassipora Pulwama (PM-10, PM-2.5) 1082",2023-06-01,,96.69999999999997,44.00000000000001,17.8,15.0,97.0,Tier_2_Rescued
Kashmir,Pulwama,"I.G.C Lassipora Pulwama (PM-10, PM-2.5) 1082",2023-07-01,,103.59999999999998,42.66666666666667,18.4,13.0,103.0,Tier_2_Rescued
Kashmir,Pulwama,"I.G.C Lassipora Pulwama (PM-10, PM-2.5) 1082",2023-08-01,,110.49999999999997,41.33333333333334,19.0,10.0,107.0,Tier_2_Rescued
Kashmir,Pulwama,"I.G.C Lassipora Pulwama (PM-10, PM-2.5) 1082",2023-09-01,,117.39999999999998,40.00000000000001,19.6,15.0,112.0,Tier_2_Rescued
Kashmir,Pulwama,"I.G.C Lassipora Pulwama (PM-10, PM-2.5) 1082",2023-10-01,,124.29999999999995,38.66666666666667,20.2,10.0,116.0,Tier_2_Rescued
Kashmir,Pulwama,"I.G.C Lassipora Pulwama (PM-10, PM-2.5) 1082",2023-11-01,,131.2,37.333333333333336,20.8,10.0,121.0,Tier_2_Rescued
Kashmir,Pulwama,"I.G.C Lassipora Pulwama (PM-10, PM-2.5) 1082",2023-12-01,,138.1,36.0,21.4,12.272727272727273,126.0,Tier_2_Rescued
Kashmir,Pulwama,"I.G.C Lassipora Pulwama (PM-10, PM-2.5) 1082",2024-01-01,145.0,145.0,42.0,22.0,12.636363636363637,130.0,Tier_2_Rescued
Kashmir,Pulwama,"I.G.C Lassipora Pulwama (PM-10, PM-2.5) 1082",2024-02-01,142.0,142.0,48.0,25.0,13.0,128.0,Tier_2_Rescued
Kashmir,Pulwama,"I.G.C Lassipora Pulwama (PM-10, PM-2.5) 1082",2024-03-01,126.0,126.0,63.0,19.0,9.0,118.0,Tier_2_Rescued
Kashmir,Pulwama,"I.G.C Lassipora Pulwama (PM-10, PM-2.5) 1082",2024-04-01,124.0,124.0,50.0,22.0,11.0,116.0,Tier_2_Rescued
Kashmir,Pulwama,"I.G.C Lassipora Pulwama (PM-10, PM-2.5) 1082",2024-05-01,,127.71428571428571,44.285714285714285,20.285714285714285,10.0,119.0,Tier_2_Rescued
Kashmir,Pulwama,"I.G.C Lassipora Pulwama (PM-10, PM-2.5) 1082",2024-06-01,,131.42857142857142,38.57142857142857,18.571428571428573,9.0,121.0,Tier_2_Rescued
Kashmir,Pulwama,"I.G.C Lassipora Pulwama (PM-10, PM-2.5) 1082",2024-07-01,,135.14285714285714,32.857142857142854,16.857142857142858,8.0,124.0,Tier_2_Rescued
Kashmir,Pulwama,"I.G.C Lassipora Pulwama (PM-10, PM-2.5) 1082",2024-08-01,,138.85714285714286,27.14285714285714,15.142857142857144,7.0,126.0,Tier_2_Rescued
Kashmir,Pulwama,"I.G.C Lassipora Pulwama (PM-10, PM-2.5) 1082",2024-09-01,,142.57142857142858,21.428571428571427,13.428571428571429,6.0,129.0,Tier_2_Rescued
Kashmir,Pulwama,"I.G.C Lassipora Pulwama (PM-10, PM-2.5) 1082",2024-10-01,,146.28571428571428,15.714285714285715,11.714285714285715,5.0,131.0,Tier_2_Rescued
Kashmir,Pulwama,"I.G.C Lassipora Pulwama (PM-10, PM-2.5) 1082",2024-11-01,,150.0,10.0,10.0,4.0,134.0,Tier_2_Rescued
Kashmir,Pulwama,"I.G.C Lassipora Pulwama (PM-10, PM-2.5) 1082",2024-12-01,,146.0,10.0,19.0,13.0,131.0,Tier_2_Rescued
Kashmir,Pulwama,"I.G.C Lassipora Pulwama (PM-10, PM-2.5) 1082",2025-01-01,153.0,153.0,10.0,22.0,16.0,136.0,Tier_2_Rescued
Kashmir,Pulwama,"I.G.C Lassipora Pulwama (PM-10, PM-2.5) 1082",2025-02-01,148.0,148.0,46.0,24.0,19.0,132.0,Tier_2_Rescued
Kashmir,Pulwama,"I.G.C Lassipora Pulwama (PM-10, PM-2.5) 1082",2025-03-01,141.0,141.0,34.0,9.0,8.0,128.0,Tier_2_Rescued
Kashmir,Pulwama,"I.G.C Lassipora Pulwama (PM-10, PM-2.5) 1082",2025-04-01,111.0,111.0,46.0,15.0,10.0,108.0,Tier_2_Rescued
Kashmir,Pulwama,"I.G.C Lassipora Pulwama (PM-10, PM-2.5) 1082",2025-05-01,163.0,163.0,74.0,24.0,11.0,145.0,Tier_2_Rescued
Kashmir,Pulwama,"I.G.C Lassipora Pulwama (PM-10, PM-2.5) 1082",2025-06-01,144.0,144.0,66.0,10.0,6.0,130.0,Tier_2_Rescued
Kashmir,Pulwama,"I.G.C Lassipora Pulwama (PM-10, PM-2.5) 1082",2025-07-01,142.0,142.0,69.0,22.0,12.0,128.0,Tier_2_Rescued
Kashmir,Pulwama,"I.G.C Lassipora Pulwama (PM-10, PM-2.5) 1082",2025-08-01,146.0,146.0,69.0,18.0,10.0,131.0,Tier_2_Rescued
Kashmir,Pulwama,"I.G.C Lassipora Pulwama (PM-10, PM-2.5) 1082",2025-09-01,140.0,140.0,56.0,26.0,13.0,127.0,Tier_2_Rescued
Kashmir,Pulwama,"I.G.C Lassipora Pulwama (PM-10, PM-2.5) 1082",2025-10-01,137.0,137.0,58.0,22.0,13.0,125.0,Tier_2_Rescued
Kashmir,Pulwama,"I.G.C Lassipora Pulwama (PM-10, PM-2.5) 1082",2025-11-01,108.0,98.0,49.0,16.0,13.0,98.0,Tier_2_Rescued
Kashmir,Pulwama,"I.G.C Lassipora Pulwama (PM-10, PM-2.5) 1082",2025-12-01,,136.0,62.0,27.0,13.0,124.0,Tier_2_Rescued
Kashmir,Pulwama,"I.G.C Lassipora Pulwama (PM-10, PM-2.5) 1082",2026-01-01,144.0,144.0,60.0,32.0,12.999999999999998,130.0,Tier_2_Rescued
Kashmir,Pulwama,"I.G.C Lassipora Pulwama (PM-10, PM-2.5) 1082",2026-02-01,,144.0,60.0,32.0,12.999999999999996,130.0,Tier_2_Rescued
Kashmir,Pulwama,"I.G.C Lassipora Pulwama (PM-10, PM-2.5) 1082",2026-03-01,,144.0,60.0,32.0,12.999999999999993,130.0,Tier_2_Rescued
Kashmir,Srinagar,"J&K PCC Rajbagh Srinagar (PM-10, PM-2.5) 910",2022-01-01,81.0,48.0,32.0,13.0,5.0,53.0,Tier_2_Rescued
Kashmir,Srinagar,"J&K PCC Rajbagh Srinagar (PM-10, PM-2.5) 910",2022-02-01,96.0,71.0,25.0,12.0,6.0,71.0,Tier_2_Rescued
Kashmir,Srinagar,"J&K PCC Rajbagh Srinagar (PM-10, PM-2.5) 910",2022-03-01,96.0,80.0,16.0,22.0,8.0,80.0,Tier_2_Rescued
Kashmir,Srinagar,"J&K PCC Rajbagh Srinagar (PM-10, PM-2.5) 910",2022-04-01,71.0,42.0,28.0,14.0,7.0,47.0,Tier_2_Rescued
Kashmir,Srinagar,"J&K PCC Rajbagh Srinagar (PM-10, PM-2.5) 910",2022-05-01,78.0,46.0,32.0,15.0,5.0,53.0,Tier_2_Rescued
Kashmir,Srinagar,"J&K PCC Rajbagh Srinagar (PM-10, PM-2.5) 910",2022-06-01,77.0,53.0,23.0,15.0,5.0,53.0,Tier_2_Rescued
Kashmir,Srinagar,"J&K PCC Rajbagh Srinagar (PM-10, PM-2.5) 910",2022-07-01,87.0,67.0,20.0,16.0,8.0,67.0,Tier_2_Rescued
Kashmir,Srinagar,"J&K PCC Rajbagh Srinagar (PM-10, PM-2.5) 910",2022-08-01,77.0,46.0,29.0,12.0,6.0,48.0,Tier_2_Rescued
Kashmir,Srinagar,"J&K PCC Rajbagh Srinagar (PM-10, PM-2.5) 910",2022-09-01,79.0,49.0,29.0,12.0,7.0,49.0,Tier_2_Rescued
Kashmir,Srinagar,"J&K PCC Rajbagh Srinagar (PM-10, PM-2.5) 910",2022-10-01,93.0,51.5,35.0,14.0,7.0,58.0,Tier_2_Rescued
Kashmir,Srinagar,"J&K PCC Rajbagh Srinagar (PM-10, PM-2.5) 910",2022-11-01,105.0,54.0,34.0,12.0,7.0,56.0,Tier_2_Rescued
Kashmir,Srinagar,"J&K PCC Rajbagh Srinagar (PM-10, PM-2.5) 910",2022-12-01,103.0,56.5,27.0,17.0,9.0,56.0,Tier_2_Rescued
Kashmir,Srinagar,"J&K PCC Rajbagh Srinagar (PM-10, PM-2.5) 910",2023-01-01,88.0,59.0,29.0,11.0,6.0,59.0,Tier_2_Rescued
Kashmir,Srinagar,"J&K PCC Rajbagh Srinagar (PM-10, PM-2.5) 910",2023-02-01,91.0,59.0,31.0,13.0,6.0,59.0,Tier_2_Rescued
Kashmir,Srinagar,"J&K PCC Rajbagh Srinagar (PM-10, PM-2.5) 910",2023-03-01,109.0,81.0,27.0,17.0,8.0,81.0,Tier_2_Rescued
Kashmir,Srinagar,"J&K PCC Rajbagh Srinagar (PM-10, PM-2.5) 910",2023-04-01,88.0,38.0,50.0,9.0,4.0,83.0,Tier_2_Rescued
Kashmir,Srinagar,"J&K PCC Rajbagh Srinagar (PM-10, PM-2.5) 910",2023-05-01,101.0,101.0,85.0,22.0,9.0,183.0,Tier_2_Rescued
Kashmir,Srinagar,"J&K PCC Rajbagh Srinagar (PM-10, PM-2.5) 910",2023-06-01,92.0,48.0,43.0,13.0,6.0,71.0,Tier_2_Rescued
Kashmir,Srinagar,"J&K PCC Rajbagh Srinagar (PM-10, PM-2.5) 910",2023-07-01,93.0,50.0,43.0,11.0,5.0,71.0,Tier_2_Rescued
Kashmir,Srinagar,"J&K PCC Rajbagh Srinagar (PM-10, PM-2.5) 910",2023-08-01,74.0,38.0,35.0,11.0,4.0,58.0,Tier_2_Rescued
Kashmir,Srinagar,"J&K PCC Rajbagh Srinagar (PM-10, PM-2.5) 910",2023-09-01,94.0,55.0,38.0,12.0,6.0,63.0,Tier_2_Rescued
Kashmir,Srinagar,"J&K PCC Rajbagh Srinagar (PM-10, PM-2.5) 910",2023-10-01,89.0,56.0,32.0,11.0,4.0,56.0,Tier_2_Rescued
Kashmir,Srinagar,"J&K PCC Rajbagh Srinagar (PM-10, PM-2.5) 910",2023-11-01,,84.33333333333333,49.0,9.0,3.0,84.0,Tier_2_Rescued
Kashmir,Srinagar,"J&K PCC Rajbagh Srinagar (PM-10, PM-2.5) 910",2023-12-01,,112.66666666666666,36.0,7.0,5.0,109.0,Tier_2_Rescued
Kashmir,Srinagar,"J&K PCC Rajbagh Srinagar (PM-10, PM-2.5) 910",2024-01-01,141.0,141.0,37.0,16.0,7.0,128.0,Tier_2_Rescued
Kashmir,Srinagar,"J&K PCC Rajbagh Srinagar (PM-10, PM-2.5) 910",2024-02-01,101.0,101.0,38.0,19.0,9.0,101.0,Tier_2_Rescued
Kashmir,Srinagar,"J&K PCC Rajbagh Srinagar (PM-10, PM-2.5) 910",2024-03-01,84.0,60.0,39.0,13.0,6.0,65.0,Tier_2_Rescued
Kashmir,Srinagar,"J&K PCC Rajbagh Srinagar (PM-10, PM-2.5) 910",2024-04-01,80.0,80.0,40.333333333333336,20.0,8.0,80.0,Tier_2_Rescued
Kashmir,Srinagar,"J&K PCC Rajbagh Srinagar (PM-10, PM-2.5) 910",2024-05-01,93.0,93.0,41.666666666666664,21.0,11.0,93.0,Tier_2_Rescued
Kashmir,Srinagar,"J&K PCC Rajbagh Srinagar (PM-10, PM-2.5) 910",2024-06-01,81.0,70.0,43.0,11.0,7.0,71.0,Tier_2_Rescued
Kashmir,Srinagar,"J&K PCC Rajbagh Srinagar (PM-10, PM-2.5) 910",2024-07-01,67.0,52.0,33.0,10.0,4.0,54.0,Tier_2_Rescued
Kashmir,Srinagar,"J&K PCC Rajbagh Srinagar (PM-10, PM-2.5) 910",2024-08-01,60.0,39.0,26.0,7.0,2.0,43.0,Tier_2_Rescued
Kashmir,Srinagar,"J&K PCC Rajbagh Srinagar (PM-10, PM-2.5) 910",2024-09-01,64.0,30.0,39.0,4.0,2.0,65.0,Tier_2_Rescued
Kashmir,Srinagar,"J&K PCC Rajbagh Srinagar (PM-10, PM-2.5) 910",2024-10-01,76.0,37.0,49.0,3.0,2.0,81.0,Tier_2_Rescued
Kashmir,Srinagar,"J&K PCC Rajbagh Srinagar (PM-10, PM-2.5) 910",2024-11-01,110.0,43.666666666666664,34.0,10.0,2.0,56.0,Tier_2_Rescued
Kashmir,Srinagar,"J&K PCC Rajbagh Srinagar (PM-10, PM-2.5) 910",2024-12-01,139.0,50.333333333333336,64.0,10.0,6.0,111.0,Tier_2_Rescued
Kashmir,Srinagar,"J&K PCC Rajbagh Srinagar (PM-10, PM-2.5) 910",2025-01-01,85.0,57.0,35.0,5.0,3.0,58.0,Tier_2_Rescued
Kashmir,Srinagar,"J&K PCC Rajbagh Srinagar (PM-10, PM-2.5) 910",2025-02-01,80.0,46.0,34.0,5.0,3.0,56.0,Tier_2_Rescued
Kashmir,Srinagar,"J&K PCC Rajbagh Srinagar (PM-10, PM-2.5) 910",2025-03-01,63.0,32.0,30.0,5.0,2.0,50.0,Tier_2_Rescued
Kashmir,Srinagar,"J&K PCC Rajbagh Srinagar (PM-10, PM-2.5) 910",2025-04-01,58.0,44.0,35.0,7.0,4.0,58.0,Tier_2_Rescued
Kashmir,Srinagar,"J&K PCC Rajbagh Srinagar (PM-10, PM-2.5) 910",2025-05-01,69.0,35.0,34.0,5.0,2.0,56.0,Tier_2_Rescued
Kashmir,Srinagar,"J&K PCC Rajbagh Srinagar (PM-10, PM-2.5) 910",2025-06-01,53.0,34.0,36.0,6.0,2.0,59.0,Tier_2_Rescued
Kashmir,Srinagar,"J&K PCC Rajbagh Srinagar (PM-10, PM-2.5) 910",2025-07-01,59.0,26.0,38.0,3.0,1.0,63.0,Tier_2_Rescued
Kashmir,Srinagar,"J&K PCC Rajbagh Srinagar (PM-10, PM-2.5) 910",2025-08-01,63.0,62.0,36.0,9.0,3.0,62.0,Tier_2_Rescued
Kashmir,Srinagar,"J&K PCC Rajbagh Srinagar (PM-10, PM-2.5) 910",2025-09-01,48.0,17.0,38.0,3.0,1.0,63.0,Tier_2_Rescued
Kashmir,Srinagar,"J&K PCC Rajbagh Srinagar (PM-10, PM-2.5) 910",2025-10-01,68.0,40.0,32.0,5.0,1.0,53.0,Tier_2_Rescued
Kashmir,Srinagar,"J&K PCC Rajbagh Srinagar (PM-10, PM-2.5) 910",2025-11-01,166.0,102.0,72.0,7.0,1.0,139.0,Tier_2_Rescued
Kashmir,Srinagar,"J&K PCC Rajbagh Srinagar (PM-10, PM-2.5) 910",2025-12-01,120.0,118.0,86.0,7.0,0.9999999999999999,186.0,Tier_2_Rescued
Kashmir,Srinagar,"J&K PCC Rajbagh Srinagar (PM-10, PM-2.5) 910",2026-01-01,134.0,134.0,68.0,15.0,0.9999999999999998,125.0,Tier_2_Rescued
Kashmir,Srinagar,"J&K PCC Rajbagh Srinagar (PM-10, PM-2.5) 910",2026-02-01,127.0,127.0,67.0,14.0,0.9999999999999997,121.0,Tier_2_Rescued
Kashmir,Srinagar,"J&K PCC Rajbagh Srinagar (PM-10, PM-2.5) 910",2026-03-01,,127.0,67.0,14.0,0.9999999999999996,121.0,Tier_2_Rescued
Jammu,Jammu,Jammu Bantalab Ayurvedic Hospital,2022-01-01,,74.0,32.0,21.0,3.0,74.0,Tier_2_Rescued
Jammu,Jammu,Jammu Bantalab Ayurvedic Hospital,2022-02-01,,280.0,67.5,32.0,3.0,230.0,Tier_2_Rescued
Jammu,Jammu,Jammu Bantalab Ayurvedic Hospital,2022-03-01,,254.0,88.5,34.0,5.0,204.0,Tier_2_Rescued
Jammu,Jammu,Jammu Bantalab Ayurvedic Hospital,2022-04-01,,161.0,64.0,35.0,3.0,141.0,Tier_2_Rescued
Jammu,Jammu,Jammu Bantalab Ayurvedic Hospital,2022-05-01,,217.0,88.0,34.0,4.0,193.0,Tier_2_Rescued
Jammu,Jammu,Jammu Bantalab Ayurvedic Hospital,2022-06-01,,169.0,65.0,35.0,3.0,146.0,Tier_2_Rescued
Jammu,Jammu,Jammu Bantalab Ayurvedic Hospital,2022-07-01,,87.0,38.0,16.0,2.0,87.0,Tier_2_Rescued
Jammu,Jammu,Jammu Bantalab Ayurvedic Hospital,2022-08-01,,115.0,46.0,22.5,3.5,110.0,Tier_2_Rescued
Jammu,Jammu,Jammu Bantalab Ayurvedic Hospital,2022-09-01,,80.0,15.0,21.5,3.0,80.0,Tier_2_Rescued
Jammu,Jammu,Jammu Bantalab Ayurvedic Hospital,2022-10-01,,106.0,46.0,24.0,2.5,104.0,Tier_2_Rescued
Jammu,Jammu,Jammu Bantalab Ayurvedic Hospital,2022-11-01,,144.0,47.0,11.0,2.0,130.0,Tier_2_Rescued
Jammu,Jammu,Jammu Bantalab Ayurvedic Hospital,2022-12-01,,147.0,58.0,12.0,2.0,132.0,Tier_2_Rescued
Jammu,Jammu,Jammu Bantalab Ayurvedic Hospital,2023-01-01,,118.5,46.0,18.5,2.5,112.0,Tier_2_Rescued
Jammu,Jammu,Jammu Bantalab Ayurvedic Hospital,2023-02-01,,115.0,40.5,5.5,2.25,110.0,Tier_2_Rescued
Jammu,Jammu,Jammu Bantalab Ayurvedic Hospital,2023-03-01,,125.0,51.0,22.0,3.0,117.0,Tier_2_Rescued
Jammu,Jammu,Jammu Bantalab Ayurvedic Hospital,2023-04-01,,113.0,38.0,19.0,2.0,109.0,Tier_2_Rescued
Jammu,Jammu,Jammu Bantalab Ayurvedic Hospital,2023-05-01,,106.0,32.0,13.0,2.0,104.0,Tier_2_Rescued
Jammu,Jammu,Jammu Bantalab Ayurvedic Hospital,2023-06-01,,64.0,25.0,19.0,3.0,64.0,Tier_2_Rescued
Jammu,Jammu,Jammu Bantalab Ayurvedic Hospital,2023-07-01,,64.0,25.0,15.0,2.0,64.0,Tier_2_Rescued
Jammu,Jammu,Jammu Bantalab Ayurvedic Hospital,2023-08-01,64.0,64.0,25.0,18.0,3.0,64.0,Tier_2_Rescued
Jammu,Jammu,Jammu Bantalab Ayurvedic Hospital,2023-09-01,59.0,59.0,27.0,13.0,2.0,59.0,Tier_2_Rescued
Jammu,Jammu,Jammu Bantalab Ayurvedic Hospital,2023-10-01,52.0,52.0,26.0,13.0,2.0,52.0,Tier_2_Rescued
Jammu,Jammu,Jammu Bantalab Ayurvedic Hospital,2023-11-01,40.0,40.0,25.0,13.0,2.0,42.0,Tier_2_Rescued
Jammu,Jammu,Jammu Bantalab Ayurvedic Hospital,2023-12-01,68.0,68.0,27.0,9.5,1.0,68.0,Tier_2_Rescued
Jammu,Jammu,Jammu Bantalab Ayurvedic Hospital,2024-01-01,65.0,65.0,29.0,6.0,2.0,65.0,Tier_2_Rescued
Jammu,Jammu,Jammu Bantalab Ayurvedic Hospital,2024-02-01,66.0,66.0,28.0,5.0,2.0,66.0,Tier_2_Rescued
Jammu,Jammu,Jammu Bantalab Ayurvedic Hospital,2024-03-01,81.0,81.0,30.0,9.0,4.0,81.0,Tier_2_Rescued
Jammu,Jammu,Jammu Bantalab Ayurvedic Hospital,2024-04-01,73.0,73.0,28.0,4.0,1.0,73.0,Tier_2_Rescued
Jammu,Jammu,Jammu Bantalab Ayurvedic Hospital,2024-05-01,88.0,88.0,33.0,7.0,2.0,88.0,Tier_2_Rescued
Jammu,Jammu,Jammu Bantalab Ayurvedic Hospital,2024-06-01,88.0,88.0,36.0,8.0,2.0,88.0,Tier_2_Rescued
Jammu,Jammu,Jammu Bantalab Ayurvedic Hospital,2024-07-01,69.0,69.0,25.0,5.0,2.0,69.0,Tier_2_Rescued
Jammu,Jammu,Jammu Bantalab Ayurvedic Hospital,2024-08-01,54.0,54.0,15.0,5.0,2.0,54.0,Tier_2_Rescued
Jammu,Jammu,Jammu Bantalab Ayurvedic Hospital,2024-09-01,71.0,71.0,25.0,5.5,1.5,71.0,Tier_2_Rescued
Jammu,Jammu,Jammu Bantalab Ayurvedic Hospital,2024-10-01,86.0,86.0,12.0,6.0,1.0,86.0,Tier_2_Rescued
Jammu,Jammu,Jammu Bantalab Ayurvedic Hospital,2024-11-01,96.0,96.0,12.0,14.0,2.0,96.0,Tier_2_Rescued
Jammu,Jammu,Jammu Bantalab Ayurvedic Hospital,2024-12-01,113.0,113.0,40.0,25.0,4.0,109.0,Tier_2_Rescued
Jammu,Jammu,Jammu Bantalab Ayurvedic Hospital,2025-01-01,115.0,115.0,66.0,19.0,3.0,118.0,Tier_2_Rescued
Jammu,Jammu,Jammu Bantalab Ayurvedic Hospital,2025-02-01,94.0,77.0,59.0,15.0,2.0,98.0,Tier_2_Rescued
Jammu,Jammu,Jammu Bantalab Ayurvedic Hospital,2025-03-01,84.0,84.0,45.0,20.0,2.0,84.0,Tier_2_Rescued
Jammu,Jammu,Jammu Bantalab Ayurvedic Hospital,2025-04-01,102.0,102.0,46.0,10.0,2.0,102.0,Tier_2_Rescued
Jammu,Jammu,Jammu Bantalab Ayurvedic Hospital,2025-05-01,105.0,105.0,51.0,13.0,2.0,104.0,Tier_2_Rescued
Jammu,Jammu,Jammu Bantalab Ayurvedic Hospital,2025-06-01,97.0,97.0,42.0,16.0,2.0,97.0,Tier_2_Rescued
Jammu,Jammu,Jammu Bantalab Ayurvedic Hospital,2025-07-01,73.0,73.0,28.0,19.0,2.0,73.0,Tier_2_Rescued
Jammu,Jammu,Jammu Bantalab Ayurvedic Hospital,2025-08-01,53.0,53.0,28.0,17.0,2.0,53.0,Tier_2_Rescued
Jammu,Jammu,Jammu Bantalab Ayurvedic Hospital,2025-09-01,61.0,61.0,23.0,12.0,2.0,61.0,Tier_2_Rescued
Jammu,Jammu,Jammu Bantalab Ayurvedic Hospital,2025-10-01,67.0,67.0,24.0,15.0,2.0,67.0,Tier_2_Rescued
Jammu,Jammu,Jammu Bantalab Ayurvedic Hospital,2025-11-01,80.0,80.0,39.0,20.333333333333332,2.0,80.0,Tier_2_Rescued
Jammu,Jammu,Jammu Bantalab Ayurvedic Hospital,2025-12-01,105.0,105.0,58.0,25.666666666666664,3.0,104.0,Tier_2_Rescued
Jammu,Jammu,Jammu Bantalab Ayurvedic Hospital,2026-01-01,120.0,120.0,54.0,31.0,3.0,114.0,Tier_2_Rescued
Jammu,Jammu,Jammu Bantalab Ayurvedic Hospital,2026-02-01,110.0,110.0,63.0,32.0,3.0,108.0,Tier_2_Rescued
Jammu,Jammu,Jammu Bantalab Ayurvedic Hospital,2026-03-01,93.0,93.0,48.0,28.0,2.0,93.0,Tier_2_Rescued
Jammu,Jammu,Jammu Belicharana,2022-01-01,,74.0,32.0,21.0,3.0,74.0,Tier_2_Rescued
Jammu,Jammu,Jammu Belicharana,2022-02-01,,280.0,67.5,32.0,3.0,230.0,Tier_2_Rescued
Jammu,Jammu,Jammu Belicharana,2022-03-01,,254.0,88.5,34.0,5.0,204.0,Tier_2_Rescued
Jammu,Jammu,Jammu Belicharana,2022-04-01,,161.0,64.0,35.0,3.0,141.0,Tier_2_Rescued
Jammu,Jammu,Jammu Belicharana,2022-05-01,,217.0,88.0,34.0,4.0,193.0,Tier_2_Rescued
Jammu,Jammu,Jammu Belicharana,2022-06-01,,169.0,65.0,35.0,3.0,146.0,Tier_2_Rescued
Jammu,Jammu,Jammu Belicharana,2022-07-01,,87.0,38.0,16.0,2.0,87.0,Tier_2_Rescued
Jammu,Jammu,Jammu Belicharana,2022-08-01,,115.0,46.0,22.5,3.5,110.0,Tier_2_Rescued
Jammu,Jammu,Jammu Belicharana,2022-09-01,,80.0,15.0,21.5,3.0,80.0,Tier_2_Rescued
Jammu,Jammu,Jammu Belicharana,2022-10-01,,106.0,46.0,24.0,2.5,104.0,Tier_2_Rescued
Jammu,Jammu,Jammu Belicharana,2022-11-01,,144.0,47.0,11.0,2.0,130.0,Tier_2_Rescued
Jammu,Jammu,Jammu Belicharana,2022-12-01,,147.0,58.0,12.0,2.0,132.0,Tier_2_Rescued
Jammu,Jammu,Jammu Belicharana,2023-01-01,,118.5,46.0,18.5,2.5,112.0,Tier_2_Rescued
Jammu,Jammu,Jammu Belicharana,2023-02-01,,115.0,40.5,5.5,2.25,110.0,Tier_2_Rescued
Jammu,Jammu,Jammu Belicharana,2023-03-01,,125.0,51.0,22.0,3.0,117.0,Tier_2_Rescued
Jammu,Jammu,Jammu Belicharana,2023-04-01,,113.0,38.0,19.0,2.0,109.0,Tier_2_Rescued
Jammu,Jammu,Jammu Belicharana,2023-05-01,,106.0,32.0,13.0,2.0,104.0,Tier_2_Rescued
Jammu,Jammu,Jammu Belicharana,2023-06-01,,57.0,25.0,19.0,3.0,57.0,Tier_2_Rescued
Jammu,Jammu,Jammu Belicharana,2023-07-01,,57.0,25.0,15.0,2.0,57.0,Tier_2_Rescued
Jammu,Jammu,Jammu Belicharana,2023-08-01,57.0,57.0,25.0,18.0,3.0,57.0,Tier_2_Rescued
Jammu,Jammu,Jammu Belicharana,2023-09-01,56.0,56.0,28.0,5.0,2.0,56.0,Tier_2_Rescued
Jammu,Jammu,Jammu Belicharana,2023-10-01,56.0,56.0,32.0,5.0,2.0,56.0,Tier_2_Rescued
Jammu,Jammu,Jammu Belicharana,2023-11-01,41.0,41.0,19.0,5.0,2.0,41.0,Tier_2_Rescued
Jammu,Jammu,Jammu Belicharana,2023-12-01,,50.0,24.0,6.0,2.0,50.0,Tier_2_Rescued
Jammu,Jammu,Jammu Belicharana,2024-01-01,59.0,59.0,27.0,7.0,2.0,59.0,Tier_2_Rescued
Jammu,Jammu,Jammu Belicharana,2024-02-01,53.0,53.0,25.0,5.0,2.0,53.0,Tier_2_Rescued
Jammu,Jammu,Jammu Belicharana,2024-03-01,51.0,51.0,25.0,5.0,2.0,51.0,Tier_2_Rescued
Jammu,Jammu,Jammu Belicharana,2024-04-01,56.0,56.0,17.0,4.0,2.0,56.0,Tier_2_Rescued
Jammu,Jammu,Jammu Belicharana,2024-05-01,54.0,54.0,22.0,3.0,2.0,54.0,Tier_2_Rescued
Jammu,Jammu,Jammu Belicharana,2024-06-01,60.0,60.0,26.0,3.0,2.0,60.0,Tier_2_Rescued
Jammu,Jammu,Jammu Belicharana,2024-07-01,59.0,59.0,28.0,3.0,2.0,59.0,Tier_2_Rescued
Jammu,Jammu,Jammu Belicharana,2024-08-01,48.0,48.0,30.0,2.0,1.0,50.0,Tier_2_Rescued
Jammu,Jammu,Jammu Belicharana,2024-09-01,53.0,53.0,32.0,2.5,1.0,53.0,Tier_2_Rescued
Jammu,Jammu,Jammu Belicharana,2024-10-01,74.0,74.0,34.0,3.0,1.0,74.0,Tier_2_Rescued
Jammu,Jammu,Jammu Belicharana,2024-11-01,97.0,97.0,36.0,6.0,1.0,97.0,Tier_2_Rescued
Jammu,Jammu,Jammu Belicharana,2024-12-01,92.0,92.0,38.0,17.0,3.0,92.0,Tier_2_Rescued
Jammu,Jammu,Jammu Belicharana,2025-01-01,94.0,94.0,40.0,22.0,3.0,94.0,Tier_2_Rescued
Jammu,Jammu,Jammu Belicharana,2025-02-01,69.0,43.0,40.0,11.0,1.0,66.0,Tier_2_Rescued
Jammu,Jammu,Jammu Belicharana,2025-03-01,80.0,80.0,42.0,21.0,2.0,80.0,Tier_2_Rescued
Jammu,Jammu,Jammu Belicharana,2025-04-01,88.0,88.0,44.0,4.0,2.0,88.0,Tier_2_Rescued
Jammu,Jammu,Jammu Belicharana,2025-05-01,95.0,95.0,39.0,7.333333333333334,2.0,95.0,Tier_2_Rescued
Jammu,Jammu,Jammu Belicharana,2025-06-01,84.0,84.0,33.0,10.666666666666668,2.0,84.0,Tier_2_Rescued
Jammu,Jammu,Jammu Belicharana,2025-07-01,63.0,63.0,27.0,14.0,2.0,63.0,Tier_2_Rescued
Jammu,Jammu,Jammu Belicharana,2025-08-01,45.0,45.0,24.0,12.0,1.0,45.0,Tier_2_Rescued
Jammu,Jammu,Jammu Belicharana,2025-09-01,60.0,60.0,23.0,14.0,2.0,60.0,Tier_2_Rescued
Jammu,Jammu,Jammu Belicharana,2025-10-01,68.0,68.0,26.0,14.0,2.0,68.0,Tier_2_Rescued
Jammu,Jammu,Jammu Belicharana,2025-11-01,67.0,67.0,44.0,22.0,2.0,73.0,Tier_2_Rescued
Jammu,Jammu,Jammu Belicharana,2025-12-01,91.0,80.5,48.0,27.0,3.0,80.0,Tier_2_Rescued
Jammu,Jammu,Jammu Belicharana,2026-01-01,94.0,94.0,46.0,26.0,2.0,94.0,Tier_2_Rescued
Jammu,Jammu,Jammu Belicharana,2026-02-01,86.0,86.0,39.0,24.0,2.0,86.0,Tier_2_Rescued
Jammu,Jammu,Jammu Belicharana,2026-03-01,69.0,69.0,41.0,20.0,2.0,69.0,Tier_2_Rescued
Jammu,Jammu,Jammu Dogra Hall CCF Office 1070,2022-01-01,92.0,92.0,27.0,22.0,4.0,92.0,Tier_2_Rescued
Jammu,Jammu,Jammu Dogra Hall CCF Office 1070,2022-02-01,113.0,113.0,44.0,14.0,2.0,109.0,Tier_2_Rescued
Jammu,Jammu,Jammu Dogra Hall CCF Office 1070,2022-03-01,94.0,94.0,41.0,16.0,2.0,94.0,Tier_2_Rescued
Jammu,Jammu,Jammu Dogra Hall CCF Office 1070,2022-04-01,,89.4,38.6,14.6,2.0,89.0,Tier_2_Rescued
Jammu,Jammu,Jammu Dogra Hall CCF Office 1070,2022-05-01,,84.8,36.2,13.2,2.0,85.0,Tier_2_Rescued
Jammu,Jammu,Jammu Dogra Hall CCF Office 1070,2022-06-01,,80.2,33.8,11.8,2.0,80.0,Tier_2_Rescued
Jammu,Jammu,Jammu Dogra Hall CCF Office 1070,2022-07-01,,75.6,31.4,10.4,2.0,76.0,Tier_2_Rescued
Jammu,Jammu,Jammu Dogra Hall CCF Office 1070,2022-08-01,71.0,71.0,29.0,9.0,2.0,71.0,Tier_2_Rescued
Jammu,Jammu,Jammu Dogra Hall CCF Office 1070,2022-09-01,301.0,301.0,32.5,15.0,2.0,251.0,Tier_2_Rescued
Jammu,Jammu,Jammu Dogra Hall CCF Office 1070,2022-10-01,157.0,157.0,36.0,24.0,2.0,138.0,Tier_2_Rescued
Jammu,Jammu,Jammu Dogra Hall CCF Office 1070,2022-11-01,131.0,143.0,12.0,19.5,1.5,129.0,Tier_2_Rescued
Jammu,Jammu,Jammu Dogra Hall CCF Office 1070,2022-12-01,176.0,129.0,15.0,15.0,1.0,120.0,Tier_2_Rescued
Jammu,Jammu,Jammu Dogra Hall CCF Office 1070,2023-01-01,115.0,115.0,18.0,23.0,2.0,110.0,Tier_2_Rescued
Jammu,Jammu,Jammu Dogra Hall CCF Office 1070,2023-02-01,139.0,139.0,44.0,5.0,2.0,126.0,Tier_2_Rescued
Jammu,Jammu,Jammu Dogra Hall CCF Office 1070,2023-03-01,115.0,115.0,72.0,8.0,2.0,139.0,Tier_2_Rescued
Jammu,Jammu,Jammu Dogra Hall CCF Office 1070,2023-04-01,94.0,94.0,44.0,11.0,2.0,94.0,Tier_2_Rescued
Jammu,Jammu,Jammu Dogra Hall CCF Office 1070,2023-05-01,90.0,90.0,14.0,15.0,2.0,90.0,Tier_2_Rescued
Jammu,Jammu,Jammu Dogra Hall CCF Office 1070,2023-06-01,92.0,92.0,32.0,16.0,2.0,92.0,Tier_2_Rescued
Jammu,Jammu,Jammu Dogra Hall CCF Office 1070,2023-07-01,94.0,94.0,26.0,20.0,2.0,94.0,Tier_2_Rescued
Jammu,Jammu,Jammu Dogra Hall CCF Office 1070,2023-08-01,87.0,87.0,17.0,18.0,2.0,87.0,Tier_2_Rescued
Jammu,Jammu,Jammu Dogra Hall CCF Office 1070,2023-09-01,91.0,91.0,4.0,14.0,2.0,91.0,Tier_2_Rescued
Jammu,Jammu,Jammu Dogra Hall CCF Office 1070,2023-10-01,86.0,86.0,29.0,16.0,2.0,86.0,Tier_2_Rescued
Jammu,Jammu,Jammu Dogra Hall CCF Office 1070,2023-11-01,82.0,82.0,31.0,18.0,4.0,82.0,Tier_2_Rescued
Jammu,Jammu,Jammu Dogra Hall CCF Office 1070,2023-12-01,,99.0,32.0,13.0,1.0,99.0,Tier_2_Rescued
Jammu,Jammu,Jammu Dogra Hall CCF Office 1070,2024-01-01,89.0,89.0,35.0,18.0,2.0,89.0,Tier_2_Rescued
Jammu,Jammu,Jammu Dogra Hall CCF Office 1070,2024-02-01,90.0,90.0,32.0,15.0,2.0,90.0,Tier_2_Rescued
Jammu,Jammu,Jammu Dogra Hall CCF Office 1070,2024-03-01,98.0,98.0,34.0,17.0,3.0,98.0,Tier_2_Rescued
Jammu,Jammu,Jammu Dogra Hall CCF Office 1070,2024-04-01,96.0,96.0,22.0,13.0,2.0,96.0,Tier_2_Rescued
Jammu,Jammu,Jammu Dogra Hall CCF Office 1070,2024-05-01,81.0,81.0,2.0,12.0,2.0,81.0,Tier_2_Rescued
Jammu,Jammu,Jammu Dogra Hall CCF Office 1070,2024-06-01,87.0,87.0,4.166666666666666,16.0,2.0,87.0,Tier_2_Rescued
Jammu,Jammu,Jammu Dogra Hall CCF Office 1070,2024-07-01,78.0,78.0,6.333333333333333,11.0,2.0,78.0,Tier_2_Rescued
Jammu,Jammu,Jammu Dogra Hall CCF Office 1070,2024-08-01,59.0,59.0,8.5,8.0,2.0,59.0,Tier_2_Rescued
Jammu,Jammu,Jammu Dogra Hall CCF Office 1070,2024-09-01,79.0,79.0,10.666666666666666,12.5,2.5,79.0,Tier_2_Rescued
Jammu,Jammu,Jammu Dogra Hall CCF Office 1070,2024-10-01,,107.0,12.833333333333332,17.0,3.0,105.0,Tier_2_Rescued
Jammu,Jammu,Jammu Dogra Hall CCF Office 1070,2024-11-01,,166.0,15.0,25.0,6.0,144.0,Tier_2_Rescued
Jammu,Jammu,Jammu Dogra Hall CCF Office 1070,2024-12-01,,135.0,136.0,28.0,4.0,313.0,Tier_2_Rescued
Jammu,Jammu,Jammu Dogra Hall CCF Office 1070,2025-01-01,154.0,140.0,146.0,28.0,4.0,320.0,Tier_2_Rescued
Jammu,Jammu,Jammu Dogra Hall CCF Office 1070,2025-02-01,97.0,68.0,63.0,14.0,2.0,108.0,Tier_2_Rescued
Jammu,Jammu,Jammu Dogra Hall CCF Office 1070,2025-03-01,88.0,88.0,34.0,26.0,3.0,88.0,Tier_2_Rescued
Jammu,Jammu,Jammu Dogra Hall CCF Office 1070,2025-04-01,95.0,95.0,45.0,25.0,3.0,95.0,Tier_2_Rescued
Jammu,Jammu,Jammu Dogra Hall CCF Office 1070,2025-05-01,101.0,101.0,53.0,23.0,2.6666666666666665,101.0,Tier_2_Rescued
Jammu,Jammu,Jammu Dogra Hall CCF Office 1070,2025-06-01,98.0,98.0,48.0,21.0,2.3333333333333335,98.0,Tier_2_Rescued
Jammu,Jammu,Jammu Dogra Hall CCF Office 1070,2025-07-01,77.0,77.0,25.0,19.0,2.0,77.0,Tier_2_Rescued
Jammu,Jammu,Jammu Dogra Hall CCF Office 1070,2025-08-01,55.0,55.0,29.0,15.0,2.0,55.0,Tier_2_Rescued
Jammu,Jammu,Jammu Dogra Hall CCF Office 1070,2025-09-01,61.0,61.0,26.0,17.0,2.0,61.0,Tier_2_Rescued
Jammu,Jammu,Jammu Dogra Hall CCF Office 1070,2025-10-01,84.0,79.0,33.0,22.0,3.0,79.0,Tier_2_Rescued
Jammu,Jammu,Jammu Dogra Hall CCF Office 1070,2025-11-01,86.0,97.0,57.0,25.666666666666668,3.0,97.0,Tier_2_Rescued
Jammu,Jammu,Jammu Dogra Hall CCF Office 1070,2025-12-01,110.0,115.0,57.0,29.333333333333332,3.0,110.0,Tier_2_Rescued
Jammu,Jammu,Jammu Dogra Hall CCF Office 1070,2026-01-01,133.0,133.0,22.0,33.0,3.0,122.0,Tier_2_Rescued
Jammu,Jammu,Jammu Dogra Hall CCF Office 1070,2026-02-01,105.0,105.0,59.0,32.0,3.0,104.0,Tier_2_Rescued
Jammu,Jammu,Jammu Dogra Hall CCF Office 1070,2026-03-01,98.0,98.0,46.0,28.0,2.0,98.0,Tier_2_Rescued
Jammu,Jammu,Jammu MAM Stadium  482,2022-01-01,86.0,86.0,41.0,24.0,2.0,86.0,Tier_2_Rescued
Jammu,Jammu,Jammu MAM Stadium  482,2022-02-01,148.0,148.0,45.0,28.0,3.0,132.0,Tier_2_Rescued
Jammu,Jammu,Jammu MAM Stadium  482,2022-03-01,136.0,136.0,57.0,21.0,3.0,124.0,Tier_2_Rescued
Jammu,Jammu,Jammu MAM Stadium  482,2022-04-01,91.0,91.0,27.0,16.0,2.0,91.0,Tier_2_Rescued
Jammu,Jammu,Jammu MAM Stadium  482,2022-05-01,,86.33333333333333,28.666666666666668,16.333333333333332,2.3333333333333335,86.0,Tier_2_Rescued
Jammu,Jammu,Jammu MAM Stadium  482,2022-06-01,,81.66666666666667,30.333333333333332,16.666666666666668,2.6666666666666665,82.0,Tier_2_Rescued
Jammu,Jammu,Jammu MAM Stadium  482,2022-07-01,77.0,77.0,32.0,17.0,3.0,77.0,Tier_2_Rescued
Jammu,Jammu,Jammu MAM Stadium  482,2022-08-01,89.0,89.0,33.0,8.0,1.0,89.0,Tier_2_Rescued
Jammu,Jammu,Jammu MAM Stadium  482,2022-09-01,,92.0,37.5,13.5,1.5,92.0,Tier_2_Rescued
Jammu,Jammu,Jammu MAM Stadium  482,2022-10-01,95.0,95.0,42.0,19.0,2.0,95.0,Tier_2_Rescued
Jammu,Jammu,Jammu MAM Stadium  482,2022-11-01,92.0,109.33333333333333,50.0,18.0,2.0,106.0,Tier_2_Rescued
Jammu,Jammu,Jammu MAM Stadium  482,2022-12-01,,123.66666666666667,61.0,16.0,2.0,116.0,Tier_2_Rescued
Jammu,Jammu,Jammu MAM Stadium  482,2023-01-01,138.0,138.0,47.0,21.0,2.0,126.0,Tier_2_Rescued
Jammu,Jammu,Jammu MAM Stadium  482,2023-02-01,120.0,120.0,64.0,22.5,2.5,114.0,Tier_2_Rescued
Jammu,Jammu,Jammu MAM Stadium  482,2023-03-01,121.0,121.0,59.0,24.0,3.0,114.0,Tier_2_Rescued
Jammu,Jammu,Jammu MAM Stadium  482,2023-04-01,106.0,106.0,37.0,18.0,2.0,104.0,Tier_2_Rescued
Jammu,Jammu,Jammu MAM Stadium  482,2023-05-01,104.0,104.0,38.0,16.0,2.0,103.0,Tier_2_Rescued
Jammu,Jammu,Jammu MAM Stadium  482,2023-06-01,99.0,99.0,33.0,14.0,2.0,99.0,Tier_2_Rescued
Jammu,Jammu,Jammu MAM Stadium  482,2023-07-01,85.0,85.0,24.0,11.0,2.0,85.0,Tier_2_Rescued
Jammu,Jammu,Jammu MAM Stadium  482,2023-08-01,93.0,93.0,15.5,14.0,2.0,93.0,Tier_2_Rescued
Jammu,Jammu,Jammu MAM Stadium  482,2023-09-01,84.0,84.0,7.0,19.0,3.0,84.0,Tier_2_Rescued
Jammu,Jammu,Jammu MAM Stadium  482,2023-10-01,85.0,85.0,32.0,16.0,2.0,85.0,Tier_2_Rescued
Jammu,Jammu,Jammu MAM Stadium  482,2023-11-01,,82.0,31.0,16.333333333333332,3.0,82.0,Tier_2_Rescued
Jammu,Jammu,Jammu MAM Stadium  482,2023-12-01,,98.0,38.0,16.666666666666668,2.5,98.0,Tier_2_Rescued
Jammu,Jammu,Jammu MAM Stadium  482,2024-01-01,102.0,102.0,42.0,17.0,2.0,102.0,Tier_2_Rescued
Jammu,Jammu,Jammu MAM Stadium  482,2024-02-01,,96.5,38.0,17.0,2.0,96.0,Tier_2_Rescued
Jammu,Jammu,Jammu MAM Stadium  482,2024-03-01,91.0,91.0,34.0,17.0,2.0,91.0,Tier_2_Rescued
Jammu,Jammu,Jammu MAM Stadium  482,2024-04-01,82.0,82.0,31.0,13.0,2.0,82.0,Tier_2_Rescued
Jammu,Jammu,Jammu MAM Stadium  482,2024-05-01,83.0,83.0,31.0,15.0,3.0,83.0,Tier_2_Rescued
Jammu,Jammu,Jammu MAM Stadium  482,2024-06-01,87.0,87.0,31.0,16.0,2.0,87.0,Tier_2_Rescued
Jammu,Jammu,Jammu MAM Stadium  482,2024-07-01,79.0,79.0,8.0,13.0,2.0,79.0,Tier_2_Rescued
Jammu,Jammu,Jammu MAM Stadium  482,2024-08-01,70.0,70.0,11.75,7.0,1.0,70.0,Tier_2_Rescued
Jammu,Jammu,Jammu MAM Stadium  482,2024-09-01,76.0,76.0,15.5,12.5,2.5,76.0,Tier_2_Rescued
Jammu,Jammu,Jammu MAM Stadium  482,2024-10-01,120.0,120.0,19.25,18.0,4.0,114.0,Tier_2_Rescued
Jammu,Jammu,Jammu MAM Stadium  482,2024-11-01,156.0,156.0,23.0,20.333333333333332,5.0,138.0,Tier_2_Rescued
Jammu,Jammu,Jammu MAM Stadium  482,2024-12-01,159.0,159.0,67.0,22.666666666666668,4.0,140.0,Tier_2_Rescued
Jammu,Jammu,Jammu MAM Stadium  482,2025-01-01,167.0,167.0,111.0,25.0,3.0,269.0,Tier_2_Rescued
Jammu,Jammu,Jammu MAM Stadium  482,2025-02-01,112.0,67.0,90.0,14.0,1.0,200.0,Tier_2_Rescued
Jammu,Jammu,Jammu MAM Stadium  482,2025-03-01,94.0,94.0,37.0,31.0,3.0,94.0,Tier_2_Rescued
Jammu,Jammu,Jammu MAM Stadium  482,2025-04-01,133.0,133.0,52.0,37.0,4.0,122.0,Tier_2_Rescued
Jammu,Jammu,Jammu MAM Stadium  482,2025-05-01,103.0,103.0,49.0,30.333333333333332,3.3333333333333335,102.0,Tier_2_Rescued
Jammu,Jammu,Jammu MAM Stadium  482,2025-06-01,,84.0,38.5,23.666666666666664,2.666666666666667,84.0,Tier_2_Rescued
Jammu,Jammu,Jammu MAM Stadium  482,2025-07-01,65.0,65.0,28.0,17.0,2.0,65.0,Tier_2_Rescued
Jammu,Jammu,Jammu MAM Stadium  482,2025-08-01,56.0,56.0,27.0,13.0,1.0,56.0,Tier_2_Rescued
Jammu,Jammu,Jammu MAM Stadium  482,2025-09-01,55.0,55.0,24.0,15.0,2.0,55.0,Tier_2_Rescued
Jammu,Jammu,Jammu MAM Stadium  482,2025-10-01,69.0,69.0,30.0,19.0,3.0,69.0,Tier_2_Rescued
Jammu,Jammu,Jammu MAM Stadium  482,2025-11-01,106.0,102.0,46.33333333333333,24.0,3.0,102.0,Tier_2_Rescued
Jammu,Jammu,Jammu MAM Stadium  482,2025-12-01,127.0,127.0,62.666666666666664,29.0,3.0,118.0,Tier_2_Rescued
Jammu,Jammu,Jammu MAM Stadium  482,2026-01-01,138.0,138.0,79.0,34.0,3.0,162.0,Tier_2_Rescued
Jammu,Jammu,Jammu MAM Stadium  482,2026-02-01,109.0,109.0,50.0,29.0,3.0,106.0,Tier_2_Rescued
Jammu,Jammu,Jammu MAM Stadium  482,2026-03-01,94.0,94.0,41.0,25.0,2.0,94.0,Tier_2_Rescued
Jammu,Jammu,Jammu Manda Zoo,2022-01-01,,74.0,32.0,21.0,3.0,74.0,Tier_2_Rescued
Jammu,Jammu,Jammu Manda Zoo,2022-02-01,,280.0,67.5,32.0,3.0,230.0,Tier_2_Rescued
Jammu,Jammu,Jammu Manda Zoo,2022-03-01,,254.0,88.5,34.0,5.0,204.0,Tier_2_Rescued
Jammu,Jammu,Jammu Manda Zoo,2022-04-01,,161.0,64.0,35.0,3.0,141.0,Tier_2_Rescued
Jammu,Jammu,Jammu Manda Zoo,2022-05-01,,217.0,88.0,34.0,4.0,193.0,Tier_2_Rescued
Jammu,Jammu,Jammu Manda Zoo,2022-06-01,,169.0,65.0,35.0,3.0,146.0,Tier_2_Rescued
Jammu,Jammu,Jammu Manda Zoo,2022-07-01,,87.0,38.0,16.0,2.0,87.0,Tier_2_Rescued
Jammu,Jammu,Jammu Manda Zoo,2022-08-01,,115.0,46.0,22.5,3.5,110.0,Tier_2_Rescued
Jammu,Jammu,Jammu Manda Zoo,2022-09-01,,80.0,15.0,21.5,3.0,80.0,Tier_2_Rescued
Jammu,Jammu,Jammu Manda Zoo,2022-10-01,,106.0,46.0,24.0,2.5,104.0,Tier_2_Rescued
Jammu,Jammu,Jammu Manda Zoo,2022-11-01,,76.0,7.0,9.0,2.0,76.0,Tier_2_Rescued
Jammu,Jammu,Jammu Manda Zoo,2022-12-01,,76.0,7.0,9.0,2.0,76.0,Tier_2_Rescued
Jammu,Jammu,Jammu Manda Zoo,2023-01-01,76.0,76.0,7.0,9.0,2.0,76.0,Tier_2_Rescued
Jammu,Jammu,Jammu Manda Zoo,2023-02-01,80.0,80.0,10.0,5.0,1.0,80.0,Tier_2_Rescued
Jammu,Jammu,Jammu Manda Zoo,2023-03-01,,78.2,13.0,5.181818181818182,1.1111111111111112,78.0,Tier_2_Rescued
Jammu,Jammu,Jammu Manda Zoo,2023-04-01,,76.4,16.0,5.363636363636363,1.2222222222222223,76.0,Tier_2_Rescued
Jammu,Jammu,Jammu Manda Zoo,2023-05-01,,74.6,19.0,13.0,1.333333333333333,75.0,Tier_2_Rescued
Jammu,Jammu,Jammu Manda Zoo,2023-06-01,,72.8,22.0,19.0,1.4444444444444442,73.0,Tier_2_Rescued
Jammu,Jammu,Jammu Manda Zoo,2023-07-01,71.0,71.0,25.0,15.0,1.5555555555555551,71.0,Tier_2_Rescued
Jammu,Jammu,Jammu Manda Zoo,2023-08-01,71.0,71.0,25.0,18.0,1.6666666666666663,71.0,Tier_2_Rescued
Jammu,Jammu,Jammu Manda Zoo,2023-09-01,66.0,66.0,24.0,17.0,1.7777777777777777,66.0,Tier_2_Rescued
Jammu,Jammu,Jammu Manda Zoo,2023-10-01,66.0,66.0,26.0,18.0,1.8888888888888888,66.0,Tier_2_Rescued
Jammu,Jammu,Jammu Manda Zoo,2023-11-01,,66.0,27.666666666666668,6.636363636363637,2.0,66.0,Tier_2_Rescued
Jammu,Jammu,Jammu Manda Zoo,2023-12-01,,71.5,29.333333333333332,6.818181818181818,1.0,72.0,Tier_2_Rescued
Jammu,Jammu,Jammu Manda Zoo,2024-01-01,77.0,77.0,31.0,7.0,2.0,77.0,Tier_2_Rescued
Jammu,Jammu,Jammu Manda Zoo,2024-02-01,81.0,81.0,27.0,5.0,2.0,81.0,Tier_2_Rescued
Jammu,Jammu,Jammu Manda Zoo,2024-03-01,80.0,80.0,29.0,6.0,3.0,80.0,Tier_2_Rescued
Jammu,Jammu,Jammu Manda Zoo,2024-04-01,74.0,74.0,21.0,5.0,2.0,74.0,Tier_2_Rescued
Jammu,Jammu,Jammu Manda Zoo,2024-05-01,,62.0,21.0,5.0,2.0,62.0,Tier_2_Rescued
Jammu,Jammu,Jammu Manda Zoo,2024-06-01,,62.0,21.0,5.0,2.0,62.0,Tier_2_Rescued
Jammu,Jammu,Jammu Manda Zoo,2024-07-01,,62.0,19.0,14.0,2.0,62.0,Tier_2_Rescued
Jammu,Jammu,Jammu Manda Zoo,2024-08-01,,72.0,17.0,10.0,1.0,72.0,Tier_2_Rescued
Jammu,Jammu,Jammu Manda Zoo,2024-09-01,,92.0,31.0,5.0,1.5,92.0,Tier_2_Rescued
Jammu,Jammu,Jammu Manda Zoo,2024-10-01,,127.0,14.0,21.0,4.0,118.0,Tier_2_Rescued
Jammu,Jammu,Jammu Manda Zoo,2024-11-01,,156.0,27.0,26.0,6.0,138.0,Tier_2_Rescued
Jammu,Jammu,Jammu Manda Zoo,2024-12-01,,171.0,72.5,36.0,4.0,148.0,Tier_2_Rescued
Jammu,Jammu,Jammu Manda Zoo,2025-01-01,,180.0,93.0,34.0,4.0,208.0,Tier_2_Rescued
Jammu,Jammu,Jammu Manda Zoo,2025-02-01,,105.0,93.0,13.0,2.0,208.0,Tier_2_Rescued
Jammu,Jammu,Jammu Manda Zoo,2025-03-01,,102.0,47.0,30.0,3.0,102.0,Tier_2_Rescued
Jammu,Jammu,Jammu Manda Zoo,2025-04-01,,115.0,59.0,31.0,3.0,110.0,Tier_2_Rescued
Jammu,Jammu,Jammu Manda Zoo,2025-05-01,,118.0,63.0,11.833333333333332,2.0,112.0,Tier_2_Rescued
Jammu,Jammu,Jammu Manda Zoo,2025-06-01,,108.0,51.0,14.166666666666668,2.0,106.0,Tier_2_Rescued
Jammu,Jammu,Jammu Manda Zoo,2025-07-01,,84.0,29.0,22.0,2.0,84.0,Tier_2_Rescued
Jammu,Jammu,Jammu Manda Zoo,2025-08-01,,69.0,29.0,21.0,2.0,69.0,Tier_2_Rescued
Jammu,Jammu,Jammu Manda Zoo,2025-09-01,,74.0,22.0,17.0,2.0,74.0,Tier_2_Rescued
Jammu,Jammu,Jammu Manda Zoo,2025-10-01,,107.0,44.0,24.0,4.0,105.0,Tier_2_Rescued
Jammu,Jammu,Jammu Manda Zoo,2025-11-01,,127.0,62.5,34.0,3.0,118.0,Tier_2_Rescued
Jammu,Jammu,Jammu Manda Zoo,2025-12-01,,131.0,65.5,35.0,4.0,121.0,Tier_2_Rescued
Jammu,Jammu,Jammu Manda Zoo,2026-01-01,,151.0,67.0,39.0,3.0,134.0,Tier_2_Rescued
Jammu,Jammu,Jammu Manda Zoo,2026-02-01,,126.0,74.0,37.0,4.0,145.0,Tier_2_Rescued
Jammu,Jammu,Jammu Manda Zoo,2026-03-01,,130.0,57.0,34.0,3.0,120.0,Tier_2_Rescued
Jammu,Jammu,Jammu Nagbani Forest Office,2022-01-01,,74.0,32.0,21.0,3.0,74.0,Tier_2_Rescued
Jammu,Jammu,Jammu Nagbani Forest Office,2022-02-01,,280.0,67.5,32.0,3.0,230.0,Tier_2_Rescued
Jammu,Jammu,Jammu Nagbani Forest Office,2022-03-01,,254.0,88.5,34.0,5.0,204.0,Tier_2_Rescued
Jammu,Jammu,Jammu Nagbani Forest Office,2022-04-01,,161.0,64.0,35.0,3.0,141.0,Tier_2_Rescued
Jammu,Jammu,Jammu Nagbani Forest Office,2022-05-01,,217.0,88.0,34.0,4.0,193.0,Tier_2_Rescued
Jammu,Jammu,Jammu Nagbani Forest Office,2022-06-01,,169.0,65.0,35.0,3.0,146.0,Tier_2_Rescued
Jammu,Jammu,Jammu Nagbani Forest Office,2022-07-01,,87.0,38.0,16.0,2.0,87.0,Tier_2_Rescued
Jammu,Jammu,Jammu Nagbani Forest Office,2022-08-01,,115.0,46.0,22.5,3.5,110.0,Tier_2_Rescued
Jammu,Jammu,Jammu Nagbani Forest Office,2022-09-01,,80.0,15.0,21.5,3.0,80.0,Tier_2_Rescued
Jammu,Jammu,Jammu Nagbani Forest Office,2022-10-01,,106.0,46.0,24.0,2.5,104.0,Tier_2_Rescued
Jammu,Jammu,Jammu Nagbani Forest Office,2022-11-01,,144.0,47.0,11.0,2.0,130.0,Tier_2_Rescued
Jammu,Jammu,Jammu Nagbani Forest Office,2022-12-01,,147.0,58.0,12.0,2.0,132.0,Tier_2_Rescued
Jammu,Jammu,Jammu Nagbani Forest Office,2023-01-01,,118.5,46.0,18.5,2.5,112.0,Tier_2_Rescued
Jammu,Jammu,Jammu Nagbani Forest Office,2023-02-01,,115.0,40.5,5.5,2.25,110.0,Tier_2_Rescued
Jammu,Jammu,Jammu Nagbani Forest Office,2023-03-01,,125.0,51.0,22.0,3.0,117.0,Tier_2_Rescued
Jammu,Jammu,Jammu Nagbani Forest Office,2023-04-01,,113.0,38.0,19.0,2.0,109.0,Tier_2_Rescued
Jammu,Jammu,Jammu Nagbani Forest Office,2023-05-01,,57.0,25.0,13.0,2.0,57.0,Tier_2_Rescued
Jammu,Jammu,Jammu Nagbani Forest Office,2023-06-01,,57.0,25.0,19.0,3.0,57.0,Tier_2_Rescued
Jammu,Jammu,Jammu Nagbani Forest Office,2023-07-01,57.0,57.0,25.0,15.0,2.0,57.0,Tier_2_Rescued
Jammu,Jammu,Jammu Nagbani Forest Office,2023-08-01,60.0,60.0,26.0,18.0,3.0,60.0,Tier_2_Rescued
Jammu,Jammu,Jammu Nagbani Forest Office,2023-09-01,55.0,55.0,24.0,17.0,3.0,55.0,Tier_2_Rescued
Jammu,Jammu,Jammu Nagbani Forest Office,2023-10-01,53.0,53.0,25.0,18.0,3.0,53.0,Tier_2_Rescued
Jammu,Jammu,Jammu Nagbani Forest Office,2023-11-01,45.0,54.0,27.0,5.0,2.0,54.0,Tier_2_Rescued
Jammu,Jammu,Jammu Nagbani Forest Office,2023-12-01,,55.0,26.0,5.0,2.0,55.0,Tier_2_Rescued
Jammu,Jammu,Jammu Nagbani Forest Office,2024-01-01,56.0,56.0,25.0,5.0,2.0,56.0,Tier_2_Rescued
Jammu,Jammu,Jammu Nagbani Forest Office,2024-02-01,53.0,53.0,24.0,4.0,2.0,53.0,Tier_2_Rescued
Jammu,Jammu,Jammu Nagbani Forest Office,2024-03-01,74.0,74.0,29.0,5.0,4.0,74.0,Tier_2_Rescued
Jammu,Jammu,Jammu Nagbani Forest Office,2024-04-01,61.0,61.0,24.0,3.0,1.0,61.0,Tier_2_Rescued
Jammu,Jammu,Jammu Nagbani Forest Office,2024-05-01,63.0,63.0,23.0,4.0,2.0,63.0,Tier_2_Rescued
Jammu,Jammu,Jammu Nagbani Forest Office,2024-06-01,81.0,81.0,31.0,6.0,2.0,81.0,Tier_2_Rescued
Jammu,Jammu,Jammu Nagbani Forest Office,2024-07-01,59.0,59.0,21.0,4.0,2.0,59.0,Tier_2_Rescued
Jammu,Jammu,Jammu Nagbani Forest Office,2024-08-01,48.0,48.0,15.0,4.0,2.0,48.0,Tier_2_Rescued
Jammu,Jammu,Jammu Nagbani Forest Office,2024-09-01,,63.0,15.0,4.5,1.5,63.0,Tier_2_Rescued
Jammu,Jammu,Jammu Nagbani Forest Office,2024-10-01,78.0,78.0,15.0,5.0,1.0,78.0,Tier_2_Rescued
Jammu,Jammu,Jammu Nagbani Forest Office,2024-11-01,,86.0,24.0,9.0,1.6666666666666665,86.0,Tier_2_Rescued
Jammu,Jammu,Jammu Nagbani Forest Office,2024-12-01,,80.0,33.0,15.0,2.333333333333333,80.0,Tier_2_Rescued
Jammu,Jammu,Jammu Nagbani Forest Office,2025-01-01,83.0,83.0,42.0,17.0,3.0,83.0,Tier_2_Rescued
Jammu,Jammu,Jammu Nagbani Forest Office,2025-02-01,90.0,73.0,65.0,13.0,2.0,115.0,Tier_2_Rescued
Jammu,Jammu,Jammu Nagbani Forest Office,2025-03-01,69.0,69.0,33.0,17.0,2.0,69.0,Tier_2_Rescued
Jammu,Jammu,Jammu Nagbani Forest Office,2025-04-01,90.0,90.0,43.0,7.0,1.0,90.0,Tier_2_Rescued
Jammu,Jammu,Jammu Nagbani Forest Office,2025-05-01,100.0,100.0,50.0,9.333333333333334,1.3333333333333333,100.0,Tier_2_Rescued
Jammu,Jammu,Jammu Nagbani Forest Office,2025-06-01,89.0,89.0,5.0,11.666666666666668,1.6666666666666665,89.0,Tier_2_Rescued
Jammu,Jammu,Jammu Nagbani Forest Office,2025-07-01,63.0,63.0,15.5,14.0,2.0,63.0,Tier_2_Rescued
Jammu,Jammu,Jammu Nagbani Forest Office,2025-08-01,50.0,50.0,26.0,16.0,1.0,50.0,Tier_2_Rescued
Jammu,Jammu,Jammu Nagbani Forest Office,2025-09-01,48.0,48.0,9.0,12.0,2.0,48.0,Tier_2_Rescued
Jammu,Jammu,Jammu Nagbani Forest Office,2025-10-01,48.0,48.0,17.5,13.0,2.0,48.0,Tier_2_Rescued
Jammu,Jammu,Jammu Nagbani Forest Office,2025-11-01,60.0,67.0,26.0,20.0,2.0,67.0,Tier_2_Rescued
Jammu,Jammu,Jammu Nagbani Forest Office,2025-12-01,100.0,86.0,28.666666666666668,24.0,2.0,86.0,Tier_2_Rescued
Jammu,Jammu,Jammu Nagbani Forest Office,2026-01-01,105.0,105.0,31.333333333333332,28.0,2.0,104.0,Tier_2_Rescued
Jammu,Jammu,Jammu Nagbani Forest Office,2026-02-01,93.0,93.0,34.0,27.0,2.0,93.0,Tier_2_Rescued
Jammu,Jammu,Jammu Nagbani Forest Office,2026-03-01,83.0,83.0,43.0,26.0,2.0,83.0,Tier_2_Rescued
Jammu,Jammu,Jammu Sidhra Forest Nursery,2022-01-01,,74.0,32.0,21.0,3.0,74.0,Tier_2_Rescued
Jammu,Jammu,Jammu Sidhra Forest Nursery,2022-02-01,,280.0,67.5,32.0,3.0,230.0,Tier_2_Rescued
Jammu,Jammu,Jammu Sidhra Forest Nursery,2022-03-01,,254.0,88.5,34.0,5.0,204.0,Tier_2_Rescued
Jammu,Jammu,Jammu Sidhra Forest Nursery,2022-04-01,,161.0,64.0,35.0,3.0,141.0,Tier_2_Rescued
Jammu,Jammu,Jammu Sidhra Forest Nursery,2022-05-01,,217.0,88.0,34.0,4.0,193.0,Tier_2_Rescued
Jammu,Jammu,Jammu Sidhra Forest Nursery,2022-06-01,,169.0,65.0,35.0,3.0,146.0,Tier_2_Rescued
Jammu,Jammu,Jammu Sidhra Forest Nursery,2022-07-01,,87.0,38.0,16.0,2.0,87.0,Tier_2_Rescued
Jammu,Jammu,Jammu Sidhra Forest Nursery,2022-08-01,,115.0,46.0,22.5,3.5,110.0,Tier_2_Rescued
Jammu,Jammu,Jammu Sidhra Forest Nursery,2022-09-01,,80.0,15.0,21.5,3.0,80.0,Tier_2_Rescued
Jammu,Jammu,Jammu Sidhra Forest Nursery,2022-10-01,,106.0,46.0,24.0,2.5,104.0,Tier_2_Rescued
Jammu,Jammu,Jammu Sidhra Forest Nursery,2022-11-01,,144.0,47.0,11.0,2.0,130.0,Tier_2_Rescued
Jammu,Jammu,Jammu Sidhra Forest Nursery,2022-12-01,,147.0,58.0,12.0,2.0,132.0,Tier_2_Rescued
Jammu,Jammu,Jammu Sidhra Forest Nursery,2023-01-01,,118.5,46.0,18.5,2.5,112.0,Tier_2_Rescued
Jammu,Jammu,Jammu Sidhra Forest Nursery,2023-02-01,,115.0,40.5,5.5,2.25,110.0,Tier_2_Rescued
Jammu,Jammu,Jammu Sidhra Forest Nursery,2023-03-01,,125.0,51.0,22.0,3.0,117.0,Tier_2_Rescued
Jammu,Jammu,Jammu Sidhra Forest Nursery,2023-04-01,,113.0,38.0,19.0,2.0,109.0,Tier_2_Rescued
Jammu,Jammu,Jammu Sidhra Forest Nursery,2023-05-01,,55.0,26.0,13.0,2.0,55.0,Tier_2_Rescued
Jammu,Jammu,Jammu Sidhra Forest Nursery,2023-06-01,,55.0,26.0,19.0,3.0,55.0,Tier_2_Rescued
Jammu,Jammu,Jammu Sidhra Forest Nursery,2023-07-01,55.0,55.0,26.0,15.0,2.0,55.0,Tier_2_Rescued
Jammu,Jammu,Jammu Sidhra Forest Nursery,2023-08-01,55.0,55.0,22.0,18.0,3.0,55.0,Tier_2_Rescued
Jammu,Jammu,Jammu Sidhra Forest Nursery,2023-09-01,56.0,56.0,4.0,4.0,1.0,56.0,Tier_2_Rescued
Jammu,Jammu,Jammu Sidhra Forest Nursery,2023-10-01,57.0,57.0,23.0,4.0,1.0,57.0,Tier_2_Rescued
Jammu,Jammu,Jammu Sidhra Forest Nursery,2023-11-01,74.0,63.0,16.0,4.0,1.0,63.0,Tier_2_Rescued
Jammu,Jammu,Jammu Sidhra Forest Nursery,2023-12-01,,69.0,23.5,5.0,1.5,69.0,Tier_2_Rescued
Jammu,Jammu,Jammu Sidhra Forest Nursery,2024-01-01,75.0,75.0,31.0,5.0,2.0,75.0,Tier_2_Rescued
Jammu,Jammu,Jammu Sidhra Forest Nursery,2024-02-01,66.0,66.0,27.0,5.0,2.0,66.0,Tier_2_Rescued
Jammu,Jammu,Jammu Sidhra Forest Nursery,2024-03-01,75.0,75.0,30.0,4.0,2.0,75.0,Tier_2_Rescued
Jammu,Jammu,Jammu Sidhra Forest Nursery,2024-04-01,66.0,66.0,12.0,3.0,2.0,66.0,Tier_2_Rescued
Jammu,Jammu,Jammu Sidhra Forest Nursery,2024-05-01,58.0,58.0,24.0,3.0,1.0,58.0,Tier_2_Rescued
Jammu,Jammu,Jammu Sidhra Forest Nursery,2024-06-01,66.0,66.0,25.0,3.0,2.0,66.0,Tier_2_Rescued
Jammu,Jammu,Jammu Sidhra Forest Nursery,2024-07-01,63.0,63.0,24.0,2.0,2.0,63.0,Tier_2_Rescued
Jammu,Jammu,Jammu Sidhra Forest Nursery,2024-08-01,50.0,50.0,2.0,2.0,1.0,50.0,Tier_2_Rescued
Jammu,Jammu,Jammu Sidhra Forest Nursery,2024-09-01,66.0,66.0,25.0,2.5,1.0,66.0,Tier_2_Rescued
Jammu,Jammu,Jammu Sidhra Forest Nursery,2024-10-01,80.0,80.0,17.0,3.0,1.0,80.0,Tier_2_Rescued
Jammu,Jammu,Jammu Sidhra Forest Nursery,2024-11-01,95.0,95.0,28.5,8.0,1.0,95.0,Tier_2_Rescued
Jammu,Jammu,Jammu Sidhra Forest Nursery,2024-12-01,99.0,101.5,40.0,12.0,2.0,102.0,Tier_2_Rescued
Jammu,Jammu,Jammu Sidhra Forest Nursery,2025-01-01,108.0,108.0,44.0,24.0,3.0,106.0,Tier_2_Rescued
Jammu,Jammu,Jammu Sidhra Forest Nursery,2025-02-01,67.0,31.0,52.0,8.0,1.0,86.0,Tier_2_Rescued
Jammu,Jammu,Jammu Sidhra Forest Nursery,2025-03-01,77.0,77.0,32.0,20.0,2.0,77.0,Tier_2_Rescued
Jammu,Jammu,Jammu Sidhra Forest Nursery,2025-04-01,84.0,84.0,30.0,9.0,1.0,84.0,Tier_2_Rescued
Jammu,Jammu,Jammu Sidhra Forest Nursery,2025-05-01,92.0,92.0,28.0,10.666666666666666,1.3333333333333333,92.0,Tier_2_Rescued
Jammu,Jammu,Jammu Sidhra Forest Nursery,2025-06-01,90.0,90.0,21.75,12.333333333333334,1.6666666666666665,90.0,Tier_2_Rescued
Jammu,Jammu,Jammu Sidhra Forest Nursery,2025-07-01,63.0,63.0,15.5,14.0,2.0,63.0,Tier_2_Rescued
Jammu,Jammu,Jammu Sidhra Forest Nursery,2025-08-01,53.0,53.0,9.25,12.0,1.0,53.0,Tier_2_Rescued
Jammu,Jammu,Jammu Sidhra Forest Nursery,2025-09-01,52.0,52.0,3.0,13.0,2.0,52.0,Tier_2_Rescued
Jammu,Jammu,Jammu Sidhra Forest Nursery,2025-10-01,60.0,60.0,15.0,13.0,2.0,60.0,Tier_2_Rescued
Jammu,Jammu,Jammu Sidhra Forest Nursery,2025-11-01,73.0,73.0,27.0,18.0,2.0,73.0,Tier_2_Rescued
Jammu,Jammu,Jammu Sidhra Forest Nursery,2025-12-01,103.0,92.5,31.333333333333332,23.0,2.0,92.0,Tier_2_Rescued
Jammu,Jammu,Jammu Sidhra Forest Nursery,2026-01-01,112.0,112.0,35.666666666666664,28.0,2.0,108.0,Tier_2_Rescued
Jammu,Jammu,Jammu Sidhra Forest Nursery,2026-02-01,92.0,92.0,40.0,27.0,2.0,92.0,Tier_2_Rescued
Jammu,Jammu,Jammu Sidhra Forest Nursery,2026-03-01,78.0,78.0,22.0,22.0,2.0,78.0,Tier_2_Rescued
Kashmir,Srinagar,Jehangir Chowk Srinagar (PM-2.5),2022-01-01,86.0,96.0,86.0,25.5,13.5,186.0,Tier_2_Rescued
Kashmir,Srinagar,Jehangir Chowk Srinagar (PM-2.5),2022-02-01,65.0,113.5,65.0,17.5,9.5,115.0,Tier_2_Rescued
Kashmir,Srinagar,Jehangir Chowk Srinagar (PM-2.5),2022-03-01,73.0,114.0,73.0,21.5,11.0,142.0,Tier_2_Rescued
Kashmir,Srinagar,Jehangir Chowk Srinagar (PM-2.5),2022-04-01,74.0,95.5,74.0,22.0,9.0,145.0,Tier_2_Rescued
Kashmir,Srinagar,Jehangir Chowk Srinagar (PM-2.5),2022-05-01,62.0,99.0,62.0,25.0,8.5,104.0,Tier_2_Rescued
Kashmir,Srinagar,Jehangir Chowk Srinagar (PM-2.5),2022-06-01,76.0,103.0,76.0,21.0,7.5,152.0,Tier_2_Rescued
Kashmir,Srinagar,Jehangir Chowk Srinagar (PM-2.5),2022-07-01,68.0,81.0,68.0,18.0,8.0,125.0,Tier_2_Rescued
Kashmir,Srinagar,Jehangir Chowk Srinagar (PM-2.5),2022-08-01,70.0,46.0,70.0,12.0,6.0,132.0,Tier_2_Rescued
Kashmir,Srinagar,Jehangir Chowk Srinagar (PM-2.5),2022-09-01,70.0,49.0,70.0,12.0,7.0,132.0,Tier_2_Rescued
Kashmir,Srinagar,Jehangir Chowk Srinagar (PM-2.5),2022-10-01,72.0,51.5,72.0,14.0,6.857142857142857,139.0,Tier_2_Rescued
Kashmir,Srinagar,Jehangir Chowk Srinagar (PM-2.5),2022-11-01,79.0,57.0,79.0,13.0,7.0,162.0,Tier_2_Rescued
Kashmir,Srinagar,Jehangir Chowk Srinagar (PM-2.5),2022-12-01,74.0,70.0,74.0,17.0,9.0,145.0,Tier_2_Rescued
Kashmir,Srinagar,Jehangir Chowk Srinagar (PM-2.5),2023-01-01,73.0,65.0,73.0,14.0,7.0,142.0,Tier_2_Rescued
Kashmir,Srinagar,Jehangir Chowk Srinagar (PM-2.5),2023-02-01,109.0,66.28571428571428,109.0,16.142857142857142,7.142857142857142,262.0,Tier_2_Rescued
Kashmir,Srinagar,Jehangir Chowk Srinagar (PM-2.5),2023-03-01,99.0,80.5,99.0,18.07142857142857,9.0,228.0,Tier_2_Rescued
Kashmir,Srinagar,Jehangir Chowk Srinagar (PM-2.5),2023-04-01,86.0,70.9375,86.0,17.4375,7.6875,186.0,Tier_2_Rescued
Kashmir,Srinagar,Jehangir Chowk Srinagar (PM-2.5),2023-05-01,87.0,80.0,87.0,17.5,8.875,190.0,Tier_2_Rescued
Kashmir,Srinagar,Jehangir Chowk Srinagar (PM-2.5),2023-06-01,90.0,84.93749999999999,90.0,15.187499999999995,8.25,200.0,Tier_2_Rescued
Kashmir,Srinagar,Jehangir Chowk Srinagar (PM-2.5),2023-07-01,89.0,79.24999999999999,89.0,15.749999999999998,7.499999999999999,197.0,Tier_2_Rescued
Kashmir,Srinagar,Jehangir Chowk Srinagar (PM-2.5),2023-08-01,78.0,67.1875,78.0,13.124999999999996,5.8125,159.0,Tier_2_Rescued
Kashmir,Srinagar,Jehangir Chowk Srinagar (PM-2.5),2023-09-01,88.0,63.0,88.0,14.75,5.875,193.0,Tier_2_Rescued
Kashmir,Srinagar,Jehangir Chowk Srinagar (PM-2.5),2023-10-01,117.0,72.1875,117.0,13.375,5.3125,290.0,Tier_2_Rescued
Kashmir,Srinagar,Jehangir Chowk Srinagar (PM-2.5),2023-11-01,111.0,89.33333333333333,111.0,15.0,5.0625,269.0,Tier_2_Rescued
Kashmir,Srinagar,Jehangir Chowk Srinagar (PM-2.5),2023-12-01,103.0,108.16666666666666,103.0,14.0,5.125,242.0,Tier_2_Rescued
Kashmir,Srinagar,Jehangir Chowk Srinagar (PM-2.5),2024-01-01,,131.0,96.0,18.5,3.187499999999999,218.0,Tier_2_Rescued
Kashmir,Srinagar,Jehangir Chowk Srinagar (PM-2.5),2024-02-01,,117.25,89.0,20.5,10.0,197.0,Tier_2_Rescued
Kashmir,Srinagar,Jehangir Chowk Srinagar (PM-2.5),2024-03-01,,102.9,82.0,19.0,8.0,173.0,Tier_2_Rescued
Kashmir,Srinagar,Jehangir Chowk Srinagar (PM-2.5),2024-04-01,,102.1,75.0,21.166666666666664,9.0,149.0,Tier_2_Rescued
Kashmir,Srinagar,Jehangir Chowk Srinagar (PM-2.5),2024-05-01,,98.3,68.0,20.5,10.0,125.0,Tier_2_Rescued
Kashmir,Srinagar,Jehangir Chowk Srinagar (PM-2.5),2024-06-01,61.0,99.0,61.0,13.0,8.0,101.0,Tier_2_Rescued
Kashmir,Srinagar,Jehangir Chowk Srinagar (PM-2.5),2024-07-01,68.0,85.5,68.0,10.0,6.5,125.0,Tier_2_Rescued
Kashmir,Srinagar,Jehangir Chowk Srinagar (PM-2.5),2024-08-01,85.0,80.0,85.0,14.0,6.5,183.0,Tier_2_Rescued
Kashmir,Srinagar,Jehangir Chowk Srinagar (PM-2.5),2024-09-01,77.0,77.5,77.0,12.0,6.0,156.0,Tier_2_Rescued
Kashmir,Srinagar,Jehangir Chowk Srinagar (PM-2.5),2024-10-01,74.0,91.0,74.0,11.857142857142858,6.0,145.0,Tier_2_Rescued
Kashmir,Srinagar,Jehangir Chowk Srinagar (PM-2.5),2024-11-01,,119.66666666666666,82.0,11.25,3.0,173.0,Tier_2_Rescued
Kashmir,Srinagar,Jehangir Chowk Srinagar (PM-2.5),2024-12-01,,118.0,85.0,12.875,7.0,183.0,Tier_2_Rescued
Kashmir,Srinagar,Jehangir Chowk Srinagar (PM-2.5),2025-01-01,88.0,98.5,88.0,13.0,7.5,193.0,Tier_2_Rescued
Kashmir,Srinagar,Jehangir Chowk Srinagar (PM-2.5),2025-02-01,82.0,97.0,82.0,15.0,10.0,173.0,Tier_2_Rescued
Kashmir,Srinagar,Jehangir Chowk Srinagar (PM-2.5),2025-03-01,81.0,68.0,81.0,12.0,7.0,169.0,Tier_2_Rescued
Kashmir,Srinagar,Jehangir Chowk Srinagar (PM-2.5),2025-04-01,83.0,78.0,83.0,13.75,8.25,176.0,Tier_2_Rescued
Kashmir,Srinagar,Jehangir Chowk Srinagar (PM-2.5),2025-05-01,77.0,70.125,77.0,15.5,8.4,156.0,Tier_2_Rescued
Kashmir,Srinagar,Jehangir Chowk Srinagar (PM-2.5),2025-06-01,57.0,75.75,57.0,14.0,5.5,95.0,Tier_2_Rescued
Kashmir,Srinagar,Jehangir Chowk Srinagar (PM-2.5),2025-07-01,83.0,67.875,83.0,12.0,6.0,176.0,Tier_2_Rescued
Kashmir,Srinagar,Jehangir Chowk Srinagar (PM-2.5),2025-08-01,76.0,77.0,76.0,10.5,4.5,152.0,Tier_2_Rescued
Kashmir,Srinagar,Jehangir Chowk Srinagar (PM-2.5),2025-09-01,68.0,79.0,68.0,11.0,4.5,125.0,Tier_2_Rescued
Kashmir,Srinagar,Jehangir Chowk Srinagar (PM-2.5),2025-10-01,73.0,70.5,73.0,14.5,4.5,142.0,Tier_2_Rescued
Kashmir,Srinagar,Jehangir Chowk Srinagar (PM-2.5),2025-11-01,88.0,92.0,88.0,16.0,4.5,193.0,Tier_2_Rescued
Kashmir,Srinagar,Jehangir Chowk Srinagar (PM-2.5),2025-12-01,120.0,109.0,120.0,16.5,4.499999999999999,300.0,Tier_2_Rescued
Kashmir,Srinagar,Jehangir Chowk Srinagar (PM-2.5),2026-01-01,87.0,114.5,87.0,19.0,4.499999999999998,190.0,Tier_2_Rescued
Kashmir,Srinagar,Jehangir Chowk Srinagar (PM-2.5),2026-02-01,94.0,106.5,94.0,19.5,4.499999999999998,211.0,Tier_2_Rescued
Kashmir,Srinagar,Jehangir Chowk Srinagar (PM-2.5),2026-03-01,,106.5,94.0,19.5,4.499999999999998,211.0,Tier_2_Rescued
Jammu,Kathua,Kathua Forest Complex 1069,2022-01-01,96.0,96.0,86.0,21.0,3.0,186.0,Tier_2_Rescued
Jammu,Kathua,Kathua Forest Complex 1069,2022-02-01,85.0,85.0,72.0,32.0,3.0,139.0,Tier_2_Rescued
Jammu,Kathua,Kathua Forest Complex 1069,2022-03-01,77.0,77.0,58.0,34.0,5.0,97.0,Tier_2_Rescued
Jammu,Kathua,Kathua Forest Complex 1069,2022-04-01,,90.0,54.0,35.0,3.0,90.0,Tier_2_Rescued
Jammu,Kathua,Kathua Forest Complex 1069,2022-05-01,,103.0,51.0,34.0,4.0,102.0,Tier_2_Rescued
Jammu,Kathua,Kathua Forest Complex 1069,2022-06-01,116.0,116.0,42.0,35.0,3.0,111.0,Tier_2_Rescued
Jammu,Kathua,Kathua Forest Complex 1069,2022-07-01,117.0,117.0,33.0,16.0,2.0,112.0,Tier_2_Rescued
Jammu,Kathua,Kathua Forest Complex 1069,2022-08-01,,105.0,30.666666666666668,22.5,3.5,104.0,Tier_2_Rescued
Jammu,Kathua,Kathua Forest Complex 1069,2022-09-01,,93.0,27.0,21.5,3.0,93.0,Tier_2_Rescued
Jammu,Kathua,Kathua Forest Complex 1069,2022-10-01,81.0,81.0,27.0,24.0,2.5,81.0,Tier_2_Rescued
Jammu,Kathua,Kathua Forest Complex 1069,2022-11-01,,71.0,27.0,11.0,2.0,71.0,Tier_2_Rescued
Jammu,Kathua,Kathua Forest Complex 1069,2022-12-01,,76.0,26.181818181818183,12.0,,76.0,Tier_2_Rescued
Jammu,Kathua,Kathua Forest Complex 1069,2023-01-01,83.0,83.0,25.363636363636363,18.5,2.5,83.0,Tier_2_Rescued
Jammu,Kathua,Kathua Forest Complex 1069,2023-02-01,80.0,80.0,48.0,5.5,,80.0,Tier_2_Rescued
Jammu,Kathua,Kathua Forest Complex 1069,2023-03-01,72.0,72.0,15.0,22.0,3.0,72.0,Tier_2_Rescued
Jammu,Kathua,Kathua Forest Complex 1069,2023-04-01,81.0,81.0,29.0,19.0,2.0,81.0,Tier_2_Rescued
Jammu,Kathua,Kathua Forest Complex 1069,2023-05-01,86.0,86.0,18.0,13.0,2.0,86.0,Tier_2_Rescued
Jammu,Kathua,Kathua Forest Complex 1069,2023-06-01,88.0,88.0,24.0,19.0,3.0,88.0,Tier_2_Rescued
Jammu,Kathua,Kathua Forest Complex 1069,2023-07-01,,84.33333333333333,23.0,15.0,2.0,84.0,Tier_2_Rescued
Jammu,Kathua,Kathua Forest Complex 1069,2023-08-01,,80.66666666666667,19.636363636363637,18.0,3.0,81.0,Tier_2_Rescued
Jammu,Kathua,Kathua Forest Complex 1069,2023-09-01,77.0,77.0,18.81818181818182,17.0,3.0,77.0,Tier_2_Rescued
Jammu,Kathua,Kathua Forest Complex 1069,2023-10-01,81.0,81.0,18.0,18.0,3.0,81.0,Tier_2_Rescued
Jammu,Kathua,Kathua Forest Complex 1069,2023-11-01,79.0,79.0,16.333333333333332,22.0,4.0,79.0,Tier_2_Rescued
Jammu,Kathua,Kathua Forest Complex 1069,2023-12-01,80.0,80.0,14.666666666666666,20.5,2.5,80.0,Tier_2_Rescued
Jammu,Kathua,Kathua Forest Complex 1069,2024-01-01,88.0,88.0,13.0,20.0,2.0,88.0,Tier_2_Rescued
Jammu,Kathua,Kathua Forest Complex 1069,2024-02-01,78.0,78.0,14.5,17.0,3.0,78.0,Tier_2_Rescued
Jammu,Kathua,Kathua Forest Complex 1069,2024-03-01,81.0,81.0,16.0,19.0,3.0,81.0,Tier_2_Rescued
Jammu,Kathua,Kathua Forest Complex 1069,2024-04-01,83.0,83.0,15.0,13.0,2.0,83.0,Tier_2_Rescued
Jammu,Kathua,Kathua Forest Complex 1069,2024-05-01,83.0,83.0,14.2,19.0,4.0,83.0,Tier_2_Rescued
Jammu,Kathua,Kathua Forest Complex 1069,2024-06-01,86.0,86.0,13.4,19.0,3.0,86.0,Tier_2_Rescued
Jammu,Kathua,Kathua Forest Complex 1069,2024-07-01,81.0,81.0,12.600000000000009,14.0,2.0,81.0,Tier_2_Rescued
Jammu,Kathua,Kathua Forest Complex 1069,2024-08-01,81.0,81.0,11.800000000000008,10.0,1.0,81.0,Tier_2_Rescued
Jammu,Kathua,Kathua Forest Complex 1069,2024-09-01,81.0,81.0,11.000000000000007,,,81.0,Tier_2_Rescued
Jammu,Kathua,Kathua Forest Complex 1069,2024-10-01,87.0,87.0,10.200000000000006,7.0,1.0,87.0,Tier_2_Rescued
Jammu,Kathua,Kathua Forest Complex 1069,2024-11-01,108.0,108.0,9.400000000000006,7.0,1.0,106.0,Tier_2_Rescued
Jammu,Kathua,Kathua Forest Complex 1069,2024-12-01,105.0,109.0,8.6,7.0,1.0,106.0,Tier_2_Rescued
Jammu,Kathua,Kathua Forest Complex 1069,2025-01-01,110.0,110.0,7.8,7.0,2.0,107.0,Tier_2_Rescued
Jammu,Kathua,Kathua Forest Complex 1069,2025-02-01,104.0,104.0,7.0,9.0,3.0,103.0,Tier_2_Rescued
Jammu,Kathua,Kathua Forest Complex 1069,2025-03-01,100.0,100.0,16.0,9.0,3.0,100.0,Tier_2_Rescued
Jammu,Kathua,Kathua Forest Complex 1069,2025-04-01,98.0,98.0,15.0,9.0,3.0,98.0,Tier_2_Rescued
Jammu,Kathua,Kathua Forest Complex 1069,2025-05-01,92.0,92.0,15.0,9.0,3.0,92.0,Tier_2_Rescued
Jammu,Kathua,Kathua Forest Complex 1069,2025-06-01,85.0,85.0,11.0,7.0,2.0,85.0,Tier_2_Rescued
Jammu,Kathua,Kathua Forest Complex 1069,2025-07-01,78.0,78.0,9.0,8.0,2.0,78.0,Tier_2_Rescued
Jammu,Kathua,Kathua Forest Complex 1069,2025-08-01,75.0,75.0,8.0,6.0,2.0,75.0,Tier_2_Rescued
Jammu,Kathua,Kathua Forest Complex 1069,2025-09-01,80.0,80.0,10.0,7.0,3.0,80.0,Tier_2_Rescued
Jammu,Kathua,Kathua Forest Complex 1069,2025-10-01,95.0,95.0,10.5,6.0,2.0,95.0,Tier_2_Rescued
Jammu,Kathua,Kathua Forest Complex 1069,2025-11-01,87.0,87.0,11.0,7.0,3.0,87.0,Tier_2_Rescued
Jammu,Kathua,Kathua Forest Complex 1069,2025-12-01,94.0,94.0,13.0,7.0,3.0,94.0,Tier_2_Rescued
Jammu,Kathua,Kathua Forest Complex 1069,2026-01-01,91.0,91.0,11.0,8.0,4.0,91.0,Tier_2_Rescued
Jammu,Kathua,Kathua Forest Complex 1069,2026-02-01,96.0,96.0,18.0,8.0,3.0,96.0,Tier_2_Rescued
Jammu,Kathua,Kathua Forest Complex 1069,2026-03-01,,96.0,18.0,8.0,3.0,96.0,Tier_2_Rescued
Jammu,Kathua,Kathua Industrial Area 1068,2022-01-01,179.0,179.0,86.0,21.0,3.0,186.0,Tier_2_Rescued
Jammu,Kathua,Kathua Industrial Area 1068,2022-02-01,65.0,65.0,72.0,32.0,3.0,139.0,Tier_2_Rescued
Jammu,Kathua,Kathua Industrial Area 1068,2022-03-01,194.0,194.0,58.0,34.0,5.0,163.0,Tier_2_Rescued
Jammu,Kathua,Kathua Industrial Area 1068,2022-04-01,191.0,191.0,54.0,35.0,3.0,161.0,Tier_2_Rescued
Jammu,Kathua,Kathua Industrial Area 1068,2022-05-01,206.0,206.0,51.0,34.0,4.0,171.0,Tier_2_Rescued
Jammu,Kathua,Kathua Industrial Area 1068,2022-06-01,200.0,200.0,42.0,35.0,3.0,167.0,Tier_2_Rescued
Jammu,Kathua,Kathua Industrial Area 1068,2022-07-01,126.0,126.0,33.0,16.0,2.0,118.0,Tier_2_Rescued
Jammu,Kathua,Kathua Industrial Area 1068,2022-08-01,155.0,155.0,30.666666666666668,22.5,3.5,137.0,Tier_2_Rescued
Jammu,Kathua,Kathua Industrial Area 1068,2022-09-01,,133.5,28.333333333333332,21.5,3.0,123.0,Tier_2_Rescued
Jammu,Kathua,Kathua Industrial Area 1068,2022-10-01,112.0,112.0,26.0,24.0,2.5,108.0,Tier_2_Rescued
Jammu,Kathua,Kathua Industrial Area 1068,2022-11-01,142.0,142.0,32.0,11.0,2.0,128.0,Tier_2_Rescued
Jammu,Kathua,Kathua Industrial Area 1068,2022-12-01,164.0,164.0,33.0,12.0,,143.0,Tier_2_Rescued
Jammu,Kathua,Kathua Industrial Area 1068,2023-01-01,149.0,149.0,30.0,18.5,2.5,133.0,Tier_2_Rescued
Jammu,Kathua,Kathua Industrial Area 1068,2023-02-01,170.0,170.0,48.0,5.5,,147.0,Tier_2_Rescued
Jammu,Kathua,Kathua Industrial Area 1068,2023-03-01,163.0,163.0,15.0,22.0,3.0,142.0,Tier_2_Rescued
Jammu,Kathua,Kathua Industrial Area 1068,2023-04-01,159.0,159.0,29.0,19.0,2.0,140.0,Tier_2_Rescued
Jammu,Kathua,Kathua Industrial Area 1068,2023-05-01,145.0,145.0,18.0,13.0,2.0,130.0,Tier_2_Rescued
Jammu,Kathua,Kathua Industrial Area 1068,2023-06-01,163.0,163.0,24.0,19.0,3.0,142.0,Tier_2_Rescued
Jammu,Kathua,Kathua Industrial Area 1068,2023-07-01,,161.33333333333334,23.0,15.0,2.0,141.0,Tier_2_Rescued
Jammu,Kathua,Kathua Industrial Area 1068,2023-08-01,,159.66666666666666,22.0,18.0,3.0,140.0,Tier_2_Rescued
Jammu,Kathua,Kathua Industrial Area 1068,2023-09-01,158.0,158.0,21.0,17.0,3.0,139.0,Tier_2_Rescued
Jammu,Kathua,Kathua Industrial Area 1068,2023-10-01,135.0,135.0,15.0,18.0,3.0,124.0,Tier_2_Rescued
Jammu,Kathua,Kathua Industrial Area 1068,2023-11-01,72.0,72.0,14.75,22.0,4.0,72.0,Tier_2_Rescued
Jammu,Kathua,Kathua Industrial Area 1068,2023-12-01,80.0,80.0,14.5,20.5,2.5,80.0,Tier_2_Rescued
Jammu,Kathua,Kathua Industrial Area 1068,2024-01-01,78.0,78.0,13.0,20.0,2.0,78.0,Tier_2_Rescued
Jammu,Kathua,Kathua Industrial Area 1068,2024-02-01,78.0,78.0,14.5,17.0,3.0,78.0,Tier_2_Rescued
Jammu,Kathua,Kathua Industrial Area 1068,2024-03-01,78.0,78.0,16.0,19.0,3.0,78.0,Tier_2_Rescued
Jammu,Kathua,Kathua Industrial Area 1068,2024-04-01,93.0,93.0,15.0,13.0,2.0,93.0,Tier_2_Rescued
Jammu,Kathua,Kathua Industrial Area 1068,2024-05-01,85.0,85.0,14.2,19.0,4.0,85.0,Tier_2_Rescued
Jammu,Kathua,Kathua Industrial Area 1068,2024-06-01,95.0,95.0,13.4,19.0,3.0,95.0,Tier_2_Rescued
Jammu,Kathua,Kathua Industrial Area 1068,2024-07-01,96.0,96.0,12.600000000000009,14.0,2.0,96.0,Tier_2_Rescued
Jammu,Kathua,Kathua Industrial Area 1068,2024-08-01,83.0,83.0,11.800000000000008,10.0,1.0,83.0,Tier_2_Rescued
Jammu,Kathua,Kathua Industrial Area 1068,2024-09-01,79.0,79.0,11.000000000000007,,,79.0,Tier_2_Rescued
Jammu,Kathua,Kathua Industrial Area 1068,2024-10-01,91.0,91.0,10.200000000000006,7.0,1.0,91.0,Tier_2_Rescued
Jammu,Kathua,Kathua Industrial Area 1068,2024-11-01,121.0,121.0,9.400000000000006,7.0,6.0,114.0,Tier_2_Rescued
Jammu,Kathua,Kathua Industrial Area 1068,2024-12-01,,126.0,11.5,7.0,6.0,118.0,Tier_2_Rescued
Jammu,Kathua,Kathua Industrial Area 1068,2025-01-01,126.0,126.0,11.25,7.0,6.0,118.0,Tier_2_Rescued
Jammu,Kathua,Kathua Industrial Area 1068,2025-02-01,141.0,141.0,11.0,11.0,7.0,128.0,Tier_2_Rescued
Jammu,Kathua,Kathua Industrial Area 1068,2025-03-01,133.0,133.0,21.0,10.0,8.0,122.0,Tier_2_Rescued
Jammu,Kathua,Kathua Industrial Area 1068,2025-04-01,137.0,137.0,23.0,10.0,8.0,125.0,Tier_2_Rescued
Jammu,Kathua,Kathua Industrial Area 1068,2025-05-01,126.0,126.0,21.0,10.0,7.0,118.0,Tier_2_Rescued
Jammu,Kathua,Kathua Industrial Area 1068,2025-06-01,116.0,116.0,17.0,9.0,5.0,111.0,Tier_2_Rescued
Jammu,Kathua,Kathua Industrial Area 1068,2025-07-01,109.0,109.0,17.0,9.0,6.0,106.0,Tier_2_Rescued
Jammu,Kathua,Kathua Industrial Area 1068,2025-08-01,95.0,95.0,14.0,7.0,4.0,95.0,Tier_2_Rescued
Jammu,Kathua,Kathua Industrial Area 1068,2025-09-01,105.0,105.0,17.0,7.0,4.0,104.0,Tier_2_Rescued
Jammu,Kathua,Kathua Industrial Area 1068,2025-10-01,104.0,104.0,23.0,6.0,4.0,103.0,Tier_2_Rescued
Jammu,Kathua,Kathua Industrial Area 1068,2025-11-01,,105.0,15.0,7.0,4.0,104.0,Tier_2_Rescued
Jammu,Kathua,Kathua Industrial Area 1068,2025-12-01,,110.0,14.0,7.0,5.0,107.0,Tier_2_Rescued
Jammu,Kathua,Kathua Industrial Area 1068,2026-01-01,115.0,115.0,14.0,9.0,6.0,110.0,Tier_2_Rescued
Jammu,Kathua,Kathua Industrial Area 1068,2026-02-01,113.0,113.0,16.0,7.0,6.0,109.0,Tier_2_Rescued
Jammu,Kathua,Kathua Industrial Area 1068,2026-03-01,,113.0,16.0,7.0,6.0,109.0,Tier_2_Rescued
Kashmir,Srinagar,Khonmoh Srinagar (PM-10) 911,2022-01-01,144.0,144.0,84.0,38.0,22.0,180.0,Tier_2_Rescued
Kashmir,Srinagar,Khonmoh Srinagar (PM-10) 911,2022-02-01,156.0,156.0,63.0,23.0,13.0,138.0,Tier_2_Rescued
Kashmir,Srinagar,Khonmoh Srinagar (PM-10) 911,2022-03-01,148.0,148.0,73.0,21.0,14.0,142.0,Tier_2_Rescued
Kashmir,Srinagar,Khonmoh Srinagar (PM-10) 911,2022-04-01,149.0,149.0,74.0,30.0,11.0,145.0,Tier_2_Rescued
Kashmir,Srinagar,Khonmoh Srinagar (PM-10) 911,2022-05-01,152.0,152.0,70.0,35.0,12.0,135.0,Tier_2_Rescued
Kashmir,Srinagar,Khonmoh Srinagar (PM-10) 911,2022-06-01,153.0,153.0,76.0,27.0,10.0,152.0,Tier_2_Rescued
Kashmir,Srinagar,Khonmoh Srinagar (PM-10) 911,2022-07-01,113.0,113.0,68.0,26.0,12.0,125.0,Tier_2_Rescued
Kashmir,Srinagar,Khonmoh Srinagar (PM-10) 911,2022-08-01,136.0,136.0,65.0,27.0,12.0,124.0,Tier_2_Rescued
Kashmir,Srinagar,Khonmoh Srinagar (PM-10) 911,2022-09-01,128.0,128.0,70.0,27.0,15.0,132.0,Tier_2_Rescued
Kashmir,Srinagar,Khonmoh Srinagar (PM-10) 911,2022-10-01,142.0,142.0,72.0,26.0,16.0,139.0,Tier_2_Rescued
Kashmir,Srinagar,Khonmoh Srinagar (PM-10) 911,2022-11-01,177.0,177.0,79.0,31.0,21.0,162.0,Tier_2_Rescued
Kashmir,Srinagar,Khonmoh Srinagar (PM-10) 911,2022-12-01,164.0,164.0,74.0,32.0,22.0,145.0,Tier_2_Rescued
Kashmir,Srinagar,Khonmoh Srinagar (PM-10) 911,2023-01-01,150.0,150.0,73.0,24.0,13.0,142.0,Tier_2_Rescued
Kashmir,Srinagar,Khonmoh Srinagar (PM-10) 911,2023-02-01,151.0,151.0,94.0,26.0,15.0,211.0,Tier_2_Rescued
Kashmir,Srinagar,Khonmoh Srinagar (PM-10) 911,2023-03-01,146.0,146.0,99.0,30.0,17.0,228.0,Tier_2_Rescued
Kashmir,Srinagar,Khonmoh Srinagar (PM-10) 911,2023-04-01,138.0,138.0,74.0,27.0,14.0,145.0,Tier_2_Rescued
Kashmir,Srinagar,Khonmoh Srinagar (PM-10) 911,2023-05-01,114.0,114.0,82.0,25.0,13.0,173.0,Tier_2_Rescued
Kashmir,Srinagar,Khonmoh Srinagar (PM-10) 911,2023-06-01,111.0,111.0,80.0,29.0,16.0,166.0,Tier_2_Rescued
Kashmir,Srinagar,Khonmoh Srinagar (PM-10) 911,2023-07-01,112.0,112.0,73.0,28.0,15.0,142.0,Tier_2_Rescued
Kashmir,Srinagar,Khonmoh Srinagar (PM-10) 911,2023-08-01,115.0,115.0,73.0,24.0,12.0,142.0,Tier_2_Rescued
Kashmir,Srinagar,Khonmoh Srinagar (PM-10) 911,2023-09-01,98.0,98.0,63.0,23.0,11.0,108.0,Tier_2_Rescued
Kashmir,Srinagar,Khonmoh Srinagar (PM-10) 911,2023-10-01,133.0,133.0,78.0,22.0,9.0,159.0,Tier_2_Rescued
Kashmir,Srinagar,Khonmoh Srinagar (PM-10) 911,2023-11-01,,191.0,78.125,24.333333333333332,15.0,161.0,Tier_2_Rescued
Kashmir,Srinagar,Khonmoh Srinagar (PM-10) 911,2023-12-01,,180.0,78.25,26.666666666666668,8.0,159.0,Tier_2_Rescued
Kashmir,Srinagar,Khonmoh Srinagar (PM-10) 911,2024-01-01,173.0,173.0,63.93749999999998,29.0,1.0,149.0,Tier_2_Rescued
Kashmir,Srinagar,Khonmoh Srinagar (PM-10) 911,2024-02-01,125.0,125.0,70.74999999999997,22.0,11.0,135.0,Tier_2_Rescued
Kashmir,Srinagar,Khonmoh Srinagar (PM-10) 911,2024-03-01,97.0,97.0,80.31249999999997,23.0,11.0,166.0,Tier_2_Rescued
Kashmir,Srinagar,Khonmoh Srinagar (PM-10) 911,2024-04-01,85.0,85.0,83.70833333333334,22.0,10.0,180.0,Tier_2_Rescued
Kashmir,Srinagar,Khonmoh Srinagar (PM-10) 911,2024-05-01,101.0,101.0,81.3375,20.0,10.0,169.0,Tier_2_Rescued
Kashmir,Srinagar,Khonmoh Srinagar (PM-10) 911,2024-06-01,109.0,109.0,79.0,21.0,12.0,162.0,Tier_2_Rescued
Kashmir,Srinagar,Khonmoh Srinagar (PM-10) 911,2024-07-01,56.0,56.0,81.0,19.0,12.0,169.0,Tier_2_Rescued
Kashmir,Srinagar,Khonmoh Srinagar (PM-10) 911,2024-08-01,63.0,63.0,77.0,20.0,15.0,156.0,Tier_2_Rescued
Kashmir,Srinagar,Khonmoh Srinagar (PM-10) 911,2024-09-01,65.0,65.0,72.0,20.0,15.0,139.0,Tier_2_Rescued
Kashmir,Srinagar,Khonmoh Srinagar (PM-10) 911,2024-10-01,100.0,100.0,73.0,23.0,19.0,142.0,Tier_2_Rescued
Kashmir,Srinagar,Khonmoh Srinagar (PM-10) 911,2024-11-01,194.0,194.0,83.0,25.0,5.0,176.0,Tier_2_Rescued
Kashmir,Srinagar,Khonmoh Srinagar (PM-10) 911,2024-12-01,,247.0,80.75,22.0,13.0,198.0,Tier_2_Rescued
Kashmir,Srinagar,Khonmoh Srinagar (PM-10) 911,2025-01-01,152.0,152.0,75.0,20.0,14.0,149.0,Tier_2_Rescued
Kashmir,Srinagar,Khonmoh Srinagar (PM-10) 911,2025-02-01,150.0,150.0,73.0,25.0,19.0,142.0,Tier_2_Rescued
Kashmir,Srinagar,Khonmoh Srinagar (PM-10) 911,2025-03-01,139.0,139.0,72.5,21.0,15.0,139.0,Tier_2_Rescued
Kashmir,Srinagar,Khonmoh Srinagar (PM-10) 911,2025-04-01,106.0,101.0,64.0,22.0,13.0,111.0,Tier_2_Rescued
Kashmir,Srinagar,Khonmoh Srinagar (PM-10) 911,2025-05-01,115.0,115.0,67.0,22.0,13.0,121.0,Tier_2_Rescued
Kashmir,Srinagar,Khonmoh Srinagar (PM-10) 911,2025-06-01,159.0,159.0,62.5,25.0,14.0,140.0,Tier_2_Rescued
Kashmir,Srinagar,Khonmoh Srinagar (PM-10) 911,2025-07-01,148.0,148.0,67.125,23.0,13.0,132.0,Tier_2_Rescued
Kashmir,Srinagar,Khonmoh Srinagar (PM-10) 911,2025-08-01,117.0,117.0,63.25,18.0,10.0,112.0,Tier_2_Rescued
Kashmir,Srinagar,Khonmoh Srinagar (PM-10) 911,2025-09-01,171.0,171.0,60.375,19.0,14.0,148.0,Tier_2_Rescued
Kashmir,Srinagar,Khonmoh Srinagar (PM-10) 911,2025-10-01,168.0,168.0,58.0,23.0,14.0,146.0,Tier_2_Rescued
Kashmir,Srinagar,Khonmoh Srinagar (PM-10) 911,2025-11-01,279.0,279.0,73.0,29.0,14.0,229.0,Tier_2_Rescued
Kashmir,Srinagar,Khonmoh Srinagar (PM-10) 911,2025-12-01,246.0,212.0,82.0,21.0,14.0,175.0,Tier_2_Rescued
Kashmir,Srinagar,Khonmoh Srinagar (PM-10) 911,2026-01-01,145.0,145.0,81.5,31.0,14.0,173.0,Tier_2_Rescued
Kashmir,Srinagar,Khonmoh Srinagar (PM-10) 911,2026-02-01,102.0,102.0,69.0,29.0,14.000000000000002,128.0,Tier_2_Rescued
Kashmir,Srinagar,Khonmoh Srinagar (PM-10) 911,2026-03-01,,102.0,69.0,29.0,14.000000000000002,128.0,Tier_2_Rescued
Kashmir,Pulwama,Khrew Pulwama (PM-10) 912,2022-01-01,137.0,137.0,,33.0,13.0,125.0,Tier_2_Rescued
Kashmir,Pulwama,Khrew Pulwama (PM-10) 912,2022-02-01,140.0,140.0,,23.0,12.0,127.0,Tier_2_Rescued
Kashmir,Pulwama,Khrew Pulwama (PM-10) 912,2022-03-01,105.0,105.0,,30.0,12.0,104.0,Tier_2_Rescued
Kashmir,Pulwama,Khrew Pulwama (PM-10) 912,2022-04-01,118.0,118.0,,32.0,12.0,112.0,Tier_2_Rescued
Kashmir,Pulwama,Khrew Pulwama (PM-10) 912,2022-05-01,124.0,124.0,,33.0,11.0,116.0,Tier_2_Rescued
Kashmir,Pulwama,Khrew Pulwama (PM-10) 912,2022-06-01,134.0,134.0,,27.0,11.0,123.0,Tier_2_Rescued
Kashmir,Pulwama,Khrew Pulwama (PM-10) 912,2022-07-01,124.0,124.0,,29.0,14.0,116.0,Tier_2_Rescued
Kashmir,Pulwama,Khrew Pulwama (PM-10) 912,2022-08-01,111.0,111.0,,28.0,13.0,108.0,Tier_2_Rescued
Kashmir,Pulwama,Khrew Pulwama (PM-10) 912,2022-09-01,127.0,127.0,,23.0,11.0,118.0,Tier_2_Rescued
Kashmir,Pulwama,Khrew Pulwama (PM-10) 912,2022-10-01,,112.0,33.0,29.0,16.0,108.0,Tier_2_Rescued
Kashmir,Pulwama,Khrew Pulwama (PM-10) 912,2022-11-01,,126.0,33.0,33.0,23.0,118.0,Tier_2_Rescued
Kashmir,Pulwama,Khrew Pulwama (PM-10) 912,2022-12-01,,106.0,33.0,34.0,23.0,104.0,Tier_2_Rescued
Kashmir,Pulwama,Khrew Pulwama (PM-10) 912,2023-01-01,127.0,127.0,46.0,32.0,20.0,118.0,Tier_2_Rescued
Kashmir,Pulwama,Khrew Pulwama (PM-10) 912,2023-02-01,125.0,125.0,47.0,27.0,16.0,117.0,Tier_2_Rescued
Kashmir,Pulwama,Khrew Pulwama (PM-10) 912,2023-03-01,132.0,132.0,48.0,28.0,16.0,122.0,Tier_2_Rescued
Kashmir,Pulwama,Khrew Pulwama (PM-10) 912,2023-04-01,142.0,142.0,46.666666666666664,30.0,17.0,128.0,Tier_2_Rescued
Kashmir,Pulwama,Khrew Pulwama (PM-10) 912,2023-05-01,138.0,138.0,45.333333333333336,29.0,16.0,126.0,Tier_2_Rescued
Kashmir,Pulwama,Khrew Pulwama (PM-10) 912,2023-06-01,104.0,104.0,44.00000000000001,26.0,15.0,103.0,Tier_2_Rescued
Kashmir,Pulwama,Khrew Pulwama (PM-10) 912,2023-07-01,112.0,112.0,42.66666666666667,25.0,13.0,108.0,Tier_2_Rescued
Kashmir,Pulwama,Khrew Pulwama (PM-10) 912,2023-08-01,113.0,113.0,41.33333333333334,22.0,10.0,109.0,Tier_2_Rescued
Kashmir,Pulwama,Khrew Pulwama (PM-10) 912,2023-09-01,125.0,125.0,40.00000000000001,27.0,15.0,117.0,Tier_2_Rescued
Kashmir,Pulwama,Khrew Pulwama (PM-10) 912,2023-10-01,114.0,114.0,38.66666666666667,21.0,10.0,110.0,Tier_2_Rescued
Kashmir,Pulwama,Khrew Pulwama (PM-10) 912,2023-11-01,128.0,128.0,37.333333333333336,22.0,10.0,119.0,Tier_2_Rescued
Kashmir,Pulwama,Khrew Pulwama (PM-10) 912,2023-12-01,131.0,131.0,36.0,13.0,5.5,121.0,Tier_2_Rescued
Kashmir,Pulwama,Khrew Pulwama (PM-10) 912,2024-01-01,124.0,124.0,42.0,22.0,1.0,116.0,Tier_2_Rescued
Kashmir,Pulwama,Khrew Pulwama (PM-10) 912,2024-02-01,117.0,117.0,48.0,24.0,13.0,112.0,Tier_2_Rescued
Kashmir,Pulwama,Khrew Pulwama (PM-10) 912,2024-03-01,112.0,112.0,63.0,24.0,12.0,108.0,Tier_2_Rescued
Kashmir,Pulwama,Khrew Pulwama (PM-10) 912,2024-04-01,92.0,92.0,50.0,20.0,8.0,92.0,Tier_2_Rescued
Kashmir,Pulwama,Khrew Pulwama (PM-10) 912,2024-05-01,115.0,115.0,44.285714285714285,23.0,10.0,110.0,Tier_2_Rescued
Kashmir,Pulwama,Khrew Pulwama (PM-10) 912,2024-06-01,117.0,117.0,38.57142857142857,19.0,11.0,112.0,Tier_2_Rescued
Kashmir,Pulwama,Khrew Pulwama (PM-10) 912,2024-07-01,115.0,115.0,32.857142857142854,15.0,10.0,110.0,Tier_2_Rescued
Kashmir,Pulwama,Khrew Pulwama (PM-10) 912,2024-08-01,120.0,120.0,27.14285714285714,16.0,8.0,114.0,Tier_2_Rescued
Kashmir,Pulwama,Khrew Pulwama (PM-10) 912,2024-09-01,116.0,116.0,21.428571428571427,17.0,12.0,111.0,Tier_2_Rescued
Kashmir,Pulwama,Khrew Pulwama (PM-10) 912,2024-10-01,117.0,117.0,15.714285714285715,19.0,12.0,112.0,Tier_2_Rescued
Kashmir,Pulwama,Khrew Pulwama (PM-10) 912,2024-11-01,126.0,126.0,10.0,16.0,10.5,118.0,Tier_2_Rescued
Kashmir,Pulwama,Khrew Pulwama (PM-10) 912,2024-12-01,133.0,133.0,10.0,16.0,9.0,122.0,Tier_2_Rescued
Kashmir,Pulwama,Khrew Pulwama (PM-10) 912,2025-01-01,100.0,100.0,10.0,20.0,14.0,100.0,Tier_2_Rescued
Kashmir,Pulwama,Khrew Pulwama (PM-10) 912,2025-02-01,75.0,75.0,46.0,20.0,14.0,76.0,Tier_2_Rescued
Kashmir,Pulwama,Khrew Pulwama (PM-10) 912,2025-03-01,71.0,71.0,34.0,19.0,12.0,71.0,Tier_2_Rescued
Kashmir,Pulwama,Khrew Pulwama (PM-10) 912,2025-04-01,111.0,111.0,46.0,21.0,11.0,108.0,Tier_2_Rescued
Kashmir,Pulwama,Khrew Pulwama (PM-10) 912,2025-05-01,81.0,81.0,74.0,21.0,10.0,145.0,Tier_2_Rescued
Kashmir,Pulwama,Khrew Pulwama (PM-10) 912,2025-06-01,90.0,90.0,66.0,20.0,9.0,118.0,Tier_2_Rescued
Kashmir,Pulwama,Khrew Pulwama (PM-10) 912,2025-07-01,90.0,90.0,69.0,19.0,12.0,128.0,Tier_2_Rescued
Kashmir,Pulwama,Khrew Pulwama (PM-10) 912,2025-08-01,81.0,81.0,69.0,10.0,5.0,128.0,Tier_2_Rescued
Kashmir,Pulwama,Khrew Pulwama (PM-10) 912,2025-09-01,73.0,73.0,56.0,17.0,7.0,93.0,Tier_2_Rescued
Kashmir,Pulwama,Khrew Pulwama (PM-10) 912,2025-10-01,98.0,98.0,58.0,14.0,7.0,98.0,Tier_2_Rescued
Kashmir,Pulwama,Khrew Pulwama (PM-10) 912,2025-11-01,113.0,101.33333333333333,49.0,17.0,7.0,101.0,Tier_2_Rescued
Kashmir,Pulwama,Khrew Pulwama (PM-10) 912,2025-12-01,117.0,104.66666666666667,62.0,20.0,7.0,104.0,Tier_2_Rescued
Kashmir,Pulwama,Khrew Pulwama (PM-10) 912,2026-01-01,108.0,108.0,60.0,23.0,7.0,106.0,Tier_2_Rescued
Kashmir,Pulwama,Khrew Pulwama (PM-10) 912,2026-02-01,122.0,122.0,60.0,21.0,7.000000000000001,115.0,Tier_2_Rescued
Kashmir,Pulwama,Khrew Pulwama (PM-10) 912,2026-03-01,,122.0,60.0,21.0,7.000000000000001,115.0,Tier_2_Rescued
Kashmir,Srinagar,Kralsangri Srinagar (PM-10),2022-01-01,,96.0,84.0,25.5,13.5,180.0,Tier_2_Rescued
Kashmir,Srinagar,Kralsangri Srinagar (PM-10),2022-02-01,,113.5,63.0,17.5,9.5,110.0,Tier_2_Rescued
Kashmir,Srinagar,Kralsangri Srinagar (PM-10),2022-03-01,,114.0,73.0,21.5,11.0,142.0,Tier_2_Rescued
Kashmir,Srinagar,Kralsangri Srinagar (PM-10),2022-04-01,,95.5,74.0,22.0,9.0,145.0,Tier_2_Rescued
Kashmir,Srinagar,Kralsangri Srinagar (PM-10),2022-05-01,,99.0,70.0,25.0,8.5,132.0,Tier_2_Rescued
Kashmir,Srinagar,Kralsangri Srinagar (PM-10),2022-06-01,,103.0,76.0,21.0,7.5,152.0,Tier_2_Rescued
Kashmir,Srinagar,Kralsangri Srinagar (PM-10),2022-07-01,,81.0,68.0,18.0,7.0,125.0,Tier_2_Rescued
Kashmir,Srinagar,Kralsangri Srinagar (PM-10),2022-08-01,,81.0,65.0,18.0,7.0,115.0,Tier_2_Rescued
Kashmir,Srinagar,Kralsangri Srinagar (PM-10),2022-09-01,81.0,81.0,70.0,18.0,7.0,132.0,Tier_2_Rescued
Kashmir,Srinagar,Kralsangri Srinagar (PM-10),2022-10-01,,78.71428571428571,72.0,17.857142857142858,6.857142857142857,139.0,Tier_2_Rescued
Kashmir,Srinagar,Kralsangri Srinagar (PM-10),2022-11-01,,76.42857142857143,79.0,17.714285714285715,6.714285714285714,162.0,Tier_2_Rescued
Kashmir,Srinagar,Kralsangri Srinagar (PM-10),2022-12-01,,74.14285714285714,74.0,17.571428571428573,6.571428571428571,145.0,Tier_2_Rescued
Kashmir,Srinagar,Kralsangri Srinagar (PM-10),2023-01-01,,71.85714285714286,73.0,17.428571428571427,6.428571428571429,142.0,Tier_2_Rescued
Kashmir,Srinagar,Kralsangri Srinagar (PM-10),2023-02-01,,69.57142857142857,94.0,17.285714285714285,6.285714285714286,211.0,Tier_2_Rescued
Kashmir,Srinagar,Kralsangri Srinagar (PM-10),2023-03-01,,67.28571428571429,99.0,17.142857142857142,6.142857142857143,228.0,Tier_2_Rescued
Kashmir,Srinagar,Kralsangri Srinagar (PM-10),2023-04-01,65.0,65.0,74.0,17.0,6.0,145.0,Tier_2_Rescued
Kashmir,Srinagar,Kralsangri Srinagar (PM-10),2023-05-01,68.0,68.0,82.0,17.0,5.0,173.0,Tier_2_Rescued
Kashmir,Srinagar,Kralsangri Srinagar (PM-10),2023-06-01,130.0,130.0,80.0,9.0,3.0,166.0,Tier_2_Rescued
Kashmir,Srinagar,Kralsangri Srinagar (PM-10),2023-07-01,89.0,89.0,73.0,17.0,6.0,142.0,Tier_2_Rescued
Kashmir,Srinagar,Kralsangri Srinagar (PM-10),2023-08-01,57.0,57.0,73.0,10.0,5.0,142.0,Tier_2_Rescued
Kashmir,Srinagar,Kralsangri Srinagar (PM-10),2023-09-01,57.0,57.0,63.0,17.0,5.0,108.0,Tier_2_Rescued
Kashmir,Srinagar,Kralsangri Srinagar (PM-10),2023-10-01,88.0,88.0,78.0,15.0,5.0,159.0,Tier_2_Rescued
Kashmir,Srinagar,Kralsangri Srinagar (PM-10),2023-11-01,,109.0,78.125,20.0,5.125,159.0,Tier_2_Rescued
Kashmir,Srinagar,Kralsangri Srinagar (PM-10),2023-12-01,,113.0,78.25,12.0,5.25,159.0,Tier_2_Rescued
Kashmir,Srinagar,Kralsangri Srinagar (PM-10),2024-01-01,122.0,122.0,63.93749999999998,14.0,5.374999999999998,115.0,Tier_2_Rescued
Kashmir,Srinagar,Kralsangri Srinagar (PM-10),2024-02-01,,115.4,70.74999999999997,13.6,5.499999999999998,135.0,Tier_2_Rescued
Kashmir,Srinagar,Kralsangri Srinagar (PM-10),2024-03-01,,108.8,80.31249999999997,13.2,5.624999999999998,166.0,Tier_2_Rescued
Kashmir,Srinagar,Kralsangri Srinagar (PM-10),2024-04-01,,102.2,83.70833333333334,12.8,5.75,180.0,Tier_2_Rescued
Kashmir,Srinagar,Kralsangri Srinagar (PM-10),2024-05-01,,95.6,81.3375,12.4,5.875,169.0,Tier_2_Rescued
Kashmir,Srinagar,Kralsangri Srinagar (PM-10),2024-06-01,89.0,89.0,79.0,12.0,6.0,162.0,Tier_2_Rescued
Kashmir,Srinagar,Kralsangri Srinagar (PM-10),2024-07-01,88.0,88.0,81.0,10.0,5.0,169.0,Tier_2_Rescued
Kashmir,Srinagar,Kralsangri Srinagar (PM-10),2024-08-01,83.0,83.0,77.0,8.0,3.0,156.0,Tier_2_Rescued
Kashmir,Srinagar,Kralsangri Srinagar (PM-10),2024-09-01,86.0,86.0,25.0,12.0,6.0,86.0,Tier_2_Rescued
Kashmir,Srinagar,Kralsangri Srinagar (PM-10),2024-10-01,82.0,82.0,25.0,9.0,5.0,82.0,Tier_2_Rescued
Kashmir,Srinagar,Kralsangri Srinagar (PM-10),2024-11-01,,110.0,25.0,9.0,2.0,107.0,Tier_2_Rescued
Kashmir,Srinagar,Kralsangri Srinagar (PM-10),2024-12-01,,118.0,71.0,9.0,5.0,135.0,Tier_2_Rescued
Kashmir,Srinagar,Kralsangri Srinagar (PM-10),2025-01-01,85.0,79.0,60.0,9.0,4.0,100.0,Tier_2_Rescued
Kashmir,Srinagar,Kralsangri Srinagar (PM-10),2025-02-01,78.0,78.0,64.0,14.0,7.0,111.0,Tier_2_Rescued
Kashmir,Srinagar,Kralsangri Srinagar (PM-10),2025-03-01,59.0,59.0,49.0,11.0,4.0,81.0,Tier_2_Rescued
Kashmir,Srinagar,Kralsangri Srinagar (PM-10),2025-04-01,69.0,69.0,46.0,8.0,5.0,76.0,Tier_2_Rescued
Kashmir,Srinagar,Kralsangri Srinagar (PM-10),2025-05-01,43.0,43.0,22.0,11.0,5.0,43.0,Tier_2_Rescued
Kashmir,Srinagar,Kralsangri Srinagar (PM-10),2025-06-01,52.0,52.0,28.0,9.0,3.0,52.0,Tier_2_Rescued
Kashmir,Srinagar,Kralsangri Srinagar (PM-10),2025-07-01,44.0,44.0,25.5,9.0,4.0,44.0,Tier_2_Rescued
Kashmir,Srinagar,Kralsangri Srinagar (PM-10),2025-08-01,46.0,46.0,23.0,10.0,4.0,46.0,Tier_2_Rescued
Kashmir,Srinagar,Kralsangri Srinagar (PM-10),2025-09-01,54.0,54.0,20.5,8.0,4.0,54.0,Tier_2_Rescued
Kashmir,Srinagar,Kralsangri Srinagar (PM-10),2025-10-01,39.0,39.0,18.0,8.0,4.0,39.0,Tier_2_Rescued
Kashmir,Srinagar,Kralsangri Srinagar (PM-10),2025-11-01,,39.0,18.0,8.0,4.0,39.0,Tier_2_Rescued
Kashmir,Srinagar,Kralsangri Srinagar (PM-10),2025-12-01,,39.0,18.0,8.0,3.9999999999999996,39.0,Tier_2_Rescued
Kashmir,Srinagar,Kralsangri Srinagar (PM-10),2026-01-01,,38.99999999999999,17.999999999999996,7.999999999999999,3.999999999999999,39.0,Tier_2_Rescued
Kashmir,Srinagar,Kralsangri Srinagar (PM-10),2026-02-01,,39.0,17.999999999999996,7.999999999999999,3.9999999999999987,39.0,Tier_2_Rescued
Kashmir,Srinagar,Kralsangri Srinagar (PM-10),2026-03-01,,39.00000000000001,17.999999999999996,8.0,3.9999999999999982,39.0,Tier_2_Rescued
Kashmir,Kulgam,"Kulgam near D.I.C Building (PM-10, PM-2.5) 1086",2022-01-01,,,,,,,Tier_2_Rescued
Kashmir,Kulgam,"Kulgam near D.I.C Building (PM-10, PM-2.5) 1086",2022-02-01,,,,,,,Tier_2_Rescued
Kashmir,Kulgam,"Kulgam near D.I.C Building (PM-10, PM-2.5) 1086",2022-03-01,,,,,,,Tier_2_Rescued
Kashmir,Kulgam,"Kulgam near D.I.C Building (PM-10, PM-2.5) 1086",2022-04-01,,,,,,,Tier_2_Rescued
Kashmir,Kulgam,"Kulgam near D.I.C Building (PM-10, PM-2.5) 1086",2022-05-01,,,,,,,Tier_2_Rescued
Kashmir,Kulgam,"Kulgam near D.I.C Building (PM-10, PM-2.5) 1086",2022-06-01,,,,,,,Tier_2_Rescued
Kashmir,Kulgam,"Kulgam near D.I.C Building (PM-10, PM-2.5) 1086",2022-07-01,,,,,,,Tier_2_Rescued
Kashmir,Kulgam,"Kulgam near D.I.C Building (PM-10, PM-2.5) 1086",2022-08-01,,,,,,,Tier_2_Rescued
Kashmir,Kulgam,"Kulgam near D.I.C Building (PM-10, PM-2.5) 1086",2022-09-01,,,,,,,Tier_2_Rescued
Kashmir,Kulgam,"Kulgam near D.I.C Building (PM-10, PM-2.5) 1086",2022-10-01,,53.0,36.0,11.0,7.0,59.0,Tier_2_Rescued
Kashmir,Kulgam,"Kulgam near D.I.C Building (PM-10, PM-2.5) 1086",2022-11-01,,53.0,36.0,11.0,7.0,59.0,Tier_2_Rescued
Kashmir,Kulgam,"Kulgam near D.I.C Building (PM-10, PM-2.5) 1086",2022-12-01,89.0,53.0,36.0,11.0,7.0,59.0,Tier_2_Rescued
Kashmir,Kulgam,"Kulgam near D.I.C Building (PM-10, PM-2.5) 1086",2023-01-01,101.0,61.0,40.0,13.0,7.0,66.0,Tier_2_Rescued
Kashmir,Kulgam,"Kulgam near D.I.C Building (PM-10, PM-2.5) 1086",2023-02-01,119.0,63.0,55.0,13.0,7.0,92.0,Tier_2_Rescued
Kashmir,Kulgam,"Kulgam near D.I.C Building (PM-10, PM-2.5) 1086",2023-03-01,103.0,68.0,35.0,13.0,7.0,68.0,Tier_2_Rescued
Kashmir,Kulgam,"Kulgam near D.I.C Building (PM-10, PM-2.5) 1086",2023-04-01,,66.0,37.90909090909091,13.909090909090908,7.454545454545454,66.0,Tier_2_Rescued
Kashmir,Kulgam,"Kulgam near D.I.C Building (PM-10, PM-2.5) 1086",2023-05-01,,64.0,40.81818181818182,14.818181818181818,7.909090909090909,68.0,Tier_2_Rescued
Kashmir,Kulgam,"Kulgam near D.I.C Building (PM-10, PM-2.5) 1086",2023-06-01,,62.00000000000003,,,,62.0,Tier_2_Rescued
Kashmir,Kulgam,"Kulgam near D.I.C Building (PM-10, PM-2.5) 1086",2023-07-01,,60.00000000000002,,,,60.0,Tier_2_Rescued
Kashmir,Kulgam,"Kulgam near D.I.C Building (PM-10, PM-2.5) 1086",2023-08-01,,58.00000000000002,,,,58.0,Tier_2_Rescued
Kashmir,Kulgam,"Kulgam near D.I.C Building (PM-10, PM-2.5) 1086",2023-09-01,,56.000000000000014,,,,56.0,Tier_2_Rescued
Kashmir,Kulgam,"Kulgam near D.I.C Building (PM-10, PM-2.5) 1086",2023-10-01,,54.0,,,,54.0,Tier_2_Rescued
Kashmir,Kulgam,"Kulgam near D.I.C Building (PM-10, PM-2.5) 1086",2023-11-01,,52.0,,,,52.0,Tier_2_Rescued
Kashmir,Kulgam,"Kulgam near D.I.C Building (PM-10, PM-2.5) 1086",2023-12-01,,50.0,61.18181818181819,21.18181818181818,11.09090909090909,101.0,Tier_2_Rescued
Kashmir,Kulgam,"Kulgam near D.I.C Building (PM-10, PM-2.5) 1086",2024-01-01,,72.0,64.0909090909091,22.09090909090909,11.545454545454545,111.0,Tier_2_Rescued
Kashmir,Kulgam,"Kulgam near D.I.C Building (PM-10, PM-2.5) 1086",2024-02-01,94.0,94.0,67.0,23.0,12.0,121.0,Tier_2_Rescued
Kashmir,Kulgam,"Kulgam near D.I.C Building (PM-10, PM-2.5) 1086",2024-03-01,93.0,98.44444444444444,93.0,22.444444444444443,11.0,208.0,Tier_2_Rescued
Kashmir,Kulgam,"Kulgam near D.I.C Building (PM-10, PM-2.5) 1086",2024-04-01,99.0,102.88888888888889,99.0,21.88888888888889,10.0,228.0,Tier_2_Rescued
Kashmir,Kulgam,"Kulgam near D.I.C Building (PM-10, PM-2.5) 1086",2024-05-01,,107.33333333333326,94.0,21.33333333333334,9.000000000000014,211.0,Tier_2_Rescued
Kashmir,Kulgam,"Kulgam near D.I.C Building (PM-10, PM-2.5) 1086",2024-06-01,,111.7777777777777,89.0,20.777777777777786,8.000000000000014,197.0,Tier_2_Rescued
Kashmir,Kulgam,"Kulgam near D.I.C Building (PM-10, PM-2.5) 1086",2024-07-01,,116.22222222222216,84.0,20.22222222222223,7.000000000000014,180.0,Tier_2_Rescued
Kashmir,Kulgam,"Kulgam near D.I.C Building (PM-10, PM-2.5) 1086",2024-08-01,,120.66666666666659,79.0,19.666666666666675,6.000000000000014,162.0,Tier_2_Rescued
Kashmir,Kulgam,"Kulgam near D.I.C Building (PM-10, PM-2.5) 1086",2024-09-01,,125.11111111111111,74.0,19.11111111111111,5.0,145.0,Tier_2_Rescued
Kashmir,Kulgam,"Kulgam near D.I.C Building (PM-10, PM-2.5) 1086",2024-10-01,,129.55555555555554,69.0,18.555555555555557,4.0,128.0,Tier_2_Rescued
Kashmir,Kulgam,"Kulgam near D.I.C Building (PM-10, PM-2.5) 1086",2024-11-01,141.0,134.0,64.0,18.0,3.0,123.0,Tier_2_Rescued
Kashmir,Kulgam,"Kulgam near D.I.C Building (PM-10, PM-2.5) 1086",2024-12-01,125.0,120.0,45.0,17.0,10.0,114.0,Tier_2_Rescued
Kashmir,Kulgam,"Kulgam near D.I.C Building (PM-10, PM-2.5) 1086",2025-01-01,106.0,106.0,46.0,12.0,8.0,104.0,Tier_2_Rescued
Kashmir,Kulgam,"Kulgam near D.I.C Building (PM-10, PM-2.5) 1086",2025-02-01,83.0,83.0,32.0,16.0,10.0,83.0,Tier_2_Rescued
Kashmir,Kulgam,"Kulgam near D.I.C Building (PM-10, PM-2.5) 1086",2025-03-01,64.0,64.0,26.0,4.0,2.0,64.0,Tier_2_Rescued
Kashmir,Kulgam,"Kulgam near D.I.C Building (PM-10, PM-2.5) 1086",2025-04-01,82.0,82.0,48.0,12.0,5.0,82.0,Tier_2_Rescued
Kashmir,Kulgam,"Kulgam near D.I.C Building (PM-10, PM-2.5) 1086",2025-05-01,68.0,68.0,17.0,12.0,6.0,68.0,Tier_2_Rescued
Kashmir,Kulgam,"Kulgam near D.I.C Building (PM-10, PM-2.5) 1086",2025-06-01,67.0,67.0,41.0,5.0,2.0,68.0,Tier_2_Rescued
Kashmir,Kulgam,"Kulgam near D.I.C Building (PM-10, PM-2.5) 1086",2025-07-01,58.0,58.0,27.0,11.0,5.0,58.0,Tier_2_Rescued
Kashmir,Kulgam,"Kulgam near D.I.C Building (PM-10, PM-2.5) 1086",2025-08-01,76.0,76.0,47.0,9.0,4.0,78.0,Tier_2_Rescued
Kashmir,Kulgam,"Kulgam near D.I.C Building (PM-10, PM-2.5) 1086",2025-09-01,64.0,64.0,28.0,11.0,5.0,64.0,Tier_2_Rescued
Kashmir,Kulgam,"Kulgam near D.I.C Building (PM-10, PM-2.5) 1086",2025-10-01,105.0,105.0,14.0,11.0,5.0,104.0,Tier_2_Rescued
Kashmir,Kulgam,"Kulgam near D.I.C Building (PM-10, PM-2.5) 1086",2025-11-01,122.0,122.0,14.0,16.0,5.0,115.0,Tier_2_Rescued
Kashmir,Kulgam,"Kulgam near D.I.C Building (PM-10, PM-2.5) 1086",2025-12-01,129.0,129.0,14.0,16.0,4.999999999999998,120.0,Tier_2_Rescued
Kashmir,Kulgam,"Kulgam near D.I.C Building (PM-10, PM-2.5) 1086",2026-01-01,107.0,107.0,13.999999999999998,17.0,4.999999999999998,105.0,Tier_2_Rescued
Kashmir,Kulgam,"Kulgam near D.I.C Building (PM-10, PM-2.5) 1086",2026-02-01,49.0,49.0,14.0,19.0,4.999999999999998,49.0,Tier_2_Rescued
Kashmir,Kulgam,"Kulgam near D.I.C Building (PM-10, PM-2.5) 1086",2026-03-01,,49.0,14.000000000000002,19.0,4.999999999999998,49.0,Tier_2_Rescued
Kashmir,Budgam,Lasjan Budgam (PM-10) 913,2022-01-01,186.0,186.0,,33.0,14.0,157.0,Tier_2_Rescued
Kashmir,Budgam,Lasjan Budgam (PM-10) 913,2022-02-01,158.0,158.0,,31.0,16.0,139.0,Tier_2_Rescued
Kashmir,Budgam,Lasjan Budgam (PM-10) 913,2022-03-01,177.0,177.0,,18.0,11.0,151.0,Tier_2_Rescued
Kashmir,Budgam,Lasjan Budgam (PM-10) 913,2022-04-01,188.0,188.0,,31.0,14.0,159.0,Tier_2_Rescued
Kashmir,Budgam,Lasjan Budgam (PM-10) 913,2022-05-01,214.0,214.0,,37.0,14.0,176.0,Tier_2_Rescued
Kashmir,Budgam,Lasjan Budgam (PM-10) 913,2022-06-01,213.0,213.0,,28.0,12.0,175.0,Tier_2_Rescued
Kashmir,Budgam,Lasjan Budgam (PM-10) 913,2022-07-01,195.0,195.0,,28.0,14.0,163.0,Tier_2_Rescued
Kashmir,Budgam,Lasjan Budgam (PM-10) 913,2022-08-01,191.0,191.0,,29.0,17.0,161.0,Tier_2_Rescued
Kashmir,Budgam,Lasjan Budgam (PM-10) 913,2022-09-01,204.0,204.0,,30.0,20.0,169.0,Tier_2_Rescued
Kashmir,Budgam,Lasjan Budgam (PM-10) 913,2022-10-01,212.0,212.0,36.0,31.0,20.0,175.0,Tier_2_Rescued
Kashmir,Budgam,Lasjan Budgam (PM-10) 913,2022-11-01,213.0,213.0,36.0,35.0,26.0,175.0,Tier_2_Rescued
Kashmir,Budgam,Lasjan Budgam (PM-10) 913,2022-12-01,203.0,203.0,36.0,36.0,27.0,169.0,Tier_2_Rescued
Kashmir,Budgam,Lasjan Budgam (PM-10) 913,2023-01-01,201.0,201.0,35.0,34.0,26.0,167.0,Tier_2_Rescued
Kashmir,Budgam,Lasjan Budgam (PM-10) 913,2023-02-01,195.0,195.0,31.0,39.0,26.0,163.0,Tier_2_Rescued
Kashmir,Budgam,Lasjan Budgam (PM-10) 913,2023-03-01,164.0,164.0,31.0,32.0,20.0,143.0,Tier_2_Rescued
Kashmir,Budgam,Lasjan Budgam (PM-10) 913,2023-04-01,173.0,173.0,33.54545454545455,36.0,25.0,149.0,Tier_2_Rescued
Kashmir,Budgam,Lasjan Budgam (PM-10) 913,2023-05-01,185.0,185.0,36.09090909090909,31.0,23.0,157.0,Tier_2_Rescued
Kashmir,Budgam,Lasjan Budgam (PM-10) 913,2023-06-01,162.0,162.0,,29.0,16.0,142.0,Tier_2_Rescued
Kashmir,Budgam,Lasjan Budgam (PM-10) 913,2023-07-01,186.0,186.0,,30.0,16.0,157.0,Tier_2_Rescued
Kashmir,Budgam,Lasjan Budgam (PM-10) 913,2023-08-01,185.0,185.0,,26.0,15.0,157.0,Tier_2_Rescued
Kashmir,Budgam,Lasjan Budgam (PM-10) 913,2023-09-01,220.0,220.0,,29.0,17.0,180.0,Tier_2_Rescued
Kashmir,Budgam,Lasjan Budgam (PM-10) 913,2023-10-01,230.0,230.0,,32.0,19.0,187.0,Tier_2_Rescued
Kashmir,Budgam,Lasjan Budgam (PM-10) 913,2023-11-01,271.0,271.0,,34.0,20.0,221.0,Tier_2_Rescued
Kashmir,Budgam,Lasjan Budgam (PM-10) 913,2023-12-01,276.0,276.0,53.90909090909091,18.0,11.0,226.0,Tier_2_Rescued
Kashmir,Budgam,Lasjan Budgam (PM-10) 913,2024-01-01,253.0,253.0,56.45454545454545,32.0,2.0,203.0,Tier_2_Rescued
Kashmir,Budgam,Lasjan Budgam (PM-10) 913,2024-02-01,200.0,200.0,59.0,3.0,16.0,167.0,Tier_2_Rescued
Kashmir,Budgam,Lasjan Budgam (PM-10) 913,2024-03-01,234.0,234.0,59.0,26.0,14.0,189.0,Tier_2_Rescued
Kashmir,Budgam,Lasjan Budgam (PM-10) 913,2024-04-01,203.0,203.0,70.0,28.0,15.0,169.0,Tier_2_Rescued
Kashmir,Budgam,Lasjan Budgam (PM-10) 913,2024-05-01,262.0,262.0,68.28571428571429,28.0,16.0,212.0,Tier_2_Rescued
Kashmir,Budgam,Lasjan Budgam (PM-10) 913,2024-06-01,280.0,280.0,66.57142857142857,26.0,13.0,230.0,Tier_2_Rescued
Kashmir,Budgam,Lasjan Budgam (PM-10) 913,2024-07-01,263.0,263.0,64.85714285714286,24.0,16.0,213.0,Tier_2_Rescued
Kashmir,Budgam,Lasjan Budgam (PM-10) 913,2024-08-01,241.0,241.0,63.142857142857146,26.0,20.0,194.0,Tier_2_Rescued
Kashmir,Budgam,Lasjan Budgam (PM-10) 913,2024-09-01,228.0,228.0,5.0,25.0,20.0,185.0,Tier_2_Rescued
Kashmir,Budgam,Lasjan Budgam (PM-10) 913,2024-10-01,219.0,219.0,5.0,27.0,22.0,179.0,Tier_2_Rescued
Kashmir,Budgam,Lasjan Budgam (PM-10) 913,2024-11-01,,219.0,5.0,23.0,13.0,179.0,Tier_2_Rescued
Kashmir,Budgam,Lasjan Budgam (PM-10) 913,2024-12-01,,191.0,5.0,19.0,14.0,161.0,Tier_2_Rescued
Kashmir,Budgam,Lasjan Budgam (PM-10) 913,2025-01-01,194.0,194.0,5.0,26.0,20.0,163.0,Tier_2_Rescued
Kashmir,Budgam,Lasjan Budgam (PM-10) 913,2025-02-01,188.0,188.0,53.0,26.0,20.0,159.0,Tier_2_Rescued
Kashmir,Budgam,Lasjan Budgam (PM-10) 913,2025-03-01,190.0,190.0,43.0,22.0,14.0,160.0,Tier_2_Rescued
Kashmir,Budgam,Lasjan Budgam (PM-10) 913,2025-04-01,184.0,184.0,33.0,23.0,13.0,156.0,Tier_2_Rescued
Kashmir,Budgam,Lasjan Budgam (PM-10) 913,2025-05-01,169.0,169.0,33.0,25.0,15.0,146.0,Tier_2_Rescued
Kashmir,Budgam,Lasjan Budgam (PM-10) 913,2025-06-01,153.0,153.0,33.0,25.0,14.0,136.0,Tier_2_Rescued
Kashmir,Budgam,Lasjan Budgam (PM-10) 913,2025-07-01,151.0,151.0,33.0,26.0,16.0,134.0,Tier_2_Rescued
Kashmir,Budgam,Lasjan Budgam (PM-10) 913,2025-08-01,207.0,207.0,37.0,24.0,14.0,171.0,Tier_2_Rescued
Kashmir,Budgam,Lasjan Budgam (PM-10) 913,2025-09-01,,168.5,36.0,24.5,14.0,146.0,Tier_2_Rescued
Kashmir,Budgam,Lasjan Budgam (PM-10) 913,2025-10-01,130.0,130.0,47.0,25.0,14.0,120.0,Tier_2_Rescued
Kashmir,Budgam,Lasjan Budgam (PM-10) 913,2025-11-01,233.0,233.0,52.0,28.0,14.000000000000002,189.0,Tier_2_Rescued
Kashmir,Budgam,Lasjan Budgam (PM-10) 913,2025-12-01,247.0,209.5,60.0,29.0,14.000000000000002,173.0,Tier_2_Rescued
Kashmir,Budgam,Lasjan Budgam (PM-10) 913,2026-01-01,186.0,186.0,80.0,26.0,14.000000000000002,166.0,Tier_2_Rescued
Kashmir,Budgam,Lasjan Budgam (PM-10) 913,2026-02-01,158.0,158.0,80.0,33.0,14.000000000000002,166.0,Tier_2_Rescued
Kashmir,Budgam,Lasjan Budgam (PM-10) 913,2026-03-01,,158.0,80.0,33.0,14.000000000000002,166.0,Tier_2_Rescued
Jammu,Poonch,Poonch PCC Office 1075,2022-01-01,14.0,14.0,46.0,21.0,3.0,76.0,Tier_2_Rescued
Jammu,Poonch,Poonch PCC Office 1075,2022-02-01,,20.714285714285715,75.0,32.0,3.0,149.0,Tier_2_Rescued
Jammu,Poonch,Poonch PCC Office 1075,2022-03-01,,27.42857142857143,85.0,34.0,5.0,183.0,Tier_2_Rescued
Jammu,Poonch,Poonch PCC Office 1075,2022-04-01,,34.142857142857146,58.5,35.0,3.0,97.0,Tier_2_Rescued
Jammu,Poonch,Poonch PCC Office 1075,2022-05-01,,40.857142857142854,77.0,34.0,4.0,156.0,Tier_2_Rescued
Jammu,Poonch,Poonch PCC Office 1075,2022-06-01,,47.57142857142857,68.5,35.0,3.0,125.0,Tier_2_Rescued
Jammu,Poonch,Poonch PCC Office 1075,2022-07-01,,54.285714285714285,24.0,16.0,2.0,54.0,Tier_2_Rescued
Jammu,Poonch,Poonch PCC Office 1075,2022-08-01,61.0,61.0,24.0,22.5,3.5,61.0,Tier_2_Rescued
Jammu,Poonch,Poonch PCC Office 1075,2022-09-01,38.0,38.0,24.0,21.5,3.0,40.0,Tier_2_Rescued
Jammu,Poonch,Poonch PCC Office 1075,2022-10-01,32.0,32.0,20.0,24.0,2.5,33.0,Tier_2_Rescued
Jammu,Poonch,Poonch PCC Office 1075,2022-11-01,,44.0,20.0,11.0,2.0,44.0,Tier_2_Rescued
Jammu,Poonch,Poonch PCC Office 1075,2022-12-01,,37.0,28.0,12.0,,47.0,Tier_2_Rescued
Jammu,Poonch,Poonch PCC Office 1075,2023-01-01,32.0,31.0,26.0,18.5,2.5,43.0,Tier_2_Rescued
Jammu,Poonch,Poonch PCC Office 1075,2023-02-01,34.0,34.0,26.0,5.5,,43.0,Tier_2_Rescued
Jammu,Poonch,Poonch PCC Office 1075,2023-03-01,35.0,35.0,25.25,22.0,3.0,42.0,Tier_2_Rescued
Jammu,Poonch,Poonch PCC Office 1075,2023-04-01,38.0,38.0,24.5,19.0,2.0,40.0,Tier_2_Rescued
Jammu,Poonch,Poonch PCC Office 1075,2023-05-01,38.0,38.0,23.749999999999996,13.0,2.0,40.0,Tier_2_Rescued
Jammu,Poonch,Poonch PCC Office 1075,2023-06-01,39.0,39.0,22.999999999999996,19.0,3.0,39.0,Tier_2_Rescued
Jammu,Poonch,Poonch PCC Office 1075,2023-07-01,,25.0,22.249999999999996,15.0,2.0,37.0,Tier_2_Rescued
Jammu,Poonch,Poonch PCC Office 1075,2023-08-01,11.0,11.0,21.5,18.0,3.0,37.0,Tier_2_Rescued
Jammu,Poonch,Poonch PCC Office 1075,2023-09-01,,41.0,20.75,17.0,3.0,41.0,Tier_2_Rescued
Jammu,Poonch,Poonch PCC Office 1075,2023-10-01,,42.0,20.0,18.0,3.0,42.0,Tier_2_Rescued
Jammu,Poonch,Poonch PCC Office 1075,2023-11-01,,43.0,20.5,22.0,4.0,43.0,Tier_2_Rescued
Jammu,Poonch,Poonch PCC Office 1075,2023-12-01,,44.0,21.0,20.5,2.5,44.0,Tier_2_Rescued
Jammu,Poonch,Poonch PCC Office 1075,2024-01-01,45.0,45.0,23.0,20.0,2.0,45.0,Tier_2_Rescued
Jammu,Poonch,Poonch PCC Office 1075,2024-02-01,45.0,45.0,19.0,17.0,3.0,45.0,Tier_2_Rescued
Jammu,Poonch,Poonch PCC Office 1075,2024-03-01,41.0,41.0,20.0,19.0,3.0,41.0,Tier_2_Rescued
Jammu,Poonch,Poonch PCC Office 1075,2024-04-01,43.0,43.0,21.0,13.0,2.0,43.0,Tier_2_Rescued
Jammu,Poonch,Poonch PCC Office 1075,2024-05-01,45.0,45.0,20.0,19.0,4.0,45.0,Tier_2_Rescued
Jammu,Poonch,Poonch PCC Office 1075,2024-06-01,45.0,45.0,20.0,19.0,3.0,45.0,Tier_2_Rescued
Jammu,Poonch,Poonch PCC Office 1075,2024-07-01,39.0,34.0,19.0,14.0,2.0,34.0,Tier_2_Rescued
Jammu,Poonch,Poonch PCC Office 1075,2024-08-01,21.0,37.333333333333336,21.0,10.0,1.0,37.0,Tier_2_Rescued
Jammu,Poonch,Poonch PCC Office 1075,2024-09-01,24.0,40.666666666666664,24.0,,,41.0,Tier_2_Rescued
Jammu,Poonch,Poonch PCC Office 1075,2024-10-01,44.0,44.0,22.0,21.0,4.0,44.0,Tier_2_Rescued
Jammu,Poonch,Poonch PCC Office 1075,2024-11-01,45.0,45.0,24.0,26.0,6.0,45.0,Tier_2_Rescued
Jammu,Poonch,Poonch PCC Office 1075,2024-12-01,61.0,61.0,40.0,36.0,4.0,66.0,Tier_2_Rescued
Jammu,Poonch,Poonch PCC Office 1075,2025-01-01,61.0,61.0,43.0,34.0,4.0,71.0,Tier_2_Rescued
Jammu,Poonch,Poonch PCC Office 1075,2025-02-01,61.0,61.0,40.0,13.0,2.0,66.0,Tier_2_Rescued
Jammu,Poonch,Poonch PCC Office 1075,2025-03-01,59.0,59.0,37.0,30.0,3.0,61.0,Tier_2_Rescued
Jammu,Poonch,Poonch PCC Office 1075,2025-04-01,62.0,62.0,31.0,31.0,3.0,62.0,Tier_2_Rescued
Jammu,Poonch,Poonch PCC Office 1075,2025-05-01,62.0,62.0,33.0,,,62.0,Tier_2_Rescued
Jammu,Poonch,Poonch PCC Office 1075,2025-06-01,64.0,64.0,30.0,,,64.0,Tier_2_Rescued
Jammu,Poonch,Poonch PCC Office 1075,2025-07-01,63.0,63.0,37.0,22.0,2.0,63.0,Tier_2_Rescued
Jammu,Poonch,Poonch PCC Office 1075,2025-08-01,65.0,65.0,25.0,21.0,2.0,65.0,Tier_2_Rescued
Jammu,Poonch,Poonch PCC Office 1075,2025-09-01,63.0,63.0,27.0,17.0,2.0,63.0,Tier_2_Rescued
Jammu,Poonch,Poonch PCC Office 1075,2025-10-01,63.0,63.0,27.25,23.5,3.5,63.0,Tier_2_Rescued
Jammu,Poonch,Poonch PCC Office 1075,2025-11-01,68.0,68.0,27.5,31.0,3.0,68.0,Tier_2_Rescued
Jammu,Poonch,Poonch PCC Office 1075,2025-12-01,69.0,69.0,27.75,34.5,4.0,69.0,Tier_2_Rescued
Jammu,Poonch,Poonch PCC Office 1075,2026-01-01,63.0,63.0,28.0,37.0,3.0,63.0,Tier_2_Rescued
Jammu,Poonch,Poonch PCC Office 1075,2026-02-01,61.0,61.0,28.0,34.0,4.0,61.0,Tier_2_Rescued
Jammu,Poonch,Poonch PCC Office 1075,2026-03-01,,61.0,28.0,34.0,3.0,61.0,Tier_2_Rescued
Jammu,Rajouri,Rajouri PCC Office Near Panja Chowk 1073,2022-01-01,,76.99999999999993,46.0,21.0,3.0,77.0,Tier_2_Rescued
Jammu,Rajouri,Rajouri PCC Office Near Panja Chowk 1073,2022-02-01,,76.99999999999994,75.0,32.0,3.0,149.0,Tier_2_Rescued
Jammu,Rajouri,Rajouri PCC Office Near Panja Chowk 1073,2022-03-01,,76.99999999999994,85.0,34.0,5.0,183.0,Tier_2_Rescued
Jammu,Rajouri,Rajouri PCC Office Near Panja Chowk 1073,2022-04-01,,76.99999999999996,58.5,35.0,3.0,97.0,Tier_2_Rescued
Jammu,Rajouri,Rajouri PCC Office Near Panja Chowk 1073,2022-05-01,,76.99999999999996,77.0,34.0,4.0,156.0,Tier_2_Rescued
Jammu,Rajouri,Rajouri PCC Office Near Panja Chowk 1073,2022-06-01,,77.0,68.5,35.0,3.0,125.0,Tier_2_Rescued
Jammu,Rajouri,Rajouri PCC Office Near Panja Chowk 1073,2022-07-01,,77.0,50.0,16.0,2.0,83.0,Tier_2_Rescued
Jammu,Rajouri,Rajouri PCC Office Near Panja Chowk 1073,2022-08-01,77.0,77.0,39.5,22.5,3.5,77.0,Tier_2_Rescued
Jammu,Rajouri,Rajouri PCC Office Near Panja Chowk 1073,2022-09-01,,74.25,19.0,21.5,3.0,74.0,Tier_2_Rescued
Jammu,Rajouri,Rajouri PCC Office Near Panja Chowk 1073,2022-10-01,,71.5,30.0,24.0,2.5,72.0,Tier_2_Rescued
Jammu,Rajouri,Rajouri PCC Office Near Panja Chowk 1073,2022-11-01,,68.75,30.0,11.0,2.0,69.0,Tier_2_Rescued
Jammu,Rajouri,Rajouri PCC Office Near Panja Chowk 1073,2022-12-01,66.0,66.0,30.0,34.0,,66.0,Tier_2_Rescued
Jammu,Rajouri,Rajouri PCC Office Near Panja Chowk 1073,2023-01-01,69.0,69.0,35.0,34.0,2.5,69.0,Tier_2_Rescued
Jammu,Rajouri,Rajouri PCC Office Near Panja Chowk 1073,2023-02-01,164.0,73.5,164.0,34.0,,334.0,Tier_2_Rescued
Jammu,Rajouri,Rajouri PCC Office Near Panja Chowk 1073,2023-03-01,85.0,78.0,62.0,34.0,3.0,104.0,Tier_2_Rescued
Jammu,Rajouri,Rajouri PCC Office Near Panja Chowk 1073,2023-04-01,71.0,82.5,71.0,34.0,2.0,135.0,Tier_2_Rescued
Jammu,Rajouri,Rajouri PCC Office Near Panja Chowk 1073,2023-05-01,87.0,87.0,68.0,13.0,2.0,125.0,Tier_2_Rescued
Jammu,Rajouri,Rajouri PCC Office Near Panja Chowk 1073,2023-06-01,86.0,83.0,75.0,19.0,3.0,149.0,Tier_2_Rescued
Jammu,Rajouri,Rajouri PCC Office Near Panja Chowk 1073,2023-07-01,93.0,78.0,88.0,15.0,2.0,193.0,Tier_2_Rescued
Jammu,Rajouri,Rajouri PCC Office Near Panja Chowk 1073,2023-08-01,76.0,76.0,36.0,18.0,3.0,76.0,Tier_2_Rescued
Jammu,Rajouri,Rajouri PCC Office Near Panja Chowk 1073,2023-09-01,76.0,76.0,39.5,17.0,3.0,76.0,Tier_2_Rescued
Jammu,Rajouri,Rajouri PCC Office Near Panja Chowk 1073,2023-10-01,79.0,79.0,43.0,18.0,3.0,79.0,Tier_2_Rescued
Jammu,Rajouri,Rajouri PCC Office Near Panja Chowk 1073,2023-11-01,78.0,78.0,30.0,22.0,4.0,78.0,Tier_2_Rescued
Jammu,Rajouri,Rajouri PCC Office Near Panja Chowk 1073,2023-12-01,71.0,71.0,34.0,20.5,2.5,71.0,Tier_2_Rescued
Jammu,Rajouri,Rajouri PCC Office Near Panja Chowk 1073,2024-01-01,78.0,78.0,30.0,20.0,2.0,78.0,Tier_2_Rescued
Jammu,Rajouri,Rajouri PCC Office Near Panja Chowk 1073,2024-02-01,77.0,77.0,25.0,17.0,3.0,77.0,Tier_2_Rescued
Jammu,Rajouri,Rajouri PCC Office Near Panja Chowk 1073,2024-03-01,77.0,77.0,28.0,19.0,3.0,77.0,Tier_2_Rescued
Jammu,Rajouri,Rajouri PCC Office Near Panja Chowk 1073,2024-04-01,75.0,75.0,32.0,13.0,2.0,75.0,Tier_2_Rescued
Jammu,Rajouri,Rajouri PCC Office Near Panja Chowk 1073,2024-05-01,75.0,75.0,28.0,19.0,4.0,75.0,Tier_2_Rescued
Jammu,Rajouri,Rajouri PCC Office Near Panja Chowk 1073,2024-06-01,82.0,82.0,28.0,19.0,3.0,82.0,Tier_2_Rescued
Jammu,Rajouri,Rajouri PCC Office Near Panja Chowk 1073,2024-07-01,75.0,75.0,32.0,14.0,2.0,75.0,Tier_2_Rescued
Jammu,Rajouri,Rajouri PCC Office Near Panja Chowk 1073,2024-08-01,77.0,77.0,28.0,10.0,1.0,77.0,Tier_2_Rescued
Jammu,Rajouri,Rajouri PCC Office Near Panja Chowk 1073,2024-09-01,77.0,77.0,28.0,,,77.0,Tier_2_Rescued
Jammu,Rajouri,Rajouri PCC Office Near Panja Chowk 1073,2024-10-01,78.0,78.0,27.0,21.0,4.0,78.0,Tier_2_Rescued
Jammu,Rajouri,Rajouri PCC Office Near Panja Chowk 1073,2024-11-01,79.0,79.0,28.0,26.0,6.0,79.0,Tier_2_Rescued
Jammu,Rajouri,Rajouri PCC Office Near Panja Chowk 1073,2024-12-01,79.0,79.0,41.0,36.0,4.0,79.0,Tier_2_Rescued
Jammu,Rajouri,Rajouri PCC Office Near Panja Chowk 1073,2025-01-01,78.0,78.0,28.0,34.0,4.0,78.0,Tier_2_Rescued
Jammu,Rajouri,Rajouri PCC Office Near Panja Chowk 1073,2025-02-01,79.0,79.0,27.0,13.0,2.0,79.0,Tier_2_Rescued
Jammu,Rajouri,Rajouri PCC Office Near Panja Chowk 1073,2025-03-01,75.0,75.0,26.0,30.0,3.0,75.0,Tier_2_Rescued
Jammu,Rajouri,Rajouri PCC Office Near Panja Chowk 1073,2025-04-01,78.0,78.0,25.0,31.0,3.0,78.0,Tier_2_Rescued
Jammu,Rajouri,Rajouri PCC Office Near Panja Chowk 1073,2025-05-01,86.0,86.0,41.0,,,86.0,Tier_2_Rescued
Jammu,Rajouri,Rajouri PCC Office Near Panja Chowk 1073,2025-06-01,86.0,86.0,41.0,,,86.0,Tier_2_Rescued
Jammu,Rajouri,Rajouri PCC Office Near Panja Chowk 1073,2025-07-01,78.0,78.0,29.0,22.0,2.0,78.0,Tier_2_Rescued
Jammu,Rajouri,Rajouri PCC Office Near Panja Chowk 1073,2025-08-01,76.0,76.0,27.0,21.0,2.0,76.0,Tier_2_Rescued
Jammu,Rajouri,Rajouri PCC Office Near Panja Chowk 1073,2025-09-01,79.0,79.0,26.0,17.0,2.0,79.0,Tier_2_Rescued
Jammu,Rajouri,Rajouri PCC Office Near Panja Chowk 1073,2025-10-01,75.0,75.0,27.0,23.5,3.5,75.0,Tier_2_Rescued
Jammu,Rajouri,Rajouri PCC Office Near Panja Chowk 1073,2025-11-01,76.0,79.33333333333333,31.666666666666668,31.0,3.0,79.0,Tier_2_Rescued
Jammu,Rajouri,Rajouri PCC Office Near Panja Chowk 1073,2025-12-01,86.0,83.66666666666667,36.333333333333336,34.5,4.0,84.0,Tier_2_Rescued
Jammu,Rajouri,Rajouri PCC Office Near Panja Chowk 1073,2026-01-01,88.0,88.0,41.0,37.0,3.0,88.0,Tier_2_Rescued
Jammu,Rajouri,Rajouri PCC Office Near Panja Chowk 1073,2026-02-01,76.0,76.0,27.0,34.0,4.0,76.0,Tier_2_Rescued
Jammu,Rajouri,Rajouri PCC Office Near Panja Chowk 1073,2026-03-01,,76.0,27.0,34.0,3.0,76.0,Tier_2_Rescued
Jammu,Ramban,Ramban PCC Office 1064,2022-01-01,102.0,102.0,29.0,21.0,3.0,102.0,Tier_2_Rescued
Jammu,Ramban,Ramban PCC Office 1064,2022-02-01,139.0,139.0,29.0,32.0,3.0,126.0,Tier_2_Rescued
Jammu,Ramban,Ramban PCC Office 1064,2022-03-01,149.0,149.0,28.942857142857143,34.0,5.0,133.0,Tier_2_Rescued
Jammu,Ramban,Ramban PCC Office 1064,2022-04-01,,131.5,28.885714285714286,35.0,3.0,122.0,Tier_2_Rescued
Jammu,Ramban,Ramban PCC Office 1064,2022-05-01,,114.0,77.0,34.0,4.0,156.0,Tier_2_Rescued
Jammu,Ramban,Ramban PCC Office 1064,2022-06-01,,96.5,68.5,35.0,3.0,125.0,Tier_2_Rescued
Jammu,Ramban,Ramban PCC Office 1064,2022-07-01,79.0,79.0,50.0,16.0,2.0,83.0,Tier_2_Rescued
Jammu,Ramban,Ramban PCC Office 1064,2022-08-01,106.0,106.0,39.5,22.5,3.5,104.0,Tier_2_Rescued
Jammu,Ramban,Ramban PCC Office 1064,2022-09-01,87.0,87.0,19.0,21.5,3.0,87.0,Tier_2_Rescued
Jammu,Ramban,Ramban PCC Office 1064,2022-10-01,,83.5,46.5,24.0,2.5,84.0,Tier_2_Rescued
Jammu,Ramban,Ramban PCC Office 1064,2022-11-01,,80.0,46.0,11.0,2.0,80.0,Tier_2_Rescued
Jammu,Ramban,Ramban PCC Office 1064,2022-12-01,,79.0,58.0,12.0,,97.0,Tier_2_Rescued
Jammu,Ramban,Ramban PCC Office 1064,2023-01-01,78.0,78.0,36.0,18.5,2.5,78.0,Tier_2_Rescued
Jammu,Ramban,Ramban PCC Office 1064,2023-02-01,61.0,61.0,35.0,5.5,,61.0,Tier_2_Rescued
Jammu,Ramban,Ramban PCC Office 1064,2023-03-01,50.0,50.0,41.5,22.0,3.0,70.0,Tier_2_Rescued
Jammu,Ramban,Ramban PCC Office 1064,2023-04-01,52.0,52.0,36.5,19.0,2.0,59.0,Tier_2_Rescued
Jammu,Ramban,Ramban PCC Office 1064,2023-05-01,56.0,56.0,32.5,13.0,2.0,56.0,Tier_2_Rescued
Jammu,Ramban,Ramban PCC Office 1064,2023-06-01,56.0,56.0,30.5,19.0,3.0,56.0,Tier_2_Rescued
Jammu,Ramban,Ramban PCC Office 1064,2023-07-01,54.0,54.0,23.5,15.0,2.0,54.0,Tier_2_Rescued
Jammu,Ramban,Ramban PCC Office 1064,2023-08-01,50.0,50.0,29.5,18.0,3.0,50.0,Tier_2_Rescued
Jammu,Ramban,Ramban PCC Office 1064,2023-09-01,45.0,45.0,30.0,17.0,3.0,50.0,Tier_2_Rescued
Jammu,Ramban,Ramban PCC Office 1064,2023-10-01,46.0,46.0,25.0,18.0,3.0,46.0,Tier_2_Rescued
Jammu,Ramban,Ramban PCC Office 1064,2023-11-01,46.0,46.333333333333336,36.0,22.0,4.0,59.0,Tier_2_Rescued
Jammu,Ramban,Ramban PCC Office 1064,2023-12-01,48.0,46.666666666666664,37.0,20.5,2.5,61.0,Tier_2_Rescued
Jammu,Ramban,Ramban PCC Office 1064,2024-01-01,47.0,47.0,40.0,20.0,2.0,66.0,Tier_2_Rescued
Jammu,Ramban,Ramban PCC Office 1064,2024-02-01,48.0,48.0,38.0,17.0,3.0,63.0,Tier_2_Rescued
Jammu,Ramban,Ramban PCC Office 1064,2024-03-01,43.0,43.0,38.0,19.0,3.0,63.0,Tier_2_Rescued
Jammu,Ramban,Ramban PCC Office 1064,2024-04-01,46.0,46.0,34.0,13.0,2.0,56.0,Tier_2_Rescued
Jammu,Ramban,Ramban PCC Office 1064,2024-05-01,47.0,47.0,37.5,19.0,4.0,63.0,Tier_2_Rescued
Jammu,Ramban,Ramban PCC Office 1064,2024-06-01,51.0,51.0,36.5,19.0,3.0,59.0,Tier_2_Rescued
Jammu,Ramban,Ramban PCC Office 1064,2024-07-01,42.0,42.0,32.0,14.0,2.0,53.0,Tier_2_Rescued
Jammu,Ramban,Ramban PCC Office 1064,2024-08-01,42.0,42.0,25.5,10.0,1.0,43.0,Tier_2_Rescued
Jammu,Ramban,Ramban PCC Office 1064,2024-09-01,48.0,48.0,33.0,,,54.0,Tier_2_Rescued
Jammu,Ramban,Ramban PCC Office 1064,2024-10-01,48.0,48.0,23.0,21.0,4.0,48.0,Tier_2_Rescued
Jammu,Ramban,Ramban PCC Office 1064,2024-11-01,53.0,53.0,27.114285714285714,26.0,6.0,53.0,Tier_2_Rescued
Jammu,Ramban,Ramban PCC Office 1064,2024-12-01,57.0,46.0,27.057142857142857,36.0,4.0,46.0,Tier_2_Rescued
Jammu,Ramban,Ramban PCC Office 1064,2025-01-01,56.0,39.0,27.0,34.0,4.0,45.0,Tier_2_Rescued
Jammu,Ramban,Ramban PCC Office 1064,2025-02-01,56.0,35.0,56.0,13.0,2.0,93.0,Tier_2_Rescued
Jammu,Ramban,Ramban PCC Office 1064,2025-03-01,51.0,47.0,41.0,30.0,3.0,68.0,Tier_2_Rescued
Jammu,Ramban,Ramban PCC Office 1064,2025-04-01,56.0,56.0,45.0,31.0,3.0,75.0,Tier_2_Rescued
Jammu,Ramban,Ramban PCC Office 1064,2025-05-01,44.0,44.0,37.0,,,61.0,Tier_2_Rescued
Jammu,Ramban,Ramban PCC Office 1064,2025-06-01,50.0,49.0,43.0,,,71.0,Tier_2_Rescued
Jammu,Ramban,Ramban PCC Office 1064,2025-07-01,49.0,49.0,39.0,22.0,2.0,65.0,Tier_2_Rescued
Jammu,Ramban,Ramban PCC Office 1064,2025-08-01,49.0,49.0,42.0,21.0,2.0,70.0,Tier_2_Rescued
Jammu,Ramban,Ramban PCC Office 1064,2025-09-01,47.0,47.0,35.0,17.0,2.0,58.0,Tier_2_Rescued
Jammu,Ramban,Ramban PCC Office 1064,2025-10-01,57.0,57.0,39.0,23.5,3.5,65.0,Tier_2_Rescued
Jammu,Ramban,Ramban PCC Office 1064,2025-11-01,50.0,50.0,42.0,31.0,3.0,70.0,Tier_2_Rescued
Jammu,Ramban,Ramban PCC Office 1064,2025-12-01,48.0,48.0,42.0,34.5,4.0,70.0,Tier_2_Rescued
Jammu,Ramban,Ramban PCC Office 1064,2026-01-01,56.0,56.0,47.0,37.0,3.0,78.0,Tier_2_Rescued
Jammu,Ramban,Ramban PCC Office 1064,2026-02-01,52.0,51.0,45.0,34.0,4.0,75.0,Tier_2_Rescued
Jammu,Ramban,Ramban PCC Office 1064,2026-03-01,,51.0,45.0,34.0,3.0,75.0,Tier_2_Rescued
Jammu,Reasi,Reasi PCC Office Building Mini Secretariat 1067,2022-01-01,52.0,52.0,27.0,21.0,3.0,52.0,Tier_2_Rescued
Jammu,Reasi,Reasi PCC Office Building Mini Secretariat 1067,2022-02-01,54.0,54.0,27.0,32.0,3.0,54.0,Tier_2_Rescued
Jammu,Reasi,Reasi PCC Office Building Mini Secretariat 1067,2022-03-01,49.0,49.0,27.25,34.0,5.0,49.0,Tier_2_Rescued
Jammu,Reasi,Reasi PCC Office Building Mini Secretariat 1067,2022-04-01,,47.0,27.5,35.0,3.0,47.0,Tier_2_Rescued
Jammu,Reasi,Reasi PCC Office Building Mini Secretariat 1067,2022-05-01,,45.0,27.75,34.0,4.0,47.0,Tier_2_Rescued
Jammu,Reasi,Reasi PCC Office Building Mini Secretariat 1067,2022-06-01,,43.0,28.0,35.0,3.0,47.0,Tier_2_Rescued
Jammu,Reasi,Reasi PCC Office Building Mini Secretariat 1067,2022-07-01,41.0,41.0,28.25,16.0,2.0,47.0,Tier_2_Rescued
Jammu,Reasi,Reasi PCC Office Building Mini Secretariat 1067,2022-08-01,39.0,39.0,28.5,22.5,3.5,47.0,Tier_2_Rescued
Jammu,Reasi,Reasi PCC Office Building Mini Secretariat 1067,2022-09-01,45.0,45.0,28.75,21.5,3.0,48.0,Tier_2_Rescued
Jammu,Reasi,Reasi PCC Office Building Mini Secretariat 1067,2022-10-01,62.0,52.0,29.0,24.0,2.5,52.0,Tier_2_Rescued
Jammu,Reasi,Reasi PCC Office Building Mini Secretariat 1067,2022-11-01,,59.0,31.666666666666668,11.0,2.0,59.0,Tier_2_Rescued
Jammu,Reasi,Reasi PCC Office Building Mini Secretariat 1067,2022-12-01,,64.0,34.333333333333336,12.0,,64.0,Tier_2_Rescued
Jammu,Reasi,Reasi PCC Office Building Mini Secretariat 1067,2023-01-01,67.0,67.0,37.0,18.5,2.5,67.0,Tier_2_Rescued
Jammu,Reasi,Reasi PCC Office Building Mini Secretariat 1067,2023-02-01,74.0,66.0,72.0,5.5,,139.0,Tier_2_Rescued
Jammu,Reasi,Reasi PCC Office Building Mini Secretariat 1067,2023-03-01,62.0,62.0,37.0,22.0,3.0,62.0,Tier_2_Rescued
Jammu,Reasi,Reasi PCC Office Building Mini Secretariat 1067,2023-04-01,60.0,60.0,37.0,19.0,2.0,61.0,Tier_2_Rescued
Jammu,Reasi,Reasi PCC Office Building Mini Secretariat 1067,2023-05-01,46.0,28.0,37.0,13.0,2.0,61.0,Tier_2_Rescued
Jammu,Reasi,Reasi PCC Office Building Mini Secretariat 1067,2023-06-01,38.0,35.75,38.0,19.0,3.0,63.0,Tier_2_Rescued
Jammu,Reasi,Reasi PCC Office Building Mini Secretariat 1067,2023-07-01,30.0,43.5,30.0,15.0,2.0,50.0,Tier_2_Rescued
Jammu,Reasi,Reasi PCC Office Building Mini Secretariat 1067,2023-08-01,33.0,51.25,33.0,18.0,3.0,54.0,Tier_2_Rescued
Jammu,Reasi,Reasi PCC Office Building Mini Secretariat 1067,2023-09-01,59.0,59.0,47.0,17.0,3.0,78.0,Tier_2_Rescued
Jammu,Reasi,Reasi PCC Office Building Mini Secretariat 1067,2023-10-01,56.0,56.0,42.0,18.0,3.0,70.0,Tier_2_Rescued
Jammu,Reasi,Reasi PCC Office Building Mini Secretariat 1067,2023-11-01,61.0,60.0,53.0,22.0,4.0,88.0,Tier_2_Rescued
Jammu,Reasi,Reasi PCC Office Building Mini Secretariat 1067,2023-12-01,59.0,59.0,39.0,20.5,2.5,65.0,Tier_2_Rescued
Jammu,Reasi,Reasi PCC Office Building Mini Secretariat 1067,2024-01-01,61.0,61.0,41.0,20.0,2.0,68.0,Tier_2_Rescued
Jammu,Reasi,Reasi PCC Office Building Mini Secretariat 1067,2024-02-01,59.0,59.0,44.0,17.0,3.0,73.0,Tier_2_Rescued
Jammu,Reasi,Reasi PCC Office Building Mini Secretariat 1067,2024-03-01,60.0,60.0,45.0,19.0,3.0,75.0,Tier_2_Rescued
Jammu,Reasi,Reasi PCC Office Building Mini Secretariat 1067,2024-04-01,60.0,60.0,46.0,13.0,2.0,76.0,Tier_2_Rescued
Jammu,Reasi,Reasi PCC Office Building Mini Secretariat 1067,2024-05-01,63.0,63.0,48.0,19.0,4.0,80.0,Tier_2_Rescued
Jammu,Reasi,Reasi PCC Office Building Mini Secretariat 1067,2024-06-01,66.0,66.0,38.0,19.0,3.0,66.0,Tier_2_Rescued
Jammu,Reasi,Reasi PCC Office Building Mini Secretariat 1067,2024-07-01,61.0,61.0,39.0,14.0,2.0,65.0,Tier_2_Rescued
Jammu,Reasi,Reasi PCC Office Building Mini Secretariat 1067,2024-08-01,66.0,66.0,19.0,10.0,1.0,66.0,Tier_2_Rescued
Jammu,Reasi,Reasi PCC Office Building Mini Secretariat 1067,2024-09-01,65.0,65.0,24.714285714285715,,,65.0,Tier_2_Rescued
Jammu,Reasi,Reasi PCC Office Building Mini Secretariat 1067,2024-10-01,65.0,65.0,30.42857142857143,21.0,4.0,65.0,Tier_2_Rescued
Jammu,Reasi,Reasi PCC Office Building Mini Secretariat 1067,2024-11-01,62.0,62.0,36.142857142857146,26.0,6.0,62.0,Tier_2_Rescued
Jammu,Reasi,Reasi PCC Office Building Mini Secretariat 1067,2024-12-01,,55.0,41.857142857142854,36.0,4.0,70.0,Tier_2_Rescued
Jammu,Reasi,Reasi PCC Office Building Mini Secretariat 1067,2025-01-01,59.0,59.0,47.57142857142857,34.0,4.0,80.0,Tier_2_Rescued
Jammu,Reasi,Reasi PCC Office Building Mini Secretariat 1067,2025-02-01,57.0,57.0,53.285714285714285,13.0,2.0,88.0,Tier_2_Rescued
Jammu,Reasi,Reasi PCC Office Building Mini Secretariat 1067,2025-03-01,65.0,60.0,59.0,30.0,3.0,98.0,Tier_2_Rescued
Jammu,Reasi,Reasi PCC Office Building Mini Secretariat 1067,2025-04-01,61.0,61.0,50.0,31.0,3.0,83.0,Tier_2_Rescued
Jammu,Reasi,Reasi PCC Office Building Mini Secretariat 1067,2025-05-01,63.0,63.0,50.0,,,83.0,Tier_2_Rescued
Jammu,Reasi,Reasi PCC Office Building Mini Secretariat 1067,2025-06-01,67.0,67.0,40.0,,,67.0,Tier_2_Rescued
Jammu,Reasi,Reasi PCC Office Building Mini Secretariat 1067,2025-07-01,62.0,62.0,47.0,22.0,2.0,78.0,Tier_2_Rescued
Jammu,Reasi,Reasi PCC Office Building Mini Secretariat 1067,2025-08-01,64.0,64.0,48.0,21.0,2.0,80.0,Tier_2_Rescued
Jammu,Reasi,Reasi PCC Office Building Mini Secretariat 1067,2025-09-01,63.0,63.0,48.25,17.0,2.0,80.0,Tier_2_Rescued
Jammu,Reasi,Reasi PCC Office Building Mini Secretariat 1067,2025-10-01,64.0,64.0,48.5,23.5,3.5,80.0,Tier_2_Rescued
Jammu,Reasi,Reasi PCC Office Building Mini Secretariat 1067,2025-11-01,,63.5,48.75,31.0,3.0,81.0,Tier_2_Rescued
Jammu,Reasi,Reasi PCC Office Building Mini Secretariat 1067,2025-12-01,,63.0,49.0,34.5,4.0,81.0,Tier_2_Rescued
Jammu,Reasi,Reasi PCC Office Building Mini Secretariat 1067,2026-01-01,64.0,64.0,50.0,37.0,3.0,83.0,Tier_2_Rescued
Jammu,Reasi,Reasi PCC Office Building Mini Secretariat 1067,2026-02-01,67.0,67.0,43.0,34.0,4.0,71.0,Tier_2_Rescued
Jammu,Reasi,Reasi PCC Office Building Mini Secretariat 1067,2026-03-01,,67.0,43.0,34.0,3.0,71.0,Tier_2_Rescued
Kashmir,Budgam,"SIDCO Complex Ompora Budgam (PM-10, PM-2.5) 1081",2022-01-01,,186.0,,33.0,14.0,157.0,Tier_2_Rescued
Kashmir,Budgam,"SIDCO Complex Ompora Budgam (PM-10, PM-2.5) 1081",2022-02-01,,158.0,,31.0,16.0,139.0,Tier_2_Rescued
Kashmir,Budgam,"SIDCO Complex Ompora Budgam (PM-10, PM-2.5) 1081",2022-03-01,,177.0,,18.0,11.0,151.0,Tier_2_Rescued
Kashmir,Budgam,"SIDCO Complex Ompora Budgam (PM-10, PM-2.5) 1081",2022-04-01,,188.0,,31.0,14.0,159.0,Tier_2_Rescued
Kashmir,Budgam,"SIDCO Complex Ompora Budgam (PM-10, PM-2.5) 1081",2022-05-01,,214.0,,37.0,14.0,176.0,Tier_2_Rescued
Kashmir,Budgam,"SIDCO Complex Ompora Budgam (PM-10, PM-2.5) 1081",2022-06-01,,213.0,,28.0,12.0,175.0,Tier_2_Rescued
Kashmir,Budgam,"SIDCO Complex Ompora Budgam (PM-10, PM-2.5) 1081",2022-07-01,,195.0,,28.0,14.0,163.0,Tier_2_Rescued
Kashmir,Budgam,"SIDCO Complex Ompora Budgam (PM-10, PM-2.5) 1081",2022-08-01,,191.0,,29.0,17.0,161.0,Tier_2_Rescued
Kashmir,Budgam,"SIDCO Complex Ompora Budgam (PM-10, PM-2.5) 1081",2022-09-01,,204.0,,30.0,20.0,169.0,Tier_2_Rescued
Kashmir,Budgam,"SIDCO Complex Ompora Budgam (PM-10, PM-2.5) 1081",2022-10-01,,61.0,36.0,16.0,10.0,61.0,Tier_2_Rescued
Kashmir,Budgam,"SIDCO Complex Ompora Budgam (PM-10, PM-2.5) 1081",2022-11-01,,61.0,36.0,16.0,10.0,61.0,Tier_2_Rescued
Kashmir,Budgam,"SIDCO Complex Ompora Budgam (PM-10, PM-2.5) 1081",2022-12-01,97.0,61.0,36.0,16.0,10.0,61.0,Tier_2_Rescued
Kashmir,Budgam,"SIDCO Complex Ompora Budgam (PM-10, PM-2.5) 1081",2023-01-01,93.0,58.0,35.0,12.0,6.0,58.0,Tier_2_Rescued
Kashmir,Budgam,"SIDCO Complex Ompora Budgam (PM-10, PM-2.5) 1081",2023-02-01,89.0,57.0,31.0,14.0,8.0,57.0,Tier_2_Rescued
Kashmir,Budgam,"SIDCO Complex Ompora Budgam (PM-10, PM-2.5) 1081",2023-03-01,107.0,75.0,31.0,17.0,10.0,75.0,Tier_2_Rescued
Kashmir,Budgam,"SIDCO Complex Ompora Budgam (PM-10, PM-2.5) 1081",2023-04-01,,73.66666666666667,33.54545454545455,17.9,10.181818181818182,74.0,Tier_2_Rescued
Kashmir,Budgam,"SIDCO Complex Ompora Budgam (PM-10, PM-2.5) 1081",2023-05-01,,72.33333333333333,36.09090909090909,18.8,10.363636363636363,72.0,Tier_2_Rescued
Kashmir,Budgam,"SIDCO Complex Ompora Budgam (PM-10, PM-2.5) 1081",2023-06-01,,71.0,,19.7,16.0,71.0,Tier_2_Rescued
Kashmir,Budgam,"SIDCO Complex Ompora Budgam (PM-10, PM-2.5) 1081",2023-07-01,,69.66666666666667,,20.599999999999998,16.0,70.0,Tier_2_Rescued
Kashmir,Budgam,"SIDCO Complex Ompora Budgam (PM-10, PM-2.5) 1081",2023-08-01,,68.33333333333334,,21.5,15.0,68.0,Tier_2_Rescued
Kashmir,Budgam,"SIDCO Complex Ompora Budgam (PM-10, PM-2.5) 1081",2023-09-01,,67.0,,22.4,17.0,67.0,Tier_2_Rescued
Kashmir,Budgam,"SIDCO Complex Ompora Budgam (PM-10, PM-2.5) 1081",2023-10-01,,65.66666666666667,,23.3,19.0,66.0,Tier_2_Rescued
Kashmir,Budgam,"SIDCO Complex Ompora Budgam (PM-10, PM-2.5) 1081",2023-11-01,,64.33333333333333,,24.2,20.0,64.0,Tier_2_Rescued
Kashmir,Budgam,"SIDCO Complex Ompora Budgam (PM-10, PM-2.5) 1081",2023-12-01,,63.0,53.90909090909091,25.1,11.636363636363637,90.0,Tier_2_Rescued
Kashmir,Budgam,"SIDCO Complex Ompora Budgam (PM-10, PM-2.5) 1081",2024-01-01,125.0,125.0,56.45454545454545,26.0,11.818181818181818,117.0,Tier_2_Rescued
Kashmir,Budgam,"SIDCO Complex Ompora Budgam (PM-10, PM-2.5) 1081",2024-02-01,120.0,120.0,59.0,24.0,12.0,114.0,Tier_2_Rescued
Kashmir,Budgam,"SIDCO Complex Ompora Budgam (PM-10, PM-2.5) 1081",2024-03-01,133.0,133.0,59.0,20.0,11.0,122.0,Tier_2_Rescued
Kashmir,Budgam,"SIDCO Complex Ompora Budgam (PM-10, PM-2.5) 1081",2024-04-01,124.0,124.0,70.0,21.0,10.0,132.0,Tier_2_Rescued
Kashmir,Budgam,"SIDCO Complex Ompora Budgam (PM-10, PM-2.5) 1081",2024-05-01,,125.0,68.28571428571429,21.0,9.142857142857142,125.0,Tier_2_Rescued
Kashmir,Budgam,"SIDCO Complex Ompora Budgam (PM-10, PM-2.5) 1081",2024-06-01,,126.0,66.57142857142857,21.0,8.285714285714286,121.0,Tier_2_Rescued
Kashmir,Budgam,"SIDCO Complex Ompora Budgam (PM-10, PM-2.5) 1081",2024-07-01,,127.0,64.85714285714286,21.0,7.428571428571429,118.0,Tier_2_Rescued
Kashmir,Budgam,"SIDCO Complex Ompora Budgam (PM-10, PM-2.5) 1081",2024-08-01,,128.0,63.142857142857146,21.0,6.571428571428572,119.0,Tier_2_Rescued
Kashmir,Budgam,"SIDCO Complex Ompora Budgam (PM-10, PM-2.5) 1081",2024-09-01,,129.0,61.42857142857143,21.0,5.714285714285714,120.0,Tier_2_Rescued
Kashmir,Budgam,"SIDCO Complex Ompora Budgam (PM-10, PM-2.5) 1081",2024-10-01,130.0,130.0,59.714285714285715,21.0,4.857142857142858,120.0,Tier_2_Rescued
Kashmir,Budgam,"SIDCO Complex Ompora Budgam (PM-10, PM-2.5) 1081",2024-11-01,117.0,117.0,58.0,21.0,4.0,112.0,Tier_2_Rescued
Kashmir,Budgam,"SIDCO Complex Ompora Budgam (PM-10, PM-2.5) 1081",2024-12-01,120.0,120.0,73.0,16.0,9.0,142.0,Tier_2_Rescued
Kashmir,Budgam,"SIDCO Complex Ompora Budgam (PM-10, PM-2.5) 1081",2025-01-01,119.0,119.0,70.0,9.0,6.0,132.0,Tier_2_Rescued
Kashmir,Budgam,"SIDCO Complex Ompora Budgam (PM-10, PM-2.5) 1081",2025-02-01,110.0,110.0,53.0,18.0,11.0,107.0,Tier_2_Rescued
Kashmir,Budgam,"SIDCO Complex Ompora Budgam (PM-10, PM-2.5) 1081",2025-03-01,83.0,83.0,43.0,15.0,8.0,83.0,Tier_2_Rescued
Kashmir,Budgam,"SIDCO Complex Ompora Budgam (PM-10, PM-2.5) 1081",2025-04-01,65.0,65.0,33.0,16.0,9.0,65.0,Tier_2_Rescued
Kashmir,Budgam,"SIDCO Complex Ompora Budgam (PM-10, PM-2.5) 1081",2025-05-01,53.0,53.0,33.0,9.0,5.0,54.0,Tier_2_Rescued
Kashmir,Budgam,"SIDCO Complex Ompora Budgam (PM-10, PM-2.5) 1081",2025-06-01,64.0,64.0,33.0,10.0,4.0,64.0,Tier_2_Rescued
Kashmir,Budgam,"SIDCO Complex Ompora Budgam (PM-10, PM-2.5) 1081",2025-07-01,65.0,65.0,33.0,14.0,7.0,65.0,Tier_2_Rescued
Kashmir,Budgam,"SIDCO Complex Ompora Budgam (PM-10, PM-2.5) 1081",2025-08-01,37.0,74.66666666666667,37.0,14.333333333333334,7.0,75.0,Tier_2_Rescued
Kashmir,Budgam,"SIDCO Complex Ompora Budgam (PM-10, PM-2.5) 1081",2025-09-01,36.0,84.33333333333333,36.0,14.666666666666666,7.0,84.0,Tier_2_Rescued
Kashmir,Budgam,"SIDCO Complex Ompora Budgam (PM-10, PM-2.5) 1081",2025-10-01,94.0,94.0,47.0,15.0,14.0,94.0,Tier_2_Rescued
Kashmir,Budgam,"SIDCO Complex Ompora Budgam (PM-10, PM-2.5) 1081",2025-11-01,99.0,99.0,52.0,17.0,14.000000000000002,99.0,Tier_2_Rescued
Kashmir,Budgam,"SIDCO Complex Ompora Budgam (PM-10, PM-2.5) 1081",2025-12-01,116.0,116.0,60.0,18.0,14.000000000000002,111.0,Tier_2_Rescued
Kashmir,Budgam,"SIDCO Complex Ompora Budgam (PM-10, PM-2.5) 1081",2026-01-01,111.0,111.0,80.0,23.0,14.000000000000002,166.0,Tier_2_Rescued
Kashmir,Budgam,"SIDCO Complex Ompora Budgam (PM-10, PM-2.5) 1081",2026-02-01,,111.0,80.0,23.0,14.000000000000002,166.0,Tier_2_Rescued
Kashmir,Budgam,"SIDCO Complex Ompora Budgam (PM-10, PM-2.5) 1081",2026-03-01,,111.0,80.0,23.0,14.000000000000002,166.0,Tier_2_Rescued
Jammu,Jammu,Samba BariBrahmna Industrial area 507,2022-01-01,134.0,134.0,46.0,26.0,2.0,123.0,Tier_2_Rescued
Jammu,Jammu,Samba BariBrahmna Industrial area 507,2022-02-01,178.0,178.0,64.0,28.0,5.0,152.0,Tier_2_Rescued
Jammu,Jammu,Samba BariBrahmna Industrial area 507,2022-03-01,166.0,166.0,60.0,26.0,5.0,144.0,Tier_2_Rescued
Jammu,Jammu,Samba BariBrahmna Industrial area 507,2022-04-01,178.0,178.0,61.0,29.0,3.0,152.0,Tier_2_Rescued
Jammu,Jammu,Samba BariBrahmna Industrial area 507,2022-05-01,182.0,182.0,73.0,34.0,4.0,155.0,Tier_2_Rescued
Jammu,Jammu,Samba BariBrahmna Industrial area 507,2022-06-01,207.0,207.0,78.0,38.0,4.0,171.0,Tier_2_Rescued
Jammu,Jammu,Samba BariBrahmna Industrial area 507,2022-07-01,138.0,138.0,52.0,28.0,4.0,126.0,Tier_2_Rescued
Jammu,Jammu,Samba BariBrahmna Industrial area 507,2022-08-01,143.0,143.0,43.0,25.0,3.0,129.0,Tier_2_Rescued
Jammu,Jammu,Samba BariBrahmna Industrial area 507,2022-09-01,124.0,124.0,13.0,25.0,3.0,116.0,Tier_2_Rescued
Jammu,Jammu,Samba BariBrahmna Industrial area 507,2022-10-01,145.0,145.0,23.75,26.0,3.0,130.0,Tier_2_Rescued
Jammu,Jammu,Samba BariBrahmna Industrial area 507,2022-11-01,,161.0,34.5,27.0,2.0,141.0,Tier_2_Rescued
Jammu,Jammu,Samba BariBrahmna Industrial area 507,2022-12-01,,120.0,45.25,28.0,2.5,114.0,Tier_2_Rescued
Jammu,Jammu,Samba BariBrahmna Industrial area 507,2023-01-01,131.0,131.0,56.0,29.0,3.0,121.0,Tier_2_Rescued
Jammu,Jammu,Samba BariBrahmna Industrial area 507,2023-02-01,120.0,120.0,16.0,26.5,2.5,114.0,Tier_2_Rescued
Jammu,Jammu,Samba BariBrahmna Industrial area 507,2023-03-01,128.0,128.0,18.0,24.0,2.0,119.0,Tier_2_Rescued
Jammu,Jammu,Samba BariBrahmna Industrial area 507,2023-04-01,124.0,124.0,20.0,25.0,3.0,116.0,Tier_2_Rescued
Jammu,Jammu,Samba BariBrahmna Industrial area 507,2023-05-01,113.0,113.0,34.0,24.5,3.5,109.0,Tier_2_Rescued
Jammu,Jammu,Samba BariBrahmna Industrial area 507,2023-06-01,111.0,111.0,40.0,24.0,4.0,108.0,Tier_2_Rescued
Jammu,Jammu,Samba BariBrahmna Industrial area 507,2023-07-01,102.0,102.0,34.0,18.0,2.0,102.0,Tier_2_Rescued
Jammu,Jammu,Samba BariBrahmna Industrial area 507,2023-08-01,102.0,102.0,22.0,24.0,4.0,102.0,Tier_2_Rescued
Jammu,Jammu,Samba BariBrahmna Industrial area 507,2023-09-01,95.0,95.0,8.0,23.0,4.0,95.0,Tier_2_Rescued
Jammu,Jammu,Samba BariBrahmna Industrial area 507,2023-10-01,94.0,94.0,22.0,23.5,4.0,94.0,Tier_2_Rescued
Jammu,Samba,Samba BariBrahmna Industrial area 507,2023-11-01,103.0,103.0,36.0,24.0,4.0,102.0,Tier_2_Rescued
Jammu,Samba,Samba BariBrahmna Industrial area 507,2023-12-01,104.0,104.0,42.0,20.0,3.0,103.0,Tier_2_Rescued
Jammu,Samba,Samba BariBrahmna Industrial area 507,2024-01-01,117.0,117.0,40.0,26.0,4.0,112.0,Tier_2_Rescued
Jammu,Samba,Samba BariBrahmna Industrial area 507,2024-02-01,111.0,111.0,36.0,19.0,3.0,108.0,Tier_2_Rescued
Jammu,Samba,Samba BariBrahmna Industrial area 507,2024-03-01,123.0,123.0,40.0,24.0,4.0,116.0,Tier_2_Rescued
Jammu,Samba,Samba BariBrahmna Industrial area 507,2024-04-01,127.0,116.0,48.0,16.0,2.0,111.0,Tier_2_Rescued
Jammu,Samba,Samba BariBrahmna Industrial area 507,2024-05-01,117.0,117.0,39.0,26.0,4.0,112.0,Tier_2_Rescued
Jammu,Samba,Samba BariBrahmna Industrial area 507,2024-06-01,118.0,118.0,39.0,25.0,5.0,112.0,Tier_2_Rescued
Jammu,Samba,Samba BariBrahmna Industrial area 507,2024-07-01,101.0,101.0,16.0,16.0,3.0,101.0,Tier_2_Rescued
Jammu,Samba,Samba BariBrahmna Industrial area 507,2024-08-01,85.0,85.0,23.5,15.0,2.0,85.0,Tier_2_Rescued
Jammu,Samba,Samba BariBrahmna Industrial area 507,2024-09-01,93.0,93.0,31.0,14.0,3.0,93.0,Tier_2_Rescued
Jammu,Samba,Samba BariBrahmna Industrial area 507,2024-10-01,117.0,117.0,39.0,13.0,4.0,112.0,Tier_2_Rescued
Jammu,Samba,Samba BariBrahmna Industrial area 507,2024-11-01,,140.0,47.0,36.0,6.0,127.0,Tier_2_Rescued
Jammu,Samba,Samba BariBrahmna Industrial area 507,2024-12-01,,174.0,73.0,21.0,4.0,150.0,Tier_2_Rescued
Jammu,Samba,Samba BariBrahmna Industrial area 507,2025-01-01,186.0,186.0,109.0,34.0,4.0,262.0,Tier_2_Rescued
Jammu,Samba,Samba BariBrahmna Industrial area 507,2025-02-01,190.0,141.0,140.0,27.0,3.0,316.0,Tier_2_Rescued
Jammu,Samba,Samba BariBrahmna Industrial area 507,2025-03-01,115.0,115.0,55.0,36.0,4.0,110.0,Tier_2_Rescued
Jammu,Samba,Samba BariBrahmna Industrial area 507,2025-04-01,128.0,128.0,72.0,38.0,4.0,139.0,Tier_2_Rescued
Jammu,Samba,Samba BariBrahmna Industrial area 507,2025-05-01,125.0,125.0,70.0,33.0,3.3333333333333335,132.0,Tier_2_Rescued
Jammu,Samba,Samba BariBrahmna Industrial area 507,2025-06-01,113.0,113.0,59.0,28.0,2.666666666666667,109.0,Tier_2_Rescued
Jammu,Samba,Samba BariBrahmna Industrial area 507,2025-07-01,86.0,86.0,29.0,23.0,2.0,86.0,Tier_2_Rescued
Jammu,Samba,Samba BariBrahmna Industrial area 507,2025-08-01,97.0,97.0,33.0,24.0,2.0,97.0,Tier_2_Rescued
Jammu,Samba,Samba BariBrahmna Industrial area 507,2025-09-01,91.0,91.0,39.0,21.0,2.0,91.0,Tier_2_Rescued
Jammu,Samba,Samba BariBrahmna Industrial area 507,2025-10-01,108.0,108.0,45.0,28.0,4.0,106.0,Tier_2_Rescued
Jammu,Samba,Samba BariBrahmna Industrial area 507,2025-11-01,,126.33333333333333,7.0,39.0,3.0,118.0,Tier_2_Rescued
Jammu,Samba,Samba BariBrahmna Industrial area 507,2025-12-01,,144.66666666666666,86.0,43.0,5.0,186.0,Tier_2_Rescued
Jammu,Samba,Samba BariBrahmna Industrial area 507,2026-01-01,163.0,163.0,104.0,49.0,5.0,245.0,Tier_2_Rescued
Jammu,Samba,Samba BariBrahmna Industrial area 507,2026-02-01,146.0,146.0,86.0,45.0,4.0,186.0,Tier_2_Rescued
Jammu,Samba,Samba BariBrahmna Industrial area 507,2026-03-01,,146.0,86.0,45.0,4.0,186.0,Tier_2_Rescued
Kashmir,Shopian,"Shopian Bongam  (PM-10, PM-2.5) 1080",2022-01-01,,,,,,,Tier_2_Rescued
Kashmir,Shopian,"Shopian Bongam  (PM-10, PM-2.5) 1080",2022-02-01,,,,,,,Tier_2_Rescued
Kashmir,Shopian,"Shopian Bongam  (PM-10, PM-2.5) 1080",2022-03-01,,,,,,,Tier_2_Rescued
Kashmir,Shopian,"Shopian Bongam  (PM-10, PM-2.5) 1080",2022-04-01,,,,,,,Tier_2_Rescued
Kashmir,Shopian,"Shopian Bongam  (PM-10, PM-2.5) 1080",2022-05-01,,,,,,,Tier_2_Rescued
Kashmir,Shopian,"Shopian Bongam  (PM-10, PM-2.5) 1080",2022-06-01,,,,,,,Tier_2_Rescued
Kashmir,Shopian,"Shopian Bongam  (PM-10, PM-2.5) 1080",2022-07-01,,,,,,,Tier_2_Rescued
Kashmir,Shopian,"Shopian Bongam  (PM-10, PM-2.5) 1080",2022-08-01,,,,,,,Tier_2_Rescued
Kashmir,Shopian,"Shopian Bongam  (PM-10, PM-2.5) 1080",2022-09-01,,,,,,,Tier_2_Rescued
Kashmir,Shopian,"Shopian Bongam  (PM-10, PM-2.5) 1080",2022-10-01,,68.0,44.0,11.0,6.0,73.0,Tier_2_Rescued
Kashmir,Shopian,"Shopian Bongam  (PM-10, PM-2.5) 1080",2022-11-01,,68.0,44.0,11.0,6.0,73.0,Tier_2_Rescued
Kashmir,Shopian,"Shopian Bongam  (PM-10, PM-2.5) 1080",2022-12-01,113.0,68.0,44.0,11.0,6.0,73.0,Tier_2_Rescued
Kashmir,Shopian,"Shopian Bongam  (PM-10, PM-2.5) 1080",2023-01-01,105.0,64.0,40.0,10.0,5.0,66.0,Tier_2_Rescued
Kashmir,Shopian,"Shopian Bongam  (PM-10, PM-2.5) 1080",2023-02-01,104.0,65.0,39.0,12.0,7.0,65.0,Tier_2_Rescued
Kashmir,Shopian,"Shopian Bongam  (PM-10, PM-2.5) 1080",2023-03-01,99.0,43.0,56.0,7.0,3.0,93.0,Tier_2_Rescued
Kashmir,Shopian,"Shopian Bongam  (PM-10, PM-2.5) 1080",2023-04-01,,45.55555555555556,53.22222222222222,7.5,3.5454545454545454,88.0,Tier_2_Rescued
Kashmir,Shopian,"Shopian Bongam  (PM-10, PM-2.5) 1080",2023-05-01,,48.111111111111114,50.44444444444444,8.0,4.090909090909091,83.0,Tier_2_Rescued
Kashmir,Shopian,"Shopian Bongam  (PM-10, PM-2.5) 1080",2023-06-01,,50.66666666666667,47.666666666666686,8.499999999999996,,80.0,Tier_2_Rescued
Kashmir,Shopian,"Shopian Bongam  (PM-10, PM-2.5) 1080",2023-07-01,,53.22222222222223,44.88888888888891,8.999999999999996,,75.0,Tier_2_Rescued
Kashmir,Shopian,"Shopian Bongam  (PM-10, PM-2.5) 1080",2023-08-01,,55.77777777777777,42.11111111111113,9.499999999999996,,70.0,Tier_2_Rescued
Kashmir,Shopian,"Shopian Bongam  (PM-10, PM-2.5) 1080",2023-09-01,,58.33333333333333,39.33333333333335,9.999999999999996,,65.0,Tier_2_Rescued
Kashmir,Shopian,"Shopian Bongam  (PM-10, PM-2.5) 1080",2023-10-01,,60.888888888888886,36.55555555555556,10.499999999999996,,61.0,Tier_2_Rescued
Kashmir,Shopian,"Shopian Bongam  (PM-10, PM-2.5) 1080",2023-11-01,,63.44444444444444,33.77777777777778,11.0,,63.0,Tier_2_Rescued
Kashmir,Shopian,"Shopian Bongam  (PM-10, PM-2.5) 1080",2023-12-01,,66.0,31.0,11.5,7.909090909090908,66.0,Tier_2_Rescued
Kashmir,Shopian,"Shopian Bongam  (PM-10, PM-2.5) 1080",2024-01-01,125.0,125.0,46.0,12.0,8.454545454545453,117.0,Tier_2_Rescued
Kashmir,Shopian,"Shopian Bongam  (PM-10, PM-2.5) 1080",2024-02-01,123.0,123.0,61.0,20.0,9.0,116.0,Tier_2_Rescued
Kashmir,Shopian,"Shopian Bongam  (PM-10, PM-2.5) 1080",2024-03-01,96.0,85.0,48.0,12.0,5.0,85.0,Tier_2_Rescued
Kashmir,Shopian,"Shopian Bongam  (PM-10, PM-2.5) 1080",2024-04-01,46.0,96.375,46.0,12.25,5.0,96.0,Tier_2_Rescued
Kashmir,Shopian,"Shopian Bongam  (PM-10, PM-2.5) 1080",2024-05-01,,107.75,47.625,12.5,5.0,106.0,Tier_2_Rescued
Kashmir,Shopian,"Shopian Bongam  (PM-10, PM-2.5) 1080",2024-06-01,,119.12500000000011,49.25,12.749999999999998,5.0,113.0,Tier_2_Rescued
Kashmir,Shopian,"Shopian Bongam  (PM-10, PM-2.5) 1080",2024-07-01,,130.5000000000001,50.87500000000003,12.999999999999998,5.0,121.0,Tier_2_Rescued
Kashmir,Shopian,"Shopian Bongam  (PM-10, PM-2.5) 1080",2024-08-01,,141.8750000000001,52.50000000000003,13.25,5.0,128.0,Tier_2_Rescued
Kashmir,Shopian,"Shopian Bongam  (PM-10, PM-2.5) 1080",2024-09-01,,153.25,54.12500000000003,13.5,5.0,136.0,Tier_2_Rescued
Kashmir,Shopian,"Shopian Bongam  (PM-10, PM-2.5) 1080",2024-10-01,,164.625,55.75,13.75,5.0,144.0,Tier_2_Rescued
Kashmir,Shopian,"Shopian Bongam  (PM-10, PM-2.5) 1080",2024-11-01,176.0,176.0,57.375,14.0,5.0,151.0,Tier_2_Rescued
Kashmir,Shopian,"Shopian Bongam  (PM-10, PM-2.5) 1080",2024-12-01,115.0,115.0,59.0,4.0,2.0,110.0,Tier_2_Rescued
Kashmir,Shopian,"Shopian Bongam  (PM-10, PM-2.5) 1080",2025-01-01,120.0,120.0,54.0,3.0,3.0,114.0,Tier_2_Rescued
Kashmir,Shopian,"Shopian Bongam  (PM-10, PM-2.5) 1080",2025-02-01,119.0,119.0,52.0,13.0,8.0,113.0,Tier_2_Rescued
Kashmir,Shopian,"Shopian Bongam  (PM-10, PM-2.5) 1080",2025-03-01,84.0,70.0,29.0,7.0,3.0,70.0,Tier_2_Rescued
Kashmir,Shopian,"Shopian Bongam  (PM-10, PM-2.5) 1080",2025-04-01,122.0,122.0,48.0,6.0,4.0,115.0,Tier_2_Rescued
Kashmir,Shopian,"Shopian Bongam  (PM-10, PM-2.5) 1080",2025-05-01,79.0,36.0,55.0,3.0,2.0,92.0,Tier_2_Rescued
Kashmir,Shopian,"Shopian Bongam  (PM-10, PM-2.5) 1080",2025-06-01,113.0,113.0,48.0,11.0,4.0,109.0,Tier_2_Rescued
Kashmir,Shopian,"Shopian Bongam  (PM-10, PM-2.5) 1080",2025-07-01,71.0,30.0,41.0,2.0,4.0,68.0,Tier_2_Rescued
Kashmir,Shopian,"Shopian Bongam  (PM-10, PM-2.5) 1080",2025-08-01,129.0,129.0,41.0,10.0,4.0,120.0,Tier_2_Rescued
Kashmir,Shopian,"Shopian Bongam  (PM-10, PM-2.5) 1080",2025-09-01,129.0,129.0,41.0,10.5,4.0,120.0,Tier_2_Rescued
Kashmir,Shopian,"Shopian Bongam  (PM-10, PM-2.5) 1080",2025-10-01,122.0,122.0,,11.0,4.0,115.0,Tier_2_Rescued
Kashmir,Shopian,"Shopian Bongam  (PM-10, PM-2.5) 1080",2025-11-01,120.0,120.0,,16.0,4.0,114.0,Tier_2_Rescued
Kashmir,Shopian,"Shopian Bongam  (PM-10, PM-2.5) 1080",2025-12-01,125.0,125.0,,17.0,3.9999999999999996,117.0,Tier_2_Rescued
Kashmir,Shopian,"Shopian Bongam  (PM-10, PM-2.5) 1080",2026-01-01,115.0,115.0,,17.0,3.9999999999999987,110.0,Tier_2_Rescued
Kashmir,Shopian,"Shopian Bongam  (PM-10, PM-2.5) 1080",2026-02-01,107.0,107.0,,16.0,3.9999999999999982,105.0,Tier_2_Rescued
Kashmir,Shopian,"Shopian Bongam  (PM-10, PM-2.5) 1080",2026-03-01,,107.0,,16.0,3.9999999999999973,105.0,Tier_2_Rescued
Kashmir,Srinagar,Soura Near SKIMS Srinagar (PM-2.5),2022-01-01,70.0,96.0,70.0,25.5,13.5,132.0,Tier_2_Rescued
Kashmir,Srinagar,Soura Near SKIMS Srinagar (PM-2.5),2022-02-01,58.0,113.5,58.0,17.5,9.5,110.0,Tier_2_Rescued
Kashmir,Srinagar,Soura Near SKIMS Srinagar (PM-2.5),2022-03-01,64.0,114.0,64.0,21.5,11.0,111.0,Tier_2_Rescued
Kashmir,Srinagar,Soura Near SKIMS Srinagar (PM-2.5),2022-04-01,65.0,95.5,65.0,22.0,9.0,115.0,Tier_2_Rescued
Kashmir,Srinagar,Soura Near SKIMS Srinagar (PM-2.5),2022-05-01,70.0,99.0,70.0,25.0,8.5,132.0,Tier_2_Rescued
Kashmir,Srinagar,Soura Near SKIMS Srinagar (PM-2.5),2022-06-01,66.0,103.0,66.0,21.0,7.5,118.0,Tier_2_Rescued
Kashmir,Srinagar,Soura Near SKIMS Srinagar (PM-2.5),2022-07-01,65.0,81.0,65.0,18.0,8.0,115.0,Tier_2_Rescued
Kashmir,Srinagar,Soura Near SKIMS Srinagar (PM-2.5),2022-08-01,65.0,46.0,65.0,12.0,6.0,115.0,Tier_2_Rescued
Kashmir,Srinagar,Soura Near SKIMS Srinagar (PM-2.5),2022-09-01,72.0,49.0,72.0,12.0,7.0,139.0,Tier_2_Rescued
Kashmir,Srinagar,Soura Near SKIMS Srinagar (PM-2.5),2022-10-01,77.0,51.5,77.0,14.0,6.857142857142857,156.0,Tier_2_Rescued
Kashmir,Srinagar,Soura Near SKIMS Srinagar (PM-2.5),2022-11-01,82.0,57.0,82.0,13.0,7.0,173.0,Tier_2_Rescued
Kashmir,Srinagar,Soura Near SKIMS Srinagar (PM-2.5),2022-12-01,78.0,70.0,78.0,17.0,9.0,159.0,Tier_2_Rescued
Kashmir,Srinagar,Soura Near SKIMS Srinagar (PM-2.5),2023-01-01,78.0,65.0,78.0,14.0,7.0,159.0,Tier_2_Rescued
Kashmir,Srinagar,Soura Near SKIMS Srinagar (PM-2.5),2023-02-01,94.0,66.28571428571428,94.0,16.142857142857142,7.142857142857142,211.0,Tier_2_Rescued
Kashmir,Srinagar,Soura Near SKIMS Srinagar (PM-2.5),2023-03-01,115.0,80.5,115.0,18.07142857142857,9.0,283.0,Tier_2_Rescued
Kashmir,Srinagar,Soura Near SKIMS Srinagar (PM-2.5),2023-04-01,74.0,70.9375,74.0,17.4375,7.6875,145.0,Tier_2_Rescued
Kashmir,Srinagar,Soura Near SKIMS Srinagar (PM-2.5),2023-05-01,82.0,80.0,82.0,17.5,8.875,173.0,Tier_2_Rescued
Kashmir,Srinagar,Soura Near SKIMS Srinagar (PM-2.5),2023-06-01,87.0,84.93749999999999,87.0,15.187499999999995,8.25,190.0,Tier_2_Rescued
Kashmir,Srinagar,Soura Near SKIMS Srinagar (PM-2.5),2023-07-01,83.0,79.24999999999999,83.0,15.749999999999998,7.499999999999999,176.0,Tier_2_Rescued
Kashmir,Srinagar,Soura Near SKIMS Srinagar (PM-2.5),2023-08-01,90.0,67.1875,90.0,13.124999999999996,5.8125,200.0,Tier_2_Rescued
Kashmir,Srinagar,Soura Near SKIMS Srinagar (PM-2.5),2023-09-01,78.0,63.0,78.0,14.75,5.875,159.0,Tier_2_Rescued
Kashmir,Srinagar,Soura Near SKIMS Srinagar (PM-2.5),2023-10-01,84.0,72.1875,84.0,13.375,5.3125,180.0,Tier_2_Rescued
Kashmir,Srinagar,Soura Near SKIMS Srinagar (PM-2.5),2023-11-01,104.0,89.33333333333333,104.0,15.0,5.0625,245.0,Tier_2_Rescued
Kashmir,Srinagar,Soura Near SKIMS Srinagar (PM-2.5),2023-12-01,106.0,108.16666666666666,106.0,14.0,5.125,252.0,Tier_2_Rescued
Kashmir,Srinagar,Soura Near SKIMS Srinagar (PM-2.5),2024-01-01,,131.0,101.66666666666667,18.5,3.187499999999999,239.0,Tier_2_Rescued
Kashmir,Srinagar,Soura Near SKIMS Srinagar (PM-2.5),2024-02-01,,117.25,97.33333333333333,20.5,10.0,221.0,Tier_2_Rescued
Kashmir,Srinagar,Soura Near SKIMS Srinagar (PM-2.5),2024-03-01,,102.9,93.0,19.0,8.0,208.0,Tier_2_Rescued
Kashmir,Srinagar,Soura Near SKIMS Srinagar (PM-2.5),2024-04-01,,102.1,88.66666666666667,21.166666666666664,9.0,197.0,Tier_2_Rescued
Kashmir,Srinagar,Soura Near SKIMS Srinagar (PM-2.5),2024-05-01,,98.3,84.33333333333334,20.5,10.0,180.0,Tier_2_Rescued
Kashmir,Srinagar,Soura Near SKIMS Srinagar (PM-2.5),2024-06-01,80.0,99.0,80.0,13.0,8.0,166.0,Tier_2_Rescued
Kashmir,Srinagar,Soura Near SKIMS Srinagar (PM-2.5),2024-07-01,81.0,85.5,81.0,10.0,6.5,169.0,Tier_2_Rescued
Kashmir,Srinagar,Soura Near SKIMS Srinagar (PM-2.5),2024-08-01,65.0,80.0,65.0,14.0,6.5,115.0,Tier_2_Rescued
Kashmir,Srinagar,Soura Near SKIMS Srinagar (PM-2.5),2024-09-01,71.0,77.5,71.0,12.0,6.0,135.0,Tier_2_Rescued
Kashmir,Srinagar,Soura Near SKIMS Srinagar (PM-2.5),2024-10-01,77.0,91.0,77.0,11.857142857142858,6.0,156.0,Tier_2_Rescued
Kashmir,Srinagar,Soura Near SKIMS Srinagar (PM-2.5),2024-11-01,85.0,119.66666666666666,85.0,11.25,3.0,183.0,Tier_2_Rescued
Kashmir,Srinagar,Soura Near SKIMS Srinagar (PM-2.5),2024-12-01,85.0,118.0,85.0,12.875,7.0,183.0,Tier_2_Rescued
Kashmir,Srinagar,Soura Near SKIMS Srinagar (PM-2.5),2025-01-01,81.0,98.5,81.0,13.0,7.5,169.0,Tier_2_Rescued
Kashmir,Srinagar,Soura Near SKIMS Srinagar (PM-2.5),2025-02-01,74.0,97.0,74.0,15.0,10.0,145.0,Tier_2_Rescued
Kashmir,Srinagar,Soura Near SKIMS Srinagar (PM-2.5),2025-03-01,69.0,68.0,69.0,12.0,7.0,128.0,Tier_2_Rescued
Kashmir,Srinagar,Soura Near SKIMS Srinagar (PM-2.5),2025-04-01,58.0,78.0,58.0,13.75,8.25,97.0,Tier_2_Rescued
Kashmir,Srinagar,Soura Near SKIMS Srinagar (PM-2.5),2025-05-01,65.0,70.125,65.0,15.5,8.4,115.0,Tier_2_Rescued
Kashmir,Srinagar,Soura Near SKIMS Srinagar (PM-2.5),2025-06-01,68.0,75.75,68.0,14.0,5.5,125.0,Tier_2_Rescued
Kashmir,Srinagar,Soura Near SKIMS Srinagar (PM-2.5),2025-07-01,64.0,67.875,64.0,12.0,6.0,111.0,Tier_2_Rescued
Kashmir,Srinagar,Soura Near SKIMS Srinagar (PM-2.5),2025-08-01,62.0,77.0,62.0,10.5,4.5,104.0,Tier_2_Rescued
Kashmir,Srinagar,Soura Near SKIMS Srinagar (PM-2.5),2025-09-01,62.0,79.0,62.0,11.0,4.5,104.0,Tier_2_Rescued
Kashmir,Srinagar,Soura Near SKIMS Srinagar (PM-2.5),2025-10-01,66.0,70.5,66.0,14.5,4.5,118.0,Tier_2_Rescued
Kashmir,Srinagar,Soura Near SKIMS Srinagar (PM-2.5),2025-11-01,75.0,92.0,75.0,16.0,4.5,149.0,Tier_2_Rescued
Kashmir,Srinagar,Soura Near SKIMS Srinagar (PM-2.5),2025-12-01,89.0,109.0,89.0,16.5,4.499999999999999,197.0,Tier_2_Rescued
Kashmir,Srinagar,Soura Near SKIMS Srinagar (PM-2.5),2026-01-01,103.0,114.5,103.0,19.0,4.499999999999998,242.0,Tier_2_Rescued
Kashmir,Srinagar,Soura Near SKIMS Srinagar (PM-2.5),2026-02-01,69.0,106.5,69.0,19.5,4.499999999999998,128.0,Tier_2_Rescued
Kashmir,Srinagar,Soura Near SKIMS Srinagar (PM-2.5),2026-03-01,,106.5,69.0,19.5,4.499999999999998,128.0,Tier_2_Rescued
Jammu,Udhampur,Udhampur PCC Office Battal Ballian 1063,2022-01-01,187.0,162.0,172.0,21.0,3.0,340.0,Tier_2_Rescued
Jammu,Udhampur,Udhampur PCC Office Battal Ballian 1063,2022-02-01,149.0,149.0,30.0,32.0,3.0,133.0,Tier_2_Rescued
Jammu,Udhampur,Udhampur PCC Office Battal Ballian 1063,2022-03-01,152.0,152.0,31.285714285714285,34.0,5.0,135.0,Tier_2_Rescued
Jammu,Udhampur,Udhampur PCC Office Battal Ballian 1063,2022-04-01,130.0,130.0,32.57142857142857,35.0,3.0,120.0,Tier_2_Rescued
Jammu,Udhampur,Udhampur PCC Office Battal Ballian 1063,2022-05-01,132.0,132.0,77.0,34.0,4.0,156.0,Tier_2_Rescued
Jammu,Udhampur,Udhampur PCC Office Battal Ballian 1063,2022-06-01,,145.0,68.5,35.0,3.0,130.0,Tier_2_Rescued
Jammu,Udhampur,Udhampur PCC Office Battal Ballian 1063,2022-07-01,158.0,158.0,50.0,16.0,2.0,139.0,Tier_2_Rescued
Jammu,Udhampur,Udhampur PCC Office Battal Ballian 1063,2022-08-01,158.0,158.0,39.5,22.5,3.5,139.0,Tier_2_Rescued
Jammu,Udhampur,Udhampur PCC Office Battal Ballian 1063,2022-09-01,,156.5,19.0,21.5,3.0,138.0,Tier_2_Rescued
Jammu,Udhampur,Udhampur PCC Office Battal Ballian 1063,2022-10-01,155.0,155.0,46.5,24.0,2.5,137.0,Tier_2_Rescued
Jammu,Udhampur,Udhampur PCC Office Battal Ballian 1063,2022-11-01,150.0,150.0,46.0,11.0,2.0,134.0,Tier_2_Rescued
Jammu,Udhampur,Udhampur PCC Office Battal Ballian 1063,2022-12-01,,148.0,58.0,12.0,,132.0,Tier_2_Rescued
Jammu,Udhampur,Udhampur PCC Office Battal Ballian 1063,2023-01-01,146.0,146.0,36.0,18.5,2.5,131.0,Tier_2_Rescued
Jammu,Udhampur,Udhampur PCC Office Battal Ballian 1063,2023-02-01,148.0,148.0,35.0,5.5,,132.0,Tier_2_Rescued
Jammu,Udhampur,Udhampur PCC Office Battal Ballian 1063,2023-03-01,125.0,125.0,41.5,22.0,3.0,117.0,Tier_2_Rescued
Jammu,Udhampur,Udhampur PCC Office Battal Ballian 1063,2023-04-01,143.0,143.0,36.5,19.0,2.0,129.0,Tier_2_Rescued
Jammu,Udhampur,Udhampur PCC Office Battal Ballian 1063,2023-05-01,85.0,85.0,32.5,13.0,2.0,85.0,Tier_2_Rescued
Jammu,Udhampur,Udhampur PCC Office Battal Ballian 1063,2023-06-01,82.0,82.0,30.5,19.0,3.0,82.0,Tier_2_Rescued
Jammu,Udhampur,Udhampur PCC Office Battal Ballian 1063,2023-07-01,64.0,64.0,23.5,15.0,2.0,64.0,Tier_2_Rescued
Jammu,Udhampur,Udhampur PCC Office Battal Ballian 1063,2023-08-01,94.0,94.0,29.5,18.0,3.0,94.0,Tier_2_Rescued
Jammu,Udhampur,Udhampur PCC Office Battal Ballian 1063,2023-09-01,107.0,107.0,30.0,17.0,3.0,105.0,Tier_2_Rescued
Jammu,Udhampur,Udhampur PCC Office Battal Ballian 1063,2023-10-01,136.0,136.0,25.0,18.0,3.0,124.0,Tier_2_Rescued
Jammu,Udhampur,Udhampur PCC Office Battal Ballian 1063,2023-11-01,160.0,160.0,36.0,22.0,4.0,140.0,Tier_2_Rescued
Jammu,Udhampur,Udhampur PCC Office Battal Ballian 1063,2023-12-01,175.0,175.0,37.0,20.5,2.5,150.0,Tier_2_Rescued
Jammu,Udhampur,Udhampur PCC Office Battal Ballian 1063,2024-01-01,204.0,204.0,40.0,20.0,2.0,169.0,Tier_2_Rescued
Jammu,Udhampur,Udhampur PCC Office Battal Ballian 1063,2024-02-01,149.0,149.0,38.0,17.0,3.0,133.0,Tier_2_Rescued
Jammu,Udhampur,Udhampur PCC Office Battal Ballian 1063,2024-03-01,116.0,116.0,38.0,19.0,3.0,111.0,Tier_2_Rescued
Jammu,Udhampur,Udhampur PCC Office Battal Ballian 1063,2024-04-01,103.0,103.0,34.0,13.0,2.0,102.0,Tier_2_Rescued
Jammu,Udhampur,Udhampur PCC Office Battal Ballian 1063,2024-05-01,115.0,115.0,37.5,19.0,4.0,110.0,Tier_2_Rescued
Jammu,Udhampur,Udhampur PCC Office Battal Ballian 1063,2024-06-01,104.0,104.0,36.5,19.0,3.0,103.0,Tier_2_Rescued
Jammu,Udhampur,Udhampur PCC Office Battal Ballian 1063,2024-07-01,92.0,92.0,32.0,14.0,2.0,92.0,Tier_2_Rescued
Jammu,Udhampur,Udhampur PCC Office Battal Ballian 1063,2024-08-01,80.0,80.0,25.5,10.0,1.0,80.0,Tier_2_Rescued
Jammu,Udhampur,Udhampur PCC Office Battal Ballian 1063,2024-09-01,101.0,101.0,33.0,,,101.0,Tier_2_Rescued
Jammu,Udhampur,Udhampur PCC Office Battal Ballian 1063,2024-10-01,153.0,153.0,23.0,21.0,4.0,136.0,Tier_2_Rescued
Jammu,Udhampur,Udhampur PCC Office Battal Ballian 1063,2024-11-01,,175.0,72.42857142857143,26.0,6.0,150.0,Tier_2_Rescued
Jammu,Udhampur,Udhampur PCC Office Battal Ballian 1063,2024-12-01,,131.0,73.71428571428572,36.0,4.0,145.0,Tier_2_Rescued
Jammu,Udhampur,Udhampur PCC Office Battal Ballian 1063,2025-01-01,177.0,172.0,75.0,34.0,4.0,149.0,Tier_2_Rescued
Jammu,Udhampur,Udhampur PCC Office Battal Ballian 1063,2025-02-01,147.0,139.0,125.0,13.0,2.0,304.0,Tier_2_Rescued
Jammu,Udhampur,Udhampur PCC Office Battal Ballian 1063,2025-03-01,137.0,130.0,110.0,30.0,3.0,266.0,Tier_2_Rescued
Jammu,Udhampur,Udhampur PCC Office Battal Ballian 1063,2025-04-01,124.0,124.0,70.0,31.0,3.0,132.0,Tier_2_Rescued
Jammu,Udhampur,Udhampur PCC Office Battal Ballian 1063,2025-05-01,134.0,134.0,61.0,,,123.0,Tier_2_Rescued
Jammu,Udhampur,Udhampur PCC Office Battal Ballian 1063,2025-06-01,129.0,129.0,55.0,,,120.0,Tier_2_Rescued
Jammu,Udhampur,Udhampur PCC Office Battal Ballian 1063,2025-07-01,106.0,106.0,77.0,22.0,2.0,156.0,Tier_2_Rescued
Jammu,Udhampur,Udhampur PCC Office Battal Ballian 1063,2025-08-01,67.0,67.0,55.0,14.0,4.0,92.0,Tier_2_Rescued
Jammu,Udhampur,Udhampur PCC Office Battal Ballian 1063,2025-09-01,97.0,96.0,55.0,14.0,4.0,96.0,Tier_2_Rescued
Jammu,Udhampur,Udhampur PCC Office Battal Ballian 1063,2025-10-01,141.0,136.0,101.0,14.0,4.0,235.0,Tier_2_Rescued
Jammu,Udhampur,Udhampur PCC Office Battal Ballian 1063,2025-11-01,166.0,152.0,151.0,15.0,5.0,324.0,Tier_2_Rescued
Jammu,Udhampur,Udhampur PCC Office Battal Ballian 1063,2025-12-01,192.0,162.5,190.0,17.0,5.0,354.0,Tier_2_Rescued
Jammu,Udhampur,Udhampur PCC Office Battal Ballian 1063,2026-01-01,174.0,173.0,141.0,19.0,5.0,316.0,Tier_2_Rescued
Jammu,Udhampur,Udhampur PCC Office Battal Ballian 1063,2026-02-01,164.0,162.0,128.0,20.0,6.0,306.0,Tier_2_Rescued
Jammu,Udhampur,Udhampur PCC Office Battal Ballian 1063,2026-03-01,,162.0,128.0,20.0,6.0,306.0,Tier_2_Rescued
Kashmir,Srinagar,Zakura Srinagar (PM-10),2022-01-01,,96.0,84.0,25.5,13.5,180.0,Tier_2_Rescued
Kashmir,Srinagar,Zakura Srinagar (PM-10),2022-02-01,,113.5,63.0,17.5,9.5,110.0,Tier_2_Rescued
Kashmir,Srinagar,Zakura Srinagar (PM-10),2022-03-01,,114.0,73.0,21.5,11.0,142.0,Tier_2_Rescued
Kashmir,Srinagar,Zakura Srinagar (PM-10),2022-04-01,,95.5,74.0,22.0,9.0,145.0,Tier_2_Rescued
Kashmir,Srinagar,Zakura Srinagar (PM-10),2022-05-01,,99.0,70.0,25.0,8.5,132.0,Tier_2_Rescued
Kashmir,Srinagar,Zakura Srinagar (PM-10),2022-06-01,,103.0,76.0,21.0,7.5,152.0,Tier_2_Rescued
Kashmir,Srinagar,Zakura Srinagar (PM-10),2022-07-01,,81.0,68.0,18.0,8.0,125.0,Tier_2_Rescued
Kashmir,Srinagar,Zakura Srinagar (PM-10),2022-08-01,,46.0,65.0,12.0,6.0,115.0,Tier_2_Rescued
Kashmir,Srinagar,Zakura Srinagar (PM-10),2022-09-01,,49.0,70.0,12.0,7.0,132.0,Tier_2_Rescued
Kashmir,Srinagar,Zakura Srinagar (PM-10),2022-10-01,,51.5,72.0,14.0,6.857142857142857,139.0,Tier_2_Rescued
Kashmir,Srinagar,Zakura Srinagar (PM-10),2022-11-01,,57.0,79.0,13.0,7.0,162.0,Tier_2_Rescued
Kashmir,Srinagar,Zakura Srinagar (PM-10),2022-12-01,,70.0,74.0,17.0,9.0,145.0,Tier_2_Rescued
Kashmir,Srinagar,Zakura Srinagar (PM-10),2023-01-01,,65.0,73.0,14.0,7.0,142.0,Tier_2_Rescued
Kashmir,Srinagar,Zakura Srinagar (PM-10),2023-02-01,,63.0,94.0,19.0,6.0,211.0,Tier_2_Rescued
Kashmir,Srinagar,Zakura Srinagar (PM-10),2023-03-01,,63.0,99.0,19.0,6.0,228.0,Tier_2_Rescued
Kashmir,Srinagar,Zakura Srinagar (PM-10),2023-04-01,63.0,63.0,74.0,19.0,6.0,145.0,Tier_2_Rescued
Kashmir,Srinagar,Zakura Srinagar (PM-10),2023-05-01,73.0,73.0,82.0,18.0,8.0,173.0,Tier_2_Rescued
Kashmir,Srinagar,Zakura Srinagar (PM-10),2023-06-01,89.0,89.0,80.0,21.0,9.0,166.0,Tier_2_Rescued
Kashmir,Srinagar,Zakura Srinagar (PM-10),2023-07-01,83.0,83.0,73.0,20.0,8.0,142.0,Tier_2_Rescued
Kashmir,Srinagar,Zakura Srinagar (PM-10),2023-08-01,70.0,70.0,73.0,13.0,4.0,142.0,Tier_2_Rescued
Kashmir,Srinagar,Zakura Srinagar (PM-10),2023-09-01,70.0,70.0,63.0,17.0,5.0,108.0,Tier_2_Rescued
Kashmir,Srinagar,Zakura Srinagar (PM-10),2023-10-01,85.0,85.0,78.0,18.0,6.0,159.0,Tier_2_Rescued
Kashmir,Srinagar,Zakura Srinagar (PM-10),2023-11-01,105.0,94.33333333333333,78.125,19.0,5.8,159.0,Tier_2_Rescued
Kashmir,Srinagar,Zakura Srinagar (PM-10),2023-12-01,121.0,103.66666666666667,78.25,11.0,5.6,159.0,Tier_2_Rescued
Kashmir,Srinagar,Zakura Srinagar (PM-10),2024-01-01,113.0,113.0,38.0,14.0,5.4,109.0,Tier_2_Rescued
Kashmir,Srinagar,Zakura Srinagar (PM-10),2024-02-01,,115.5,38.0,19.0,5.2,111.0,Tier_2_Rescued
Kashmir,Srinagar,Zakura Srinagar (PM-10),2024-03-01,118.0,118.0,38.0,24.0,5.0,112.0,Tier_2_Rescued
Kashmir,Srinagar,Zakura Srinagar (PM-10),2024-04-01,,104.33333333333333,38.0,20.333333333333332,5.0,103.0,Tier_2_Rescued
Kashmir,Srinagar,Zakura Srinagar (PM-10),2024-05-01,,90.66666666666667,38.0,16.666666666666668,5.0,91.0,Tier_2_Rescued
Kashmir,Srinagar,Zakura Srinagar (PM-10),2024-06-01,77.0,77.0,79.0,13.0,5.0,162.0,Tier_2_Rescued
Kashmir,Srinagar,Zakura Srinagar (PM-10),2024-07-01,83.0,83.0,81.0,10.0,5.0,169.0,Tier_2_Rescued
Kashmir,Srinagar,Zakura Srinagar (PM-10),2024-08-01,77.0,77.0,77.0,14.0,6.0,156.0,Tier_2_Rescued
Kashmir,Srinagar,Zakura Srinagar (PM-10),2024-09-01,69.0,69.0,72.0,12.0,6.0,139.0,Tier_2_Rescued
Kashmir,Srinagar,Zakura Srinagar (PM-10),2024-10-01,76.0,76.0,73.0,12.25,7.0,142.0,Tier_2_Rescued
Kashmir,Srinagar,Zakura Srinagar (PM-10),2024-11-01,112.0,112.0,83.0,12.5,2.0,176.0,Tier_2_Rescued
Kashmir,Srinagar,Zakura Srinagar (PM-10),2024-12-01,,101.0,80.75,12.75,9.0,169.0,Tier_2_Rescued
Kashmir,Srinagar,Zakura Srinagar (PM-10),2025-01-01,77.0,77.0,75.0,13.0,8.0,149.0,Tier_2_Rescued
Kashmir,Srinagar,Zakura Srinagar (PM-10),2025-02-01,58.0,58.0,73.0,14.0,9.0,142.0,Tier_2_Rescued
Kashmir,Srinagar,Zakura Srinagar (PM-10),2025-03-01,45.0,45.0,72.5,13.0,7.0,139.0,Tier_2_Rescued
Kashmir,Srinagar,Zakura Srinagar (PM-10),2025-04-01,38.0,38.0,64.0,12.0,7.0,111.0,Tier_2_Rescued
Kashmir,Srinagar,Zakura Srinagar (PM-10),2025-05-01,57.0,57.0,67.0,14.0,7.0,121.0,Tier_2_Rescued
Kashmir,Srinagar,Zakura Srinagar (PM-10),2025-06-01,72.0,72.0,62.5,15.0,6.0,104.0,Tier_2_Rescued
Kashmir,Srinagar,Zakura Srinagar (PM-10),2025-07-01,60.0,60.0,67.125,12.0,6.0,121.0,Tier_2_Rescued
Kashmir,Srinagar,Zakura Srinagar (PM-10),2025-08-01,82.0,82.0,63.25,11.0,5.0,108.0,Tier_2_Rescued
Kashmir,Srinagar,Zakura Srinagar (PM-10),2025-09-01,90.0,90.0,60.375,12.0,3.0,100.0,Tier_2_Rescued
Kashmir,Srinagar,Zakura Srinagar (PM-10),2025-10-01,79.0,79.0,58.0,12.0,3.0,97.0,Tier_2_Rescued
Kashmir,Srinagar,Zakura Srinagar (PM-10),2025-11-01,,79.0,73.0,12.0,3.0,142.0,Tier_2_Rescued
Kashmir,Srinagar,Zakura Srinagar (PM-10),2025-12-01,,79.0,82.0,12.0,3.0,173.0,Tier_2_Rescued
Kashmir,Srinagar,Zakura Srinagar (PM-10),2026-01-01,,78.99999999999999,81.5,12.0,2.9999999999999996,173.0,Tier_2_Rescued
Kashmir,Srinagar,Zakura Srinagar (PM-10),2026-02-01,,78.99999999999999,69.0,12.000000000000004,2.9999999999999996,128.0,Tier_2_Rescued
Kashmir,Srinagar,Zakura Srinagar (PM-10),2026-03-01,,78.99999999999999,69.0,12.000000000000005,2.9999999999999996,128.0,Tier_2_Rescued
Kashmir,Kupwara,"Kupwara JKPCC (PM-10, PM-2.5)",2022-01-01,,,,,,,Tier_3_Raw
Kashmir,Kupwara,"Kupwara JKPCC (PM-10, PM-2.5)",2022-02-01,,,,,,,Tier_3_Raw
Kashmir,Kupwara,"Kupwara JKPCC (PM-10, PM-2.5)",2022-03-01,,,,,,,Tier_3_Raw
Kashmir,Kupwara,"Kupwara JKPCC (PM-10, PM-2.5)",2022-04-01,,,,,,,Tier_3_Raw
Kashmir,Kupwara,"Kupwara JKPCC (PM-10, PM-2.5)",2022-05-01,,,,,,,Tier_3_Raw
Kashmir,Kupwara,"Kupwara JKPCC (PM-10, PM-2.5)",2022-06-01,,,,,,,Tier_3_Raw
Kashmir,Kupwara,"Kupwara JKPCC (PM-10, PM-2.5)",2022-07-01,,,,,,,Tier_3_Raw
Kashmir,Kupwara,"Kupwara JKPCC (PM-10, PM-2.5)",2022-08-01,,,,,,,Tier_3_Raw
Kashmir,Kupwara,"Kupwara JKPCC (PM-10, PM-2.5)",2022-09-01,,,,,,,Tier_3_Raw
Kashmir,Kupwara,"Kupwara JKPCC (PM-10, PM-2.5)",2022-10-01,,,,,,,Tier_3_Raw
Kashmir,Kupwara,"Kupwara JKPCC (PM-10, PM-2.5)",2022-11-01,,,,,,,Tier_3_Raw
Kashmir,Kupwara,"Kupwara JKPCC (PM-10, PM-2.5)",2022-12-01,,,,,,,Tier_3_Raw
Kashmir,Kupwara,"Kupwara JKPCC (PM-10, PM-2.5)",2023-01-01,,,,,,,Tier_3_Raw
Kashmir,Kupwara,"Kupwara JKPCC (PM-10, PM-2.5)",2023-02-01,,,,,,,Tier_3_Raw
Kashmir,Kupwara,"Kupwara JKPCC (PM-10, PM-2.5)",2023-03-01,,,,,,,Tier_3_Raw
Kashmir,Kupwara,"Kupwara JKPCC (PM-10, PM-2.5)",2023-04-01,,,,,,,Tier_3_Raw
Kashmir,Kupwara,"Kupwara JKPCC (PM-10, PM-2.5)",2023-05-01,,,,,,,Tier_3_Raw
Kashmir,Kupwara,"Kupwara JKPCC (PM-10, PM-2.5)",2023-06-01,,,,,,,Tier_3_Raw
Kashmir,Kupwara,"Kupwara JKPCC (PM-10, PM-2.5)",2023-07-01,,,,,,,Tier_3_Raw
Kashmir,Kupwara,"Kupwara JKPCC (PM-10, PM-2.5)",2023-08-01,,,,,,,Tier_3_Raw
Kashmir,Kupwara,"Kupwara JKPCC (PM-10, PM-2.5)",2023-09-01,,,,,,,Tier_3_Raw
Kashmir,Kupwara,"Kupwara JKPCC (PM-10, PM-2.5)",2023-10-01,,,,,,,Tier_3_Raw
Kashmir,Kupwara,"Kupwara JKPCC (PM-10, PM-2.5)",2023-11-01,,,,,,,Tier_3_Raw
Kashmir,Kupwara,"Kupwara JKPCC (PM-10, PM-2.5)",2023-12-01,,,,,,,Tier_3_Raw
Kashmir,Kupwara,"Kupwara JKPCC (PM-10, PM-2.5)",2024-01-01,,,,,,,Tier_3_Raw
Kashmir,Kupwara,"Kupwara JKPCC (PM-10, PM-2.5)",2024-02-01,,,,,,,Tier_3_Raw
Kashmir,Kupwara,"Kupwara JKPCC (PM-10, PM-2.5)",2024-03-01,,,,,,,Tier_3_Raw
Kashmir,Kupwara,"Kupwara JKPCC (PM-10, PM-2.5)",2024-04-01,,,,,,,Tier_3_Raw
Kashmir,Kupwara,"Kupwara JKPCC (PM-10, PM-2.5)",2024-05-01,,,,,,,Tier_3_Raw
Kashmir,Kupwara,"Kupwara JKPCC (PM-10, PM-2.5)",2024-06-01,,,,,,,Tier_3_Raw
Kashmir,Kupwara,"Kupwara JKPCC (PM-10, PM-2.5)",2024-07-01,,,,,,,Tier_3_Raw
Kashmir,Kupwara,"Kupwara JKPCC (PM-10, PM-2.5)",2024-08-01,,,,,,,Tier_3_Raw
Kashmir,Kupwara,"Kupwara JKPCC (PM-10, PM-2.5)",2024-09-01,,,,,,,Tier_3_Raw
Kashmir,Kupwara,"Kupwara JKPCC (PM-10, PM-2.5)",2024-10-01,,,,,,,Tier_3_Raw
Kashmir,Kupwara,"Kupwara JKPCC (PM-10, PM-2.5)",2024-11-01,,,,,,,Tier_3_Raw
Kashmir,Kupwara,"Kupwara JKPCC (PM-10, PM-2.5)",2024-12-01,,,,,,,Tier_3_Raw
Kashmir,Kupwara,"Kupwara JKPCC (PM-10, PM-2.5)",2025-01-01,81.0,81.0,,15.0,7.0,,Tier_3_Raw
Kashmir,Kupwara,"Kupwara JKPCC (PM-10, PM-2.5)",2025-02-01,61.0,61.0,,15.0,8.0,,Tier_3_Raw
Kashmir,Kupwara,"Kupwara JKPCC (PM-10, PM-2.5)",2025-03-01,69.0,69.0,,12.0,6.0,,Tier_3_Raw
Kashmir,Kupwara,"Kupwara JKPCC (PM-10, PM-2.5)",2025-04-01,49.0,49.0,,8.0,4.0,,Tier_3_Raw
Kashmir,Kupwara,"Kupwara JKPCC (PM-10, PM-2.5)",2025-05-01,70.0,70.0,,15.0,7.0,,Tier_3_Raw
Kashmir,Kupwara,"Kupwara JKPCC (PM-10, PM-2.5)",2025-06-01,,,,,,,Tier_3_Raw
Kashmir,Kupwara,"Kupwara JKPCC (PM-10, PM-2.5)",2025-07-01,47.0,,47.0,,,,Tier_3_Raw
Kashmir,Kupwara,"Kupwara JKPCC (PM-10, PM-2.5)",2025-08-01,43.0,,43.0,,,,Tier_3_Raw
Kashmir,Kupwara,"Kupwara JKPCC (PM-10, PM-2.5)",2025-09-01,31.0,,31.0,,,,Tier_3_Raw
Kashmir,Kupwara,"Kupwara JKPCC (PM-10, PM-2.5)",2025-10-01,38.0,,38.0,,,,Tier_3_Raw
Kashmir,Kupwara,"Kupwara JKPCC (PM-10, PM-2.5)",2025-11-01,,,38.0,,,,Tier_3_Raw
Kashmir,Kupwara,"Kupwara JKPCC (PM-10, PM-2.5)",2025-12-01,,,38.0,,,,Tier_3_Raw
Kashmir,Kupwara,"Kupwara JKPCC (PM-10, PM-2.5)",2026-01-01,68.0,68.0,42.0,12.0,,,Tier_3_Raw
Kashmir,Kupwara,"Kupwara JKPCC (PM-10, PM-2.5)",2026-02-01,,,,,,,Tier_3_Raw
Kashmir,Kupwara,"Kupwara JKPCC (PM-10, PM-2.5)",2026-03-01,,,,,,,Tier_3_Raw
