Region,District,Station,Date,AQI,PM10,PM2_5,NO2,SO2,month
Jammu,Doda,Doda PCC Office Near Bus Stand 1065,2022-01,86.0,86.0,35.0,34.4,5.109963274868143,1
Jammu,Doda,Doda PCC Office Near Bus Stand 1065,2022-02,72.0,72.0,35.0,13.668137336412919,5.178190013209606,2
Jammu,Doda,Doda PCC Office Near Bus Stand 1065,2022-03,74.30552082723206,75.2,36.4,13.668137336412919,5.178190013209606,3
Jammu,Doda,Doda PCC Office Near Bus Stand 1065,2022-04,74.30552082723206,78.4,37.8,13.679813096019776,5.178190013209606,4
Jammu,Doda,Doda PCC Office Near Bus Stand 1065,2022-05,47.04,78.4,33.584996280103404,12.029465440482113,4.559788422599942,5
Jammu,Doda,Doda PCC Office Near Bus Stand 1065,2022-06,88.0,88.0,31.598463865707167,12.775387347202413,4.381460382771765,6
Jammu,Doda,Doda PCC Office Near Bus Stand 1065,2022-07,88.0,88.0,42.0,12.713921003494121,4.068826163558235,7
Jammu,Doda,Doda PCC Office Near Bus Stand 1065,2022-08,79.0,78.0,40.0,13.11940400806799,4.247154203386412,8
Jammu,Doda,Doda PCC Office Near Bus Stand 1065,2022-09,82.0,82.0,30.0,13.686896326577932,3.9322604420830616,9
Jammu,Doda,Doda PCC Office Near Bus Stand 1065,2022-10,82.45422155603832,82.5,32.0,13.536550314096734,4.001124998390357,10
Jammu,Doda,Doda PCC Office Near Bus Stand 1065,2022-11,83.0,83.0,34.0,14.791113316218954,4.001124998390357,11
Jammu,Doda,Doda PCC Office Near Bus Stand 1065,2022-12,81.79353606020129,85.0,37.0,14.347936013000098,4.156633564423238,12
Jammu,Doda,Doda PCC Office Near Bus Stand 1065,2023-01,81.0,81.0,32.0,13.657600580762335,3.8021243346250007,1
Jammu,Doda,Doda PCC Office Near Bus Stand 1065,2023-02,85.0,85.0,34.0,14.460943417830025,4.381460382771765,2
Jammu,Doda,Doda PCC Office Near Bus Stand 1065,2023-03,78.0,78.0,40.0,13.657600580762335,4.247154203386412,3
Jammu,Doda,Doda PCC Office Near Bus Stand 1065,2023-04,78.0,78.0,38.0,13.770607985592262,4.9593421035452545,4
Jammu,Doda,Doda PCC Office Near Bus Stand 1065,2023-05,83.0,83.0,38.0,13.536550314096734,4.9593421035452545,5
Jammu,Doda,Doda PCC Office Near Bus Stand 1065,2023-06,85.0,85.0,35.0,13.093373010877878,4.156633564423238,6
Jammu,Doda,Doda PCC Office Near Bus Stand 1065,2023-07,88.0,88.0,28.0,14.112556282630395,2.996268314279938,7
Jammu,Doda,Doda PCC Office Near Bus Stand 1065,2023-08,90.0,90.0,22.0,14.887077413927141,2.91363966763336,8
Jammu,Doda,Doda PCC Office Near Bus Stand 1065,2023-09,86.0,86.0,41.0,14.460917584901292,4.068826163558235,9
Jammu,Doda,Doda PCC Office Near Bus Stand 1065,2023-10,79.0,79.0,42.0,14.040968444137892,4.247154203386412,10
Jammu,Doda,Doda PCC Office Near Bus Stand 1065,2023-11,85.0,85.0,47.0,14.460943417830025,5.781801426080476,11
Jammu,Doda,Doda PCC Office Near Bus Stand 1065,2023-12,84.0,84.0,38.0,13.38513725483548,4.068826163558235,12
Jammu,Doda,Doda PCC Office Near Bus Stand 1065,2024-01,82.0,82.0,35.0,13.833456657175056,4.247154203386412,1
Jammu,Doda,Doda PCC Office Near Bus Stand 1065,2024-02,87.0,87.0,35.0,14.225563687460323,4.222350639507493,2
Jammu,Doda,Doda PCC Office Near Bus Stand 1065,2024-03,88.0,88.0,34.0,14.049488409003796,3.623796294796823,3
Jammu,Doda,Doda PCC Office Near Bus Stand 1065,2024-04,89.0,89.0,38.0,14.289492251822951,4.068826163558235,4
Jammu,Doda,Doda PCC Office Near Bus Stand 1065,2024-05,87.0,87.0,37.0,14.142931921225827,4.068826163558235,5
Jammu,Doda,Doda PCC Office Near Bus Stand 1065,2024-06,83.0,83.0,35.0,14.541921988288747,4.247154203386412,6
Jammu,Doda,Doda PCC Office Near Bus Stand 1065,2024-07,88.0,88.0,39.0,14.433564528837005,4.156633564423238,7
Jammu,Doda,Doda PCC Office Near Bus Stand 1065,2024-08,90.0,90.0,37.0,14.81949409744993,4.068826163558235,8
Jammu,Doda,Doda PCC Office Near Bus Stand 1065,2024-09,84.0,84.0,38.0,14.460917584901292,4.068826163558235,9
Jammu,Doda,Doda PCC Office Near Bus Stand 1065,2024-10,88.0,88.0,35.0,14.550863713411886,4.068826163558235,10
Jammu,Doda,Doda PCC Office Near Bus Stand 1065,2024-11,88.77416123138359,89.0,33.0,14.289492251822951,3.623796294796823,11
Jammu,Doda,Doda PCC Office Near Bus Stand 1065,2024-12,88.77416123138359,87.0,34.0,14.142931921225827,3.623796294796823,12
Jammu,Doda,Doda PCC Office Near Bus Stand 1065,2025-01,85.0,85.0,42.0,14.541921988288747,4.068826163558235,1
Jammu,Doda,Doda PCC Office Near Bus Stand 1065,2025-02,86.0,86.0,40.0,14.75155019251247,4.068826163558235,2
Jammu,Doda,Doda PCC Office Near Bus Stand 1065,2025-03,89.0,89.0,34.0,14.433564528837005,3.623796294796823,3
Jammu,Doda,Doda PCC Office Near Bus Stand 1065,2025-04,87.0,87.0,37.0,14.289492251822951,4.068826163558235,4
Jammu,Doda,Doda PCC Office Near Bus Stand 1065,2025-05,83.0,83.0,39.0,14.541921988288747,4.247154203386412,5
Jammu,Doda,Doda PCC Office Near Bus Stand 1065,2025-06,87.0,87.0,38.0,14.225563687460323,4.156633564423238,6
Jammu,Doda,Doda PCC Office Near Bus Stand 1065,2025-07,86.0,86.0,37.0,14.367474072679261,4.068826163558235,7
Jammu,Doda,Doda PCC Office Near Bus Stand 1065,2025-08,83.0,83.0,35.0,14.543549351135788,4.247154203386412,8
Jammu,Doda,Doda PCC Office Near Bus Stand 1065,2025-09,52.0,51.0,35.0,9.23410712798914,3.5616387852559606,9
Jammu,Doda,Doda PCC Office Near Bus Stand 1065,2025-10,63.0,63.0,43.0,11.886142388827746,6.388999994948004,10
Jammu,Doda,Doda PCC Office Near Bus Stand 1065,2025-11,48.0,47.0,38.0,8.54031975677573,4.080220676293706,11
Jammu,Doda,Doda PCC Office Near Bus Stand 1065,2025-12,57.0,51.0,37.0,9.368367397481475,4.887901018024874,12
Jammu,Doda,Doda PCC Office Near Bus Stand 1065,2026-01,55.0,55.0,36.0,11.323738717162799,5.539131844085375,1
Jammu,Doda,Doda PCC Office Near Bus Stand 1065,2026-02,51.0,51.0,37.0,9.610734526549946,4.887901018024874,2
Jammu,Doda,Doda PCC Office Near Bus Stand 1065,2026-03,53.0189014994331,51.61904761904762,36.42857142857143,9.255646244990587,4.887384726107265,3
Jammu,Jammu,Jammu Bantalab Ayurvedic Hospital,2022-01,53.0189014994331,52.23809523809524,35.857142857142854,9.680712951340807,4.891972228131251,1
Jammu,Jammu,Jammu Bantalab Ayurvedic Hospital,2022-02,31.34285714285714,52.23809523809524,33.17116661972343,9.730346731378775,4.734001704514372,2
Jammu,Jammu,Jammu Bantalab Ayurvedic Hospital,2022-03,31.34285714285714,52.23809523809524,33.17116661972343,9.730346731378775,4.734001704514372,3
Jammu,Jammu,Jammu Bantalab Ayurvedic Hospital,2022-04,31.34285714285714,52.23809523809524,33.17116661972343,9.730346731378775,4.734001704514372,4
Jammu,Jammu,Jammu Bantalab Ayurvedic Hospital,2022-05,31.34285714285714,52.23809523809524,33.17116661972343,9.730346731378775,4.734001704514372,5
Jammu,Jammu,Jammu Bantalab Ayurvedic Hospital,2022-06,31.34285714285714,52.23809523809524,33.17116661972343,9.730346731378775,4.734001704514372,6
Jammu,Jammu,Jammu Bantalab Ayurvedic Hospital,2022-07,94.39309303217156,97.17726946547947,45.4194897078592,16.90828403592742,5.830875792682721,7
Jammu,Jammu,Jammu Bantalab Ayurvedic Hospital,2022-08,94.39309303217156,97.17726946547947,45.4194897078592,16.90828403592742,5.830875792682721,8
Jammu,Jammu,Jammu Bantalab Ayurvedic Hospital,2022-09,94.39309303217156,97.17726946547947,45.4194897078592,16.90828403592742,5.830875792682721,9
Jammu,Jammu,Jammu Bantalab Ayurvedic Hospital,2022-10,94.39309303217156,97.17726946547947,45.4194897078592,16.90828403592742,5.830875792682721,10
Jammu,Jammu,Jammu Bantalab Ayurvedic Hospital,2022-11,94.39309303217156,97.17726946547947,45.4194897078592,16.90828403592742,5.830875792682721,11
Jammu,Jammu,Jammu Bantalab Ayurvedic Hospital,2022-12,94.39309303217156,97.17726946547947,45.4194897078592,16.90828403592742,5.830875792682721,12
Jammu,Jammu,Jammu Bantalab Ayurvedic Hospital,2023-01,94.39309303217156,97.17726946547947,45.4194897078592,16.90828403592742,5.830875792682721,1
Jammu,Jammu,Jammu Bantalab Ayurvedic Hospital,2023-02,94.39309303217156,97.17726946547947,45.4194897078592,16.90828403592742,5.830875792682721,2
Jammu,Jammu,Jammu Bantalab Ayurvedic Hospital,2023-03,94.39309303217156,97.17726946547947,45.4194897078592,16.90828403592742,5.830875792682721,3
Jammu,Jammu,Jammu Bantalab Ayurvedic Hospital,2023-04,38.4,64.0,25.6,25.6,4.870275208158976,4
Jammu,Jammu,Jammu Bantalab Ayurvedic Hospital,2023-05,38.4,64.0,25.6,25.6,5.419801653135702,5
Jammu,Jammu,Jammu Bantalab Ayurvedic Hospital,2023-06,38.4,64.0,35.86830207979346,11.460111151733004,5.539131844085375,6
Jammu,Jammu,Jammu Bantalab Ayurvedic Hospital,2023-07,64.0,64.0,35.86830207979346,11.460111151733004,5.539131844085375,7
Jammu,Jammu,Jammu Bantalab Ayurvedic Hospital,2023-08,64.0,64.0,25.0,11.460111151733004,3.7809073163402283,8
Jammu,Jammu,Jammu Bantalab Ayurvedic Hospital,2023-09,59.0,59.0,27.0,11.447688783803194,4.420420672057543,9
Jammu,Jammu,Jammu Bantalab Ayurvedic Hospital,2023-10,52.0,52.0,26.0,8.560218632043112,2.8275697523425203,10
Jammu,Jammu,Jammu Bantalab Ayurvedic Hospital,2023-11,40.0,40.0,25.0,13.0,2.0,11
Jammu,Jammu,Jammu Bantalab Ayurvedic Hospital,2023-12,68.0,68.0,27.0,9.5,1.0,12
Jammu,Jammu,Jammu Bantalab Ayurvedic Hospital,2024-01,65.0,65.0,29.0,6.0,2.0,1
Jammu,Jammu,Jammu Bantalab Ayurvedic Hospital,2024-02,66.0,66.0,28.0,5.0,2.0,2
Jammu,Jammu,Jammu Bantalab Ayurvedic Hospital,2024-03,81.0,81.0,30.0,9.0,4.0,3
Jammu,Jammu,Jammu Bantalab Ayurvedic Hospital,2024-04,73.0,73.0,28.0,4.0,1.0,4
Jammu,Jammu,Jammu Bantalab Ayurvedic Hospital,2024-05,88.0,88.0,33.0,7.0,2.0,5
Jammu,Jammu,Jammu Bantalab Ayurvedic Hospital,2024-06,88.0,88.0,36.0,8.0,2.0,6
Jammu,Jammu,Jammu Bantalab Ayurvedic Hospital,2024-07,69.0,69.0,25.0,5.0,2.0,7
Jammu,Jammu,Jammu Bantalab Ayurvedic Hospital,2024-08,54.0,54.0,15.0,5.0,2.0,8
Jammu,Jammu,Jammu Bantalab Ayurvedic Hospital,2024-09,71.0,71.0,25.0,5.5,1.9327741224791535,9
Jammu,Jammu,Jammu Bantalab Ayurvedic Hospital,2024-10,86.0,86.0,12.0,6.0,1.0,10
Jammu,Jammu,Jammu Bantalab Ayurvedic Hospital,2024-11,96.0,96.0,12.0,14.0,2.0,11
Jammu,Jammu,Jammu Bantalab Ayurvedic Hospital,2024-12,113.0,113.0,40.0,25.0,4.0,12
Jammu,Jammu,Jammu Bantalab Ayurvedic Hospital,2025-01,115.0,115.0,66.0,19.0,3.0,1
Jammu,Jammu,Jammu Bantalab Ayurvedic Hospital,2025-02,94.0,77.0,59.0,15.0,2.0,2
Jammu,Jammu,Jammu Bantalab Ayurvedic Hospital,2025-03,84.0,84.0,45.0,20.0,2.0,3
Jammu,Jammu,Jammu Bantalab Ayurvedic Hospital,2025-04,102.0,102.0,46.0,10.0,4.7805665078334,4
Jammu,Jammu,Jammu Bantalab Ayurvedic Hospital,2025-05,105.0,105.0,51.0,13.0,5.728507474868713,5
Jammu,Jammu,Jammu Bantalab Ayurvedic Hospital,2025-06,97.0,97.0,42.0,16.0,4.081249287430726,6
Jammu,Jammu,Jammu Bantalab Ayurvedic Hospital,2025-07,73.0,73.0,28.0,19.0,2.0,7
Jammu,Jammu,Jammu Bantalab Ayurvedic Hospital,2025-08,53.0,53.0,28.0,17.0,2.0,8
Jammu,Jammu,Jammu Bantalab Ayurvedic Hospital,2025-09,61.0,61.0,23.0,12.0,2.0,9
Jammu,Jammu,Jammu Bantalab Ayurvedic Hospital,2025-10,67.0,67.0,24.0,15.0,2.0,10
Jammu,Jammu,Jammu Bantalab Ayurvedic Hospital,2025-11,80.0,80.0,39.0,20.333333333333332,2.0,11
Jammu,Jammu,Jammu Bantalab Ayurvedic Hospital,2025-12,105.0,105.0,58.0,25.666666666666664,3.0,12
Jammu,Jammu,Jammu Bantalab Ayurvedic Hospital,2026-01,120.0,120.0,54.0,31.0,3.0,1
Jammu,Jammu,Jammu Bantalab Ayurvedic Hospital,2026-02,110.0,110.0,63.0,32.0,3.0,2
Jammu,Jammu,Jammu Bantalab Ayurvedic Hospital,2026-03,93.0,93.0,48.0,28.0,2.0,3
Jammu,Jammu,Jammu Belicharana,2022-01,91.65263656711936,91.2,46.85,27.0,4.876989980250364,1
Jammu,Jammu,Jammu Belicharana,2022-02,91.65263656711936,89.4,45.7,26.0,5.166056676381861,2
Jammu,Jammu,Jammu Belicharana,2022-03,53.64,89.4,32.99920188168114,15.292753038577914,3.623796294796823,3
Jammu,Jammu,Jammu Belicharana,2022-04,53.64,89.4,33.23335634370523,14.923230876000602,3.623796294796823,4
Jammu,Jammu,Jammu Belicharana,2022-05,53.64,89.4,33.23335634370523,14.923230876000602,3.623796294796823,5
Jammu,Jammu,Jammu Belicharana,2022-06,53.64,89.4,33.23335634370523,14.923230876000602,3.623796294796823,6
Jammu,Jammu,Jammu Belicharana,2022-07,52.95,88.25,33.23335634370523,14.90963550127229,3.623796294796823,7
Jammu,Jammu,Jammu Belicharana,2022-08,94.39309303217156,97.17726946547947,45.4194897078592,16.90828403592742,5.830875792682721,8
Jammu,Jammu,Jammu Belicharana,2022-09,94.39309303217156,97.17726946547947,45.4194897078592,16.90828403592742,5.830875792682721,9
Jammu,Jammu,Jammu Belicharana,2022-10,94.39309303217156,97.17726946547947,45.4194897078592,16.90828403592742,5.830875792682721,10
Jammu,Jammu,Jammu Belicharana,2022-11,94.39309303217156,97.17726946547947,45.4194897078592,16.90828403592742,5.830875792682721,11
Jammu,Jammu,Jammu Belicharana,2022-12,94.39309303217156,97.17726946547947,45.4194897078592,16.90828403592742,5.830875792682721,12
Jammu,Jammu,Jammu Belicharana,2023-01,94.39309303217156,97.17726946547947,45.4194897078592,16.90828403592742,5.830875792682721,1
Jammu,Jammu,Jammu Belicharana,2023-02,94.39309303217156,97.17726946547947,45.4194897078592,16.90828403592742,5.830875792682721,2
Jammu,Jammu,Jammu Belicharana,2023-03,94.39309303217156,97.17726946547947,45.4194897078592,16.90828403592742,5.830875792682721,3
Jammu,Jammu,Jammu Belicharana,2023-04,34.199999999999996,57.0,22.8,22.8,4.161936106835946,4
Jammu,Jammu,Jammu Belicharana,2023-05,34.199999999999996,57.0,22.8,22.8,4.606001340947207,5
Jammu,Jammu,Jammu Belicharana,2023-06,34.199999999999996,57.0,29.10033320848771,9.89241322172378,4.0058110057011405,6
Jammu,Jammu,Jammu Belicharana,2023-07,57.0,57.0,29.10033320848771,9.89241322172378,4.0058110057011405,7
Jammu,Jammu,Jammu Belicharana,2023-08,57.0,57.0,25.0,9.89241322172378,3.3133587604700696,8
Jammu,Jammu,Jammu Belicharana,2023-09,56.0,56.0,28.0,9.63543983248399,4.0058110057011405,9
Jammu,Jammu,Jammu Belicharana,2023-10,56.0,56.0,32.0,9.904940069333861,4.734001704514372,10
Jammu,Jammu,Jammu Belicharana,2023-11,41.0,41.0,19.0,5.0,2.0,11
Jammu,Jammu,Jammu Belicharana,2023-12,44.40844703694468,50.0,24.0,6.0,2.0,12
Jammu,Jammu,Jammu Belicharana,2024-01,59.0,59.0,27.0,7.0,2.0,1
Jammu,Jammu,Jammu Belicharana,2024-02,53.0,53.0,25.0,5.0,2.0,2
Jammu,Jammu,Jammu Belicharana,2024-03,51.0,51.0,25.0,5.0,2.0,3
Jammu,Jammu,Jammu Belicharana,2024-04,56.0,56.0,17.0,4.0,2.0,4
Jammu,Jammu,Jammu Belicharana,2024-05,54.0,54.0,22.0,3.0,2.0,5
Jammu,Jammu,Jammu Belicharana,2024-06,60.0,60.0,26.0,3.0,2.0,6
Jammu,Jammu,Jammu Belicharana,2024-07,59.0,59.0,28.0,3.0,2.0,7
Jammu,Jammu,Jammu Belicharana,2024-08,48.0,48.0,30.0,2.0,1.0,8
Jammu,Jammu,Jammu Belicharana,2024-09,53.0,53.0,33.79000186178333,2.5,2.412290881904745,9
Jammu,Jammu,Jammu Belicharana,2024-10,74.0,74.0,36.62135318745255,3.0,1.0,10
Jammu,Jammu,Jammu Belicharana,2024-11,97.0,97.0,45.21788194194229,6.0,1.0,11
Jammu,Jammu,Jammu Belicharana,2024-12,92.0,92.0,33.01759658875398,17.0,3.0,12
Jammu,Jammu,Jammu Belicharana,2025-01,94.0,94.0,40.0,22.0,3.0,1
Jammu,Jammu,Jammu Belicharana,2025-02,69.0,43.0,40.0,11.0,1.0,2
Jammu,Jammu,Jammu Belicharana,2025-03,80.0,80.0,42.0,21.0,2.0,3
Jammu,Jammu,Jammu Belicharana,2025-04,88.0,88.0,44.0,4.0,2.3066202790604384,4
Jammu,Jammu,Jammu Belicharana,2025-05,95.0,95.0,39.0,7.333333333333334,2.522414681598501,5
Jammu,Jammu,Jammu Belicharana,2025-06,84.0,84.0,33.0,10.666666666666668,3.613347095493395,6
Jammu,Jammu,Jammu Belicharana,2025-07,63.0,63.0,27.0,14.0,2.0,7
Jammu,Jammu,Jammu Belicharana,2025-08,45.0,45.0,24.0,12.0,1.0,8
Jammu,Jammu,Jammu Belicharana,2025-09,60.0,60.0,23.0,14.0,2.0,9
Jammu,Jammu,Jammu Belicharana,2025-10,68.0,68.0,26.0,14.0,2.0,10
Jammu,Jammu,Jammu Belicharana,2025-11,67.0,67.0,44.0,22.0,2.0,11
Jammu,Jammu,Jammu Belicharana,2025-12,91.0,80.5,48.0,27.0,3.0,12
Jammu,Jammu,Jammu Belicharana,2026-01,94.0,94.0,46.0,26.0,2.0,1
Jammu,Jammu,Jammu Belicharana,2026-02,86.0,86.0,39.0,24.0,2.0,2
Jammu,Jammu,Jammu Belicharana,2026-03,69.0,69.0,41.0,20.0,2.0,3
Jammu,Jammu,Jammu Dogra Hall CCF Office 1070,2022-01,92.0,92.0,27.0,22.0,4.0,1
Jammu,Jammu,Jammu Dogra Hall CCF Office 1070,2022-02,113.0,113.0,44.0,14.0,2.0,2
Jammu,Jammu,Jammu Dogra Hall CCF Office 1070,2022-03,94.0,94.0,41.0,16.0,2.0,3
Jammu,Jammu,Jammu Dogra Hall CCF Office 1070,2022-04,87.64132130455128,89.4,38.6,14.6,4.068826163558235,4
Jammu,Jammu,Jammu Dogra Hall CCF Office 1070,2022-05,87.64132130455128,84.8,36.2,13.2,4.068826163558235,5
Jammu,Jammu,Jammu Dogra Hall CCF Office 1070,2022-06,50.879999999999995,84.8,33.23335634370523,14.86884937708735,3.623796294796823,6
Jammu,Jammu,Jammu Dogra Hall CCF Office 1070,2022-07,71.0,71.0,27.06436362331805,12.934260124790098,3.174596354108113,7
Jammu,Jammu,Jammu Dogra Hall CCF Office 1070,2022-08,71.0,71.0,29.0,9.0,2.0,8
Jammu,Jammu,Jammu Dogra Hall CCF Office 1070,2022-09,301.0,301.0,32.5,15.0,2.0,9
Jammu,Jammu,Jammu Dogra Hall CCF Office 1070,2022-10,157.0,157.0,36.0,24.0,2.0,10
Jammu,Jammu,Jammu Dogra Hall CCF Office 1070,2022-11,131.0,143.0,12.0,19.5,9.786925967041384,11
Jammu,Jammu,Jammu Dogra Hall CCF Office 1070,2022-12,176.0,129.0,15.0,15.0,1.0,12
Jammu,Jammu,Jammu Dogra Hall CCF Office 1070,2023-01,115.0,115.0,18.0,23.0,2.0,1
Jammu,Jammu,Jammu Dogra Hall CCF Office 1070,2023-02,139.0,139.0,44.0,5.0,4.46691097414514,2
Jammu,Jammu,Jammu Dogra Hall CCF Office 1070,2023-03,115.0,115.0,72.0,8.0,5.222360905510148,3
Jammu,Jammu,Jammu Dogra Hall CCF Office 1070,2023-04,94.0,94.0,44.0,11.0,2.0,4
Jammu,Jammu,Jammu Dogra Hall CCF Office 1070,2023-05,90.0,90.0,14.0,15.0,2.0,5
Jammu,Jammu,Jammu Dogra Hall CCF Office 1070,2023-06,92.0,92.0,32.0,16.0,2.0,6
Jammu,Jammu,Jammu Dogra Hall CCF Office 1070,2023-07,94.0,94.0,26.0,20.0,2.0,7
Jammu,Jammu,Jammu Dogra Hall CCF Office 1070,2023-08,87.0,87.0,17.0,18.0,2.0,8
Jammu,Jammu,Jammu Dogra Hall CCF Office 1070,2023-09,91.0,91.0,4.0,14.0,2.0,9
Jammu,Jammu,Jammu Dogra Hall CCF Office 1070,2023-10,86.0,86.0,29.0,16.0,2.0,10
Jammu,Jammu,Jammu Dogra Hall CCF Office 1070,2023-11,82.0,82.0,31.0,18.0,4.0,11
Jammu,Jammu,Jammu Dogra Hall CCF Office 1070,2023-12,97.3598233169599,99.0,32.0,13.0,1.0,12
Jammu,Jammu,Jammu Dogra Hall CCF Office 1070,2024-01,89.0,89.0,35.0,18.0,2.0,1
Jammu,Jammu,Jammu Dogra Hall CCF Office 1070,2024-02,90.0,90.0,32.0,15.0,2.0,2
Jammu,Jammu,Jammu Dogra Hall CCF Office 1070,2024-03,98.0,98.0,34.0,17.0,3.0,3
Jammu,Jammu,Jammu Dogra Hall CCF Office 1070,2024-04,96.0,96.0,22.0,13.0,2.0,4
Jammu,Jammu,Jammu Dogra Hall CCF Office 1070,2024-05,81.0,81.0,2.0,12.0,2.0,5
Jammu,Jammu,Jammu Dogra Hall CCF Office 1070,2024-06,87.0,87.0,4.166666666666666,16.0,2.0,6
Jammu,Jammu,Jammu Dogra Hall CCF Office 1070,2024-07,78.0,78.0,6.333333333333333,11.0,2.0,7
Jammu,Jammu,Jammu Dogra Hall CCF Office 1070,2024-08,59.0,59.0,29.702001887741737,8.0,2.0,8
Jammu,Jammu,Jammu Dogra Hall CCF Office 1070,2024-09,79.0,79.0,31.89164148325302,12.5,5.7375995225926975,9
Jammu,Jammu,Jammu Dogra Hall CCF Office 1070,2024-10,104.56199066731759,107.0,43.238654995958065,17.0,3.0,10
Jammu,Jammu,Jammu Dogra Hall CCF Office 1070,2024-11,104.56199066731759,166.0,15.0,25.0,6.0,11
Jammu,Jammu,Jammu Dogra Hall CCF Office 1070,2024-12,154.0,135.0,136.0,28.0,4.0,12
Jammu,Jammu,Jammu Dogra Hall CCF Office 1070,2025-01,154.0,140.0,146.0,28.0,4.0,1
Jammu,Jammu,Jammu Dogra Hall CCF Office 1070,2025-02,97.0,68.0,63.0,14.0,2.0,2
Jammu,Jammu,Jammu Dogra Hall CCF Office 1070,2025-03,88.0,88.0,34.0,26.0,3.0,3
Jammu,Jammu,Jammu Dogra Hall CCF Office 1070,2025-04,95.0,95.0,45.0,25.0,3.0,4
Jammu,Jammu,Jammu Dogra Hall CCF Office 1070,2025-05,101.0,101.0,53.0,23.0,7.646132287781124,5
Jammu,Jammu,Jammu Dogra Hall CCF Office 1070,2025-06,98.0,98.0,48.0,21.0,7.3040705553689795,6
Jammu,Jammu,Jammu Dogra Hall CCF Office 1070,2025-07,77.0,77.0,25.0,19.0,2.0,7
Jammu,Jammu,Jammu Dogra Hall CCF Office 1070,2025-08,55.0,55.0,29.0,15.0,2.0,8
Jammu,Jammu,Jammu Dogra Hall CCF Office 1070,2025-09,61.0,61.0,26.0,17.0,2.0,9
Jammu,Jammu,Jammu Dogra Hall CCF Office 1070,2025-10,84.0,79.0,33.0,22.0,3.0,10
Jammu,Jammu,Jammu Dogra Hall CCF Office 1070,2025-11,86.0,97.0,57.0,25.666666666666668,3.0,11
Jammu,Jammu,Jammu Dogra Hall CCF Office 1070,2025-12,110.0,115.0,57.0,29.333333333333332,3.0,12
Jammu,Jammu,Jammu Dogra Hall CCF Office 1070,2026-01,133.0,133.0,22.0,33.0,3.0,1
Jammu,Jammu,Jammu Dogra Hall CCF Office 1070,2026-02,105.0,105.0,59.0,32.0,3.0,2
Jammu,Jammu,Jammu Dogra Hall CCF Office 1070,2026-03,98.0,98.0,46.0,28.0,2.0,3
Jammu,Jammu,Jammu JKPCC Narwal  184,2022-01,108.0,108.0,46.0,26.0,4.0,1
Jammu,Jammu,Jammu JKPCC Narwal  184,2022-02,280.0,280.0,60.0,32.0,5.0,2
Jammu,Jammu,Jammu JKPCC Narwal  184,2022-03,254.0,254.0,92.0,34.0,5.0,3
Jammu,Jammu,Jammu JKPCC Narwal  184,2022-04,161.0,161.0,64.0,35.0,3.0,4
Jammu,Jammu,Jammu JKPCC Narwal  184,2022-05,217.0,217.0,88.0,34.0,4.0,5
Jammu,Jammu,Jammu JKPCC Narwal  184,2022-06,169.0,169.0,65.0,35.0,3.0,6
Jammu,Jammu,Jammu JKPCC Narwal  184,2022-07,87.0,87.0,38.0,16.0,2.0,7
Jammu,Jammu,Jammu JKPCC Narwal  184,2022-08,121.0,115.0,46.0,19.0,3.0,8
Jammu,Jammu,Jammu JKPCC Narwal  184,2022-09,93.0,93.0,23.0,21.0,3.0,9
Jammu,Jammu,Jammu JKPCC Narwal  184,2022-10,145.0,145.0,47.0,26.0,5.652133455254789,10
Jammu,Jammu,Jammu JKPCC Narwal  184,2022-11,144.0,144.0,46.0,23.666666666666668,11.525240982559225,11
Jammu,Jammu,Jammu JKPCC Narwal  184,2022-12,147.0,147.0,66.0,21.333333333333332,10.365002594638806,12
Jammu,Jammu,Jammu JKPCC Narwal  184,2023-01,149.0,130.0,59.0,19.0,2.0,1
Jammu,Jammu,Jammu JKPCC Narwal  184,2023-02,133.09182933043994,129.0,55.0,20.5,8.872184721319375,2
Jammu,Jammu,Jammu JKPCC Narwal  184,2023-03,128.0,128.0,51.0,22.0,3.0,3
Jammu,Jammu,Jammu JKPCC Narwal  184,2023-04,114.0,114.0,38.0,19.0,2.0,4
Jammu,Jammu,Jammu JKPCC Narwal  184,2023-05,106.0,106.0,32.0,13.0,2.0,5
Jammu,Jammu,Jammu JKPCC Narwal  184,2023-06,100.0,100.0,33.0,21.0,3.0,6
Jammu,Jammu,Jammu JKPCC Narwal  184,2023-07,100.0,100.0,19.0,15.0,2.0,7
Jammu,Jammu,Jammu JKPCC Narwal  184,2023-08,92.0,92.0,30.0,18.0,3.0,8
Jammu,Jammu,Jammu JKPCC Narwal  184,2023-09,84.0,84.0,5.0,16.0,3.0,9
Jammu,Jammu,Jammu JKPCC Narwal  184,2023-10,94.0,94.0,12.0,19.0,3.0,10
Jammu,Jammu,Jammu JKPCC Narwal  184,2023-11,107.0,107.0,37.0,24.0,4.0,11
Jammu,Jammu,Jammu JKPCC Narwal  184,2023-12,130.0,130.0,39.0,19.0,2.0,12
Jammu,Jammu,Jammu JKPCC Narwal  184,2024-01,122.0,122.0,41.0,25.0,3.0,1
Jammu,Jammu,Jammu JKPCC Narwal  184,2024-02,121.0,121.0,42.0,21.0,3.0,2
Jammu,Jammu,Jammu JKPCC Narwal  184,2024-03,124.0,124.0,38.0,19.0,3.0,3
Jammu,Jammu,Jammu JKPCC Narwal  184,2024-04,110.0,110.0,34.0,19.0,2.0,4
Jammu,Jammu,Jammu JKPCC Narwal  184,2024-05,113.0,113.0,36.0,17.0,3.0,5
Jammu,Jammu,Jammu JKPCC Narwal  184,2024-06,112.0,112.0,36.0,25.0,4.0,6
Jammu,Jammu,Jammu JKPCC Narwal  184,2024-07,93.0,93.0,32.0,15.0,2.0,7
Jammu,Jammu,Jammu JKPCC Narwal  184,2024-08,72.0,72.0,17.0,9.0,1.0,8
Jammu,Jammu,Jammu JKPCC Narwal  184,2024-09,92.0,92.0,31.0,16.0,4.563600627006846,9
Jammu,Jammu,Jammu JKPCC Narwal  184,2024-10,127.0,127.0,14.0,23.0,4.0,10
Jammu,Jammu,Jammu JKPCC Narwal  184,2024-11,153.12575734900759,156.0,25.0,30.0,6.0,11
Jammu,Jammu,Jammu JKPCC Narwal  184,2024-12,153.12575734900759,168.0,62.0,36.0,6.0,12
Jammu,Jammu,Jammu JKPCC Narwal  184,2025-01,180.0,180.0,78.0,34.0,4.0,1
Jammu,Jammu,Jammu JKPCC Narwal  184,2025-02,150.0,118.0,93.0,13.0,2.0,2
Jammu,Jammu,Jammu JKPCC Narwal  184,2025-03,107.0,107.0,44.0,30.0,3.0,3
Jammu,Jammu,Jammu JKPCC Narwal  184,2025-04,122.0,122.0,73.0,25.0,3.0,4
Jammu,Jammu,Jammu JKPCC Narwal  184,2025-05,120.0,120.0,70.0,24.0,9.937604130241708,5
Jammu,Jammu,Jammu JKPCC Narwal  184,2025-06,108.0,108.0,51.0,23.0,9.666844690615509,6
Jammu,Jammu,Jammu JKPCC Narwal  184,2025-07,87.0,87.0,31.0,22.0,2.0,7
Jammu,Jammu,Jammu JKPCC Narwal  184,2025-08,70.0,70.0,31.0,22.0,2.0,8
Jammu,Jammu,Jammu JKPCC Narwal  184,2025-09,82.0,82.0,34.0,20.0,2.0,9
Jammu,Jammu,Jammu JKPCC Narwal  184,2025-10,107.0,107.0,44.0,24.0,4.0,10
Jammu,Jammu,Jammu JKPCC Narwal  184,2025-11,148.0,148.0,66.0,34.0,3.0,11
Jammu,Jammu,Jammu JKPCC Narwal  184,2025-12,152.0,149.5,51.0,35.0,4.0,12
Jammu,Jammu,Jammu JKPCC Narwal  184,2026-01,151.0,151.0,67.0,39.0,3.0,1
Jammu,Jammu,Jammu JKPCC Narwal  184,2026-02,126.0,126.0,75.0,37.0,4.0,2
Jammu,Jammu,Jammu JKPCC Narwal  184,2026-03,130.0,130.0,56.0,34.0,3.0,3
Jammu,Jammu,Jammu MAM Stadium  482,2022-01,86.0,86.0,41.0,24.0,2.0,1
Jammu,Jammu,Jammu MAM Stadium  482,2022-02,148.0,148.0,45.0,28.0,3.0,2
Jammu,Jammu,Jammu MAM Stadium  482,2022-03,136.0,136.0,57.0,21.0,3.0,3
Jammu,Jammu,Jammu MAM Stadium  482,2022-04,91.0,91.0,27.0,16.0,2.0,4
Jammu,Jammu,Jammu MAM Stadium  482,2022-05,84.2527935457511,86.33333333333333,28.666666666666668,16.333333333333332,3.030356886375052,5
Jammu,Jammu,Jammu MAM Stadium  482,2022-06,84.2527935457511,81.66666666666667,30.333333333333332,16.666666666666668,3.7654166691957283,6
Jammu,Jammu,Jammu MAM Stadium  482,2022-07,77.0,77.0,32.0,17.0,3.0,7
Jammu,Jammu,Jammu MAM Stadium  482,2022-08,89.0,89.0,33.0,8.0,1.0,8
Jammu,Jammu,Jammu MAM Stadium  482,2022-09,90.50402887448324,92.0,37.5,13.5,4.068826163558235,9
Jammu,Jammu,Jammu MAM Stadium  482,2022-10,95.0,95.0,42.0,19.0,2.0,10
Jammu,Jammu,Jammu MAM Stadium  482,2022-11,92.0,109.33333333333333,50.0,18.0,6.752822362299059,11
Jammu,Jammu,Jammu MAM Stadium  482,2022-12,102.56565437407626,123.66666666666667,61.0,16.0,6.666811833247598,12
Jammu,Jammu,Jammu MAM Stadium  482,2023-01,138.0,138.0,47.0,21.0,2.0,1
Jammu,Jammu,Jammu MAM Stadium  482,2023-02,120.0,120.0,64.0,22.5,9.225999695317459,2
Jammu,Jammu,Jammu MAM Stadium  482,2023-03,121.0,121.0,59.0,24.0,3.0,3
Jammu,Jammu,Jammu MAM Stadium  482,2023-04,106.0,106.0,37.0,18.0,2.0,4
Jammu,Jammu,Jammu MAM Stadium  482,2023-05,104.0,104.0,38.0,16.0,2.0,5
Jammu,Jammu,Jammu MAM Stadium  482,2023-06,99.0,99.0,33.0,14.0,2.0,6
Jammu,Jammu,Jammu MAM Stadium  482,2023-07,85.0,85.0,24.0,11.0,2.0,7
Jammu,Jammu,Jammu MAM Stadium  482,2023-08,93.0,93.0,15.5,14.0,2.0,8
Jammu,Jammu,Jammu MAM Stadium  482,2023-09,84.0,84.0,7.0,19.0,3.0,9
Jammu,Jammu,Jammu MAM Stadium  482,2023-10,85.0,85.0,32.0,16.0,2.0,10
Jammu,Jammu,Jammu MAM Stadium  482,2023-11,82.81319514909926,82.0,31.0,16.333333333333332,3.0,11
Jammu,Jammu,Jammu MAM Stadium  482,2023-12,82.81319514909926,98.0,38.0,16.666666666666668,4.222350639507493,12
Jammu,Jammu,Jammu MAM Stadium  482,2024-01,102.0,102.0,42.0,17.0,2.0,1
Jammu,Jammu,Jammu MAM Stadium  482,2024-02,96.529090554491,96.5,38.0,17.0,4.081249287430726,2
Jammu,Jammu,Jammu MAM Stadium  482,2024-03,91.0,91.0,34.0,17.0,2.0,3
Jammu,Jammu,Jammu MAM Stadium  482,2024-04,82.0,82.0,31.0,13.0,2.0,4
Jammu,Jammu,Jammu MAM Stadium  482,2024-05,83.0,83.0,31.0,15.0,3.0,5
Jammu,Jammu,Jammu MAM Stadium  482,2024-06,87.0,87.0,31.0,16.0,2.0,6
Jammu,Jammu,Jammu MAM Stadium  482,2024-07,79.0,79.0,8.0,13.0,2.0,7
Jammu,Jammu,Jammu MAM Stadium  482,2024-08,70.0,70.0,11.75,7.0,1.0,8
Jammu,Jammu,Jammu MAM Stadium  482,2024-09,76.0,76.0,15.5,12.5,3.95728107414656,9
Jammu,Jammu,Jammu MAM Stadium  482,2024-10,120.0,120.0,19.25,18.0,4.0,10
Jammu,Jammu,Jammu MAM Stadium  482,2024-11,156.0,156.0,23.0,20.333333333333332,5.0,11
Jammu,Jammu,Jammu MAM Stadium  482,2024-12,159.0,159.0,67.0,22.666666666666668,4.0,12
Jammu,Jammu,Jammu MAM Stadium  482,2025-01,167.0,167.0,111.0,25.0,3.0,1
Jammu,Jammu,Jammu MAM Stadium  482,2025-02,112.0,67.0,90.0,14.0,1.0,2
Jammu,Jammu,Jammu MAM Stadium  482,2025-03,94.0,94.0,37.0,31.0,3.0,3
Jammu,Jammu,Jammu MAM Stadium  482,2025-04,133.0,133.0,52.0,37.0,4.0,4
Jammu,Jammu,Jammu MAM Stadium  482,2025-05,103.0,103.0,49.0,30.333333333333332,9.474172477557124,5
Jammu,Jammu,Jammu MAM Stadium  482,2025-06,84.19931788562502,84.0,38.5,23.666666666666664,2.725326166060041,6
Jammu,Jammu,Jammu MAM Stadium  482,2025-07,65.0,65.0,28.0,17.0,2.0,7
Jammu,Jammu,Jammu MAM Stadium  482,2025-08,56.0,56.0,27.0,13.0,1.0,8
Jammu,Jammu,Jammu MAM Stadium  482,2025-09,55.0,55.0,24.0,15.0,2.0,9
Jammu,Jammu,Jammu MAM Stadium  482,2025-10,69.0,69.0,30.0,19.0,3.0,10
Jammu,Jammu,Jammu MAM Stadium  482,2025-11,106.0,102.0,46.33333333333333,24.0,3.0,11
Jammu,Jammu,Jammu MAM Stadium  482,2025-12,127.0,127.0,62.666666666666664,29.0,3.0,12
Jammu,Jammu,Jammu MAM Stadium  482,2026-01,138.0,138.0,79.0,34.0,3.0,1
Jammu,Jammu,Jammu MAM Stadium  482,2026-02,109.0,109.0,50.0,29.0,3.0,2
Jammu,Jammu,Jammu MAM Stadium  482,2026-03,94.0,94.0,41.0,25.0,2.0,3
Jammu,Jammu,Jammu Manda Zoo,2022-01,94.05218158785783,92.61538461538461,38.38461538461539,23.76923076923077,2.5112268095763217,1
Jammu,Jammu,Jammu Manda Zoo,2022-02,94.05218158785783,91.23076923076923,35.76923076923077,22.53846153846154,4.487933225159465,2
Jammu,Jammu,Jammu Manda Zoo,2022-03,54.738461538461536,91.23076923076923,32.6631995559172,16.733514529847653,3.623796294796823,3
Jammu,Jammu,Jammu Manda Zoo,2022-04,54.738461538461536,91.23076923076923,32.6631995559172,16.07552108858594,3.623796294796823,4
Jammu,Jammu,Jammu Manda Zoo,2022-05,54.738461538461536,91.23076923076923,32.6631995559172,16.07552108858594,3.623796294796823,5
Jammu,Jammu,Jammu Manda Zoo,2022-06,54.738461538461536,91.23076923076923,32.6631995559172,16.07552108858594,3.623796294796823,6
Jammu,Jammu,Jammu Manda Zoo,2022-07,54.738461538461536,91.23076923076923,32.6631995559172,16.07552108858594,3.6237962947968234,7
Jammu,Jammu,Jammu Manda Zoo,2022-08,94.39309303217156,97.17726946547947,45.4194897078592,16.90828403592742,5.830875792682721,8
Jammu,Jammu,Jammu Manda Zoo,2022-09,45.6,76.0,30.400000000000002,30.400000000000002,5.02690885583505,9
Jammu,Jammu,Jammu Manda Zoo,2022-10,45.6,76.0,30.400000000000002,30.400000000000002,4.6111396336377,10
Jammu,Jammu,Jammu Manda Zoo,2022-11,45.6,76.0,29.55466926072707,11.403647949739721,3.8668051825078686,11
Jammu,Jammu,Jammu Manda Zoo,2022-12,76.0,76.0,29.55466926072707,11.403647949739721,3.8668051825078686,12
Jammu,Jammu,Jammu Manda Zoo,2023-01,76.0,76.0,7.0,9.0,2.0,1
Jammu,Jammu,Jammu Manda Zoo,2023-02,80.0,80.0,10.0,5.0,1.0,2
Jammu,Jammu,Jammu Manda Zoo,2023-03,77.03576155084836,78.2,13.0,5.181818181818182,1.9533329514250852,3
Jammu,Jammu,Jammu Manda Zoo,2023-04,77.03576155084836,76.4,29.71503698215724,5.363636363636363,2.027582644487428,4
Jammu,Jammu,Jammu Manda Zoo,2023-05,45.84,76.4,29.71503698215724,11.403647949739721,3.8668051825078686,5
Jammu,Jammu,Jammu Manda Zoo,2023-06,71.0,71.0,27.381420196245138,11.19311757967995,3.8668051825078686,6
Jammu,Jammu,Jammu Manda Zoo,2023-07,71.0,71.0,25.0,13.149730426397582,3.9810587221465696,7
Jammu,Jammu,Jammu Manda Zoo,2023-08,71.0,71.0,25.0,13.516270526758976,3.9810587221465696,8
Jammu,Jammu,Jammu Manda Zoo,2023-09,66.0,66.0,24.0,11.808670007355554,4.082742222733614,9
Jammu,Jammu,Jammu Manda Zoo,2023-10,66.0,66.0,26.0,10.63834601760437,3.9073201338020547,10
Jammu,Jammu,Jammu Manda Zoo,2023-11,65.51989407793891,66.0,27.666666666666668,10.494907216719012,2.0,11
Jammu,Jammu,Jammu Manda Zoo,2023-12,65.51989407793891,71.5,29.333333333333332,12.358208430699452,1.0,12
Jammu,Jammu,Jammu Manda Zoo,2024-01,77.0,77.0,31.0,7.0,2.0,1
Jammu,Jammu,Jammu Manda Zoo,2024-02,81.0,81.0,27.0,5.0,2.0,2
Jammu,Jammu,Jammu Manda Zoo,2024-03,80.0,80.0,29.0,6.0,3.0,3
Jammu,Jammu,Jammu Manda Zoo,2024-04,74.0,74.0,21.0,5.0,2.0,4
Jammu,Jammu,Jammu Manda Zoo,2024-05,61.17035736268216,62.0,21.095238095238095,5.0,2.0069437716933836,5
Jammu,Jammu,Jammu Manda Zoo,2024-06,61.17035736268216,61.8780487804878,21.19047619047619,5.0,1.8633869798754517,6
Jammu,Jammu,Jammu Manda Zoo,2024-07,37.05365853658537,61.75609756097561,35.92907164227069,11.528282393213852,6.256633498302223,7
Jammu,Jammu,Jammu Manda Zoo,2024-08,37.05365853658537,61.75609756097561,35.92907164227069,11.61285731255391,6.256633498302223,8
Jammu,Jammu,Jammu Manda Zoo,2024-09,37.05365853658537,61.75609756097561,35.92907164227069,11.61285731255391,6.256633498302223,9
Jammu,Jammu,Jammu Manda Zoo,2024-10,37.05365853658537,61.75609756097561,35.92907164227069,11.61285731255391,6.256633498302223,10
Jammu,Jammu,Jammu Manda Zoo,2024-11,37.05365853658537,61.75609756097561,35.92907164227069,11.61285731255391,6.256633498302223,11
Jammu,Jammu,Jammu Manda Zoo,2024-12,37.05365853658537,61.75609756097561,35.92907164227069,11.612857312553908,6.256633498302224,12
Jammu,Jammu,Jammu Manda Zoo,2025-01,94.39309303217156,97.17726946547947,45.4194897078592,16.90828403592742,5.830875792682721,1
Jammu,Jammu,Jammu Manda Zoo,2025-02,94.39309303217156,97.17726946547947,45.4194897078592,16.90828403592742,5.830875792682721,2
Jammu,Jammu,Jammu Manda Zoo,2025-03,94.39309303217156,97.17726946547947,45.4194897078592,16.90828403592742,5.830875792682721,3
Jammu,Jammu,Jammu Manda Zoo,2025-04,94.39309303217156,97.17726946547947,45.4194897078592,16.90828403592742,5.830875792682721,4
Jammu,Jammu,Jammu Manda Zoo,2025-05,94.39309303217156,97.17726946547947,45.4194897078592,16.90828403592742,5.830875792682721,5
Jammu,Jammu,Jammu Manda Zoo,2025-06,94.39309303217156,97.17726946547947,45.4194897078592,16.90828403592742,5.830875792682721,6
Jammu,Jammu,Jammu Manda Zoo,2025-07,94.39309303217156,97.17726946547947,45.4194897078592,16.90828403592742,5.830875792682721,7
Jammu,Jammu,Jammu Manda Zoo,2025-08,94.39309303217156,97.17726946547947,45.4194897078592,16.90828403592742,5.830875792682721,8
Jammu,Jammu,Jammu Manda Zoo,2025-09,94.39309303217156,97.17726946547947,45.4194897078592,16.90828403592742,5.830875792682721,9
Jammu,Jammu,Jammu Manda Zoo,2025-10,94.39309303217156,97.17726946547947,45.4194897078592,16.90828403592742,5.830875792682721,10
Jammu,Jammu,Jammu Manda Zoo,2025-11,94.39309303217156,97.17726946547947,45.4194897078592,16.90828403592742,5.830875792682721,11
Jammu,Jammu,Jammu Manda Zoo,2025-12,94.39309303217156,97.17726946547947,45.4194897078592,16.90828403592742,5.830875792682721,12
Jammu,Jammu,Jammu Manda Zoo,2026-01,94.39309303217156,97.17726946547947,45.4194897078592,16.90828403592742,5.830875792682721,1
Jammu,Jammu,Jammu Manda Zoo,2026-02,94.39309303217156,97.17726946547947,45.4194897078592,16.90828403592742,5.830875792682721,2
Jammu,Jammu,Jammu Manda Zoo,2026-03,94.39309303217156,97.17726946547947,45.4194897078592,16.90828403592742,5.830875792682721,3
Jammu,Jammu,Jammu Nagbani Forest Office,2022-01,94.39309303217156,97.17726946547947,45.4194897078592,16.90828403592742,5.830875792682721,1
Jammu,Jammu,Jammu Nagbani Forest Office,2022-02,94.39309303217156,97.17726946547947,45.4194897078592,16.90828403592742,5.830875792682721,2
Jammu,Jammu,Jammu Nagbani Forest Office,2022-03,94.39309303217156,97.17726946547947,45.4194897078592,16.90828403592742,5.830875792682721,3
Jammu,Jammu,Jammu Nagbani Forest Office,2022-04,94.39309303217156,97.17726946547947,45.4194897078592,16.90828403592742,5.830875792682721,4
Jammu,Jammu,Jammu Nagbani Forest Office,2022-05,94.39309303217156,97.17726946547947,45.4194897078592,16.90828403592742,5.830875792682721,5
Jammu,Jammu,Jammu Nagbani Forest Office,2022-06,94.39309303217156,97.17726946547947,45.4194897078592,16.90828403592742,5.830875792682721,6
Jammu,Jammu,Jammu Nagbani Forest Office,2022-07,94.39309303217156,97.17726946547947,45.4194897078592,16.90828403592742,5.830875792682721,7
Jammu,Jammu,Jammu Nagbani Forest Office,2022-08,94.39309303217156,97.17726946547947,45.4194897078592,16.90828403592742,5.830875792682721,8
Jammu,Jammu,Jammu Nagbani Forest Office,2022-09,94.39309303217156,97.17726946547947,45.4194897078592,16.90828403592742,5.830875792682721,9
Jammu,Jammu,Jammu Nagbani Forest Office,2022-10,94.39309303217156,97.17726946547947,45.4194897078592,16.90828403592742,5.830875792682721,10
Jammu,Jammu,Jammu Nagbani Forest Office,2022-11,94.39309303217156,97.17726946547947,45.4194897078592,16.90828403592742,5.830875792682721,11
Jammu,Jammu,Jammu Nagbani Forest Office,2022-12,94.39309303217156,97.17726946547947,45.4194897078592,16.90828403592742,5.830875792682721,12
Jammu,Jammu,Jammu Nagbani Forest Office,2023-01,94.39309303217156,97.17726946547947,45.4194897078592,16.90828403592742,5.830875792682721,1
Jammu,Jammu,Jammu Nagbani Forest Office,2023-02,94.39309303217156,97.17726946547947,45.4194897078592,16.90828403592742,5.830875792682721,2
Jammu,Jammu,Jammu Nagbani Forest Office,2023-03,34.199999999999996,57.0,22.8,22.8,4.161936106835946,3
Jammu,Jammu,Jammu Nagbani Forest Office,2023-04,34.199999999999996,57.0,22.8,22.8,4.606001340947207,4
Jammu,Jammu,Jammu Nagbani Forest Office,2023-05,34.199999999999996,57.0,29.10033320848771,9.89241322172378,4.0058110057011405,5
Jammu,Jammu,Jammu Nagbani Forest Office,2023-06,57.0,57.0,29.10033320848771,9.89241322172378,4.0058110057011405,6
Jammu,Jammu,Jammu Nagbani Forest Office,2023-07,57.0,57.0,25.0,9.89241322172378,3.3133587604700696,7
Jammu,Jammu,Jammu Nagbani Forest Office,2023-08,60.0,60.0,26.0,10.006987550334108,3.3133587604700696,8
Jammu,Jammu,Jammu Nagbani Forest Office,2023-09,55.0,55.0,24.0,9.63543983248399,3.2304928363508933,9
Jammu,Jammu,Jammu Nagbani Forest Office,2023-10,53.0,53.0,25.0,9.81755946648691,3.3133587604700696,10
Jammu,Jammu,Jammu Nagbani Forest Office,2023-11,45.0,54.0,27.0,9.238900412607054,3.467083108059835,11
Jammu,Jammu,Jammu Nagbani Forest Office,2023-12,50.48424793785792,55.0,26.0,10.057532269990885,3.3133587604700696,12
Jammu,Jammu,Jammu Nagbani Forest Office,2024-01,56.0,56.0,25.0,5.0,2.0,1
Jammu,Jammu,Jammu Nagbani Forest Office,2024-02,53.0,53.0,24.0,4.0,2.0,2
Jammu,Jammu,Jammu Nagbani Forest Office,2024-03,74.0,74.0,29.0,5.0,4.0,3
Jammu,Jammu,Jammu Nagbani Forest Office,2024-04,61.0,61.0,24.0,3.0,1.0,4
Jammu,Jammu,Jammu Nagbani Forest Office,2024-05,63.0,63.0,23.0,4.0,2.0,5
Jammu,Jammu,Jammu Nagbani Forest Office,2024-06,81.0,81.0,31.0,6.0,2.0,6
Jammu,Jammu,Jammu Nagbani Forest Office,2024-07,59.0,59.0,21.0,4.0,2.0,7
Jammu,Jammu,Jammu Nagbani Forest Office,2024-08,48.0,48.0,15.0,4.0,2.0,8
Jammu,Jammu,Jammu Nagbani Forest Office,2024-09,62.44186976365565,63.0,15.0,4.5,1.704520764050405,9
Jammu,Jammu,Jammu Nagbani Forest Office,2024-10,78.0,78.0,15.0,5.0,1.0,10
Jammu,Jammu,Jammu Nagbani Forest Office,2024-11,87.7236634253959,86.0,24.0,9.0,2.6457461072548973,11
Jammu,Jammu,Jammu Nagbani Forest Office,2024-12,87.7236634253959,80.0,33.0,15.0,3.8021243346250007,12
Jammu,Jammu,Jammu Nagbani Forest Office,2025-01,83.0,83.0,42.0,17.0,3.0,1
Jammu,Jammu,Jammu Nagbani Forest Office,2025-02,90.0,73.0,65.0,13.0,2.0,2
Jammu,Jammu,Jammu Nagbani Forest Office,2025-03,69.0,69.0,33.0,17.0,2.0,3
Jammu,Jammu,Jammu Nagbani Forest Office,2025-04,90.0,90.0,43.0,7.0,1.0,4
Jammu,Jammu,Jammu Nagbani Forest Office,2025-05,100.0,100.0,50.0,9.333333333333334,4.712100181218527,5
Jammu,Jammu,Jammu Nagbani Forest Office,2025-06,89.0,89.0,5.0,11.666666666666668,2.8358406661380298,6
Jammu,Jammu,Jammu Nagbani Forest Office,2025-07,63.0,63.0,15.5,14.0,2.0,7
Jammu,Jammu,Jammu Nagbani Forest Office,2025-08,50.0,50.0,26.0,16.0,1.0,8
Jammu,Jammu,Jammu Nagbani Forest Office,2025-09,48.0,48.0,9.0,12.0,2.0,9
Jammu,Jammu,Jammu Nagbani Forest Office,2025-10,48.0,48.0,17.5,13.0,2.0,10
Jammu,Jammu,Jammu Nagbani Forest Office,2025-11,60.0,67.0,26.0,20.0,2.0,11
Jammu,Jammu,Jammu Nagbani Forest Office,2025-12,100.0,86.0,28.666666666666668,24.0,2.0,12
Jammu,Jammu,Jammu Nagbani Forest Office,2026-01,105.0,105.0,31.333333333333332,28.0,2.0,1
Jammu,Jammu,Jammu Nagbani Forest Office,2026-02,93.0,93.0,34.0,27.0,2.0,2
Jammu,Jammu,Jammu Nagbani Forest Office,2026-03,83.0,83.0,43.0,26.0,2.0,3
Jammu,Jammu,Jammu PDD Power House near High Court Janipur 1071,2022-01,74.0,74.0,40.125,20.0,3.0,1
Jammu,Jammu,Jammu PDD Power House near High Court Janipur 1071,2022-02,115.0,115.0,37.25,16.0,3.0,2
Jammu,Jammu,Jammu PDD Power House near High Court Janipur 1071,2022-03,106.0,106.0,47.847231934950955,18.0,2.0,3
Jammu,Jammu,Jammu PDD Power House near High Court Janipur 1071,2022-04,93.61287371363598,97.2,34.034447445215974,18.857142857142858,4.687385951249457,4
Jammu,Jammu,Jammu PDD Power House near High Court Janipur 1071,2022-05,93.61287371363598,88.4,26.51122267979937,19.714285714285715,3.583554660680032,5
Jammu,Jammu,Jammu PDD Power House near High Court Janipur 1071,2022-06,53.04,88.4,30.76629582413659,15.244371373092914,3.5870886293675532,6
Jammu,Jammu,Jammu PDD Power House near High Court Janipur 1071,2022-07,62.0,62.0,29.160932594322343,10.525676522406739,3.2052853695001375,7
Jammu,Jammu,Jammu PDD Power House near High Court Janipur 1071,2022-08,62.0,62.0,20.0,11.766223763553148,3.7133515753241215,8
Jammu,Jammu,Jammu PDD Power House near High Court Janipur 1071,2022-09,80.0,80.0,7.0,14.056953476174241,3.54708984483402,9
Jammu,Jammu,Jammu PDD Power House near High Court Janipur 1071,2022-10,106.0,106.0,41.0,24.0,2.0,10
Jammu,Jammu,Jammu PDD Power House near High Court Janipur 1071,2022-11,106.3222211265914,108.75,39.5,11.0,2.0,11
Jammu,Jammu,Jammu PDD Power House near High Court Janipur 1071,2022-12,106.3222211265914,111.5,38.0,12.0,4.658347089601394,12
Jammu,Jammu,Jammu PDD Power House near High Court Janipur 1071,2023-01,117.0,114.25,35.0,8.5,4.498586319349896,1
Jammu,Jammu,Jammu PDD Power House near High Court Janipur 1071,2023-02,117.0,117.0,32.0,5.0,3.9780549556396876,2
Jammu,Jammu,Jammu PDD Power House near High Court Janipur 1071,2023-03,125.0,125.0,23.0,10.0,5.419543443807956,3
Jammu,Jammu,Jammu PDD Power House near High Court Janipur 1071,2023-04,113.0,113.0,18.0,15.0,2.0,4
Jammu,Jammu,Jammu PDD Power House near High Court Janipur 1071,2023-05,112.0,112.0,10.0,13.0,2.0,5
Jammu,Jammu,Jammu PDD Power House near High Court Janipur 1071,2023-06,105.0,105.0,23.0,13.0,2.0,6
Jammu,Jammu,Jammu PDD Power House near High Court Janipur 1071,2023-07,92.0,92.0,19.0,9.0,1.0,7
Jammu,Jammu,Jammu PDD Power House near High Court Janipur 1071,2023-08,85.0,85.0,23.0,15.0,3.0,8
Jammu,Jammu,Jammu PDD Power House near High Court Janipur 1071,2023-09,80.0,80.0,25.0,17.0,3.0,9
Jammu,Jammu,Jammu PDD Power House near High Court Janipur 1071,2023-10,84.0,84.0,19.0,17.0,3.0,10
Jammu,Jammu,Jammu PDD Power House near High Court Janipur 1071,2023-11,105.0,105.0,35.0,20.0,3.0,11
Jammu,Jammu,Jammu PDD Power House near High Court Janipur 1071,2023-12,98.0,98.0,25.0,22.0,3.0,12
Jammu,Jammu,Jammu PDD Power House near High Court Janipur 1071,2024-01,108.0,108.0,34.0,20.0,2.0,1
Jammu,Jammu,Jammu PDD Power House near High Court Janipur 1071,2024-02,91.0,91.0,28.0,16.0,2.0,2
Jammu,Jammu,Jammu PDD Power House near High Court Janipur 1071,2024-03,98.0,98.0,27.0,18.0,3.0,3
Jammu,Jammu,Jammu PDD Power House near High Court Janipur 1071,2024-04,96.0,96.0,26.0,13.0,3.0,4
Jammu,Jammu,Jammu PDD Power House near High Court Janipur 1071,2024-05,102.0,102.0,17.0,20.0,4.0,5
Jammu,Jammu,Jammu PDD Power House near High Court Janipur 1071,2024-06,106.0,106.0,21.0,19.0,3.0,6
Jammu,Jammu,Jammu PDD Power House near High Court Janipur 1071,2024-07,94.0,94.0,6.0,14.0,2.0,7
Jammu,Jammu,Jammu PDD Power House near High Court Janipur 1071,2024-08,72.0,72.0,12.5,10.0,1.0,8
Jammu,Jammu,Jammu PDD Power House near High Court Janipur 1071,2024-09,81.0,81.0,19.0,14.5,4.006702617611334,9
Jammu,Jammu,Jammu PDD Power House near High Court Janipur 1071,2024-10,115.0,115.0,25.5,19.0,4.0,10
Jammu,Jammu,Jammu PDD Power House near High Court Janipur 1071,2024-11,130.0,129.0,32.0,22.0,4.0,11
Jammu,Jammu,Jammu PDD Power House near High Court Janipur 1071,2024-12,128.0,146.0,83.0,24.0,4.0,12
Jammu,Jammu,Jammu PDD Power House near High Court Janipur 1071,2025-01,163.0,163.0,93.0,26.0,4.0,1
Jammu,Jammu,Jammu PDD Power House near High Court Janipur 1071,2025-02,85.0,55.0,58.0,13.0,1.0,2
Jammu,Jammu,Jammu PDD Power House near High Court Janipur 1071,2025-03,93.0,93.0,47.0,28.0,3.0,3
Jammu,Jammu,Jammu PDD Power House near High Court Janipur 1071,2025-04,111.0,111.0,59.0,31.0,3.0,4
Jammu,Jammu,Jammu PDD Power House near High Court Janipur 1071,2025-05,103.0,103.0,57.0,27.333333333333332,8.007453430947237,5
Jammu,Jammu,Jammu PDD Power House near High Court Janipur 1071,2025-06,104.0,104.0,49.0,23.666666666666668,5.699802974819546,6
Jammu,Jammu,Jammu PDD Power House near High Court Janipur 1071,2025-07,79.0,79.0,26.0,20.0,2.0,7
Jammu,Jammu,Jammu PDD Power House near High Court Janipur 1071,2025-08,69.0,69.0,28.0,16.0,1.0,8
Jammu,Jammu,Jammu PDD Power House near High Court Janipur 1071,2025-09,71.0,71.0,4.0,17.0,2.0,9
Jammu,Jammu,Jammu PDD Power House near High Court Janipur 1071,2025-10,104.0,104.0,37.0,23.0,3.0,10
Jammu,Jammu,Jammu PDD Power House near High Court Janipur 1071,2025-11,109.0,109.0,31.333333333333332,28.0,3.0,11
Jammu,Jammu,Jammu PDD Power House near High Court Janipur 1071,2025-12,129.0,129.0,25.666666666666664,34.0,4.0,12
Jammu,Jammu,Jammu PDD Power House near High Court Janipur 1071,2026-01,124.0,124.0,20.0,35.0,3.0,1
Jammu,Jammu,Jammu PDD Power House near High Court Janipur 1071,2026-02,112.0,112.0,71.0,31.0,3.0,2
Jammu,Jammu,Jammu PDD Power House near High Court Janipur 1071,2026-03,110.0,110.0,57.0,28.0,2.0,3
Jammu,Jammu,Jammu Sidhra Forest Nursery,2022-01,105.77134212517915,107.10526315789474,55.36842105263158,26.956521739130434,5.586744554346093,1
Jammu,Jammu,Jammu Sidhra Forest Nursery,2022-02,105.77134212517915,104.21052631578948,53.73684210526316,25.91304347826087,5.458171914462661,2
Jammu,Jammu,Jammu Sidhra Forest Nursery,2022-03,62.526315789473685,104.21052631578948,36.01789376711078,16.772685588197497,4.081249287430726,3
Jammu,Jammu,Jammu Sidhra Forest Nursery,2022-04,62.526315789473685,104.21052631578948,33.58104572010595,16.882879542703225,3.6362194186693144,4
Jammu,Jammu,Jammu Sidhra Forest Nursery,2022-05,62.526315789473685,104.21052631578948,33.58104572010595,16.882879542703225,3.6362194186693144,5
Jammu,Jammu,Jammu Sidhra Forest Nursery,2022-06,62.526315789473685,104.21052631578948,33.58104572010595,16.882879542703225,3.6362194186693144,6
Jammu,Jammu,Jammu Sidhra Forest Nursery,2022-07,62.52631578947368,104.21052631578948,33.58104572010595,16.882879542703225,3.6362194186693144,7
Jammu,Jammu,Jammu Sidhra Forest Nursery,2022-08,94.39309303217156,97.17726946547947,45.4194897078592,16.90828403592742,5.830875792682721,8
Jammu,Jammu,Jammu Sidhra Forest Nursery,2022-09,94.39309303217156,97.17726946547947,45.4194897078592,16.90828403592742,5.830875792682721,9
Jammu,Jammu,Jammu Sidhra Forest Nursery,2022-10,94.39309303217156,97.17726946547947,45.4194897078592,16.90828403592742,5.830875792682721,10
Jammu,Jammu,Jammu Sidhra Forest Nursery,2022-11,94.39309303217156,97.17726946547947,45.4194897078592,16.90828403592742,5.830875792682721,11
Jammu,Jammu,Jammu Sidhra Forest Nursery,2022-12,94.39309303217156,97.17726946547947,45.4194897078592,16.90828403592742,5.830875792682721,12
Jammu,Jammu,Jammu Sidhra Forest Nursery,2023-01,94.39309303217156,97.17726946547947,45.4194897078592,16.90828403592742,5.830875792682721,1
Jammu,Jammu,Jammu Sidhra Forest Nursery,2023-02,94.39309303217156,97.17726946547947,45.4194897078592,16.90828403592742,5.830875792682721,2
Jammu,Jammu,Jammu Sidhra Forest Nursery,2023-03,33.0,55.0,22.0,22.0,4.159531369757586,3
Jammu,Jammu,Jammu Sidhra Forest Nursery,2023-04,33.0,55.0,22.0,22.0,4.415164504168864,4
Jammu,Jammu,Jammu Sidhra Forest Nursery,2023-05,33.0,55.0,30.54493214183771,9.917398859233987,4.697294039085102,5
Jammu,Jammu,Jammu Sidhra Forest Nursery,2023-06,55.0,55.0,30.54493214183771,9.917398859233987,4.697294039085102,6
Jammu,Jammu,Jammu Sidhra Forest Nursery,2023-07,55.0,55.0,26.0,9.917398859233987,3.3133587604700696,7
Jammu,Jammu,Jammu Sidhra Forest Nursery,2023-08,55.0,55.0,22.0,9.917398859233987,3.3133587604700696,8
Jammu,Jammu,Jammu Sidhra Forest Nursery,2023-09,56.0,56.0,4.0,9.917398859233987,3.223136635102248,9
Jammu,Jammu,Jammu Sidhra Forest Nursery,2023-10,57.0,57.0,23.0,10.200413320664424,3.3133587604700696,10
Jammu,Jammu,Jammu Sidhra Forest Nursery,2023-11,74.0,63.0,16.0,4.0,1.0,11
Jammu,Jammu,Jammu Sidhra Forest Nursery,2023-12,78.84657801716924,69.0,23.5,5.0,1.847892660644763,12
Jammu,Jammu,Jammu Sidhra Forest Nursery,2024-01,75.0,75.0,31.0,5.0,2.0,1
Jammu,Jammu,Jammu Sidhra Forest Nursery,2024-02,66.0,66.0,27.0,5.0,2.0,2
Jammu,Jammu,Jammu Sidhra Forest Nursery,2024-03,75.0,75.0,30.0,4.0,2.0,3
Jammu,Jammu,Jammu Sidhra Forest Nursery,2024-04,66.0,66.0,12.0,3.0,2.0,4
Jammu,Jammu,Jammu Sidhra Forest Nursery,2024-05,58.0,58.0,24.0,3.0,1.0,5
Jammu,Jammu,Jammu Sidhra Forest Nursery,2024-06,66.0,66.0,25.0,3.0,2.0,6
Jammu,Jammu,Jammu Sidhra Forest Nursery,2024-07,63.0,63.0,24.0,2.0,2.0,7
Jammu,Jammu,Jammu Sidhra Forest Nursery,2024-08,50.0,50.0,2.0,2.0,1.0,8
Jammu,Jammu,Jammu Sidhra Forest Nursery,2024-09,66.0,66.0,25.0,2.5,1.4869873478365825,9
Jammu,Jammu,Jammu Sidhra Forest Nursery,2024-10,80.0,80.0,17.0,3.0,1.0,10
Jammu,Jammu,Jammu Sidhra Forest Nursery,2024-11,95.0,95.0,28.5,8.0,1.0,11
Jammu,Jammu,Jammu Sidhra Forest Nursery,2024-12,99.0,101.5,40.0,12.0,2.0,12
Jammu,Jammu,Jammu Sidhra Forest Nursery,2025-01,108.0,108.0,44.0,24.0,3.0,1
Jammu,Jammu,Jammu Sidhra Forest Nursery,2025-02,67.0,31.0,52.0,8.0,1.0,2
Jammu,Jammu,Jammu Sidhra Forest Nursery,2025-03,77.0,77.0,32.0,20.0,2.0,3
Jammu,Jammu,Jammu Sidhra Forest Nursery,2025-04,84.0,84.0,30.0,9.0,1.0,4
Jammu,Jammu,Jammu Sidhra Forest Nursery,2025-05,92.0,92.0,28.0,10.666666666666666,2.985819114976509,5
Jammu,Jammu,Jammu Sidhra Forest Nursery,2025-06,90.0,90.0,21.75,12.333333333333334,2.91363966763336,6
Jammu,Jammu,Jammu Sidhra Forest Nursery,2025-07,63.0,63.0,15.5,14.0,2.0,7
Jammu,Jammu,Jammu Sidhra Forest Nursery,2025-08,53.0,53.0,9.25,12.0,1.0,8
Jammu,Jammu,Jammu Sidhra Forest Nursery,2025-09,52.0,52.0,3.0,13.0,2.0,9
Jammu,Jammu,Jammu Sidhra Forest Nursery,2025-10,60.0,60.0,15.0,13.0,3.7962174994432982,10
Jammu,Jammu,Jammu Sidhra Forest Nursery,2025-11,73.0,73.0,27.0,18.0,4.531812769921019,11
Jammu,Jammu,Jammu Sidhra Forest Nursery,2025-12,103.0,92.5,31.333333333333332,23.0,4.865096371422995,12
Jammu,Jammu,Jammu Sidhra Forest Nursery,2026-01,112.0,112.0,35.666666666666664,28.0,2.0,1
Jammu,Jammu,Jammu Sidhra Forest Nursery,2026-02,92.0,92.0,40.0,27.0,2.0,2
Jammu,Jammu,Jammu Sidhra Forest Nursery,2026-03,78.0,78.0,22.0,22.0,2.0,3
Jammu,Jammu,Jammu Vikram Chowk Forest Information Center 1072,2022-01,67.0,67.0,18.0,21.0,3.0,1
Jammu,Jammu,Jammu Vikram Chowk Forest Information Center 1072,2022-02,343.0,343.0,75.0,34.0,3.0,2
Jammu,Jammu,Jammu Vikram Chowk Forest Information Center 1072,2022-03,448.0,448.0,85.0,39.0,7.0,3
Jammu,Jammu,Jammu Vikram Chowk Forest Information Center 1072,2022-04,324.04100781687754,399.0,77.8,36.4,7.393091649156094,4
Jammu,Jammu,Jammu Vikram Chowk Forest Information Center 1072,2022-05,324.04100781687754,350.0,70.6,33.8,12.042413024931587,5
Jammu,Jammu,Jammu Vikram Chowk Forest Information Center 1072,2022-06,210.0,350.0,42.956133710653724,26.66523969631055,15.93738935413742,6
Jammu,Jammu,Jammu Vikram Chowk Forest Information Center 1072,2022-07,203.0,203.0,42.956133710653724,24.66213499250149,16.407555306751608,7
Jammu,Jammu,Jammu Vikram Chowk Forest Information Center 1072,2022-08,203.0,203.0,49.0,26.0,4.0,8
Jammu,Jammu,Jammu Vikram Chowk Forest Information Center 1072,2022-09,71.0,70.0,15.0,22.0,3.0,9
Jammu,Jammu,Jammu Vikram Chowk Forest Information Center 1072,2022-10,102.0,102.0,46.0,24.0,3.0,10
Jammu,Jammu,Jammu Vikram Chowk Forest Information Center 1072,2022-11,106.48092735331436,103.66666666666667,48.0,22.0,7.3040705553689795,11
Jammu,Jammu,Jammu Vikram Chowk Forest Information Center 1072,2022-12,106.48092735331436,105.33333333333333,58.0,20.0,7.099623645059086,12
Jammu,Jammu,Jammu Vikram Chowk Forest Information Center 1072,2023-01,107.0,107.0,33.0,18.0,3.0,1
Jammu,Jammu,Jammu Vikram Chowk Forest Information Center 1072,2023-02,113.0,113.0,49.0,6.0,3.2048987667996447,2
Jammu,Jammu,Jammu Vikram Chowk Forest Information Center 1072,2023-03,114.0,114.0,55.0,13.5,6.529768195868917,3
Jammu,Jammu,Jammu Vikram Chowk Forest Information Center 1072,2023-04,100.0,100.0,40.0,21.0,2.0,4
Jammu,Jammu,Jammu Vikram Chowk Forest Information Center 1072,2023-05,81.0,81.0,35.0,16.0,2.0,5
Jammu,Jammu,Jammu Vikram Chowk Forest Information Center 1072,2023-06,90.0,90.0,30.0,19.0,3.0,6
Jammu,Jammu,Jammu Vikram Chowk Forest Information Center 1072,2023-07,85.0,85.0,37.0,17.0,3.0,7
Jammu,Jammu,Jammu Vikram Chowk Forest Information Center 1072,2023-08,76.0,76.0,32.0,20.0,3.0,8
Jammu,Jammu,Jammu Vikram Chowk Forest Information Center 1072,2023-09,75.0,75.0,35.0,22.0,3.0,9
Jammu,Jammu,Jammu Vikram Chowk Forest Information Center 1072,2023-10,67.92031458709889,68.0,31.0,21.0,3.0,10
Jammu,Jammu,Jammu Vikram Chowk Forest Information Center 1072,2023-11,67.92031458709889,104.0,37.0,20.0,5.0,11
Jammu,Jammu,Jammu Vikram Chowk Forest Information Center 1072,2023-12,98.0,104.0,39.0,19.0,4.687385951249457,12
Jammu,Jammu,Jammu Vikram Chowk Forest Information Center 1072,2024-01,98.0,98.0,39.0,18.0,2.0,1
Jammu,Jammu,Jammu Vikram Chowk Forest Information Center 1072,2024-02,102.0,102.0,34.0,17.0,3.0,2
Jammu,Jammu,Jammu Vikram Chowk Forest Information Center 1072,2024-03,110.0,110.0,38.0,21.0,6.0,3
Jammu,Jammu,Jammu Vikram Chowk Forest Information Center 1072,2024-04,95.0,95.0,34.0,13.0,2.0,4
Jammu,Jammu,Jammu Vikram Chowk Forest Information Center 1072,2024-05,106.0,106.0,39.0,19.0,4.0,5
Jammu,Jammu,Jammu Vikram Chowk Forest Information Center 1072,2024-06,109.0,109.0,37.0,14.0,2.0,6
Jammu,Jammu,Jammu Vikram Chowk Forest Information Center 1072,2024-07,99.0,99.0,35.0,13.0,2.0,7
Jammu,Jammu,Jammu Vikram Chowk Forest Information Center 1072,2024-08,76.0,76.0,33.0,13.0,2.0,8
Jammu,Jammu,Jammu Vikram Chowk Forest Information Center 1072,2024-09,97.0,97.0,36.05640780920144,17.6,4.932128612481652,9
Jammu,Jammu,Jammu Vikram Chowk Forest Information Center 1072,2024-10,134.0,134.0,48.72981557108697,22.2,4.0,10
Jammu,Jammu,Jammu Vikram Chowk Forest Information Center 1072,2024-11,185.0,185.0,27.0,22.831760845686365,7.0,11
Jammu,Jammu,Jammu Vikram Chowk Forest Information Center 1072,2024-12,171.0,171.0,61.5,25.86909052792005,4.0,12
Jammu,Jammu,Jammu Vikram Chowk Forest Information Center 1072,2025-01,180.0,180.0,96.0,36.0,5.0,1
Jammu,Jammu,Jammu Vikram Chowk Forest Information Center 1072,2025-02,134.0,105.0,94.0,27.0,3.0,2
Jammu,Jammu,Jammu Vikram Chowk Forest Information Center 1072,2025-03,102.0,102.0,51.0,32.0,3.0,3
Jammu,Jammu,Jammu Vikram Chowk Forest Information Center 1072,2025-04,115.0,115.0,55.0,31.0,3.0,4
Jammu,Jammu,Jammu Vikram Chowk Forest Information Center 1072,2025-05,118.0,118.0,63.0,28.666666666666668,9.237722572074706,5
Jammu,Jammu,Jammu Vikram Chowk Forest Information Center 1072,2025-06,110.0,110.0,56.0,26.333333333333332,8.282491265700463,6
Jammu,Jammu,Jammu Vikram Chowk Forest Information Center 1072,2025-07,84.0,84.0,29.0,24.0,2.0,7
Jammu,Jammu,Jammu Vikram Chowk Forest Information Center 1072,2025-08,64.0,64.0,29.0,21.0,2.0,8
Jammu,Jammu,Jammu Vikram Chowk Forest Information Center 1072,2025-09,74.0,74.0,22.0,16.0,2.0,9
Jammu,Jammu,Jammu Vikram Chowk Forest Information Center 1072,2025-10,110.0,110.0,51.0,25.0,4.0,10
Jammu,Jammu,Jammu Vikram Chowk Forest Information Center 1072,2025-11,127.0,127.0,59.0,35.0,3.0,11
Jammu,Jammu,Jammu Vikram Chowk Forest Information Center 1072,2025-12,133.0,133.0,80.0,39.0,3.0,12
Jammu,Jammu,Jammu Vikram Chowk Forest Information Center 1072,2026-01,162.0,162.0,101.0,45.0,3.0,1
Jammu,Jammu,Jammu Vikram Chowk Forest Information Center 1072,2026-02,140.0,140.0,74.0,41.0,4.0,2
Jammu,Jammu,Jammu Vikram Chowk Forest Information Center 1072,2026-03,144.0,144.0,71.0,40.0,4.0,3
Jammu,Jammu,Samba BariBrahmna Industrial area 507,2022-01,134.0,134.0,46.0,26.0,2.0,1
Jammu,Jammu,Samba BariBrahmna Industrial area 507,2022-02,178.0,178.0,64.0,28.0,5.0,2
Jammu,Jammu,Samba BariBrahmna Industrial area 507,2022-03,166.0,166.0,60.0,26.0,5.0,3
Jammu,Jammu,Samba BariBrahmna Industrial area 507,2022-04,178.0,178.0,61.0,29.0,3.0,4
Jammu,Jammu,Samba BariBrahmna Industrial area 507,2022-05,182.0,182.0,73.0,34.0,4.0,5
Jammu,Jammu,Samba BariBrahmna Industrial area 507,2022-06,207.0,207.0,78.0,38.0,4.0,6
Jammu,Jammu,Samba BariBrahmna Industrial area 507,2022-07,138.0,138.0,52.0,28.0,4.0,7
Jammu,Jammu,Samba BariBrahmna Industrial area 507,2022-08,143.0,143.0,43.0,25.0,3.0,8
Jammu,Jammu,Samba BariBrahmna Industrial area 507,2022-09,124.0,124.0,13.0,25.0,3.0,9
Jammu,Jammu,Samba BariBrahmna Industrial area 507,2022-10,145.0,145.0,23.75,26.0,3.0,10
Jammu,Jammu,Samba BariBrahmna Industrial area 507,2022-11,157.8995987875709,161.0,34.5,27.0,2.0,11
Jammu,Jammu,Samba BariBrahmna Industrial area 507,2022-12,157.8995987875709,120.0,45.25,28.0,9.905197269319741,12
Jammu,Jammu,Samba BariBrahmna Industrial area 507,2023-01,131.0,131.0,56.0,29.0,3.0,1
Jammu,Jammu,Samba BariBrahmna Industrial area 507,2023-02,120.0,120.0,16.0,26.5,5.03799804539614,2
Jammu,Jammu,Samba BariBrahmna Industrial area 507,2023-03,128.0,128.0,18.0,24.0,2.0,3
Jammu,Jammu,Samba BariBrahmna Industrial area 507,2023-04,124.0,124.0,20.0,25.0,3.0,4
Jammu,Jammu,Samba BariBrahmna Industrial area 507,2023-05,113.0,113.0,34.0,24.5,5.4547957669040965,5
Jammu,Jammu,Samba BariBrahmna Industrial area 507,2023-06,111.0,111.0,40.0,24.0,4.0,6
Jammu,Jammu,Samba BariBrahmna Industrial area 507,2023-07,102.0,102.0,34.0,18.0,2.0,7
Jammu,Jammu,Samba BariBrahmna Industrial area 507,2023-08,102.0,102.0,22.0,24.0,4.0,8
Jammu,Jammu,Samba BariBrahmna Industrial area 507,2023-09,95.0,95.0,8.0,23.0,4.0,9
Jammu,Jammu,Samba BariBrahmna Industrial area 507,2023-10,94.0,94.0,9.583333333333334,22.56756756756757,4.0,10
Jammu,Kathua,Kathua Forest Complex 1069,2022-01,96.0,96.0,11.166666666666666,22.135135135135137,3.3287188002920978,1
Jammu,Kathua,Kathua Forest Complex 1069,2022-02,85.0,85.0,28.848905427956485,14.728821105733523,2.996268314279938,2
Jammu,Kathua,Kathua Forest Complex 1069,2022-03,77.0,77.0,30.79196440848428,15.195799435826858,3.7654166691957283,3
Jammu,Kathua,Kathua Forest Complex 1069,2022-04,89.08767375897682,90.0,33.52118488149066,14.638026111150936,4.381460382771765,4
Jammu,Kathua,Kathua Forest Complex 1069,2022-05,89.08767375897682,103.0,38.33562787588486,16.228674425520175,4.068826163558235,5
Jammu,Kathua,Kathua Forest Complex 1069,2022-06,116.0,116.0,50.17370087991491,19.98355782681417,7.420121776716782,6
Jammu,Kathua,Kathua Forest Complex 1069,2022-07,117.0,117.0,54.46113741735593,20.98475740263253,9.27368694138073,7
Jammu,Kathua,Kathua Forest Complex 1069,2022-08,106.4517942630235,105.0,45.66087274707444,19.351181393017836,8.315526286104486,8
Jammu,Kathua,Kathua Forest Complex 1069,2022-09,106.4517942630235,93.0,38.15235875624636,17.850388023964477,4.2323638361953,9
Jammu,Kathua,Kathua Forest Complex 1069,2022-10,81.0,81.0,25.860945080859917,15.521142251502583,3.0045467245072723,10
Jammu,Kathua,Kathua Forest Complex 1069,2022-11,72.50222705158033,71.0,27.0,15.258476131988589,3.8793215525693068,11
Jammu,Kathua,Kathua Forest Complex 1069,2022-12,72.50222705158033,76.0,26.181818181818183,13.555129931582991,3.9810587221465696,12
Jammu,Kathua,Kathua Forest Complex 1069,2023-01,83.0,83.0,25.363636363636363,14.747723493977018,3.7622108124822162,1
Jammu,Kathua,Kathua Forest Complex 1069,2023-02,80.0,80.0,29.91300172193315,12.403037578640115,3.3078799427892154,2
Jammu,Kathua,Kathua Forest Complex 1069,2023-03,72.0,72.0,26.75192454826925,12.687219201172931,3.8793215525693068,3
Jammu,Kathua,Kathua Forest Complex 1069,2023-04,81.0,81.0,28.31999717821089,13.930681927945745,4.151108351747411,4
Jammu,Kathua,Kathua Forest Complex 1069,2023-05,86.0,86.0,34.595789630239125,16.490358895428507,4.781014063717078,5
Jammu,Kathua,Kathua Forest Complex 1069,2023-06,88.0,88.0,34.195409564040176,14.112556282630395,4.068826163558235,6
Jammu,Kathua,Kathua Forest Complex 1069,2023-07,83.06227064380656,84.33333333333333,34.53172172784067,14.607477915498416,4.068826163558235,7
Jammu,Kathua,Kathua Forest Complex 1069,2023-08,83.06227064380656,80.66666666666667,31.440600715865035,13.263476285082044,3.8021243346250007,8
Jammu,Kathua,Kathua Forest Complex 1069,2023-09,77.0,77.0,29.561979388680943,13.770607985592262,3.9322604420830616,9
Jammu,Kathua,Kathua Forest Complex 1069,2023-10,81.0,81.0,18.0,13.657600580762335,3.7878547079469813,10
Jammu,Kathua,Kathua Forest Complex 1069,2023-11,79.0,79.0,16.333333333333332,12.269004059852875,3.7878547079469813,11
Jammu,Kathua,Kathua Forest Complex 1069,2023-12,80.0,80.0,14.666666666666666,13.657600580762335,3.7878547079469813,12
Jammu,Kathua,Kathua Forest Complex 1069,2024-01,88.0,88.0,13.0,13.067151591160014,3.633187254570692,1
Jammu,Kathua,Kathua Forest Complex 1069,2024-02,78.0,78.0,14.5,12.550729545583662,3.0301906199720374,2
Jammu,Kathua,Kathua Forest Complex 1069,2024-03,81.0,81.0,16.0,13.624047654995138,3.7878547079469813,3
Jammu,Kathua,Kathua Forest Complex 1069,2024-04,83.0,83.0,15.0,13.536550314096734,3.7878547079469813,4
Jammu,Kathua,Kathua Forest Complex 1069,2024-05,83.0,83.0,14.2,14.791113316218954,3.163474208653139,5
Jammu,Kathua,Kathua Forest Complex 1069,2024-06,86.0,86.0,13.4,14.347936013000098,3.0088067552768525,6
Jammu,Kathua,Kathua Forest Complex 1069,2024-07,81.0,81.0,32.035205350205764,13.657600580762335,3.8021243346250007,7
Jammu,Kathua,Kathua Forest Complex 1069,2024-08,81.0,81.0,30.705485867594383,13.770607985592262,4.523080757170671,8
Jammu,Kathua,Kathua Forest Complex 1069,2024-09,81.0,81.0,27.91507887556395,13.657600580762335,3.9322604420830616,9
Jammu,Kathua,Kathua Forest Complex 1069,2024-10,87.0,87.0,32.8990177909781,14.029950349324633,4.381460382771765,10
Jammu,Kathua,Kathua Forest Complex 1069,2024-11,108.0,108.0,46.56860750317714,18.275814894610917,7.264869269271251,11
Jammu,Kathua,Kathua Forest Complex 1069,2024-12,105.0,109.0,56.852263447133794,7.0,1.0,12
Jammu,Kathua,Kathua Forest Complex 1069,2025-01,110.0,110.0,55.85025308929697,7.0,2.0,1
Jammu,Kathua,Kathua Forest Complex 1069,2025-02,104.0,104.0,7.0,9.0,3.0,2
Jammu,Kathua,Kathua Forest Complex 1069,2025-03,100.0,100.0,16.0,9.0,3.0,3
Jammu,Kathua,Kathua Forest Complex 1069,2025-04,98.0,98.0,15.0,9.0,3.0,4
Jammu,Kathua,Kathua Forest Complex 1069,2025-05,92.0,92.0,15.0,9.0,3.0,5
Jammu,Kathua,Kathua Forest Complex 1069,2025-06,85.0,85.0,11.0,7.0,2.0,6
Jammu,Kathua,Kathua Forest Complex 1069,2025-07,78.0,78.0,9.0,8.0,2.0,7
Jammu,Kathua,Kathua Forest Complex 1069,2025-08,75.0,75.0,8.0,6.0,2.0,8
Jammu,Kathua,Kathua Forest Complex 1069,2025-09,80.0,80.0,10.0,7.0,3.0,9
Jammu,Kathua,Kathua Forest Complex 1069,2025-10,95.0,95.0,10.5,6.0,2.0,10
Jammu,Kathua,Kathua Forest Complex 1069,2025-11,87.0,87.0,11.0,7.0,3.0,11
Jammu,Kathua,Kathua Forest Complex 1069,2025-12,94.0,94.0,13.0,7.0,3.0,12
Jammu,Kathua,Kathua Forest Complex 1069,2026-01,91.0,91.0,11.0,8.0,4.0,1
Jammu,Kathua,Kathua Forest Complex 1069,2026-02,96.0,96.0,18.0,8.0,3.0,2
Jammu,Kathua,Kathua Forest Complex 1069,2026-03,133.49898059975075,137.5,52.0,7.973684210526316,2.99718989810564,3
Jammu,Kathua,Kathua Industrial Area 1068,2022-01,179.0,179.0,86.0,7.947368421052632,5.627108525628284,1
Jammu,Kathua,Kathua Industrial Area 1068,2022-02,65.0,65.0,72.0,14.206248940372266,3.687075027160515,2
Jammu,Kathua,Kathua Industrial Area 1068,2022-03,194.0,194.0,58.0,29.72874164395305,7.43271312497355,3
Jammu,Kathua,Kathua Industrial Area 1068,2022-04,191.0,191.0,54.0,26.334875214894225,13.592437481476448,4
Jammu,Kathua,Kathua Industrial Area 1068,2022-05,206.0,206.0,51.0,29.688647573460177,16.842971092790105,5
Jammu,Kathua,Kathua Industrial Area 1068,2022-06,200.0,200.0,42.0,29.440398489453212,16.56715659123408,6
Jammu,Kathua,Kathua Industrial Area 1068,2022-07,126.0,126.0,33.0,25.01213021692131,7.252791727418871,7
Jammu,Kathua,Kathua Industrial Area 1068,2022-08,155.0,155.0,30.666666666666668,27.942860947431672,6.156342324486154,8
Jammu,Kathua,Kathua Industrial Area 1068,2022-09,137.71297434163398,133.5,28.333333333333332,20.780342817452905,7.084217847365506,9
Jammu,Kathua,Kathua Industrial Area 1068,2022-10,112.0,112.0,26.0,20.506151046665973,6.645726984697836,10
Jammu,Kathua,Kathua Industrial Area 1068,2022-11,142.0,142.0,32.0,26.517643923252134,5.86758739413205,11
Jammu,Kathua,Kathua Industrial Area 1068,2022-12,164.0,164.0,33.0,25.414669414625124,9.018983078665945,12
Jammu,Kathua,Kathua Industrial Area 1068,2023-01,149.0,149.0,30.0,29.447361784736707,12.462885325691264,1
Jammu,Kathua,Kathua Industrial Area 1068,2023-02,170.0,170.0,48.0,27.5024114845099,11.654661549345507,2
Jammu,Kathua,Kathua Industrial Area 1068,2023-03,163.0,163.0,15.0,27.7593981028641,9.343947691113204,3
Jammu,Kathua,Kathua Industrial Area 1068,2023-04,159.0,159.0,29.0,26.376602466790818,9.383195494823724,4
Jammu,Kathua,Kathua Industrial Area 1068,2023-05,145.0,145.0,18.0,23.927031702539843,10.239026203680309,5
Jammu,Kathua,Kathua Industrial Area 1068,2023-06,163.0,163.0,24.0,28.452922006669976,8.954091379490661,6
Jammu,Kathua,Kathua Industrial Area 1068,2023-07,158.98990031421346,161.33333333333334,23.0,28.809452300368307,10.093767865283025,7
Jammu,Kathua,Kathua Industrial Area 1068,2023-08,158.98990031421346,159.66666666666666,22.0,27.26654303846824,10.163675912953133,8
Jammu,Kathua,Kathua Industrial Area 1068,2023-09,158.0,158.0,21.0,26.596147843557613,10.163675912953133,9
Jammu,Kathua,Kathua Industrial Area 1068,2023-10,135.0,135.0,15.0,24.294023439435577,7.352869991798244,10
Jammu,Kathua,Kathua Industrial Area 1068,2023-11,72.0,72.0,14.75,13.94136225278446,4.430377685232115,11
Jammu,Kathua,Kathua Industrial Area 1068,2023-12,80.0,80.0,14.5,18.358328029422232,4.570568952878205,12
Jammu,Kathua,Kathua Industrial Area 1068,2024-01,78.0,78.0,33.293833325572095,13.614210758520413,4.559788422599942,1
Jammu,Kathua,Kathua Industrial Area 1068,2024-02,78.0,78.0,29.71503698215724,12.560768303810477,3.9322604420830616,2
Jammu,Kathua,Kathua Industrial Area 1068,2024-03,78.0,78.0,29.71503698215724,12.269004059852875,3.9322604420830616,3
Jammu,Kathua,Kathua Industrial Area 1068,2024-04,93.0,93.0,32.93832312072066,15.498986633585309,4.381460382771765,4
Jammu,Kathua,Kathua Industrial Area 1068,2024-05,85.0,85.0,31.526199937394136,14.10711581265175,3.623796294796823,5
Jammu,Kathua,Kathua Industrial Area 1068,2024-06,95.0,95.0,31.387357312834748,16.095100498930204,3.623796294796823,6
Jammu,Kathua,Kathua Industrial Area 1068,2024-07,96.0,96.0,30.467773005625702,15.535270293218229,3.5870886293675532,7
Jammu,Kathua,Kathua Industrial Area 1068,2024-08,83.0,83.0,29.866223563912424,14.728821105733523,3.174596354108113,8
Jammu,Kathua,Kathua Industrial Area 1068,2024-09,79.0,79.0,31.65386320322158,15.13884626559248,3.9354079233061037,9
Jammu,Kathua,Kathua Industrial Area 1068,2024-10,91.0,91.0,34.14801224090102,14.744926980663537,4.781014063717078,10
Jammu,Kathua,Kathua Industrial Area 1068,2024-11,121.0,121.0,49.28258044055416,17.50389542254938,6.364925563246746,11
Jammu,Kathua,Kathua Industrial Area 1068,2024-12,122.96755853749902,126.0,56.48432595052384,24.12343939868688,10.091946138992725,12
Jammu,Kathua,Kathua Industrial Area 1068,2025-01,126.0,126.0,61.58814737192908,7.0,6.0,1
Jammu,Kathua,Kathua Industrial Area 1068,2025-02,141.0,141.0,11.0,11.0,7.0,2
Jammu,Kathua,Kathua Industrial Area 1068,2025-03,133.0,133.0,21.0,10.0,8.0,3
Jammu,Kathua,Kathua Industrial Area 1068,2025-04,137.0,137.0,23.0,10.0,8.0,4
Jammu,Kathua,Kathua Industrial Area 1068,2025-05,126.0,126.0,21.0,10.0,7.0,5
Jammu,Kathua,Kathua Industrial Area 1068,2025-06,116.0,116.0,17.0,9.0,5.0,6
Jammu,Kathua,Kathua Industrial Area 1068,2025-07,109.0,109.0,17.0,9.0,6.0,7
Jammu,Kathua,Kathua Industrial Area 1068,2025-08,95.0,95.0,14.0,7.0,4.0,8
Jammu,Kathua,Kathua Industrial Area 1068,2025-09,105.0,105.0,17.0,7.0,4.0,9
Jammu,Kathua,Kathua Industrial Area 1068,2025-10,104.0,104.0,23.0,6.0,4.0,10
Jammu,Kathua,Kathua Industrial Area 1068,2025-11,107.33074780789588,105.0,15.0,7.0,4.0,11
Jammu,Kathua,Kathua Industrial Area 1068,2025-12,107.33074780789588,110.0,14.0,7.0,5.0,12
Jammu,Kathua,Kathua Industrial Area 1068,2026-01,115.0,115.0,14.0,9.0,6.0,1
Jammu,Kathua,Kathua Industrial Area 1068,2026-02,113.0,113.0,16.0,7.0,6.0,2
Jammu,Kathua,Kathua Industrial Area 1068,2026-03,71.75746181865043,63.5,16.8,7.409090909090909,2.983291984040966,3
Jammu,Poonch,Poonch PCC Office 1075,2022-01,14.0,14.0,17.6,7.818181818181818,2.3767912242086586,1
Jammu,Poonch,Poonch PCC Office 1075,2022-02,32.19626846182898,20.714285714285715,31.143670957035077,6.991858205583399,3.0849109264715016,2
Jammu,Poonch,Poonch PCC Office 1075,2022-03,32.19626846182898,27.42857142857143,34.31849781680933,4.993010049514215,2.2887304567657796,3
Jammu,Poonch,Poonch PCC Office 1075,2022-04,16.45714285714286,27.42857142857143,34.31849781680933,4.993010049514215,2.2887304567657796,4
Jammu,Poonch,Poonch PCC Office 1075,2022-05,16.45714285714286,27.42857142857143,34.31849781680933,4.993010049514215,2.2887304567657796,5
Jammu,Poonch,Poonch PCC Office 1075,2022-06,16.45714285714286,27.42857142857143,34.31849781680933,4.993010049514215,2.2887304567657796,6
Jammu,Poonch,Poonch PCC Office 1075,2022-07,61.0,61.0,38.56296459070819,8.385610974876897,2.9113385612760485,7
Jammu,Poonch,Poonch PCC Office 1075,2022-08,61.0,61.0,42.79362031397702,9.343806703410566,7.610722969972687,8
Jammu,Poonch,Poonch PCC Office 1075,2022-09,38.0,38.0,24.0,5.996528008548903,2.013797155098442,9
Jammu,Poonch,Poonch PCC Office 1075,2022-10,32.0,32.0,20.0,6.991858205583399,2.393258999046813,10
Jammu,Poonch,Poonch PCC Office 1075,2022-11,37.184990621468486,44.0,20.0,7.899986108390131,2.393258999046813,11
Jammu,Poonch,Poonch PCC Office 1075,2022-12,37.184990621468486,37.0,28.0,5.250945050303677,2.036541098739475,12
Jammu,Poonch,Poonch PCC Office 1075,2023-01,32.0,31.0,26.0,6.7177011669648845,2.393258999046813,1
Jammu,Poonch,Poonch PCC Office 1075,2023-02,34.0,34.0,26.0,4.993010049514215,1.819349457525865,2
Jammu,Poonch,Poonch PCC Office 1075,2023-03,35.0,35.0,25.25,4.993010049514215,1.819349457525865,3
Jammu,Poonch,Poonch PCC Office 1075,2023-04,38.0,38.0,24.5,4.993010049514215,1.819349457525865,4
Jammu,Poonch,Poonch PCC Office 1075,2023-05,38.0,38.0,33.08904350536841,4.993010049514215,2.335415455502392,5
Jammu,Poonch,Poonch PCC Office 1075,2023-06,39.0,39.0,31.768251166309657,4.993010049514215,2.335415455502392,6
Jammu,Poonch,Poonch PCC Office 1075,2023-07,37.64430300111268,25.0,33.334130122392914,4.993010049514215,2.335415455502392,7
Jammu,Poonch,Poonch PCC Office 1075,2023-08,11.0,11.0,33.334130122392914,4.993010049514215,2.335415455502392,8
Jammu,Poonch,Poonch PCC Office 1075,2023-09,36.70751647430735,41.0,32.75261886072607,7.028376747416998,3.0849109264715016,9
Jammu,Poonch,Poonch PCC Office 1075,2023-10,36.70751647430735,42.0,20.0,7.028376747416998,2.393258999046813,10
Jammu,Poonch,Poonch PCC Office 1075,2023-11,25.8,43.0,20.5,7.492064089762763,2.393258999046813,11
Jammu,Poonch,Poonch PCC Office 1075,2023-12,45.0,44.0,21.0,8.157921109179586,2.393258999046813,12
Jammu,Poonch,Poonch PCC Office 1075,2024-01,45.0,45.0,23.0,8.157921109179586,2.4814237294145327,1
Jammu,Poonch,Poonch PCC Office 1075,2024-02,45.0,45.0,19.0,9.939624147302448,3.3133587604700696,2
Jammu,Poonch,Poonch PCC Office 1075,2024-03,41.0,41.0,20.0,10.906041086857693,3.775608510091685,3
Jammu,Poonch,Poonch PCC Office 1075,2024-04,43.0,43.0,21.0,11.0547815077418,3.7092103608106624,4
Jammu,Poonch,Poonch PCC Office 1075,2024-05,45.0,45.0,20.0,8.157921109179586,2.4814237294145327,5
Jammu,Poonch,Poonch PCC Office 1075,2024-06,45.0,45.0,20.0,8.214933029851784,2.5478218786955553,6
Jammu,Poonch,Poonch PCC Office 1075,2024-07,39.0,34.0,19.0,8.870674388954916,2.7394050219748007,7
Jammu,Poonch,Poonch PCC Office 1075,2024-08,21.0,37.333333333333336,21.0,8.55572746749326,2.673006872693778,8
Jammu,Poonch,Poonch PCC Office 1075,2024-09,24.0,40.666666666666664,24.0,7.028376747416998,2.393258999046813,9
Jammu,Poonch,Poonch PCC Office 1075,2024-10,44.0,44.0,22.0,7.899986108390131,2.393258999046813,10
Jammu,Poonch,Poonch PCC Office 1075,2024-11,45.0,45.0,24.0,8.157921109179586,2.4814237294145327,11
Jammu,Poonch,Poonch PCC Office 1075,2024-12,61.0,61.0,40.0,10.402426469550045,5.539648136002985,12
Jammu,Poonch,Poonch PCC Office 1075,2025-01,61.0,61.0,43.0,11.775182015343267,6.388999994948004,1
Jammu,Poonch,Poonch PCC Office 1075,2025-02,61.0,61.0,40.0,11.61285731255391,6.256633498302223,2
Jammu,Poonch,Poonch PCC Office 1075,2025-03,59.0,59.0,37.0,11.59073342091166,6.256633498302223,3
Jammu,Poonch,Poonch PCC Office 1075,2025-04,62.0,62.0,31.0,11.61285731255391,5.903238076046817,4
Jammu,Poonch,Poonch PCC Office 1075,2025-05,62.0,62.0,33.0,11.464450575036821,5.29829539634932,5
Jammu,Poonch,Poonch PCC Office 1075,2025-06,64.0,64.0,30.0,11.518580869501415,5.128889118543684,6
Jammu,Poonch,Poonch PCC Office 1075,2025-07,63.0,63.0,37.0,11.22804660805683,5.539648136002985,7
Jammu,Poonch,Poonch PCC Office 1075,2025-08,65.0,65.0,25.0,11.460111151733004,3.7809073163402283,8
Jammu,Poonch,Poonch PCC Office 1075,2025-09,63.0,63.0,27.0,11.22804660805683,4.420420672057543,9
Jammu,Poonch,Poonch PCC Office 1075,2025-10,63.0,63.0,27.25,11.08919510700471,4.5701046975360935,10
Jammu,Poonch,Poonch PCC Office 1075,2025-11,68.0,68.0,27.5,13.381882083481853,5.027205617956639,11
Jammu,Poonch,Poonch PCC Office 1075,2025-12,69.0,69.0,27.75,14.164496427664384,4.257101362006747,12
Jammu,Poonch,Poonch PCC Office 1075,2026-01,63.0,63.0,28.0,11.649369682072685,4.358784862593792,1
Jammu,Poonch,Poonch PCC Office 1075,2026-02,61.0,61.0,28.0,10.426329947502063,4.5701046975360935,2
Jammu,Poonch,Poonch PCC Office 1075,2026-03,63.19746696302768,62.77777777777778,28.153846153846153,11.528282393213852,5.128889118543684,3
Jammu,Rajouri,Rajouri PCC Office Near Panja Chowk 1073,2022-01,63.19746696302768,64.55555555555556,28.307692307692307,11.518580869501415,5.128889118543684,1
Jammu,Rajouri,Rajouri PCC Office Near Panja Chowk 1073,2022-02,38.733333333333334,64.55555555555556,35.86830207979346,11.518580869501415,6.256633498302223,2
Jammu,Rajouri,Rajouri PCC Office Near Panja Chowk 1073,2022-03,38.733333333333334,64.55555555555556,35.86830207979346,11.216006999414702,5.539131844085375,3
Jammu,Rajouri,Rajouri PCC Office Near Panja Chowk 1073,2022-04,38.733333333333334,64.55555555555556,35.86830207979346,11.216006999414702,5.539131844085375,4
Jammu,Rajouri,Rajouri PCC Office Near Panja Chowk 1073,2022-05,46.199999999999996,77.0,35.52166932724599,13.75437960608753,6.054287279418833,5
Jammu,Rajouri,Rajouri PCC Office Near Panja Chowk 1073,2022-06,46.199999999999996,77.0,40.3851325600469,13.264559470878524,4.9593421035452545,6
Jammu,Rajouri,Rajouri PCC Office Near Panja Chowk 1073,2022-07,77.0,77.0,29.55466926072707,12.029465440482113,3.9322604420830616,7
Jammu,Rajouri,Rajouri PCC Office Near Panja Chowk 1073,2022-08,77.0,77.0,29.55466926072707,12.029465440482113,3.9322604420830616,8
Jammu,Rajouri,Rajouri PCC Office Near Panja Chowk 1073,2022-09,75.6404548815322,74.25,32.531044957622655,11.403647949739721,4.494333163024749,9
Jammu,Rajouri,Rajouri PCC Office Near Panja Chowk 1073,2022-10,75.6404548815322,71.5,27.381420196245138,11.19311757967995,4.085653092172219,10
Jammu,Rajouri,Rajouri PCC Office Near Panja Chowk 1073,2022-11,66.0,68.75,33.50795778225928,13.4800710293993,4.778636332264293,11
Jammu,Rajouri,Rajouri PCC Office Near Panja Chowk 1073,2022-12,66.0,66.0,30.0,11.808670007355554,4.358784862593792,12
Jammu,Rajouri,Rajouri PCC Office Near Panja Chowk 1073,2023-01,69.0,69.0,35.0,12.345946537007793,5.284183023468941,1
Jammu,Rajouri,Rajouri PCC Office Near Panja Chowk 1073,2023-02,164.0,73.5,164.0,34.0,2.972032254371976,2
Jammu,Rajouri,Rajouri PCC Office Near Panja Chowk 1073,2023-03,85.0,78.0,62.0,33.92857142857143,3.0872873922705377,3
Jammu,Rajouri,Rajouri PCC Office Near Panja Chowk 1073,2023-04,71.0,82.5,71.0,33.857142857142854,2.5085658991278263,4
Jammu,Rajouri,Rajouri PCC Office Near Panja Chowk 1073,2023-05,87.0,87.0,68.0,12.775387347202413,5.660987936223687,5
Jammu,Rajouri,Rajouri PCC Office Near Panja Chowk 1073,2023-06,86.0,83.0,75.0,14.728045442592355,6.669165098658605,6
Jammu,Rajouri,Rajouri PCC Office Near Panja Chowk 1073,2023-07,93.0,78.0,88.0,13.770607985592262,6.306961218794181,7
Jammu,Rajouri,Rajouri PCC Office Near Panja Chowk 1073,2023-08,76.0,76.0,36.0,12.897749571232703,4.9593421035452545,8
Jammu,Rajouri,Rajouri PCC Office Near Panja Chowk 1073,2023-09,76.0,76.0,39.5,11.403647949739721,4.735685902678414,9
Jammu,Rajouri,Rajouri PCC Office Near Panja Chowk 1073,2023-10,79.0,79.0,43.0,12.029465440482113,5.424862659395595,10
Jammu,Rajouri,Rajouri PCC Office Near Panja Chowk 1073,2023-11,78.0,78.0,30.0,12.269004059852875,3.9322604420830616,11
Jammu,Rajouri,Rajouri PCC Office Near Panja Chowk 1073,2023-12,71.0,71.0,34.0,11.48488182363755,4.494333163024749,12
Jammu,Rajouri,Rajouri PCC Office Near Panja Chowk 1073,2024-01,78.0,78.0,30.0,13.930681927945745,4.151108351747411,1
Jammu,Rajouri,Rajouri PCC Office Near Panja Chowk 1073,2024-02,77.0,77.0,25.0,13.679813096019776,3.7622108124822162,2
Jammu,Rajouri,Rajouri PCC Office Near Panja Chowk 1073,2024-03,77.0,77.0,28.0,12.029465440482113,3.9322604420830616,3
Jammu,Rajouri,Rajouri PCC Office Near Panja Chowk 1073,2024-04,75.0,75.0,32.0,11.403647949739721,4.494333163024749,4
Jammu,Rajouri,Rajouri PCC Office Near Panja Chowk 1073,2024-05,75.0,75.0,28.0,11.403647949739721,4.085653092172219,5
Jammu,Rajouri,Rajouri PCC Office Near Panja Chowk 1073,2024-06,82.0,82.0,28.0,12.092314112064907,4.151108351747411,6
Jammu,Rajouri,Rajouri PCC Office Near Panja Chowk 1073,2024-07,75.0,75.0,32.0,11.403647949739721,3.99067579908693,7
Jammu,Rajouri,Rajouri PCC Office Near Panja Chowk 1073,2024-08,77.0,77.0,28.0,13.523567061975095,4.151108351747411,8
Jammu,Rajouri,Rajouri PCC Office Near Panja Chowk 1073,2024-09,77.0,77.0,28.0,12.029465440482113,3.9322604420830616,9
Jammu,Rajouri,Rajouri PCC Office Near Panja Chowk 1073,2024-10,78.0,78.0,27.0,12.029465440482113,3.8793215525693068,10
Jammu,Rajouri,Rajouri PCC Office Near Panja Chowk 1073,2024-11,79.0,79.0,28.0,12.269004059852875,3.9322604420830616,11
Jammu,Rajouri,Rajouri PCC Office Near Panja Chowk 1073,2024-12,79.0,79.0,41.0,12.269004059852875,4.9593421035452545,12
Jammu,Rajouri,Rajouri PCC Office Near Panja Chowk 1073,2025-01,78.0,78.0,28.0,12.560768303810477,3.9322604420830616,1
Jammu,Rajouri,Rajouri PCC Office Near Panja Chowk 1073,2025-02,79.0,79.0,27.0,12.560768303810477,3.8793215525693068,2
Jammu,Rajouri,Rajouri PCC Office Near Panja Chowk 1073,2025-03,75.0,75.0,26.0,11.403647949739721,3.6967555529070224,3
Jammu,Rajouri,Rajouri PCC Office Near Panja Chowk 1073,2025-04,78.0,78.0,25.0,12.321229684439714,3.9810587221465696,4
Jammu,Rajouri,Rajouri PCC Office Near Panja Chowk 1073,2025-05,86.0,86.0,41.0,13.093373010877878,4.781014063717078,5
Jammu,Rajouri,Rajouri PCC Office Near Panja Chowk 1073,2025-06,86.0,86.0,41.0,13.093373010877878,4.068826163558235,6
Jammu,Rajouri,Rajouri PCC Office Near Panja Chowk 1073,2025-07,78.0,78.0,29.0,13.770607985592262,3.174596354108113,7
Jammu,Rajouri,Rajouri PCC Office Near Panja Chowk 1073,2025-08,76.0,76.0,27.0,13.14479049484987,3.8793215525693068,8
Jammu,Rajouri,Rajouri PCC Office Near Panja Chowk 1073,2025-09,79.0,79.0,26.0,12.269004059852875,3.7622108124822162,9
Jammu,Rajouri,Rajouri PCC Office Near Panja Chowk 1073,2025-10,75.0,75.0,27.0,11.403647949739721,3.8138662929941134,10
Jammu,Rajouri,Rajouri PCC Office Near Panja Chowk 1073,2025-11,76.0,79.33333333333333,31.666666666666668,12.560768303810477,4.778636332264293,11
Jammu,Rajouri,Rajouri PCC Office Near Panja Chowk 1073,2025-12,86.0,83.66666666666667,36.333333333333336,13.402516795309495,4.781014063717078,12
Jammu,Rajouri,Rajouri PCC Office Near Panja Chowk 1073,2026-01,88.0,88.0,41.0,13.067151591160014,4.068826163558235,1
Jammu,Rajouri,Rajouri PCC Office Near Panja Chowk 1073,2026-02,76.0,76.0,27.0,12.705792961753486,3.1216574645943593,2
Jammu,Rajouri,Rajouri PCC Office Near Panja Chowk 1073,2026-03,88.22409054562583,89.0,27.666666666666668,14.079003356863199,3.7539324022548826,3
Jammu,Ramban,Ramban PCC Office 1064,2022-01,102.0,102.0,28.333333333333332,15.77506645093773,3.041996298495465,1
Jammu,Ramban,Ramban PCC Office 1064,2022-02,139.0,139.0,29.0,24.728650824317572,3.6546675466945233,2
Jammu,Ramban,Ramban PCC Office 1064,2022-03,149.0,149.0,28.942857142857143,27.014920808208053,7.6982216928849665,3
Jammu,Ramban,Ramban PCC Office 1064,2022-04,137.69242372620988,131.5,28.885714285714286,22.782222801602767,7.227263031537961,4
Jammu,Ramban,Ramban PCC Office 1064,2022-05,137.69242372620988,114.0,44.01730564279701,18.557859459427284,7.970526204365828,5
Jammu,Ramban,Ramban PCC Office 1064,2022-06,79.0,96.5,46.193059154010264,16.128188904597305,6.809775957679684,6
Jammu,Ramban,Ramban PCC Office 1064,2022-07,79.0,79.0,34.95299311149241,15.81645734815062,4.247154203386412,7
Jammu,Ramban,Ramban PCC Office 1064,2022-08,106.0,106.0,38.00284611165861,17.955050576882865,4.932128612481652,8
Jammu,Ramban,Ramban PCC Office 1064,2022-09,87.0,87.0,27.145298232514232,13.479902355181821,3.0086914381524292,9
Jammu,Ramban,Ramban PCC Office 1064,2022-10,83.63491886770389,83.5,30.79252602925675,15.270649456470526,3.7654166691957283,10
Jammu,Ramban,Ramban PCC Office 1064,2022-11,83.63491886770389,80.0,32.32054330928624,13.770607985592262,3.8021243346250007,11
Jammu,Ramban,Ramban PCC Office 1064,2022-12,78.0,79.0,29.561979388680943,13.770607985592262,3.9322604420830616,12
Jammu,Ramban,Ramban PCC Office 1064,2023-01,78.0,78.0,29.39161020931141,12.560768303810477,3.9322604420830616,1
Jammu,Ramban,Ramban PCC Office 1064,2023-02,61.0,61.0,29.737929541541856,9.91153543606198,3.3252513481053163,2
Jammu,Ramban,Ramban PCC Office 1064,2023-03,50.0,50.0,27.213811520684974,10.271152752347808,4.5701046975360935,3
Jammu,Ramban,Ramban PCC Office 1064,2023-04,52.0,52.0,31.420944175593757,9.581790278768047,4.734001704514372,4
Jammu,Ramban,Ramban PCC Office 1064,2023-05,56.0,56.0,33.76471121392932,10.02464432233645,4.734001704514372,5
Jammu,Ramban,Ramban PCC Office 1064,2023-06,56.0,56.0,31.01642951312552,10.015469983377857,4.697294039085102,6
Jammu,Ramban,Ramban PCC Office 1064,2023-07,54.0,54.0,31.01642951312552,8.4498201260568,3.569754202597088,7
Jammu,Ramban,Ramban PCC Office 1064,2023-08,50.0,50.0,31.400409182912515,9.122892942065217,4.084148933423786,8
Jammu,Ramban,Ramban PCC Office 1064,2023-09,45.0,45.0,31.897057414835142,10.754256339529036,5.381161320468497,9
Jammu,Ramban,Ramban PCC Office 1064,2023-10,46.0,46.0,32.48499587576423,11.044896349281338,5.381161320468497,10
Jammu,Ramban,Ramban PCC Office 1064,2023-11,46.0,46.333333333333336,32.02291099302693,11.777650447830828,5.9399457414760874,11
Jammu,Ramban,Ramban PCC Office 1064,2023-12,48.0,46.666666666666664,32.48499587576423,11.777650447830828,5.9399457414760874,12
Jammu,Ramban,Ramban PCC Office 1064,2024-01,47.0,47.0,32.48499587576423,12.362557865873246,5.9399457414760874,1
Jammu,Ramban,Ramban PCC Office 1064,2024-02,48.0,48.0,35.27673518692923,12.362557865873246,6.256633498302223,2
Jammu,Ramban,Ramban PCC Office 1064,2024-03,43.0,43.0,29.895591852060612,11.36972842920346,4.564805891287552,3
Jammu,Ramban,Ramban PCC Office 1064,2024-04,46.0,46.0,32.48499587576423,11.72063852715863,5.506559530288949,4
Jammu,Ramban,Ramban PCC Office 1064,2024-05,47.0,47.0,33.573499516420206,8.214933029851784,3.6064618680263596,5
Jammu,Ramban,Ramban PCC Office 1064,2024-06,51.0,51.0,35.802309807873485,12.362557865873246,6.256633498302223,6
Jammu,Ramban,Ramban PCC Office 1064,2024-07,42.0,42.0,29.42164391751232,11.558587488422411,5.123590312295143,7
Jammu,Ramban,Ramban PCC Office 1064,2024-08,42.0,42.0,29.895591852060612,9.273432648804128,3.4842600641462824,8
Jammu,Ramban,Ramban PCC Office 1064,2024-09,48.0,48.0,30.495104919048035,7.899986108390131,3.1363679914099496,9
Jammu,Ramban,Ramban PCC Office 1064,2024-10,48.0,48.0,33.573499516420206,8.214933029851784,3.6064618680263596,10
Jammu,Ramban,Ramban PCC Office 1064,2024-11,53.0,53.0,35.247322343843955,12.362557865873246,6.256633498302223,11
Jammu,Ramban,Ramban PCC Office 1064,2024-12,57.0,46.0,33.48204555231521,12.430196849395546,5.9399457414760874,12
Jammu,Ramban,Ramban PCC Office 1064,2025-01,56.0,39.0,27.0,7.553012872363012,3.043836851447561,1
Jammu,Ramban,Ramban PCC Office 1064,2025-02,56.0,35.0,56.0,8.55572746749326,4.020319860738389,2
Jammu,Ramban,Ramban PCC Office 1064,2025-03,51.0,47.0,41.0,7.899986108390131,2.9113385612760485,3
Jammu,Ramban,Ramban PCC Office 1064,2025-04,56.0,56.0,45.0,8.462211130202215,3.6485266477934717,4
Jammu,Ramban,Ramban PCC Office 1064,2025-05,44.0,44.0,37.0,11.435038269070711,5.451483405635266,5
Jammu,Ramban,Ramban PCC Office 1064,2025-06,50.0,49.0,43.0,10.629605435334538,5.208949329891636,6
Jammu,Ramban,Ramban PCC Office 1064,2025-07,49.0,49.0,39.0,10.592170548867166,5.539648136002985,7
Jammu,Ramban,Ramban PCC Office 1064,2025-08,49.0,49.0,42.0,12.430196849395546,6.256633498302223,8
Jammu,Ramban,Ramban PCC Office 1064,2025-09,47.0,47.0,35.0,12.430196849395546,6.256633498302223,9
Jammu,Ramban,Ramban PCC Office 1064,2025-10,57.0,57.0,39.0,11.609995944805528,6.256633498302223,10
Jammu,Ramban,Ramban PCC Office 1064,2025-11,50.0,50.0,42.0,10.00321588760788,4.887901018024874,11
Jammu,Ramban,Ramban PCC Office 1064,2025-12,48.0,48.0,42.0,9.314069204825055,4.887901018024874,12
Jammu,Ramban,Ramban PCC Office 1064,2026-01,56.0,56.0,47.0,9.957005338814149,5.478832209783569,1
Jammu,Ramban,Ramban PCC Office 1064,2026-02,52.0,51.0,45.0,10.00321588760788,5.21479655554128,2
Jammu,Ramban,Ramban PCC Office 1064,2026-03,53.62078103647862,51.5,39.0,9.255646244990587,4.887901018024874,3
Jammu,Reasi,Reasi PCC Office Building Mini Secretariat 1067,2022-01,52.0,52.0,33.0,9.680712951340807,4.734001704514372,1
Jammu,Reasi,Reasi PCC Office Building Mini Secretariat 1067,2022-02,54.0,54.0,27.0,9.730346731378775,3.952872116187386,2
Jammu,Reasi,Reasi PCC Office Building Mini Secretariat 1067,2022-03,49.0,49.0,27.25,9.660368306587914,4.0058110057011405,3
Jammu,Reasi,Reasi PCC Office Building Mini Secretariat 1067,2022-04,48.15439668412707,47.0,27.5,9.985380182892323,4.0058110057011405,4
Jammu,Reasi,Reasi PCC Office Building Mini Secretariat 1067,2022-05,48.15439668412707,45.0,29.895591852060612,12.362557865873246,5.211755042662861,5
Jammu,Reasi,Reasi PCC Office Building Mini Secretariat 1067,2022-06,41.0,43.0,29.895591852060612,11.36972842920346,4.564805891287552,6
Jammu,Reasi,Reasi PCC Office Building Mini Secretariat 1067,2022-07,41.0,41.0,27.24141197025798,10.849029166185495,4.1314196801004135,7
Jammu,Reasi,Reasi PCC Office Building Mini Secretariat 1067,2022-08,39.0,39.0,27.24141197025798,4.993010049514215,2.036541098739475,8
Jammu,Reasi,Reasi PCC Office Building Mini Secretariat 1067,2022-09,45.0,45.0,29.298442968033243,7.899986108390131,2.698615370628142,9
Jammu,Reasi,Reasi PCC Office Building Mini Secretariat 1067,2022-10,62.0,52.0,29.0,8.214933029851784,3.1320015818152807,10
Jammu,Reasi,Reasi PCC Office Building Mini Secretariat 1067,2022-11,62.28902110812605,59.0,31.666666666666668,11.677634928327828,5.9399457414760874,11
Jammu,Reasi,Reasi PCC Office Building Mini Secretariat 1067,2022-12,62.28902110812605,64.0,34.333333333333336,10.849278643706647,5.539131844085375,12
Jammu,Reasi,Reasi PCC Office Building Mini Secretariat 1067,2023-01,67.0,67.0,37.0,13.313177499710465,6.054287279418833,1
Jammu,Reasi,Reasi PCC Office Building Mini Secretariat 1067,2023-02,74.0,66.0,72.0,12.04029569482927,5.769131573540127,2
Jammu,Reasi,Reasi PCC Office Building Mini Secretariat 1067,2023-03,62.0,62.0,37.0,10.4790456923215,5.202327755593899,3
Jammu,Reasi,Reasi PCC Office Building Mini Secretariat 1067,2023-04,60.0,60.0,37.0,10.371851324002415,5.539648136002985,4
Jammu,Reasi,Reasi PCC Office Building Mini Secretariat 1067,2023-05,46.0,28.0,37.0,6.63428354367426,3.2565600420954675,5
Jammu,Reasi,Reasi PCC Office Building Mini Secretariat 1067,2023-06,38.0,35.75,38.0,6.991858205583399,2.823173830908329,6
Jammu,Reasi,Reasi PCC Office Building Mini Secretariat 1067,2023-07,30.0,43.5,30.0,7.899986108390131,2.6104506402604226,7
Jammu,Reasi,Reasi PCC Office Building Mini Secretariat 1067,2023-08,33.0,51.25,33.0,8.157921109179586,3.173075656839221,8
Jammu,Reasi,Reasi PCC Office Building Mini Secretariat 1067,2023-09,59.0,59.0,47.0,9.776206156807477,5.478832209783569,9
Jammu,Reasi,Reasi PCC Office Building Mini Secretariat 1067,2023-10,56.0,56.0,42.0,10.217394259341416,4.887901018024874,10
Jammu,Reasi,Reasi PCC Office Building Mini Secretariat 1067,2023-11,61.0,60.0,53.0,10.006987550334108,5.478832209783569,11
Jammu,Reasi,Reasi PCC Office Building Mini Secretariat 1067,2023-12,59.0,59.0,39.0,9.94856459049964,4.887901018024874,12
Jammu,Reasi,Reasi PCC Office Building Mini Secretariat 1067,2024-01,61.0,61.0,41.0,11.53315515880821,6.256633498302223,1
Jammu,Reasi,Reasi PCC Office Building Mini Secretariat 1067,2024-02,59.0,59.0,44.0,10.006987550334108,5.21479655554128,2
Jammu,Reasi,Reasi PCC Office Building Mini Secretariat 1067,2024-03,60.0,60.0,45.0,11.59073342091166,6.255280036311063,3
Jammu,Reasi,Reasi PCC Office Building Mini Secretariat 1067,2024-04,60.0,60.0,46.0,10.006987550334108,5.547298536398442,4
Jammu,Reasi,Reasi PCC Office Building Mini Secretariat 1067,2024-05,63.0,63.0,48.0,11.53315515880821,6.519315690553352,5
Jammu,Reasi,Reasi PCC Office Building Mini Secretariat 1067,2024-06,66.0,66.0,38.0,11.518580869501415,6.256633498302223,6
Jammu,Reasi,Reasi PCC Office Building Mini Secretariat 1067,2024-07,61.0,61.0,39.0,11.202166716721186,5.202327755593899,7
Jammu,Reasi,Reasi PCC Office Building Mini Secretariat 1067,2024-08,66.0,66.0,19.0,10.520787108054659,3.7809073163402283,8
Jammu,Reasi,Reasi PCC Office Building Mini Secretariat 1067,2024-09,65.0,65.0,24.714285714285715,11.492700978165766,3.9073201338020547,9
Jammu,Reasi,Reasi PCC Office Building Mini Secretariat 1067,2024-10,65.0,65.0,30.42857142857143,10.520787108054659,5.261587730920049,10
Jammu,Reasi,Reasi PCC Office Building Mini Secretariat 1067,2024-11,62.0,62.0,35.86830207979346,11.08919510700471,5.539131844085375,11
Jammu,Reasi,Reasi PCC Office Building Mini Secretariat 1067,2024-12,55.37103219264936,55.0,32.00323995651125,11.310457975648436,5.29829539634932,12
Jammu,Reasi,Reasi PCC Office Building Mini Secretariat 1067,2025-01,59.0,59.0,33.77766587813101,10.157185068018542,4.734001704514372,1
Jammu,Reasi,Reasi PCC Office Building Mini Secretariat 1067,2025-02,57.0,57.0,31.350910461917415,9.833990261889312,4.734001704514372,2
Jammu,Reasi,Reasi PCC Office Building Mini Secretariat 1067,2025-03,65.0,60.0,59.0,10.006987550334108,5.215235002722032,3
Jammu,Reasi,Reasi PCC Office Building Mini Secretariat 1067,2025-04,61.0,61.0,50.0,10.029111441976358,5.478832209783569,4
Jammu,Reasi,Reasi PCC Office Building Mini Secretariat 1067,2025-05,63.0,63.0,50.0,11.53315515880821,6.519315690553352,5
Jammu,Reasi,Reasi PCC Office Building Mini Secretariat 1067,2025-06,67.0,67.0,40.0,13.381882083481853,6.054287279418833,6
Jammu,Reasi,Reasi PCC Office Building Mini Secretariat 1067,2025-07,62.0,62.0,47.0,12.01066095223936,5.908062579523696,7
Jammu,Reasi,Reasi PCC Office Building Mini Secretariat 1067,2025-08,64.0,64.0,48.0,10.7428215450951,5.772651236684123,8
Jammu,Reasi,Reasi PCC Office Building Mini Secretariat 1067,2025-09,63.0,63.0,48.25,11.22804660805683,5.772651236684123,9
Jammu,Reasi,Reasi PCC Office Building Mini Secretariat 1067,2025-10,64.0,64.0,48.5,11.460111151733004,5.772651236684123,10
Jammu,Reasi,Reasi PCC Office Building Mini Secretariat 1067,2025-11,64.90079123739825,63.5,48.75,11.22804660805683,5.772651236684123,11
Jammu,Reasi,Reasi PCC Office Building Mini Secretariat 1067,2025-12,64.90079123739825,63.0,49.0,11.169576890288424,5.772651236684123,12
Jammu,Reasi,Reasi PCC Office Building Mini Secretariat 1067,2026-01,64.0,64.0,50.0,11.518580869501415,6.519315690553352,1
Jammu,Reasi,Reasi PCC Office Building Mini Secretariat 1067,2026-02,67.0,67.0,43.0,13.381882083481853,6.662857676833546,2
Jammu,Reasi,Reasi PCC Office Building Mini Secretariat 1067,2026-03,81.98404628909574,85.0,39.5,16.090605503851624,5.105854983640764,3
Jammu,Samba,Samba BariBrahmna Industrial area 507,2023-11,103.0,103.0,36.0,24.0,4.0,11
Jammu,Samba,Samba BariBrahmna Industrial area 507,2023-12,104.0,104.0,42.0,20.0,3.0,12
Jammu,Samba,Samba BariBrahmna Industrial area 507,2024-01,117.0,117.0,40.0,26.0,4.0,1
Jammu,Samba,Samba BariBrahmna Industrial area 507,2024-02,111.0,111.0,36.0,19.0,3.0,2
Jammu,Samba,Samba BariBrahmna Industrial area 507,2024-03,123.0,123.0,40.0,24.0,4.0,3
Jammu,Samba,Samba BariBrahmna Industrial area 507,2024-04,127.0,116.0,48.0,16.0,2.0,4
Jammu,Samba,Samba BariBrahmna Industrial area 507,2024-05,117.0,117.0,39.0,26.0,4.0,5
Jammu,Samba,Samba BariBrahmna Industrial area 507,2024-06,118.0,118.0,39.0,25.0,5.0,6
Jammu,Samba,Samba BariBrahmna Industrial area 507,2024-07,101.0,101.0,16.0,16.0,3.0,7
Jammu,Samba,Samba BariBrahmna Industrial area 507,2024-08,85.0,85.0,23.5,15.0,2.0,8
Jammu,Samba,Samba BariBrahmna Industrial area 507,2024-09,93.0,93.0,31.0,14.0,3.5870886293675532,9
Jammu,Samba,Samba BariBrahmna Industrial area 507,2024-10,117.0,117.0,39.0,13.0,4.0,10
Jammu,Samba,Samba BariBrahmna Industrial area 507,2024-11,137.6665988111591,140.0,47.0,36.0,6.0,11
Jammu,Samba,Samba BariBrahmna Industrial area 507,2024-12,137.6665988111591,174.0,73.0,21.0,4.0,12
Jammu,Samba,Samba BariBrahmna Industrial area 507,2025-01,186.0,186.0,109.0,34.0,4.0,1
Jammu,Samba,Samba BariBrahmna Industrial area 507,2025-02,190.0,141.0,140.0,27.0,3.0,2
Jammu,Samba,Samba BariBrahmna Industrial area 507,2025-03,115.0,115.0,55.0,36.0,4.0,3
Jammu,Samba,Samba BariBrahmna Industrial area 507,2025-04,128.0,128.0,72.0,38.0,4.0,4
Jammu,Samba,Samba BariBrahmna Industrial area 507,2025-05,125.0,125.0,70.0,33.0,10.02747302412637,5
Jammu,Samba,Samba BariBrahmna Industrial area 507,2025-06,113.0,113.0,59.0,28.0,9.129612437600297,6
Jammu,Samba,Samba BariBrahmna Industrial area 507,2025-07,86.0,86.0,29.0,23.0,2.0,7
Jammu,Samba,Samba BariBrahmna Industrial area 507,2025-08,97.0,97.0,33.0,24.0,2.0,8
Jammu,Samba,Samba BariBrahmna Industrial area 507,2025-09,91.0,91.0,39.0,21.0,2.0,9
Jammu,Samba,Samba BariBrahmna Industrial area 507,2025-10,108.0,108.0,45.0,28.0,4.0,10
Jammu,Samba,Samba BariBrahmna Industrial area 507,2025-11,124.4168817055751,126.33333333333333,7.0,39.0,3.0,11
Jammu,Samba,Samba BariBrahmna Industrial area 507,2025-12,124.4168817055751,144.66666666666666,86.0,43.0,5.0,12
Jammu,Samba,Samba BariBrahmna Industrial area 507,2026-01,163.0,163.0,104.0,49.0,5.0,1
Jammu,Samba,Samba BariBrahmna Industrial area 507,2026-02,146.0,146.0,86.0,45.0,4.0,2
Jammu,Samba,Samba BariBrahmna Industrial area 507,2026-03,163.5256734314757,152.5,99.0,44.234042553191486,5.035005027949446,3
Jammu,Samba,Samba PCC Office Phase -1 1066,2022-01,169.0,159.0,112.0,43.46808510638298,4.948900852252676,1
Jammu,Samba,Samba PCC Office Phase -1 1066,2022-02,158.0,158.0,79.0,26.76536434819917,8.45485859543223,2
Jammu,Samba,Samba PCC Office Phase -1 1066,2022-03,161.0,161.0,55.0,27.032997935514818,11.269888864474163,3
Jammu,Samba,Samba PCC Office Phase -1 1066,2022-04,164.0,164.0,53.0,27.17044756367553,11.778490675702677,4
Jammu,Samba,Samba PCC Office Phase -1 1066,2022-05,142.0,142.0,66.0,21.55834852726051,9.372470838432365,5
Jammu,Samba,Samba PCC Office Phase -1 1066,2022-06,134.0,134.0,72.0,24.34777834816061,10.180533451473389,6
Jammu,Samba,Samba PCC Office Phase -1 1066,2022-07,107.0,107.0,62.0,22.116225533381407,9.25019038945589,7
Jammu,Samba,Samba PCC Office Phase -1 1066,2022-08,78.0,78.0,33.0,18.24023390667065,3.889198601925885,8
Jammu,Samba,Samba PCC Office Phase -1 1066,2022-09,91.0,91.0,56.0,16.8188673099214,6.531230281280064,9
Jammu,Samba,Samba PCC Office Phase -1 1066,2022-10,94.0,94.0,53.0,15.157397386262083,6.6699601165057025,10
Jammu,Samba,Samba PCC Office Phase -1 1066,2022-11,93.79835329733645,94.0,39.0,17.498107681713503,4.068826163558235,11
Jammu,Samba,Samba PCC Office Phase -1 1066,2022-12,93.79835329733645,92.5,37.5,18.626925622244652,4.674962827376966,12
Jammu,Samba,Samba PCC Office Phase -1 1066,2023-01,91.0,91.0,36.0,16.7528178869063,4.068826163558235,1
Jammu,Samba,Samba PCC Office Phase -1 1066,2023-02,92.0,92.0,35.0,16.43672085322756,4.068826163558235,2
Jammu,Samba,Samba PCC Office Phase -1 1066,2023-03,96.0,96.0,32.0,15.813946257504002,3.623796294796823,3
Jammu,Samba,Samba PCC Office Phase -1 1066,2023-04,93.0,93.0,35.0,17.829736164819245,4.219940712322809,4
Jammu,Samba,Samba PCC Office Phase -1 1066,2023-05,83.0,83.0,33.0,15.529171055993427,3.8021243346250007,5
Jammu,Samba,Samba PCC Office Phase -1 1066,2023-06,87.0,87.0,31.0,15.62644047458331,3.720372218048654,6
Jammu,Samba,Samba PCC Office Phase -1 1066,2023-07,93.0,93.0,28.0,16.31717176126772,3.030356886375052,7
Jammu,Samba,Samba PCC Office Phase -1 1066,2023-08,97.0,97.0,29.0,16.435076771985205,3.076084870590579,8
Jammu,Samba,Samba PCC Office Phase -1 1066,2023-09,96.0,96.0,35.0,16.95263484997349,4.068826163558235,9
Jammu,Samba,Samba PCC Office Phase -1 1066,2023-10,100.0,100.0,38.0,17.83885683631224,4.219940712322809,10
Jammu,Samba,Samba PCC Office Phase -1 1066,2023-11,103.0,103.0,29.0,17.19761169017298,3.0885079944630704,11
Jammu,Samba,Samba PCC Office Phase -1 1066,2023-12,93.82741975977146,95.0,35.0,18.01573856798351,4.2323638361953,12
Jammu,Samba,Samba PCC Office Phase -1 1066,2024-01,99.0,99.0,41.0,17.50403190032414,4.219940712322809,1
Jammu,Samba,Samba PCC Office Phase -1 1066,2024-02,117.0,117.0,51.0,18.29413358784766,7.407698652844291,2
Jammu,Samba,Samba PCC Office Phase -1 1066,2024-03,125.0,125.0,55.0,24.160727112116124,10.091946138992725,3
Jammu,Samba,Samba PCC Office Phase -1 1066,2024-04,129.0,129.0,39.0,20.248346091558425,5.7387941946082766,4
Jammu,Samba,Samba PCC Office Phase -1 1066,2024-05,130.0,130.0,49.0,18.40843970826224,8.052701481265602,5
Jammu,Samba,Samba PCC Office Phase -1 1066,2024-06,123.0,123.0,45.0,17.700012289932392,8.019142614743236,6
Jammu,Samba,Samba PCC Office Phase -1 1066,2024-07,117.0,117.0,46.0,18.056340704967642,8.648212902523728,7
Jammu,Samba,Samba PCC Office Phase -1 1066,2024-08,115.0,115.0,34.0,15.777294123240061,4.672130642197448,8
Jammu,Samba,Samba PCC Office Phase -1 1066,2024-09,111.0,111.0,35.0,18.170880143940636,5.1226033003455615,9
Jammu,Samba,Samba PCC Office Phase -1 1066,2024-10,111.0,111.0,32.0,19.193276990452805,4.850265860272816,10
Jammu,Samba,Samba PCC Office Phase -1 1066,2024-11,159.0,159.0,46.0,25.111859732724902,9.430947701031485,11
Jammu,Samba,Samba PCC Office Phase -1 1066,2024-12,174.1650436297228,173.0,54.0,22.40041321568539,10.92654101201903,12
Jammu,Samba,Samba PCC Office Phase -1 1066,2025-01,187.0,187.0,50.0,27.386650099410193,13.361701906726339,1
Jammu,Samba,Samba PCC Office Phase -1 1066,2025-02,175.0,175.0,44.0,24.98590876199662,11.777432482879686,2
Jammu,Samba,Samba PCC Office Phase -1 1066,2025-03,167.0,167.0,59.0,27.00787934777912,9.96451138851669,3
Jammu,Samba,Samba PCC Office Phase -1 1066,2025-04,155.0,155.0,58.44444444444444,23.48091587514827,10.647967648726528,4
Jammu,Samba,Samba PCC Office Phase -1 1066,2025-05,128.0,128.0,57.888888888888886,23.52556074013818,9.360792398032519,5
Jammu,Samba,Samba PCC Office Phase -1 1066,2025-06,119.0,119.0,45.97042688020776,17.465745409480824,8.1491383445794,6
Jammu,Samba,Samba PCC Office Phase -1 1066,2025-07,132.0,132.0,58.82333479614589,20.35946926692808,9.080983179296197,7
Jammu,Samba,Samba PCC Office Phase -1 1066,2025-08,94.0,94.0,48.135459253967866,19.659555352150303,9.569394726862699,8
Jammu,Samba,Samba PCC Office Phase -1 1066,2025-09,99.0,99.0,45.084870949406685,21.517569090006862,6.869509215682693,9
Jammu,Samba,Samba PCC Office Phase -1 1066,2025-10,103.0,103.0,43.56043104170807,9.0,2.0,10
Jammu,Samba,Samba PCC Office Phase -1 1066,2025-11,128.0,128.0,41.908791936795744,14.0,4.0,11
Jammu,Samba,Samba PCC Office Phase -1 1066,2025-12,116.0,116.0,54.0,14.0,4.0,12
Jammu,Samba,Samba PCC Office Phase -1 1066,2026-01,103.0,103.0,26.0,17.0,4.0,1
Jammu,Samba,Samba PCC Office Phase -1 1066,2026-02,90.0,90.0,44.0,28.0,6.0,2
Jammu,Samba,Samba PCC Office Phase -1 1066,2026-03,116.61888210368092,126.0,108.0,27.70212765957447,5.218469201866721,3
Jammu,Udhampur,Udhampur PCC Office Battal Ballian 1063,2022-01,187.0,162.0,172.0,27.404255319148938,8.969482109894555,1
Jammu,Udhampur,Udhampur PCC Office Battal Ballian 1063,2022-02,149.0,149.0,30.0,25.911461192163486,9.719913379009094,2
Jammu,Udhampur,Udhampur PCC Office Battal Ballian 1063,2022-03,152.0,152.0,31.285714285714285,26.7564861030863,9.712997254488362,3
Jammu,Udhampur,Udhampur PCC Office Battal Ballian 1063,2022-04,130.0,130.0,32.57142857142857,25.413193875311578,7.476599439355481,4
Jammu,Udhampur,Udhampur PCC Office Battal Ballian 1063,2022-05,132.0,132.0,56.99336195195361,21.646233142013127,8.987631044542951,5
Jammu,Udhampur,Udhampur PCC Office Battal Ballian 1063,2022-06,140.60802735089263,145.0,56.13409025690601,25.541935388307472,9.970057451070117,6
Jammu,Udhampur,Udhampur PCC Office Battal Ballian 1063,2022-07,158.0,158.0,48.45232103544973,29.560198262347093,12.658312385389056,7
Jammu,Udhampur,Udhampur PCC Office Battal Ballian 1063,2022-08,158.0,158.0,58.374343832081365,33.27327200889265,12.223121039428808,8
Jammu,Udhampur,Udhampur PCC Office Battal Ballian 1063,2022-09,154.28117697252418,156.5,45.001387416257955,24.87261765429275,12.196021788804256,9
Jammu,Udhampur,Udhampur PCC Office Battal Ballian 1063,2022-10,155.0,155.0,45.001387416257955,24.87261765429275,12.196021788804256,10
Jammu,Udhampur,Udhampur PCC Office Battal Ballian 1063,2022-11,150.0,150.0,36.763169727645966,29.019928452148537,10.795483926914901,11
Jammu,Udhampur,Udhampur PCC Office Battal Ballian 1063,2022-12,148.12813153124233,148.0,35.64122228073511,26.62032011858696,9.73620754577073,12
Jammu,Udhampur,Udhampur PCC Office Battal Ballian 1063,2023-01,146.0,146.0,35.15029716263432,27.290447633169993,9.73620754577073,1
Jammu,Udhampur,Udhampur PCC Office Battal Ballian 1063,2023-02,148.0,148.0,44.67234887942473,26.33232185958724,11.595258331723883,2
Jammu,Udhampur,Udhampur PCC Office Battal Ballian 1063,2023-03,125.0,125.0,38.40156572014948,23.443139023866795,7.60689384699134,3
Jammu,Udhampur,Udhampur PCC Office Battal Ballian 1063,2023-04,143.0,143.0,46.84069134775324,26.11729165587085,10.132700491374994,4
Jammu,Udhampur,Udhampur PCC Office Battal Ballian 1063,2023-05,85.0,85.0,41.31915400977267,17.389892078547774,5.080767141749564,5
Jammu,Udhampur,Udhampur PCC Office Battal Ballian 1063,2023-06,82.0,82.0,42.11122695871669,20.671668461450285,9.206427479632383,6
Jammu,Udhampur,Udhampur PCC Office Battal Ballian 1063,2023-07,64.0,64.0,29.286171109082645,10.512704296709499,3.4042860332654947,7
Jammu,Udhampur,Udhampur PCC Office Battal Ballian 1063,2023-08,94.0,94.0,34.473188111058555,17.948057973900845,6.198965412298352,8
Jammu,Udhampur,Udhampur PCC Office Battal Ballian 1063,2023-09,107.0,107.0,44.97356892755424,22.482860277466795,6.869509215682693,9
Jammu,Udhampur,Udhampur PCC Office Battal Ballian 1063,2023-10,136.0,136.0,48.181472656487514,25.43026589613943,6.893310311465033,10
Jammu,Udhampur,Udhampur PCC Office Battal Ballian 1063,2023-11,160.0,160.0,61.91950381440093,27.07681471132668,10.082002872717034,11
Jammu,Udhampur,Udhampur PCC Office Battal Ballian 1063,2023-12,175.0,175.0,67.7320717154454,24.591769936364148,11.142148082893598,12
Jammu,Udhampur,Udhampur PCC Office Battal Ballian 1063,2024-01,204.0,204.0,67.55976369782007,28.772753909207918,11.951601662838705,1
Jammu,Udhampur,Udhampur PCC Office Battal Ballian 1063,2024-02,149.0,149.0,58.773598663383936,25.20932825591053,10.653651240307589,2
Jammu,Udhampur,Udhampur PCC Office Battal Ballian 1063,2024-03,116.0,116.0,18.593837385139533,20.54451561503812,6.623253892148938,3
Jammu,Udhampur,Udhampur PCC Office Battal Ballian 1063,2024-04,103.0,103.0,43.34580852238869,21.892021648654236,9.08983132911331,4
Jammu,Udhampur,Udhampur PCC Office Battal Ballian 1063,2024-05,115.0,115.0,48.791209316261664,17.915957479693265,7.327390087047736,5
Jammu,Udhampur,Udhampur PCC Office Battal Ballian 1063,2024-06,104.0,104.0,46.99467756503276,20.1503031386292,8.974738009458644,6
Jammu,Udhampur,Udhampur PCC Office Battal Ballian 1063,2024-07,92.0,92.0,32.34639573264396,17.321355831819268,3.6362194186693144,7
Jammu,Udhampur,Udhampur PCC Office Battal Ballian 1063,2024-08,80.0,80.0,24.820587766609112,14.8355254133442,3.0045467245072723,8
Jammu,Udhampur,Udhampur PCC Office Battal Ballian 1063,2024-09,101.0,101.0,45.671719396633584,16.516613303129603,6.80414351820483,9
Jammu,Udhampur,Udhampur PCC Office Battal Ballian 1063,2024-10,153.0,153.0,45.21960041825808,25.121307883580045,7.04568414242851,10
Jammu,Udhampur,Udhampur PCC Office Battal Ballian 1063,2024-11,173.9085644705868,175.0,79.86644841549125,21.90973362432511,8.532397650385592,11
Jammu,Udhampur,Udhampur PCC Office Battal Ballian 1063,2024-12,173.9085644705868,131.0,89.08580265334983,24.70988693348123,7.465924419904882,12
Jammu,Udhampur,Udhampur PCC Office Battal Ballian 1063,2025-01,177.0,172.0,75.0,23.133779514068028,8.525331169405701,1
Jammu,Udhampur,Udhampur PCC Office Battal Ballian 1063,2025-02,147.0,139.0,125.0,23.530615505325294,7.169434089834203,2
Jammu,Udhampur,Udhampur PCC Office Battal Ballian 1063,2025-03,137.0,130.0,110.0,24.106153256653936,9.742731588243055,3
Jammu,Udhampur,Udhampur PCC Office Battal Ballian 1063,2025-04,124.0,124.0,70.0,20.88529024080202,8.828123968739641,4
Jammu,Udhampur,Udhampur PCC Office Battal Ballian 1063,2025-05,134.0,134.0,61.0,20.710398322125133,8.959978757996547,5
Jammu,Udhampur,Udhampur PCC Office Battal Ballian 1063,2025-06,129.0,129.0,55.0,18.99676415102955,8.492847353820036,6
Jammu,Udhampur,Udhampur PCC Office Battal Ballian 1063,2025-07,106.0,106.0,77.0,20.60983459466706,8.533658209923392,7
Jammu,Udhampur,Udhampur PCC Office Battal Ballian 1063,2025-08,67.0,67.0,55.0,16.19570590038821,6.616072318204772,8
Jammu,Udhampur,Udhampur PCC Office Battal Ballian 1063,2025-09,97.0,96.0,55.0,15.466503769045374,6.856071201203751,9
Jammu,Udhampur,Udhampur PCC Office Battal Ballian 1063,2025-10,141.0,136.0,101.0,14.0,4.0,10
Jammu,Udhampur,Udhampur PCC Office Battal Ballian 1063,2025-11,166.0,152.0,151.0,15.0,5.0,11
Jammu,Udhampur,Udhampur PCC Office Battal Ballian 1063,2025-12,192.0,162.5,190.0,17.0,5.0,12
Jammu,Udhampur,Udhampur PCC Office Battal Ballian 1063,2026-01,174.0,173.0,141.0,19.0,5.0,1
Jammu,Udhampur,Udhampur PCC Office Battal Ballian 1063,2026-02,164.0,162.0,128.0,20.0,6.0,2
Jammu,Udhampur,Udhampur PCC Office Battal Ballian 1063,2026-03,164.2903716200599,154.76923076923077,122.23076923076923,19.46153846153846,5.352946672586945,3
Kashmir,Anantnag,"Anantnag (PM-10, PM-2.5) 1084",2022-01,164.2903716200599,147.53846153846155,116.46153846153847,18.923076923076923,5.783397028004617,1
Kashmir,Anantnag,"Anantnag (PM-10, PM-2.5) 1084",2022-02,88.52307692307693,147.53846153846155,35.64122228073511,27.819857043856565,9.608297272806672,2
Kashmir,Anantnag,"Anantnag (PM-10, PM-2.5) 1084",2022-03,88.52307692307693,147.53846153846155,38.1225495374839,26.33232185958724,9.73620754577073,3
Kashmir,Anantnag,"Anantnag (PM-10, PM-2.5) 1084",2022-04,88.52307692307693,147.53846153846155,38.1225495374839,26.33232185958724,9.73620754577073,4
Kashmir,Anantnag,"Anantnag (PM-10, PM-2.5) 1084",2022-05,88.52307692307693,147.53846153846155,38.1225495374839,26.33232185958724,9.73620754577073,5
Kashmir,Anantnag,"Anantnag (PM-10, PM-2.5) 1084",2022-06,88.52307692307693,147.53846153846155,38.1225495374839,26.33232185958724,9.73620754577073,6
Kashmir,Anantnag,"Anantnag (PM-10, PM-2.5) 1084",2022-07,94.39309303217156,97.17726946547947,45.4194897078592,16.90828403592742,5.830875792682721,7
Kashmir,Anantnag,"Anantnag (PM-10, PM-2.5) 1084",2022-08,40.8,68.0,27.200000000000003,27.200000000000003,5.158642032054903,8
Kashmir,Anantnag,"Anantnag (PM-10, PM-2.5) 1084",2022-09,40.8,68.0,27.200000000000003,27.200000000000003,5.20142161540604,9
Kashmir,Anantnag,"Anantnag (PM-10, PM-2.5) 1084",2022-10,40.8,68.0,38.544981235656415,13.59486616291406,5.284183023468941,10
Kashmir,Anantnag,"Anantnag (PM-10, PM-2.5) 1084",2022-11,121.0,68.0,38.544981235656415,13.59486616291406,5.284183023468941,11
Kashmir,Anantnag,"Anantnag (PM-10, PM-2.5) 1084",2022-12,121.0,68.0,53.0,13.0,8.0,12
Kashmir,Anantnag,"Anantnag (PM-10, PM-2.5) 1084",2023-01,102.0,61.0,40.0,12.0,6.0,1
Kashmir,Anantnag,"Anantnag (PM-10, PM-2.5) 1084",2023-02,107.0,63.0,44.0,14.0,8.0,2
Kashmir,Anantnag,"Anantnag (PM-10, PM-2.5) 1084",2023-03,115.0,81.0,33.0,14.0,7.0,3
Kashmir,Anantnag,"Anantnag (PM-10, PM-2.5) 1084",2023-04,90.74482253013043,79.11111111111111,32.888888888888886,15.2,4.559788422599942,4
Kashmir,Anantnag,"Anantnag (PM-10, PM-2.5) 1084",2023-05,90.74482253013043,77.22222222222223,32.77777777777778,16.4,4.559788422599942,5
Kashmir,Anantnag,"Anantnag (PM-10, PM-2.5) 1084",2023-06,46.333333333333336,77.22222222222223,29.71503698215724,12.560768303810477,3.9322604420830616,6
Kashmir,Anantnag,"Anantnag (PM-10, PM-2.5) 1084",2023-07,46.333333333333336,77.22222222222223,29.55466926072707,12.029465440482113,3.9322604420830616,7
Kashmir,Anantnag,"Anantnag (PM-10, PM-2.5) 1084",2023-08,46.333333333333336,77.22222222222223,29.55466926072707,12.029465440482113,3.9322604420830616,8
Kashmir,Anantnag,"Anantnag (PM-10, PM-2.5) 1084",2023-09,38.4,64.0,29.577561820111686,9.857667153542332,3.3252513481053163,9
Kashmir,Anantnag,"Anantnag (PM-10, PM-2.5) 1084",2023-10,38.4,64.0,30.94085805744956,11.78740715637866,5.82037215192764,10
Kashmir,Anantnag,"Anantnag (PM-10, PM-2.5) 1084",2023-11,96.0,64.0,35.86830207979346,11.460111151733004,5.539131844085375,11
Kashmir,Anantnag,"Anantnag (PM-10, PM-2.5) 1084",2023-12,96.0,64.0,32.0,11.460111151733004,5.29829539634932,12
Kashmir,Anantnag,"Anantnag (PM-10, PM-2.5) 1084",2024-01,132.0,132.0,38.5,26.0,5.199634451337154,1
Kashmir,Anantnag,"Anantnag (PM-10, PM-2.5) 1084",2024-02,132.0,132.0,45.0,23.0,9.0,2
Kashmir,Anantnag,"Anantnag (PM-10, PM-2.5) 1084",2024-03,123.0,123.0,21.0,18.0,8.0,3
Kashmir,Anantnag,"Anantnag (PM-10, PM-2.5) 1084",2024-04,98.0,98.0,52.0,22.0,10.0,4
Kashmir,Anantnag,"Anantnag (PM-10, PM-2.5) 1084",2024-05,106.77262649549503,107.0,51.714285714285715,23.0,7.741376776621235,5
Kashmir,Anantnag,"Anantnag (PM-10, PM-2.5) 1084",2024-06,106.77262649549503,116.0,51.42857142857143,24.0,6.967348559531119,6
Kashmir,Anantnag,"Anantnag (PM-10, PM-2.5) 1084",2024-07,69.6,116.0,39.571476514291945,18.840381648196896,5.54853445905135,7
Kashmir,Anantnag,"Anantnag (PM-10, PM-2.5) 1084",2024-08,69.6,116.0,44.75875123491821,15.228573679337309,7.615223189308051,8
Kashmir,Anantnag,"Anantnag (PM-10, PM-2.5) 1084",2024-09,69.6,116.0,44.75875123491821,15.228573679337309,7.615223189308051,9
Kashmir,Anantnag,"Anantnag (PM-10, PM-2.5) 1084",2024-10,161.0,161.0,49.154083275628835,23.30216150846696,9.796965419461317,10
Kashmir,Anantnag,"Anantnag (PM-10, PM-2.5) 1084",2024-11,161.0,161.0,50.0,29.0,14.0,11
Kashmir,Anantnag,"Anantnag (PM-10, PM-2.5) 1084",2024-12,140.46568935889087,131.0,59.0,16.0,10.0,12
Kashmir,Anantnag,"Anantnag (PM-10, PM-2.5) 1084",2025-01,104.0,92.0,51.0,12.0,7.0,1
Kashmir,Anantnag,"Anantnag (PM-10, PM-2.5) 1084",2025-02,120.0,120.0,58.0,15.0,8.0,2
Kashmir,Anantnag,"Anantnag (PM-10, PM-2.5) 1084",2025-03,93.0,93.0,40.0,13.0,6.0,3
Kashmir,Anantnag,"Anantnag (PM-10, PM-2.5) 1084",2025-04,81.81108066483752,83.5,35.5,11.5,4.077987770873727,4
Kashmir,Anantnag,"Anantnag (PM-10, PM-2.5) 1084",2025-05,74.0,74.0,31.0,10.0,5.0,5
Kashmir,Anantnag,"Anantnag (PM-10, PM-2.5) 1084",2025-06,113.0,113.0,55.0,8.0,3.0,6
Kashmir,Anantnag,"Anantnag (PM-10, PM-2.5) 1084",2025-07,112.0,112.0,54.142857142857146,14.0,6.0,7
Kashmir,Anantnag,"Anantnag (PM-10, PM-2.5) 1084",2025-08,118.0,118.0,53.285714285714285,13.666666666666666,6.726191726059878,8
Kashmir,Anantnag,"Anantnag (PM-10, PM-2.5) 1084",2025-09,115.47263975268163,116.0,48.0125795381527,13.333333333333334,7.004437724120929,9
Kashmir,Anantnag,"Anantnag (PM-10, PM-2.5) 1084",2025-10,114.0,114.0,46.77341689758172,13.0,6.931338099970007,10
Kashmir,Anantnag,"Anantnag (PM-10, PM-2.5) 1084",2025-11,127.0,127.0,47.62693313221183,17.0,8.16445758763135,11
Kashmir,Anantnag,"Anantnag (PM-10, PM-2.5) 1084",2025-12,136.0,136.0,73.39108883300645,17.0,7.829903691843979,12
Kashmir,Anantnag,"Anantnag (PM-10, PM-2.5) 1084",2026-01,104.0,104.0,48.35295506600739,13.0,6.1190956231957045,1
Kashmir,Anantnag,"Anantnag (PM-10, PM-2.5) 1084",2026-02,101.64586100820416,100.71428571428571,43.421405218276135,12.928571428571429,5.5353337065319685,2
Kashmir,Anantnag,"Anantnag (PM-10, PM-2.5) 1084",2026-03,101.64586100820416,97.42857142857143,30.84181106152545,12.857142857142858,3.5995117532400447,3
Kashmir,Bandipora,"Bandipora (PM-10, PM-2.5) 1085",2022-01,58.457142857142856,97.42857142857143,36.19981990256799,17.73583645375465,4.219940712322809,1
Kashmir,Bandipora,"Bandipora (PM-10, PM-2.5) 1085",2022-02,58.457142857142856,97.42857142857143,33.88080452884993,17.4576460241064,3.623796294796823,2
Kashmir,Bandipora,"Bandipora (PM-10, PM-2.5) 1085",2022-03,58.457142857142856,97.42857142857143,33.88080452884993,17.4576460241064,3.623796294796823,3
Kashmir,Bandipora,"Bandipora (PM-10, PM-2.5) 1085",2022-04,58.457142857142856,97.42857142857143,33.88080452884993,17.4576460241064,3.623796294796823,4
Kashmir,Bandipora,"Bandipora (PM-10, PM-2.5) 1085",2022-05,58.457142857142856,97.42857142857143,33.88080452884993,17.4576460241064,3.623796294796823,5
Kashmir,Bandipora,"Bandipora (PM-10, PM-2.5) 1085",2022-06,94.39309303217156,97.17726946547947,45.4194897078592,16.90828403592742,5.830875792682721,6
Kashmir,Bandipora,"Bandipora (PM-10, PM-2.5) 1085",2022-07,94.39309303217156,97.17726946547947,45.4194897078592,16.90828403592742,5.830875792682721,7
Kashmir,Bandipora,"Bandipora (PM-10, PM-2.5) 1085",2022-08,34.8,58.0,23.200000000000003,23.200000000000003,4.662290759422938,8
Kashmir,Bandipora,"Bandipora (PM-10, PM-2.5) 1085",2022-09,34.8,58.0,23.200000000000003,23.200000000000003,4.621053430177716,9
Kashmir,Bandipora,"Bandipora (PM-10, PM-2.5) 1085",2022-10,34.8,58.0,32.686426621730014,10.006987550334108,4.734001704514372,10
Kashmir,Bandipora,"Bandipora (PM-10, PM-2.5) 1085",2022-11,95.0,58.0,32.686426621730014,10.006987550334108,4.734001704514372,11
Kashmir,Bandipora,"Bandipora (PM-10, PM-2.5) 1085",2022-12,95.0,58.0,37.0,12.0,7.0,12
Kashmir,Bandipora,"Bandipora (PM-10, PM-2.5) 1085",2023-01,91.0,28.0,63.0,4.0,2.0,1
Kashmir,Bandipora,"Bandipora (PM-10, PM-2.5) 1085",2023-02,109.0,64.0,45.0,13.0,6.0,2
Kashmir,Bandipora,"Bandipora (PM-10, PM-2.5) 1085",2023-03,108.0,69.33333333333333,108.0,14.0,6.925503335312814,3
Kashmir,Bandipora,"Bandipora (PM-10, PM-2.5) 1085",2023-04,124.26642428759872,74.66666666666667,102.55555555555556,15.0,7.2681259897926385,4
Kashmir,Bandipora,"Bandipora (PM-10, PM-2.5) 1085",2023-05,124.26642428759872,74.66666666666667,97.11111111111111,12.437655131327027,5.906356227539214,5
Kashmir,Bandipora,"Bandipora (PM-10, PM-2.5) 1085",2023-06,44.800000000000004,74.66666666666667,37.060072391873746,11.469250287239085,4.954533812342765,6
Kashmir,Bandipora,"Bandipora (PM-10, PM-2.5) 1085",2023-07,44.800000000000004,74.66666666666667,37.060072391873746,11.469250287239085,4.954533812342765,7
Kashmir,Bandipora,"Bandipora (PM-10, PM-2.5) 1085",2023-08,44.800000000000004,74.66666666666667,37.060072391873746,11.469250287239085,4.954533812342765,8
Kashmir,Bandipora,"Bandipora (PM-10, PM-2.5) 1085",2023-09,57.10000000000001,79.5,39.54505429390531,12.351937715429314,5.3833903883835,9
Kashmir,Bandipora,"Bandipora (PM-10, PM-2.5) 1085",2023-10,76.8,128.0,51.2,51.2,10.109605482604417,10
Kashmir,Bandipora,"Bandipora (PM-10, PM-2.5) 1085",2023-11,127.0,128.0,59.0,51.2,6.0731083480622585,11
Kashmir,Bandipora,"Bandipora (PM-10, PM-2.5) 1085",2023-12,127.0,128.0,59.0,18.675649886827713,8.196241852864027,12
Kashmir,Bandipora,"Bandipora (PM-10, PM-2.5) 1085",2024-01,128.09857743615464,128.0,52.5,18.675649886827713,8.196241852864027,1
Kashmir,Bandipora,"Bandipora (PM-10, PM-2.5) 1085",2024-02,128.0,128.0,46.0,25.0,12.0,2
Kashmir,Bandipora,"Bandipora (PM-10, PM-2.5) 1085",2024-03,124.0,124.0,15.0,3.0,1.0,3
Kashmir,Bandipora,"Bandipora (PM-10, PM-2.5) 1085",2024-04,114.0,114.0,57.0,22.0,11.0,4
Kashmir,Bandipora,"Bandipora (PM-10, PM-2.5) 1085",2024-05,115.18089284129273,116.42857142857143,57.5,20.571428571428573,8.978141707582344,5
Kashmir,Bandipora,"Bandipora (PM-10, PM-2.5) 1085",2024-06,115.18089284129273,118.85714285714286,58.0,19.142857142857142,8.47292361690635,6
Kashmir,Bandipora,"Bandipora (PM-10, PM-2.5) 1085",2024-07,71.31428571428572,118.85714285714286,61.59434435108168,17.013476560213192,8.415150229585446,7
Kashmir,Bandipora,"Bandipora (PM-10, PM-2.5) 1085",2024-08,71.31428571428572,118.85714285714286,57.976830072177734,17.45095889780816,8.35426049697338,8
Kashmir,Bandipora,"Bandipora (PM-10, PM-2.5) 1085",2024-09,71.31428571428572,118.85714285714286,57.976830072177734,17.45095889780816,8.35426049697338,9
Kashmir,Bandipora,"Bandipora (PM-10, PM-2.5) 1085",2024-10,131.0,131.0,61.095026844533,19.032989561595798,8.619802653698443,10
Kashmir,Bandipora,"Bandipora (PM-10, PM-2.5) 1085",2024-11,131.0,131.0,74.2926895094751,12.0,6.069093205046137,11
Kashmir,Bandipora,"Bandipora (PM-10, PM-2.5) 1085",2024-12,124.63687585413753,125.5,58.327149855121,11.0,6.0,12
Kashmir,Bandipora,"Bandipora (PM-10, PM-2.5) 1085",2025-01,120.0,120.0,53.50502682774928,3.0,1.0,1
Kashmir,Bandipora,"Bandipora (PM-10, PM-2.5) 1085",2025-02,119.0,119.0,62.0,3.0,4.627814056934688,2
Kashmir,Bandipora,"Bandipora (PM-10, PM-2.5) 1085",2025-03,114.0,114.0,61.0,3.0,4.317102774315308,3
Kashmir,Bandipora,"Bandipora (PM-10, PM-2.5) 1085",2025-04,98.0,98.0,60.0,17.030307271572788,6.728325907797358,4
Kashmir,Bandipora,"Bandipora (PM-10, PM-2.5) 1085",2025-05,101.03327226704376,101.0,43.20868012072586,18.249524338143242,6.654893082802426,5
Kashmir,Bandipora,"Bandipora (PM-10, PM-2.5) 1085",2025-06,104.0,104.0,42.88138431381667,18.12446893881545,8.661977772616215,6
Kashmir,Bandipora,"Bandipora (PM-10, PM-2.5) 1085",2025-07,73.0,73.0,30.95843611067349,3.0,1.0,7
Kashmir,Bandipora,"Bandipora (PM-10, PM-2.5) 1085",2025-08,98.0,98.0,31.99572063962668,17.0,7.0,8
Kashmir,Bandipora,"Bandipora (PM-10, PM-2.5) 1085",2025-09,98.0,98.0,39.6854183897649,20.0,10.0,9
Kashmir,Bandipora,"Bandipora (PM-10, PM-2.5) 1085",2025-10,88.94976122161685,88.0,26.855374480118613,16.0,2.9433294247661843,10
Kashmir,Bandipora,"Bandipora (PM-10, PM-2.5) 1085",2025-11,88.94976122161685,98.0,36.68172615588045,16.0,4.068826163558235,11
Kashmir,Bandipora,"Bandipora (PM-10, PM-2.5) 1085",2025-12,119.0,123.0,55.781409192592115,16.0,6.937059908194415,12
Kashmir,Bandipora,"Bandipora (PM-10, PM-2.5) 1085",2026-01,119.0,119.0,52.83854770635054,20.0,9.21205871836788,1
Kashmir,Bandipora,"Bandipora (PM-10, PM-2.5) 1085",2026-02,113.0,113.0,45.7444575054316,19.0,8.79560341751112,2
Kashmir,Bandipora,"Bandipora (PM-10, PM-2.5) 1085",2026-03,108.85325776666508,109.46153846153847,50.40735965373187,18.53846153846154,8.286622208208367,3
Kashmir,Baramulla,"Baramulla DFO Office (PM-10, PM-2.5) 1078",2022-01,108.85325776666508,105.92307692307692,51.04769222231656,18.076923076923077,6.878702949286995,1
Kashmir,Baramulla,"Baramulla DFO Office (PM-10, PM-2.5) 1078",2022-02,63.55384615384615,105.92307692307692,39.674329262535515,19.719215209118055,4.687385951249457,2
Kashmir,Baramulla,"Baramulla DFO Office (PM-10, PM-2.5) 1078",2022-03,63.55384615384615,105.92307692307692,35.40144048548809,16.778523575431745,4.081249287430726,3
Kashmir,Baramulla,"Baramulla DFO Office (PM-10, PM-2.5) 1078",2022-04,63.55384615384615,105.92307692307692,35.40144048548809,16.778523575431745,4.081249287430726,4
Kashmir,Baramulla,"Baramulla DFO Office (PM-10, PM-2.5) 1078",2022-05,63.55384615384615,105.92307692307692,35.40144048548809,16.778523575431745,4.081249287430726,5
Kashmir,Baramulla,"Baramulla DFO Office (PM-10, PM-2.5) 1078",2022-06,63.553846153846145,105.92307692307692,35.40144048548809,16.778523575431745,4.081249287430726,6
Kashmir,Baramulla,"Baramulla DFO Office (PM-10, PM-2.5) 1078",2022-07,94.39309303217156,97.17726946547947,45.4194897078592,16.90828403592742,5.830875792682721,7
Kashmir,Baramulla,"Baramulla DFO Office (PM-10, PM-2.5) 1078",2022-08,40.199999999999996,67.0,26.8,26.8,4.772797599309274,8
Kashmir,Baramulla,"Baramulla DFO Office (PM-10, PM-2.5) 1078",2022-09,40.199999999999996,67.0,26.8,26.8,5.2489519311416934,9
Kashmir,Baramulla,"Baramulla DFO Office (PM-10, PM-2.5) 1078",2022-10,40.199999999999996,67.0,38.544981235656415,13.59486616291406,5.284183023468941,10
Kashmir,Baramulla,"Baramulla DFO Office (PM-10, PM-2.5) 1078",2022-11,104.0,67.0,38.544981235656415,13.59486616291406,5.284183023468941,11
Kashmir,Baramulla,"Baramulla DFO Office (PM-10, PM-2.5) 1078",2022-12,104.0,67.0,37.0,13.0,7.0,12
Kashmir,Baramulla,"Baramulla DFO Office (PM-10, PM-2.5) 1078",2023-01,117.0,72.0,45.0,11.0,5.0,1
Kashmir,Baramulla,"Baramulla DFO Office (PM-10, PM-2.5) 1078",2023-02,93.0,49.0,44.0,9.0,5.0,2
Kashmir,Baramulla,"Baramulla DFO Office (PM-10, PM-2.5) 1078",2023-03,118.0,66.0,51.0,12.0,6.0,3
Kashmir,Baramulla,"Baramulla DFO Office (PM-10, PM-2.5) 1078",2023-04,119.6903247163538,65.88888888888889,50.666666666666664,12.6,5.908062579523696,4
Kashmir,Baramulla,"Baramulla DFO Office (PM-10, PM-2.5) 1078",2023-05,119.6903247163538,65.77777777777777,50.333333333333336,13.2,6.209963566008304,5
Kashmir,Baramulla,"Baramulla DFO Office (PM-10, PM-2.5) 1078",2023-06,39.46666666666666,65.77777777777777,35.60175154509544,10.520787108054659,5.2018114636762895,6
Kashmir,Baramulla,"Baramulla DFO Office (PM-10, PM-2.5) 1078",2023-07,39.46666666666666,65.77777777777777,35.60175154509544,10.520787108054659,5.2018114636762895,7
Kashmir,Baramulla,"Baramulla DFO Office (PM-10, PM-2.5) 1078",2023-08,39.46666666666666,65.77777777777777,35.60175154509544,10.520787108054659,5.2018114636762895,8
Kashmir,Baramulla,"Baramulla DFO Office (PM-10, PM-2.5) 1078",2023-09,39.0,65.0,35.60175154509544,10.520787108054659,5.2018114636762895,9
Kashmir,Baramulla,"Baramulla DFO Office (PM-10, PM-2.5) 1078",2023-10,39.0,65.0,35.60175154509544,10.520787108054659,5.539131844085375,10
Kashmir,Baramulla,"Baramulla DFO Office (PM-10, PM-2.5) 1078",2023-11,39.0,65.0,35.86830207979346,11.216006999414702,5.539131844085375,11
Kashmir,Baramulla,"Baramulla DFO Office (PM-10, PM-2.5) 1078",2023-12,117.0,65.0,48.0,11.216006999414702,5.772651236684123,12
Kashmir,Baramulla,"Baramulla DFO Office (PM-10, PM-2.5) 1078",2024-01,117.0,117.0,57.5,18.0,7.439477546338766,1
Kashmir,Baramulla,"Baramulla DFO Office (PM-10, PM-2.5) 1078",2024-02,114.0,114.0,67.0,24.0,12.0,2
Kashmir,Baramulla,"Baramulla DFO Office (PM-10, PM-2.5) 1078",2024-03,87.0,87.0,52.0,14.0,5.0,3
Kashmir,Baramulla,"Baramulla DFO Office (PM-10, PM-2.5) 1078",2024-04,87.0,87.0,67.0,17.0,7.0,4
Kashmir,Baramulla,"Baramulla DFO Office (PM-10, PM-2.5) 1078",2024-05,92.36164051374497,90.57142857142857,65.55555555555556,15.777777777777779,6.186938693131207,5
Kashmir,Baramulla,"Baramulla DFO Office (PM-10, PM-2.5) 1078",2024-06,92.36164051374497,94.14285714285714,64.11111111111111,14.555555555555555,6.186938693131207,6
Kashmir,Baramulla,"Baramulla DFO Office (PM-10, PM-2.5) 1078",2024-07,56.48571428571428,94.14285714285714,29.4718373007259,16.552139185403476,3.030356886375052,7
Kashmir,Baramulla,"Baramulla DFO Office (PM-10, PM-2.5) 1078",2024-08,56.48571428571428,94.14285714285714,29.4718373007259,17.80240039713997,3.1814714351396254,8
Kashmir,Baramulla,"Baramulla DFO Office (PM-10, PM-2.5) 1078",2024-09,56.48571428571428,94.14285714285714,29.4718373007259,17.80240039713997,3.1814714351396254,9
Kashmir,Baramulla,"Baramulla DFO Office (PM-10, PM-2.5) 1078",2024-10,112.0,112.0,46.18439478502336,19.996658242789568,6.605252996534992,10
Kashmir,Baramulla,"Baramulla DFO Office (PM-10, PM-2.5) 1078",2024-11,112.0,112.0,52.05519280183767,18.562417615355606,8.402673429556168,11
Kashmir,Baramulla,"Baramulla DFO Office (PM-10, PM-2.5) 1078",2024-12,99.21353027865956,98.0,36.23392503866092,17.99800445089908,4.155965566384666,12
Kashmir,Baramulla,"Baramulla DFO Office (PM-10, PM-2.5) 1078",2025-01,95.0,84.0,54.0,6.0,3.0,1
Kashmir,Baramulla,"Baramulla DFO Office (PM-10, PM-2.5) 1078",2025-02,117.0,117.0,59.0,15.0,8.0,2
Kashmir,Baramulla,"Baramulla DFO Office (PM-10, PM-2.5) 1078",2025-03,116.0,116.0,37.0,9.0,4.0,3
Kashmir,Baramulla,"Baramulla DFO Office (PM-10, PM-2.5) 1078",2025-04,116.0,116.0,48.0,5.0,3.0,4
Kashmir,Baramulla,"Baramulla DFO Office (PM-10, PM-2.5) 1078",2025-05,109.0,109.0,52.0,5.5,4.2128083882834995,5
Kashmir,Baramulla,"Baramulla DFO Office (PM-10, PM-2.5) 1078",2025-06,110.0,110.0,52.0,6.0,3.0,6
Kashmir,Baramulla,"Baramulla DFO Office (PM-10, PM-2.5) 1078",2025-07,115.0,115.0,55.0,7.0,3.0,7
Kashmir,Baramulla,"Baramulla DFO Office (PM-10, PM-2.5) 1078",2025-08,110.0,110.0,50.0,10.0,4.0,8
Kashmir,Baramulla,"Baramulla DFO Office (PM-10, PM-2.5) 1078",2025-09,112.0,112.0,66.0,17.0,7.0,9
Kashmir,Baramulla,"Baramulla DFO Office (PM-10, PM-2.5) 1078",2025-10,114.0,114.0,54.0,9.0,5.293210083914757,10
Kashmir,Baramulla,"Baramulla DFO Office (PM-10, PM-2.5) 1078",2025-11,118.0,118.0,50.0,15.0,7.74133202658357,11
Kashmir,Baramulla,"Baramulla DFO Office (PM-10, PM-2.5) 1078",2025-12,122.0,122.0,55.0,16.0,7.705272014387767,12
Kashmir,Baramulla,"Baramulla DFO Office (PM-10, PM-2.5) 1078",2026-01,115.0,115.0,46.0,16.0,7.920494008617057,1
Kashmir,Baramulla,"Baramulla DFO Office (PM-10, PM-2.5) 1078",2026-02,112.43734244039685,112.14285714285714,58.0,15.785714285714286,7.450259299820535,2
Kashmir,Baramulla,"Baramulla DFO Office (PM-10, PM-2.5) 1078",2026-03,112.43734244039685,109.28571428571429,70.0,15.571428571428571,7.139097877354264,3
Kashmir,Baramulla,"Baramulla JKPCC Office (PM-10, PM-2.5) 1079",2022-01,82.0,109.28571428571429,82.0,16.27022305565746,6.569688588788892,1
Kashmir,Baramulla,"Baramulla JKPCC Office (PM-10, PM-2.5) 1079",2022-02,81.42314744162759,109.28571428571429,78.72727272727273,16.18199091316019,6.569688588788892,2
Kashmir,Baramulla,"Baramulla JKPCC Office (PM-10, PM-2.5) 1079",2022-03,81.42314744162759,109.28571428571429,75.45454545454545,16.18199091316019,6.569688588788892,3
Kashmir,Baramulla,"Baramulla JKPCC Office (PM-10, PM-2.5) 1079",2022-04,65.57142857142857,109.28571428571429,75.45454545454545,16.18199091316019,6.569688588788892,4
Kashmir,Baramulla,"Baramulla JKPCC Office (PM-10, PM-2.5) 1079",2022-05,76.13924115156125,109.28571428571429,76.54545454545455,16.18199091316019,6.569688588788892,5
Kashmir,Baramulla,"Baramulla JKPCC Office (PM-10, PM-2.5) 1079",2022-06,94.39309303217156,97.17726946547947,45.4194897078592,16.90828403592742,5.830875792682721,6
Kashmir,Baramulla,"Baramulla JKPCC Office (PM-10, PM-2.5) 1079",2022-07,94.39309303217156,97.17726946547947,45.4194897078592,16.90828403592742,5.830875792682721,7
Kashmir,Baramulla,"Baramulla JKPCC Office (PM-10, PM-2.5) 1079",2022-08,45.0,75.0,30.0,30.0,5.024913622260362,8
Kashmir,Baramulla,"Baramulla JKPCC Office (PM-10, PM-2.5) 1079",2022-09,45.0,75.0,30.0,30.0,4.851268035268397,9
Kashmir,Baramulla,"Baramulla JKPCC Office (PM-10, PM-2.5) 1079",2022-10,45.0,75.0,36.928277013941866,11.469250287239085,4.954533812342765,10
Kashmir,Baramulla,"Baramulla JKPCC Office (PM-10, PM-2.5) 1079",2022-11,122.0,75.0,36.928277013941866,11.469250287239085,4.954533812342765,11
Kashmir,Baramulla,"Baramulla JKPCC Office (PM-10, PM-2.5) 1079",2022-12,122.0,75.0,46.0,13.0,7.0,12
Kashmir,Baramulla,"Baramulla JKPCC Office (PM-10, PM-2.5) 1079",2023-01,113.0,70.0,43.0,11.0,6.0,1
Kashmir,Baramulla,"Baramulla JKPCC Office (PM-10, PM-2.5) 1079",2023-02,150.0,82.0,68.0,13.0,8.0,2
Kashmir,Baramulla,"Baramulla JKPCC Office (PM-10, PM-2.5) 1079",2023-03,139.0,86.0,53.0,16.0,10.0,3
Kashmir,Baramulla,"Baramulla JKPCC Office (PM-10, PM-2.5) 1079",2023-04,98.02911779669054,85.66666666666667,51.44444444444444,16.2,6.6699601165057025,4
Kashmir,Baramulla,"Baramulla JKPCC Office (PM-10, PM-2.5) 1079",2023-05,98.02911779669054,85.33333333333333,49.888888888888886,16.4,6.6699601165057025,5
Kashmir,Baramulla,"Baramulla JKPCC Office (PM-10, PM-2.5) 1079",2023-06,51.199999999999996,85.33333333333333,34.53172172784067,14.543549351135788,4.068826163558235,6
Kashmir,Baramulla,"Baramulla JKPCC Office (PM-10, PM-2.5) 1079",2023-07,51.199999999999996,85.33333333333333,34.18525044787937,14.543549351135788,4.068826163558235,7
Kashmir,Baramulla,"Baramulla JKPCC Office (PM-10, PM-2.5) 1079",2023-08,51.199999999999996,85.33333333333333,34.18525044787937,14.543549351135788,4.068826163558235,8
Kashmir,Baramulla,"Baramulla JKPCC Office (PM-10, PM-2.5) 1079",2023-09,49.8,83.0,34.80915797305074,14.543549351135788,4.247154203386412,9
Kashmir,Baramulla,"Baramulla JKPCC Office (PM-10, PM-2.5) 1079",2023-10,49.8,83.0,35.671056767788045,14.904120721048882,4.334961604251415,10
Kashmir,Baramulla,"Baramulla JKPCC Office (PM-10, PM-2.5) 1079",2023-11,49.8,83.0,36.2978841271984,14.791113316218954,4.334961604251415,11
Kashmir,Baramulla,"Baramulla JKPCC Office (PM-10, PM-2.5) 1079",2023-12,121.0,83.0,39.0,14.791113316218954,4.334961604251415,12
Kashmir,Baramulla,"Baramulla JKPCC Office (PM-10, PM-2.5) 1079",2024-01,121.0,121.0,77.5,18.0,6.3097705642300355,1
Kashmir,Baramulla,"Baramulla JKPCC Office (PM-10, PM-2.5) 1079",2024-02,133.0,129.0,116.0,25.0,13.0,2
Kashmir,Baramulla,"Baramulla JKPCC Office (PM-10, PM-2.5) 1079",2024-03,149.0,138.0,139.0,23.0,11.0,3
Kashmir,Baramulla,"Baramulla JKPCC Office (PM-10, PM-2.5) 1079",2024-04,135.0,132.0,104.0,22.0,12.0,4
Kashmir,Baramulla,"Baramulla JKPCC Office (PM-10, PM-2.5) 1079",2024-05,139.88713337791884,131.33333333333334,100.57142857142857,21.142857142857142,8.805191329005568,5
Kashmir,Baramulla,"Baramulla JKPCC Office (PM-10, PM-2.5) 1079",2024-06,139.88713337791884,130.66666666666666,97.14285714285714,20.285714285714285,8.831959845234957,6
Kashmir,Baramulla,"Baramulla JKPCC Office (PM-10, PM-2.5) 1079",2024-07,78.39999999999999,130.66666666666666,67.50985253907308,19.598227696029873,8.955818141772482,7
Kashmir,Baramulla,"Baramulla JKPCC Office (PM-10, PM-2.5) 1079",2024-08,78.39999999999999,130.66666666666666,67.50985253907308,18.51314113734727,8.115114257019805,8
Kashmir,Baramulla,"Baramulla JKPCC Office (PM-10, PM-2.5) 1079",2024-09,78.39999999999999,130.66666666666666,67.50985253907308,18.51314113734727,8.115114257019805,9
Kashmir,Baramulla,"Baramulla JKPCC Office (PM-10, PM-2.5) 1079",2024-10,75.6,126.0,58.327149855121,17.409225166762187,7.900468623537525,10
Kashmir,Baramulla,"Baramulla JKPCC Office (PM-10, PM-2.5) 1079",2024-11,75.6,126.0,80.0,16.0,2.0,11
Kashmir,Baramulla,"Baramulla JKPCC Office (PM-10, PM-2.5) 1079",2024-12,126.0,126.0,72.5,17.0,9.0,12
Kashmir,Baramulla,"Baramulla JKPCC Office (PM-10, PM-2.5) 1079",2025-01,126.0,126.0,65.0,15.0,8.0,1
Kashmir,Baramulla,"Baramulla JKPCC Office (PM-10, PM-2.5) 1079",2025-02,124.0,124.0,66.0,18.0,10.0,2
Kashmir,Baramulla,"Baramulla JKPCC Office (PM-10, PM-2.5) 1079",2025-03,114.0,114.0,29.0,16.0,9.0,3
Kashmir,Baramulla,"Baramulla JKPCC Office (PM-10, PM-2.5) 1079",2025-04,125.0,125.0,68.0,10.0,5.0,4
Kashmir,Baramulla,"Baramulla JKPCC Office (PM-10, PM-2.5) 1079",2025-05,114.0,114.0,61.0,18.0,8.043742573822376,5
Kashmir,Baramulla,"Baramulla JKPCC Office (PM-10, PM-2.5) 1079",2025-06,126.0,126.0,68.0,12.0,5.0,6
Kashmir,Baramulla,"Baramulla JKPCC Office (PM-10, PM-2.5) 1079",2025-07,126.0,126.0,52.0,12.0,6.0,7
Kashmir,Baramulla,"Baramulla JKPCC Office (PM-10, PM-2.5) 1079",2025-08,119.0,119.0,53.0,16.0,8.0,8
Kashmir,Baramulla,"Baramulla JKPCC Office (PM-10, PM-2.5) 1079",2025-09,51.0,123.5,51.0,17.0,8.387778603193155,9
Kashmir,Baramulla,"Baramulla JKPCC Office (PM-10, PM-2.5) 1079",2025-10,128.0,128.0,62.0,18.0,8.35721893461045,10
Kashmir,Baramulla,"Baramulla JKPCC Office (PM-10, PM-2.5) 1079",2025-11,132.0,132.0,71.0,22.0,9.109985072554895,11
Kashmir,Baramulla,"Baramulla JKPCC Office (PM-10, PM-2.5) 1079",2025-12,140.25078448942014,130.0,95.0,24.0,9.663892246264671,12
Kashmir,Baramulla,"Baramulla JKPCC Office (PM-10, PM-2.5) 1079",2026-01,128.0,128.0,70.0,23.0,9.90535315966365,1
Kashmir,Baramulla,"Baramulla JKPCC Office (PM-10, PM-2.5) 1079",2026-02,108.0,108.0,46.0,22.0,9.13402007868304,2
Kashmir,Baramulla,"Baramulla JKPCC Office (PM-10, PM-2.5) 1079",2026-03,145.36643495445531,147.0,44.861111111111114,27.5,6.867564373850061,3
Kashmir,Budgam,Lasjan Budgam (PM-10) 913,2022-01,186.0,186.0,43.72222222222222,33.0,14.0,1
Kashmir,Budgam,Lasjan Budgam (PM-10) 913,2022-02,158.0,158.0,69.12737432897072,31.0,16.0,2
Kashmir,Budgam,Lasjan Budgam (PM-10) 913,2022-03,177.0,177.0,68.19477165810386,18.0,11.0,3
Kashmir,Budgam,Lasjan Budgam (PM-10) 913,2022-04,188.0,188.0,68.55863025011553,31.0,14.0,4
Kashmir,Budgam,Lasjan Budgam (PM-10) 913,2022-05,214.0,214.0,60.71690442785102,37.0,14.0,5
Kashmir,Budgam,Lasjan Budgam (PM-10) 913,2022-06,213.0,213.0,42.956133710653724,28.0,12.0,6
Kashmir,Budgam,Lasjan Budgam (PM-10) 913,2022-07,195.0,195.0,42.956133710653724,28.0,14.0,7
Kashmir,Budgam,Lasjan Budgam (PM-10) 913,2022-08,191.0,191.0,42.956133710653724,29.0,17.0,8
Kashmir,Budgam,Lasjan Budgam (PM-10) 913,2022-09,204.0,204.0,42.956133710653724,30.0,20.0,9
Kashmir,Budgam,Lasjan Budgam (PM-10) 913,2022-10,212.0,212.0,42.956133710653724,31.0,20.0,10
Kashmir,Budgam,Lasjan Budgam (PM-10) 913,2022-11,213.0,213.0,42.956133710653724,35.0,26.0,11
Kashmir,Budgam,Lasjan Budgam (PM-10) 913,2022-12,203.0,203.0,42.956133710653724,36.0,27.0,12
Kashmir,Budgam,Lasjan Budgam (PM-10) 913,2023-01,201.0,201.0,42.956133710653724,34.0,26.0,1
Kashmir,Budgam,Lasjan Budgam (PM-10) 913,2023-02,195.0,195.0,42.956133710653724,39.0,26.0,2
Kashmir,Budgam,Lasjan Budgam (PM-10) 913,2023-03,164.0,164.0,50.377292942602445,32.0,20.0,3
Kashmir,Budgam,Lasjan Budgam (PM-10) 913,2023-04,173.0,173.0,70.45586328617101,36.0,25.0,4
Kashmir,Budgam,Lasjan Budgam (PM-10) 913,2023-05,185.0,185.0,74.78966909227834,31.0,23.0,5
Kashmir,Budgam,Lasjan Budgam (PM-10) 913,2023-06,162.0,162.0,81.79443766323801,29.0,16.0,6
Kashmir,Budgam,Lasjan Budgam (PM-10) 913,2023-07,186.0,186.0,62.91738681352881,30.0,16.0,7
Kashmir,Budgam,Lasjan Budgam (PM-10) 913,2023-08,185.0,185.0,61.109458189610386,26.0,15.0,8
Kashmir,Budgam,Lasjan Budgam (PM-10) 913,2023-09,220.0,220.0,42.956133710653724,29.0,17.0,9
Kashmir,Budgam,Lasjan Budgam (PM-10) 913,2023-10,230.0,230.0,42.956133710653724,32.0,19.0,10
Kashmir,Budgam,Lasjan Budgam (PM-10) 913,2023-11,271.0,271.0,42.956133710653724,34.0,20.0,11
Kashmir,Budgam,Lasjan Budgam (PM-10) 913,2023-12,276.0,276.0,42.956133710653724,18.0,14.817202923944333,12
Kashmir,Budgam,Lasjan Budgam (PM-10) 913,2024-01,253.0,253.0,42.956133710653724,32.0,2.0,1
Kashmir,Budgam,Lasjan Budgam (PM-10) 913,2024-02,200.0,200.0,42.956133710653724,3.0,16.0,2
Kashmir,Budgam,Lasjan Budgam (PM-10) 913,2024-03,234.0,234.0,42.956133710653724,26.0,14.0,3
Kashmir,Budgam,Lasjan Budgam (PM-10) 913,2024-04,203.0,203.0,42.956133710653724,28.0,15.0,4
Kashmir,Budgam,Lasjan Budgam (PM-10) 913,2024-05,262.0,262.0,42.956133710653724,28.0,16.0,5
Kashmir,Budgam,Lasjan Budgam (PM-10) 913,2024-06,280.0,280.0,42.956133710653724,26.0,13.0,6
Kashmir,Budgam,Lasjan Budgam (PM-10) 913,2024-07,263.0,263.0,42.956133710653724,24.0,16.0,7
Kashmir,Budgam,Lasjan Budgam (PM-10) 913,2024-08,241.0,241.0,42.956133710653724,26.0,20.0,8
Kashmir,Budgam,Lasjan Budgam (PM-10) 913,2024-09,228.0,228.0,42.956133710653724,25.0,20.0,9
Kashmir,Budgam,Lasjan Budgam (PM-10) 913,2024-10,219.0,219.0,42.956133710653724,27.0,22.0,10
Kashmir,Budgam,Lasjan Budgam (PM-10) 913,2024-11,254.6780688350496,219.0,5.0,23.0,13.0,11
Kashmir,Budgam,Lasjan Budgam (PM-10) 913,2024-12,254.6780688350496,191.0,6.107142857142858,19.0,14.0,12
Kashmir,Budgam,Lasjan Budgam (PM-10) 913,2025-01,194.0,194.0,7.214285714285714,26.0,20.0,1
Kashmir,Budgam,Lasjan Budgam (PM-10) 913,2025-02,188.0,188.0,42.956133710653724,26.0,20.0,2
Kashmir,Budgam,Lasjan Budgam (PM-10) 913,2025-03,190.0,190.0,42.956133710653724,22.0,14.0,3
Kashmir,Budgam,Lasjan Budgam (PM-10) 913,2025-04,184.0,184.0,42.46234305708901,23.0,13.0,4
Kashmir,Budgam,Lasjan Budgam (PM-10) 913,2025-05,169.0,169.0,50.938046327047836,25.0,15.0,5
Kashmir,Budgam,Lasjan Budgam (PM-10) 913,2025-06,153.0,153.0,50.9804120146061,25.0,14.0,6
Kashmir,Budgam,Lasjan Budgam (PM-10) 913,2025-07,151.0,151.0,69.46462551951964,26.0,16.0,7
Kashmir,Budgam,Lasjan Budgam (PM-10) 913,2025-08,207.0,207.0,100.99079533589628,24.0,14.0,8
Kashmir,Budgam,Lasjan Budgam (PM-10) 913,2025-09,172.96431293965836,168.5,77.82452816038735,24.5,7.8244288865560225,9
Kashmir,Budgam,Lasjan Budgam (PM-10) 913,2025-10,130.0,130.0,64.32015127368332,25.0,8.338286443018823,10
Kashmir,Budgam,Lasjan Budgam (PM-10) 913,2025-11,233.0,233.0,92.92851755811057,28.0,10.004907425156023,11
Kashmir,Budgam,Lasjan Budgam (PM-10) 913,2025-12,247.0,209.5,72.07125323538641,29.0,12.081994480627428,12
Kashmir,Budgam,Lasjan Budgam (PM-10) 913,2026-01,186.0,186.0,42.956133710653724,26.0,16.305581659091995,1
Kashmir,Budgam,Lasjan Budgam (PM-10) 913,2026-02,158.0,158.0,42.47483041808703,33.0,16.992596634911198,2
Kashmir,Budgam,Lasjan Budgam (PM-10) 913,2026-03,151.41084076969625,150.53846153846155,43.59545872269058,31.692307692307693,13.732547049220228,3
Kashmir,Budgam,"SIDCO Complex Ompora Budgam (PM-10, PM-2.5) 1081",2022-01,151.41084076969625,143.07692307692307,60.04560113201278,30.384615384615383,12.20840480941482,1
Kashmir,Budgam,"SIDCO Complex Ompora Budgam (PM-10, PM-2.5) 1081",2022-02,85.84615384615384,143.07692307692307,65.87926216307761,27.99131168470738,10.711925876477999,2
Kashmir,Budgam,"SIDCO Complex Ompora Budgam (PM-10, PM-2.5) 1081",2022-03,85.84615384615384,143.07692307692307,57.950252009200355,27.47284168662152,11.366169127578269,3
Kashmir,Budgam,"SIDCO Complex Ompora Budgam (PM-10, PM-2.5) 1081",2022-04,85.84615384615384,143.07692307692307,57.950252009200355,27.47284168662152,11.366169127578269,4
Kashmir,Budgam,"SIDCO Complex Ompora Budgam (PM-10, PM-2.5) 1081",2022-05,85.84615384615384,143.07692307692307,57.950252009200355,27.47284168662152,11.366169127578269,5
Kashmir,Budgam,"SIDCO Complex Ompora Budgam (PM-10, PM-2.5) 1081",2022-06,85.84615384615385,143.07692307692307,57.95025200920035,27.47284168662152,11.366169127578269,6
Kashmir,Budgam,"SIDCO Complex Ompora Budgam (PM-10, PM-2.5) 1081",2022-07,94.39309303217156,97.17726946547947,45.4194897078592,16.90828403592742,5.830875792682721,7
Kashmir,Budgam,"SIDCO Complex Ompora Budgam (PM-10, PM-2.5) 1081",2022-08,36.6,61.0,24.400000000000002,24.400000000000002,4.45258249409484,8
Kashmir,Budgam,"SIDCO Complex Ompora Budgam (PM-10, PM-2.5) 1081",2022-09,36.6,61.0,24.400000000000002,24.400000000000002,5.081314484134228,9
Kashmir,Budgam,"SIDCO Complex Ompora Budgam (PM-10, PM-2.5) 1081",2022-10,36.6,61.0,35.92907164227069,11.61285731255391,6.256633498302223,10
Kashmir,Budgam,"SIDCO Complex Ompora Budgam (PM-10, PM-2.5) 1081",2022-11,97.0,61.0,35.92907164227069,11.61285731255391,6.256633498302223,11
Kashmir,Budgam,"SIDCO Complex Ompora Budgam (PM-10, PM-2.5) 1081",2022-12,97.0,61.0,36.0,16.0,10.0,12
Kashmir,Budgam,"SIDCO Complex Ompora Budgam (PM-10, PM-2.5) 1081",2023-01,93.0,58.0,35.0,12.0,6.0,1
Kashmir,Budgam,"SIDCO Complex Ompora Budgam (PM-10, PM-2.5) 1081",2023-02,89.0,57.0,31.0,14.0,8.0,2
Kashmir,Budgam,"SIDCO Complex Ompora Budgam (PM-10, PM-2.5) 1081",2023-03,107.0,75.0,31.0,17.0,10.0,3
Kashmir,Budgam,"SIDCO Complex Ompora Budgam (PM-10, PM-2.5) 1081",2023-04,95.54324157494175,73.66666666666667,33.54545454545455,17.9,4.853287475692685,4
Kashmir,Budgam,"SIDCO Complex Ompora Budgam (PM-10, PM-2.5) 1081",2023-05,95.54324157494175,72.33333333333333,36.09090909090909,18.8,5.646190688891865,5
Kashmir,Budgam,"SIDCO Complex Ompora Budgam (PM-10, PM-2.5) 1081",2023-06,43.4,72.33333333333333,37.77458613961601,14.134657895720041,5.178190013209606,6
Kashmir,Budgam,"SIDCO Complex Ompora Budgam (PM-10, PM-2.5) 1081",2023-07,43.4,72.33333333333333,37.77458613961601,14.264103741644561,5.178190013209606,7
Kashmir,Budgam,"SIDCO Complex Ompora Budgam (PM-10, PM-2.5) 1081",2023-08,43.4,72.33333333333333,37.77458613961601,14.264103741644561,5.178190013209606,8
Kashmir,Budgam,"SIDCO Complex Ompora Budgam (PM-10, PM-2.5) 1081",2023-09,37.8,63.0,33.043961027509816,11.5707740459176,4.980982551147683,9
Kashmir,Budgam,"SIDCO Complex Ompora Budgam (PM-10, PM-2.5) 1081",2023-10,37.8,63.0,32.786424928208234,10.426329947502063,5.29829539634932,10
Kashmir,Budgam,"SIDCO Complex Ompora Budgam (PM-10, PM-2.5) 1081",2023-11,37.8,63.0,35.29020737002345,11.22804660805683,5.539131844085375,11
Kashmir,Budgam,"SIDCO Complex Ompora Budgam (PM-10, PM-2.5) 1081",2023-12,125.0,63.0,35.29020737002345,11.22804660805683,5.539131844085375,12
Kashmir,Budgam,"SIDCO Complex Ompora Budgam (PM-10, PM-2.5) 1081",2024-01,125.0,125.0,52.83350976956388,26.0,6.977181401336691,1
Kashmir,Budgam,"SIDCO Complex Ompora Budgam (PM-10, PM-2.5) 1081",2024-02,120.0,120.0,59.0,24.0,12.0,2
Kashmir,Budgam,"SIDCO Complex Ompora Budgam (PM-10, PM-2.5) 1081",2024-03,133.0,133.0,59.0,20.0,11.0,3
Kashmir,Budgam,"SIDCO Complex Ompora Budgam (PM-10, PM-2.5) 1081",2024-04,124.0,124.0,70.0,21.0,10.0,4
Kashmir,Budgam,"SIDCO Complex Ompora Budgam (PM-10, PM-2.5) 1081",2024-05,123.9357601750048,125.0,68.28571428571429,21.0,9.420688137396658,5
Kashmir,Budgam,"SIDCO Complex Ompora Budgam (PM-10, PM-2.5) 1081",2024-06,123.9357601750048,126.0,66.57142857142857,21.0,9.030632229466784,6
Kashmir,Budgam,"SIDCO Complex Ompora Budgam (PM-10, PM-2.5) 1081",2024-07,75.6,126.0,60.420971286498784,17.52684629376972,8.201158791873059,7
Kashmir,Budgam,"SIDCO Complex Ompora Budgam (PM-10, PM-2.5) 1081",2024-08,75.6,126.0,59.77277053599737,17.3783926135463,7.982034428533465,8
Kashmir,Budgam,"SIDCO Complex Ompora Budgam (PM-10, PM-2.5) 1081",2024-09,130.0,130.0,58.413731850631144,18.24413071981552,8.237987477243923,9
Kashmir,Budgam,"SIDCO Complex Ompora Budgam (PM-10, PM-2.5) 1081",2024-10,130.0,130.0,63.59295311871809,18.25998602803882,8.092370569178764,10
Kashmir,Budgam,"SIDCO Complex Ompora Budgam (PM-10, PM-2.5) 1081",2024-11,117.0,117.0,58.0,21.0,4.0,11
Kashmir,Budgam,"SIDCO Complex Ompora Budgam (PM-10, PM-2.5) 1081",2024-12,120.0,120.0,73.0,16.0,9.0,12
Kashmir,Budgam,"SIDCO Complex Ompora Budgam (PM-10, PM-2.5) 1081",2025-01,119.0,119.0,70.0,9.0,6.0,1
Kashmir,Budgam,"SIDCO Complex Ompora Budgam (PM-10, PM-2.5) 1081",2025-02,110.0,110.0,53.0,18.0,11.0,2
Kashmir,Budgam,"SIDCO Complex Ompora Budgam (PM-10, PM-2.5) 1081",2025-03,83.0,83.0,43.0,15.0,8.0,3
Kashmir,Budgam,"SIDCO Complex Ompora Budgam (PM-10, PM-2.5) 1081",2025-04,65.0,65.0,33.0,16.0,9.0,4
Kashmir,Budgam,"SIDCO Complex Ompora Budgam (PM-10, PM-2.5) 1081",2025-05,53.0,53.0,33.0,9.0,5.0,5
Kashmir,Budgam,"SIDCO Complex Ompora Budgam (PM-10, PM-2.5) 1081",2025-06,64.0,64.0,33.0,10.0,4.0,6
Kashmir,Budgam,"SIDCO Complex Ompora Budgam (PM-10, PM-2.5) 1081",2025-07,65.0,65.0,33.0,14.0,7.0,7
Kashmir,Budgam,"SIDCO Complex Ompora Budgam (PM-10, PM-2.5) 1081",2025-08,37.0,74.66666666666667,37.0,14.333333333333334,6.054287279418833,8
Kashmir,Budgam,"SIDCO Complex Ompora Budgam (PM-10, PM-2.5) 1081",2025-09,36.0,84.33333333333333,36.0,14.666666666666666,4.999861973381429,9
Kashmir,Budgam,"SIDCO Complex Ompora Budgam (PM-10, PM-2.5) 1081",2025-10,94.0,94.0,47.0,15.0,6.6699601165057025,10
Kashmir,Budgam,"SIDCO Complex Ompora Budgam (PM-10, PM-2.5) 1081",2025-11,99.0,99.0,52.0,17.0,6.6699601165057025,11
Kashmir,Budgam,"SIDCO Complex Ompora Budgam (PM-10, PM-2.5) 1081",2025-12,116.0,116.0,60.0,18.0,7.028250516791754,12
Kashmir,Budgam,"SIDCO Complex Ompora Budgam (PM-10, PM-2.5) 1081",2026-01,111.0,111.0,80.0,23.0,9.173579553355642,1
Kashmir,Budgam,"SIDCO Complex Ompora Budgam (PM-10, PM-2.5) 1081",2026-02,103.37676087952032,106.71428571428571,76.92857142857143,22.214285714285715,8.584038549600596,2
Kashmir,Budgam,"SIDCO Complex Ompora Budgam (PM-10, PM-2.5) 1081",2026-03,103.37676087952032,102.42857142857143,73.85714285714286,21.428571428571427,7.165139549385411,3
Kashmir,Ganderbal,"Ganderbal DFO Office (PM-10, PM-2.5) 1083",2022-01,61.457142857142856,102.42857142857143,50.061255790860116,18.571831008268024,7.3040705553689795,1
Kashmir,Ganderbal,"Ganderbal DFO Office (PM-10, PM-2.5) 1083",2022-02,61.457142857142856,102.42857142857143,54.767347858380234,18.946131754042355,7.3040705553689795,2
Kashmir,Ganderbal,"Ganderbal DFO Office (PM-10, PM-2.5) 1083",2022-03,61.457142857142856,102.42857142857143,54.767347858380234,18.946131754042355,7.3040705553689795,3
Kashmir,Ganderbal,"Ganderbal DFO Office (PM-10, PM-2.5) 1083",2022-04,61.457142857142856,102.42857142857143,54.767347858380234,18.946131754042355,7.3040705553689795,4
Kashmir,Ganderbal,"Ganderbal DFO Office (PM-10, PM-2.5) 1083",2022-05,61.457142857142856,102.42857142857143,54.76734785838024,18.946131754042355,7.3040705553689795,5
Kashmir,Ganderbal,"Ganderbal DFO Office (PM-10, PM-2.5) 1083",2022-06,94.39309303217156,97.17726946547947,45.4194897078592,16.90828403592742,5.830875792682721,6
Kashmir,Ganderbal,"Ganderbal DFO Office (PM-10, PM-2.5) 1083",2022-07,94.39309303217156,97.17726946547947,45.4194897078592,16.90828403592742,5.830875792682721,7
Kashmir,Ganderbal,"Ganderbal DFO Office (PM-10, PM-2.5) 1083",2022-08,30.599999999999998,51.0,20.400000000000002,20.400000000000002,4.298946522244186,8
Kashmir,Ganderbal,"Ganderbal DFO Office (PM-10, PM-2.5) 1083",2022-09,30.599999999999998,51.0,20.400000000000002,20.400000000000002,4.978721588092542,9
Kashmir,Ganderbal,"Ganderbal DFO Office (PM-10, PM-2.5) 1083",2022-10,30.599999999999998,51.0,34.20015433980008,9.680712951340807,4.891972228131251,10
Kashmir,Ganderbal,"Ganderbal DFO Office (PM-10, PM-2.5) 1083",2022-11,89.0,51.0,34.20015433980008,9.680712951340807,4.891972228131251,11
Kashmir,Ganderbal,"Ganderbal DFO Office (PM-10, PM-2.5) 1083",2022-12,89.0,51.0,37.0,12.0,7.0,12
Kashmir,Ganderbal,"Ganderbal DFO Office (PM-10, PM-2.5) 1083",2023-01,112.0,59.0,52.0,11.0,6.0,1
Kashmir,Ganderbal,"Ganderbal DFO Office (PM-10, PM-2.5) 1083",2023-02,108.0,61.0,46.0,13.0,7.0,2
Kashmir,Ganderbal,"Ganderbal DFO Office (PM-10, PM-2.5) 1083",2023-03,104.0,46.0,58.0,9.0,5.0,3
Kashmir,Ganderbal,"Ganderbal DFO Office (PM-10, PM-2.5) 1083",2023-04,112.95664380510817,52.63636363636364,58.18181818181818,10.181818181818182,5.381280545762489,4
Kashmir,Ganderbal,"Ganderbal DFO Office (PM-10, PM-2.5) 1083",2023-05,112.95664380510817,59.27272727272727,58.36363636363637,11.363636363636363,5.675099572663043,5
Kashmir,Ganderbal,"Ganderbal DFO Office (PM-10, PM-2.5) 1083",2023-06,35.56363636363636,59.27272727272727,35.10020543830151,10.371465626412007,5.539131844085375,6
Kashmir,Ganderbal,"Ganderbal DFO Office (PM-10, PM-2.5) 1083",2023-07,35.56363636363636,59.27272727272727,36.435721598114114,10.006987550334108,4.887384726107265,7
Kashmir,Ganderbal,"Ganderbal DFO Office (PM-10, PM-2.5) 1083",2023-08,35.56363636363636,59.27272727272727,36.435721598114114,10.006987550334108,4.887384726107265,8
Kashmir,Ganderbal,"Ganderbal DFO Office (PM-10, PM-2.5) 1083",2023-09,35.56363636363636,59.27272727272727,36.435721598114114,10.006987550334108,4.887384726107265,9
Kashmir,Ganderbal,"Ganderbal DFO Office (PM-10, PM-2.5) 1083",2023-10,71.39999999999999,119.0,47.6,47.6,6.196029569230128,10
Kashmir,Ganderbal,"Ganderbal DFO Office (PM-10, PM-2.5) 1083",2023-11,71.39999999999999,119.0,47.6,47.6,7.567813501603118,11
Kashmir,Ganderbal,"Ganderbal DFO Office (PM-10, PM-2.5) 1083",2023-12,71.39999999999999,119.0,57.976830072177734,17.45095889780816,8.35426049697338,12
Kashmir,Ganderbal,"Ganderbal DFO Office (PM-10, PM-2.5) 1083",2024-01,119.0,119.0,57.976830072177734,17.45095889780816,8.35426049697338,1
Kashmir,Ganderbal,"Ganderbal DFO Office (PM-10, PM-2.5) 1083",2024-02,119.0,119.0,60.0,22.0,10.0,2
Kashmir,Ganderbal,"Ganderbal DFO Office (PM-10, PM-2.5) 1083",2024-03,86.0,86.0,55.22222222222222,19.0,8.0,3
Kashmir,Ganderbal,"Ganderbal DFO Office (PM-10, PM-2.5) 1083",2024-04,76.0,76.0,50.44444444444444,20.0,8.0,4
Kashmir,Ganderbal,"Ganderbal DFO Office (PM-10, PM-2.5) 1083",2024-05,82.53525780090837,83.28571428571429,32.18180439940741,20.857142857142858,4.840759496064701,5
Kashmir,Ganderbal,"Ganderbal DFO Office (PM-10, PM-2.5) 1083",2024-06,82.53525780090837,90.57142857142857,34.30418406501584,21.714285714285715,4.487933225159465,6
Kashmir,Ganderbal,"Ganderbal DFO Office (PM-10, PM-2.5) 1083",2024-07,54.34285714285714,90.57142857142857,34.562445445074296,15.024379754963913,4.068826163558235,7
Kashmir,Ganderbal,"Ganderbal DFO Office (PM-10, PM-2.5) 1083",2024-08,54.34285714285714,90.57142857142857,33.376396878876065,15.430055379614684,3.623796294796823,8
Kashmir,Ganderbal,"Ganderbal DFO Office (PM-10, PM-2.5) 1083",2024-09,54.34285714285714,90.57142857142857,33.376396878876065,15.430055379614684,3.623796294796823,9
Kashmir,Ganderbal,"Ganderbal DFO Office (PM-10, PM-2.5) 1083",2024-10,127.0,127.0,49.28582915949511,22.38448645727022,6.610426881003944,10
Kashmir,Ganderbal,"Ganderbal DFO Office (PM-10, PM-2.5) 1083",2024-11,127.0,127.0,17.0,26.0,9.0,11
Kashmir,Ganderbal,"Ganderbal DFO Office (PM-10, PM-2.5) 1083",2024-12,108.53196773877947,108.0,59.0,13.0,7.0,12
Kashmir,Ganderbal,"Ganderbal DFO Office (PM-10, PM-2.5) 1083",2025-01,107.0,107.0,58.0,6.0,3.0,1
Kashmir,Ganderbal,"Ganderbal DFO Office (PM-10, PM-2.5) 1083",2025-02,101.0,101.0,47.0,15.0,8.0,2
Kashmir,Ganderbal,"Ganderbal DFO Office (PM-10, PM-2.5) 1083",2025-03,76.0,76.0,42.5,10.0,4.0,3
Kashmir,Ganderbal,"Ganderbal DFO Office (PM-10, PM-2.5) 1083",2025-04,78.0,78.0,38.0,11.0,6.0,4
Kashmir,Ganderbal,"Ganderbal DFO Office (PM-10, PM-2.5) 1083",2025-05,67.0,67.0,30.041558574861156,7.0,4.0,5
Kashmir,Ganderbal,"Ganderbal DFO Office (PM-10, PM-2.5) 1083",2025-06,73.0,73.0,36.45306662814319,13.0,5.0,6
Kashmir,Ganderbal,"Ganderbal DFO Office (PM-10, PM-2.5) 1083",2025-07,71.0,71.0,37.434293449162624,10.0,5.0,7
Kashmir,Ganderbal,"Ganderbal DFO Office (PM-10, PM-2.5) 1083",2025-08,66.0,66.0,33.043961027509816,12.0,6.0,8
Kashmir,Ganderbal,"Ganderbal DFO Office (PM-10, PM-2.5) 1083",2025-09,69.0,69.0,33.38854096476836,12.0,6.0,9
Kashmir,Ganderbal,"Ganderbal DFO Office (PM-10, PM-2.5) 1083",2025-10,90.0,90.0,11.0,9.0,2.668677303969526,10
Kashmir,Ganderbal,"Ganderbal DFO Office (PM-10, PM-2.5) 1083",2025-11,91.891821624123,92.0,45.0,15.0,6.343066389532018,11
Kashmir,Ganderbal,"Ganderbal DFO Office (PM-10, PM-2.5) 1083",2025-12,91.891821624123,97.0,48.0,15.0,6.6699601165057025,12
Kashmir,Ganderbal,"Ganderbal DFO Office (PM-10, PM-2.5) 1083",2026-01,87.0,87.0,40.0,16.0,4.068826163558235,1
Kashmir,Ganderbal,"Ganderbal DFO Office (PM-10, PM-2.5) 1083",2026-02,87.0,87.0,38.0,16.0,4.068826163558235,2
Kashmir,Ganderbal,"Ganderbal DFO Office (PM-10, PM-2.5) 1083",2026-03,83.65604035235062,84.38461538461539,37.84615384615385,15.615384615384615,4.068826163558235,3
Kashmir,Kulgam,"Kulgam near D.I.C Building (PM-10, PM-2.5) 1086",2022-01,83.65604035235062,81.76923076923077,37.69230769230769,15.23076923076923,4.247154203386412,1
Kashmir,Kulgam,"Kulgam near D.I.C Building (PM-10, PM-2.5) 1086",2022-02,49.06153846153846,81.76923076923077,35.33909728687231,13.833456657175056,4.40067867933567,2
Kashmir,Kulgam,"Kulgam near D.I.C Building (PM-10, PM-2.5) 1086",2022-03,49.06153846153846,81.76923076923077,33.98352106811441,13.720449252345128,4.001124998390357,3
Kashmir,Kulgam,"Kulgam near D.I.C Building (PM-10, PM-2.5) 1086",2022-04,49.06153846153846,81.76923076923077,33.98352106811441,13.720449252345128,4.001124998390357,4
Kashmir,Kulgam,"Kulgam near D.I.C Building (PM-10, PM-2.5) 1086",2022-05,49.06153846153846,81.76923076923077,33.98352106811441,13.720449252345128,4.001124998390357,5
Kashmir,Kulgam,"Kulgam near D.I.C Building (PM-10, PM-2.5) 1086",2022-06,49.061538461538454,81.76923076923077,33.98352106811441,13.720449252345128,4.001124998390357,6
Kashmir,Kulgam,"Kulgam near D.I.C Building (PM-10, PM-2.5) 1086",2022-07,94.39309303217156,97.17726946547947,45.4194897078592,16.90828403592742,5.830875792682721,7
Kashmir,Kulgam,"Kulgam near D.I.C Building (PM-10, PM-2.5) 1086",2022-08,31.799999999999997,53.0,21.200000000000003,21.200000000000003,4.156510180121847,8
Kashmir,Kulgam,"Kulgam near D.I.C Building (PM-10, PM-2.5) 1086",2022-09,31.799999999999997,53.0,21.200000000000003,21.200000000000003,4.4265053761439805,9
Kashmir,Kulgam,"Kulgam near D.I.C Building (PM-10, PM-2.5) 1086",2022-10,31.799999999999997,53.0,33.17116661972343,9.660368306587914,4.734001704514372,10
Kashmir,Kulgam,"Kulgam near D.I.C Building (PM-10, PM-2.5) 1086",2022-11,89.0,53.0,33.17116661972343,9.660368306587914,4.734001704514372,11
Kashmir,Kulgam,"Kulgam near D.I.C Building (PM-10, PM-2.5) 1086",2022-12,89.0,53.0,36.0,11.0,7.0,12
Kashmir,Kulgam,"Kulgam near D.I.C Building (PM-10, PM-2.5) 1086",2023-01,101.0,61.0,40.0,13.0,7.0,1
Kashmir,Kulgam,"Kulgam near D.I.C Building (PM-10, PM-2.5) 1086",2023-02,119.0,63.0,55.0,13.0,7.0,2
Kashmir,Kulgam,"Kulgam near D.I.C Building (PM-10, PM-2.5) 1086",2023-03,103.0,68.0,35.0,13.0,7.0,3
Kashmir,Kulgam,"Kulgam near D.I.C Building (PM-10, PM-2.5) 1086",2023-04,102.77214268448888,66.0,37.90909090909091,13.909090909090908,5.677091381856193,4
Kashmir,Kulgam,"Kulgam near D.I.C Building (PM-10, PM-2.5) 1086",2023-05,102.77214268448888,64.0,40.81818181818182,14.818181818181818,5.677091381856193,5
Kashmir,Kulgam,"Kulgam near D.I.C Building (PM-10, PM-2.5) 1086",2023-06,38.4,64.0,35.60175154509544,10.520787108054659,5.539131844085375,6
Kashmir,Kulgam,"Kulgam near D.I.C Building (PM-10, PM-2.5) 1086",2023-07,38.4,64.0,35.86830207979346,11.460111151733004,5.539131844085375,7
Kashmir,Kulgam,"Kulgam near D.I.C Building (PM-10, PM-2.5) 1086",2023-08,38.4,64.0,35.86830207979346,11.460111151733004,5.539131844085375,8
Kashmir,Kulgam,"Kulgam near D.I.C Building (PM-10, PM-2.5) 1086",2023-09,30.0,50.0,32.86164043425247,8.560218632043112,4.0012830093046095,9
Kashmir,Kulgam,"Kulgam near D.I.C Building (PM-10, PM-2.5) 1086",2023-10,30.0,50.0,31.24440746621841,9.523320560999636,4.734001704514372,10
Kashmir,Kulgam,"Kulgam near D.I.C Building (PM-10, PM-2.5) 1086",2023-11,30.0,50.0,33.79722660173562,10.294025396128957,5.381161320468497,11
Kashmir,Kulgam,"Kulgam near D.I.C Building (PM-10, PM-2.5) 1086",2023-12,30.0,50.0,33.79722660173562,10.294025396128957,5.381161320468497,12
Kashmir,Kulgam,"Kulgam near D.I.C Building (PM-10, PM-2.5) 1086",2024-01,94.0,72.0,32.050163493857795,12.02568316703647,5.7375995225926975,1
Kashmir,Kulgam,"Kulgam near D.I.C Building (PM-10, PM-2.5) 1086",2024-02,94.0,94.0,67.0,23.0,12.0,2
Kashmir,Kulgam,"Kulgam near D.I.C Building (PM-10, PM-2.5) 1086",2024-03,93.0,98.44444444444444,93.0,22.444444444444443,7.265874832798901,3
Kashmir,Kulgam,"Kulgam near D.I.C Building (PM-10, PM-2.5) 1086",2024-04,99.0,102.88888888888889,99.0,21.88888888888889,7.361119321639012,4
Kashmir,Kulgam,"Kulgam near D.I.C Building (PM-10, PM-2.5) 1086",2024-05,110.39971267481262,102.88888888888889,94.0,18.80961299888326,7.373542445511503,5
Kashmir,Kulgam,"Kulgam near D.I.C Building (PM-10, PM-2.5) 1086",2024-06,110.39971267481262,102.88888888888889,89.0,18.91162367709943,7.7568114350304675,6
Kashmir,Kulgam,"Kulgam near D.I.C Building (PM-10, PM-2.5) 1086",2024-07,61.73333333333333,102.88888888888889,54.767347858380234,18.91162367709943,7.3040705553689795,7
Kashmir,Kulgam,"Kulgam near D.I.C Building (PM-10, PM-2.5) 1086",2024-08,80.39999999999999,134.0,43.90314400493667,28.621725064920895,7.335713915644717,8
Kashmir,Kulgam,"Kulgam near D.I.C Building (PM-10, PM-2.5) 1086",2024-09,80.39999999999999,134.0,69.20619775983097,28.494772791933052,9.742634732917832,9
Kashmir,Kulgam,"Kulgam near D.I.C Building (PM-10, PM-2.5) 1086",2024-10,141.0,134.0,64.34545452072699,19.844335102099922,9.054976725508116,10
Kashmir,Kulgam,"Kulgam near D.I.C Building (PM-10, PM-2.5) 1086",2024-11,141.0,134.0,64.0,18.0,3.0,11
Kashmir,Kulgam,"Kulgam near D.I.C Building (PM-10, PM-2.5) 1086",2024-12,125.0,120.0,45.0,17.0,10.0,12
Kashmir,Kulgam,"Kulgam near D.I.C Building (PM-10, PM-2.5) 1086",2025-01,106.0,106.0,46.0,12.0,8.0,1
Kashmir,Kulgam,"Kulgam near D.I.C Building (PM-10, PM-2.5) 1086",2025-02,83.0,83.0,32.0,16.0,10.0,2
Kashmir,Kulgam,"Kulgam near D.I.C Building (PM-10, PM-2.5) 1086",2025-03,64.0,64.0,26.0,4.0,2.0,3
Kashmir,Kulgam,"Kulgam near D.I.C Building (PM-10, PM-2.5) 1086",2025-04,82.0,82.0,48.0,12.0,5.0,4
Kashmir,Kulgam,"Kulgam near D.I.C Building (PM-10, PM-2.5) 1086",2025-05,68.0,68.0,17.0,12.0,6.0,5
Kashmir,Kulgam,"Kulgam near D.I.C Building (PM-10, PM-2.5) 1086",2025-06,67.0,67.0,41.0,5.0,2.0,6
Kashmir,Kulgam,"Kulgam near D.I.C Building (PM-10, PM-2.5) 1086",2025-07,58.0,58.0,27.0,11.0,5.0,7
Kashmir,Kulgam,"Kulgam near D.I.C Building (PM-10, PM-2.5) 1086",2025-08,76.0,76.0,47.0,9.0,4.0,8
Kashmir,Kulgam,"Kulgam near D.I.C Building (PM-10, PM-2.5) 1086",2025-09,64.0,64.0,28.0,11.0,5.0,9
Kashmir,Kulgam,"Kulgam near D.I.C Building (PM-10, PM-2.5) 1086",2025-10,105.0,105.0,14.0,11.0,4.084345510219284,10
Kashmir,Kulgam,"Kulgam near D.I.C Building (PM-10, PM-2.5) 1086",2025-11,122.0,122.0,14.6875,16.0,3.542735552455221,11
Kashmir,Kulgam,"Kulgam near D.I.C Building (PM-10, PM-2.5) 1086",2025-12,129.0,129.0,15.375,16.0,4.59568616373501,12
Kashmir,Kulgam,"Kulgam near D.I.C Building (PM-10, PM-2.5) 1086",2026-01,107.0,107.0,44.062002584480176,17.0,6.879371111572154,1
Kashmir,Kulgam,"Kulgam near D.I.C Building (PM-10, PM-2.5) 1086",2026-02,49.0,49.0,41.25762065836467,19.0,5.120486361328414,2
Kashmir,Kulgam,"Kulgam near D.I.C Building (PM-10, PM-2.5) 1086",2026-03,48.24718654941543,49.8421052631579,31.49641114324066,18.894736842105264,6.710088473418028,3
Kashmir,Kupwara,"Kupwara JKPCC (PM-10, PM-2.5)",2022-01,48.24718654941543,50.68421052631579,33.79722660173562,18.789473684210527,6.710088473418028,1
Kashmir,Kupwara,"Kupwara JKPCC (PM-10, PM-2.5)",2022-02,30.410526315789472,50.68421052631579,34.20015433980008,10.294025396128957,5.539131844085375,2
Kashmir,Kupwara,"Kupwara JKPCC (PM-10, PM-2.5)",2022-03,30.410526315789472,50.68421052631579,34.20015433980008,9.680712951340807,4.891972228131251,3
Kashmir,Kupwara,"Kupwara JKPCC (PM-10, PM-2.5)",2022-04,30.410526315789472,50.68421052631579,34.20015433980008,9.680712951340807,4.891972228131251,4
Kashmir,Kupwara,"Kupwara JKPCC (PM-10, PM-2.5)",2022-05,30.410526315789472,50.68421052631579,34.20015433980008,9.680712951340807,4.891972228131251,5
Kashmir,Kupwara,"Kupwara JKPCC (PM-10, PM-2.5)",2022-06,30.410526315789472,50.68421052631579,34.20015433980008,9.680712951340807,4.891972228131251,6
Kashmir,Kupwara,"Kupwara JKPCC (PM-10, PM-2.5)",2022-07,94.39309303217156,97.17726946547947,45.4194897078592,16.90828403592742,5.830875792682721,7
Kashmir,Kupwara,"Kupwara JKPCC (PM-10, PM-2.5)",2022-08,94.39309303217156,97.17726946547947,45.4194897078592,16.90828403592742,5.830875792682721,8
Kashmir,Kupwara,"Kupwara JKPCC (PM-10, PM-2.5)",2022-09,94.39309303217156,97.17726946547947,45.4194897078592,16.90828403592742,5.830875792682721,9
Kashmir,Kupwara,"Kupwara JKPCC (PM-10, PM-2.5)",2022-10,94.39309303217156,97.17726946547947,45.4194897078592,16.90828403592742,5.830875792682721,10
Kashmir,Kupwara,"Kupwara JKPCC (PM-10, PM-2.5)",2022-11,94.39309303217156,97.17726946547947,45.4194897078592,16.90828403592742,5.830875792682721,11
Kashmir,Kupwara,"Kupwara JKPCC (PM-10, PM-2.5)",2022-12,94.39309303217156,97.17726946547947,45.4194897078592,16.90828403592742,5.830875792682721,12
Kashmir,Kupwara,"Kupwara JKPCC (PM-10, PM-2.5)",2023-01,94.39309303217156,97.17726946547947,45.4194897078592,16.90828403592742,5.830875792682721,1
Kashmir,Kupwara,"Kupwara JKPCC (PM-10, PM-2.5)",2023-02,94.39309303217156,97.17726946547947,45.4194897078592,16.90828403592742,5.830875792682721,2
Kashmir,Kupwara,"Kupwara JKPCC (PM-10, PM-2.5)",2023-03,94.39309303217156,97.17726946547947,45.4194897078592,16.90828403592742,5.830875792682721,3
Kashmir,Kupwara,"Kupwara JKPCC (PM-10, PM-2.5)",2023-04,94.39309303217156,97.17726946547947,45.4194897078592,16.90828403592742,5.830875792682721,4
Kashmir,Kupwara,"Kupwara JKPCC (PM-10, PM-2.5)",2023-05,94.39309303217156,97.17726946547947,45.4194897078592,16.90828403592742,5.830875792682721,5
Kashmir,Kupwara,"Kupwara JKPCC (PM-10, PM-2.5)",2023-06,94.39309303217156,97.17726946547947,45.4194897078592,16.90828403592742,5.830875792682721,6
Kashmir,Kupwara,"Kupwara JKPCC (PM-10, PM-2.5)",2023-07,94.39309303217156,97.17726946547947,45.4194897078592,16.90828403592742,5.830875792682721,7
Kashmir,Kupwara,"Kupwara JKPCC (PM-10, PM-2.5)",2023-08,94.39309303217156,97.17726946547947,45.4194897078592,16.90828403592742,5.830875792682721,8
Kashmir,Kupwara,"Kupwara JKPCC (PM-10, PM-2.5)",2023-09,94.39309303217156,97.17726946547947,45.4194897078592,16.90828403592742,5.830875792682721,9
Kashmir,Kupwara,"Kupwara JKPCC (PM-10, PM-2.5)",2023-10,94.39309303217156,97.17726946547947,45.4194897078592,16.90828403592742,5.830875792682721,10
Kashmir,Kupwara,"Kupwara JKPCC (PM-10, PM-2.5)",2023-11,94.39309303217156,97.17726946547947,45.4194897078592,16.90828403592742,5.830875792682721,11
Kashmir,Kupwara,"Kupwara JKPCC (PM-10, PM-2.5)",2023-12,94.39309303217156,97.17726946547947,45.4194897078592,16.90828403592742,5.830875792682721,12
Kashmir,Kupwara,"Kupwara JKPCC (PM-10, PM-2.5)",2024-01,94.39309303217156,97.17726946547947,45.4194897078592,16.90828403592742,5.830875792682721,1
Kashmir,Kupwara,"Kupwara JKPCC (PM-10, PM-2.5)",2024-02,94.39309303217156,97.17726946547947,45.4194897078592,16.90828403592742,5.830875792682721,2
Kashmir,Kupwara,"Kupwara JKPCC (PM-10, PM-2.5)",2024-03,94.39309303217156,97.17726946547947,45.4194897078592,16.90828403592742,5.830875792682721,3
Kashmir,Kupwara,"Kupwara JKPCC (PM-10, PM-2.5)",2024-04,94.39309303217156,97.17726946547947,45.4194897078592,16.90828403592742,5.830875792682721,4
Kashmir,Kupwara,"Kupwara JKPCC (PM-10, PM-2.5)",2024-05,94.39309303217156,97.17726946547947,45.4194897078592,16.90828403592742,5.830875792682721,5
Kashmir,Kupwara,"Kupwara JKPCC (PM-10, PM-2.5)",2024-06,94.39309303217156,97.17726946547947,45.4194897078592,16.90828403592742,5.830875792682721,6
Kashmir,Kupwara,"Kupwara JKPCC (PM-10, PM-2.5)",2024-07,94.39309303217156,97.17726946547947,45.4194897078592,16.90828403592742,5.830875792682721,7
Kashmir,Kupwara,"Kupwara JKPCC (PM-10, PM-2.5)",2024-08,94.39309303217156,97.17726946547947,45.4194897078592,16.90828403592742,5.830875792682721,8
Kashmir,Kupwara,"Kupwara JKPCC (PM-10, PM-2.5)",2024-09,48.6,81.0,32.4,32.4,4.03236540124702,9
Kashmir,Kupwara,"Kupwara JKPCC (PM-10, PM-2.5)",2024-10,48.6,81.0,32.4,32.4,4.035571799656168,10
Kashmir,Kupwara,"Kupwara JKPCC (PM-10, PM-2.5)",2024-11,48.6,81.0,27.91507887556395,13.657600580762335,3.9322604420830616,11
Kashmir,Kupwara,"Kupwara JKPCC (PM-10, PM-2.5)",2024-12,81.0,81.0,27.91507887556395,13.657600580762335,3.9322604420830616,12
Kashmir,Kupwara,"Kupwara JKPCC (PM-10, PM-2.5)",2025-01,81.0,81.0,27.91507887556395,15.0,7.0,1
Kashmir,Kupwara,"Kupwara JKPCC (PM-10, PM-2.5)",2025-02,61.0,61.0,29.44676658701055,15.0,8.0,2
Kashmir,Kupwara,"Kupwara JKPCC (PM-10, PM-2.5)",2025-03,69.0,69.0,31.427103251818533,12.0,6.0,3
Kashmir,Kupwara,"Kupwara JKPCC (PM-10, PM-2.5)",2025-04,49.0,49.0,34.31819727363851,8.0,4.0,4
Kashmir,Kupwara,"Kupwara JKPCC (PM-10, PM-2.5)",2025-05,70.0,70.0,32.81631180683961,15.0,7.0,5
Kashmir,Kupwara,"Kupwara JKPCC (PM-10, PM-2.5)",2025-06,69.38933086963983,69.75,38.228455662344544,14.625,5.284183023468941,6
Kashmir,Kupwara,"Kupwara JKPCC (PM-10, PM-2.5)",2025-07,47.0,69.5,47.0,14.25,6.244778334140634,7
Kashmir,Kupwara,"Kupwara JKPCC (PM-10, PM-2.5)",2025-08,43.0,69.5,43.0,13.516270526758976,6.05160456580389,8
Kashmir,Kupwara,"Kupwara JKPCC (PM-10, PM-2.5)",2025-09,31.0,69.5,31.0,13.516270526758976,4.847921677094358,9
Kashmir,Kupwara,"Kupwara JKPCC (PM-10, PM-2.5)",2025-10,38.0,69.5,38.0,13.516270526758976,5.284183023468941,10
Kashmir,Kupwara,"Kupwara JKPCC (PM-10, PM-2.5)",2025-11,46.9116445956602,68.0,38.0,13.516270526758976,5.284183023468941,11
Kashmir,Kupwara,"Kupwara JKPCC (PM-10, PM-2.5)",2025-12,46.9116445956602,68.0,38.0,13.516270526758976,5.284183023468941,12
Kashmir,Kupwara,"Kupwara JKPCC (PM-10, PM-2.5)",2026-01,68.0,68.0,42.0,12.0,5.284183023468941,1
Kashmir,Kupwara,"Kupwara JKPCC (PM-10, PM-2.5)",2026-02,65.11719980190331,66.64285714285714,41.357142857142854,12.214285714285714,5.284183023468941,2
Kashmir,Kupwara,"Kupwara JKPCC (PM-10, PM-2.5)",2026-03,65.11719980190331,65.28571428571429,40.714285714285715,12.428571428571429,5.486529242352331,3
Kashmir,Pulwama,"I.G.C Lassipora Pulwama (PM-10, PM-2.5) 1082",2022-01,39.17142857142857,65.28571428571429,35.58847570917411,10.7428215450951,5.539131844085375,1
Kashmir,Pulwama,"I.G.C Lassipora Pulwama (PM-10, PM-2.5) 1082",2022-02,39.17142857142857,65.28571428571429,35.86830207979346,11.216006999414702,5.539131844085375,2
Kashmir,Pulwama,"I.G.C Lassipora Pulwama (PM-10, PM-2.5) 1082",2022-03,39.17142857142857,65.28571428571429,35.86830207979346,11.216006999414702,5.539131844085375,3
Kashmir,Pulwama,"I.G.C Lassipora Pulwama (PM-10, PM-2.5) 1082",2022-04,39.17142857142857,65.28571428571429,35.86830207979346,11.216006999414702,5.539131844085375,4
Kashmir,Pulwama,"I.G.C Lassipora Pulwama (PM-10, PM-2.5) 1082",2022-05,39.17142857142857,65.28571428571429,35.86830207979346,11.216006999414702,5.539131844085375,5
Kashmir,Pulwama,"I.G.C Lassipora Pulwama (PM-10, PM-2.5) 1082",2022-06,94.39309303217156,97.17726946547947,45.4194897078592,16.90828403592742,5.830875792682721,6
Kashmir,Pulwama,"I.G.C Lassipora Pulwama (PM-10, PM-2.5) 1082",2022-07,94.39309303217156,97.17726946547947,45.4194897078592,16.90828403592742,5.830875792682721,7
Kashmir,Pulwama,"I.G.C Lassipora Pulwama (PM-10, PM-2.5) 1082",2022-08,29.4,49.0,19.6,19.6,3.6519463086702313,8
Kashmir,Pulwama,"I.G.C Lassipora Pulwama (PM-10, PM-2.5) 1082",2022-09,29.4,49.0,19.6,19.6,4.403544647134765,9
Kashmir,Pulwama,"I.G.C Lassipora Pulwama (PM-10, PM-2.5) 1082",2022-10,29.4,49.0,34.45178201599842,12.430196849395546,6.256633498302223,10
Kashmir,Pulwama,"I.G.C Lassipora Pulwama (PM-10, PM-2.5) 1082",2022-11,83.0,49.0,34.45178201599842,12.430196849395546,6.256633498302223,11
Kashmir,Pulwama,"I.G.C Lassipora Pulwama (PM-10, PM-2.5) 1082",2022-12,83.0,49.0,33.0,15.0,9.0,12
Kashmir,Pulwama,"I.G.C Lassipora Pulwama (PM-10, PM-2.5) 1082",2023-01,116.0,69.0,46.0,13.0,7.0,1
Kashmir,Pulwama,"I.G.C Lassipora Pulwama (PM-10, PM-2.5) 1082",2023-02,114.0,67.0,47.0,14.0,8.0,2
Kashmir,Pulwama,"I.G.C Lassipora Pulwama (PM-10, PM-2.5) 1082",2023-03,124.0,76.0,48.0,16.0,9.0,3
Kashmir,Pulwama,"I.G.C Lassipora Pulwama (PM-10, PM-2.5) 1082",2023-04,102.04218649214589,82.9,46.666666666666664,16.6,6.942279506341301,4
Kashmir,Pulwama,"I.G.C Lassipora Pulwama (PM-10, PM-2.5) 1082",2023-05,102.04218649214589,89.8,45.333333333333336,17.2,6.738426443120575,5
Kashmir,Pulwama,"I.G.C Lassipora Pulwama (PM-10, PM-2.5) 1082",2023-06,53.879999999999995,89.8,34.812077807289725,14.81949409744993,4.068826163558235,6
Kashmir,Pulwama,"I.G.C Lassipora Pulwama (PM-10, PM-2.5) 1082",2023-07,53.879999999999995,89.8,33.23335634370523,14.923230876000602,3.623796294796823,7
Kashmir,Pulwama,"I.G.C Lassipora Pulwama (PM-10, PM-2.5) 1082",2023-08,53.879999999999995,89.8,33.23335634370523,14.923230876000602,3.623796294796823,8
Kashmir,Pulwama,"I.G.C Lassipora Pulwama (PM-10, PM-2.5) 1082",2023-09,53.879999999999995,89.8,33.23335634370523,14.923230876000602,3.623796294796823,9
Kashmir,Pulwama,"I.G.C Lassipora Pulwama (PM-10, PM-2.5) 1082",2023-10,87.0,145.0,58.0,58.0,9.348925796513178,10
Kashmir,Pulwama,"I.G.C Lassipora Pulwama (PM-10, PM-2.5) 1082",2023-11,87.0,145.0,36.0,27.839935897389346,8.98963338771143,11
Kashmir,Pulwama,"I.G.C Lassipora Pulwama (PM-10, PM-2.5) 1082",2023-12,145.0,145.0,36.0,27.839935897389346,8.98963338771143,12
Kashmir,Pulwama,"I.G.C Lassipora Pulwama (PM-10, PM-2.5) 1082",2024-01,145.0,145.0,42.0,22.0,9.04780847796542,1
Kashmir,Pulwama,"I.G.C Lassipora Pulwama (PM-10, PM-2.5) 1082",2024-02,142.0,142.0,48.0,25.0,13.0,2
Kashmir,Pulwama,"I.G.C Lassipora Pulwama (PM-10, PM-2.5) 1082",2024-03,126.0,126.0,63.0,19.0,9.0,3
Kashmir,Pulwama,"I.G.C Lassipora Pulwama (PM-10, PM-2.5) 1082",2024-04,124.0,124.0,50.0,22.0,11.0,4
Kashmir,Pulwama,"I.G.C Lassipora Pulwama (PM-10, PM-2.5) 1082",2024-05,123.26843189649075,127.71428571428571,44.285714285714285,20.285714285714285,9.086796333058992,5
Kashmir,Pulwama,"I.G.C Lassipora Pulwama (PM-10, PM-2.5) 1082",2024-06,123.26843189649075,131.42857142857142,38.57142857142857,18.571428571428573,5.335029748414678,6
Kashmir,Pulwama,"I.G.C Lassipora Pulwama (PM-10, PM-2.5) 1082",2024-07,78.85714285714285,131.42857142857142,68.03728232798288,18.911475724313494,8.196927815256757,7
Kashmir,Pulwama,"I.G.C Lassipora Pulwama (PM-10, PM-2.5) 1082",2024-08,78.85714285714285,131.42857142857142,68.03728232798288,19.87471520196074,9.037631700009435,8
Kashmir,Pulwama,"I.G.C Lassipora Pulwama (PM-10, PM-2.5) 1082",2024-09,78.85714285714285,131.42857142857142,68.03728232798288,19.87471520196074,9.037631700009435,9
Kashmir,Pulwama,"I.G.C Lassipora Pulwama (PM-10, PM-2.5) 1082",2024-10,90.0,150.0,47.31603272726579,24.694097938406763,9.88651954985196,10
Kashmir,Pulwama,"I.G.C Lassipora Pulwama (PM-10, PM-2.5) 1082",2024-11,90.0,150.0,10.0,10.0,4.0,11
Kashmir,Pulwama,"I.G.C Lassipora Pulwama (PM-10, PM-2.5) 1082",2024-12,153.0,146.0,10.0,19.0,13.0,12
Kashmir,Pulwama,"I.G.C Lassipora Pulwama (PM-10, PM-2.5) 1082",2025-01,153.0,153.0,10.0,22.0,16.0,1
Kashmir,Pulwama,"I.G.C Lassipora Pulwama (PM-10, PM-2.5) 1082",2025-02,148.0,148.0,46.0,24.0,19.0,2
Kashmir,Pulwama,"I.G.C Lassipora Pulwama (PM-10, PM-2.5) 1082",2025-03,141.0,141.0,34.0,9.0,8.0,3
Kashmir,Pulwama,"I.G.C Lassipora Pulwama (PM-10, PM-2.5) 1082",2025-04,111.0,111.0,46.0,15.0,10.0,4
Kashmir,Pulwama,"I.G.C Lassipora Pulwama (PM-10, PM-2.5) 1082",2025-05,163.0,163.0,74.0,24.0,11.0,5
Kashmir,Pulwama,"I.G.C Lassipora Pulwama (PM-10, PM-2.5) 1082",2025-06,144.0,144.0,66.0,10.0,6.0,6
Kashmir,Pulwama,"I.G.C Lassipora Pulwama (PM-10, PM-2.5) 1082",2025-07,142.0,142.0,69.0,22.0,12.0,7
Kashmir,Pulwama,"I.G.C Lassipora Pulwama (PM-10, PM-2.5) 1082",2025-08,146.0,146.0,69.0,18.0,10.0,8
Kashmir,Pulwama,"I.G.C Lassipora Pulwama (PM-10, PM-2.5) 1082",2025-09,140.0,140.0,56.0,26.0,13.0,9
Kashmir,Pulwama,"I.G.C Lassipora Pulwama (PM-10, PM-2.5) 1082",2025-10,137.0,137.0,58.0,22.0,9.448997561796292,10
Kashmir,Pulwama,"I.G.C Lassipora Pulwama (PM-10, PM-2.5) 1082",2025-11,108.0,98.0,49.0,16.0,6.859587299145032,11
Kashmir,Pulwama,"I.G.C Lassipora Pulwama (PM-10, PM-2.5) 1082",2025-12,137.21508985389005,136.0,62.0,27.0,6.640205734264514,12
Kashmir,Pulwama,"I.G.C Lassipora Pulwama (PM-10, PM-2.5) 1082",2026-01,144.0,144.0,60.0,32.0,10.399391454282176,1
Kashmir,Pulwama,"I.G.C Lassipora Pulwama (PM-10, PM-2.5) 1082",2026-02,143.91908351215915,141.66666666666666,59.753846153846155,32.333333333333336,11.795503130790328,2
Kashmir,Pulwama,"I.G.C Lassipora Pulwama (PM-10, PM-2.5) 1082",2026-03,143.91908351215915,139.33333333333334,59.50769230769231,32.666666666666664,10.359774628368127,3
Kashmir,Pulwama,Khrew Pulwama (PM-10) 912,2022-01,137.0,137.0,63.097785627851,33.0,13.0,1
Kashmir,Pulwama,Khrew Pulwama (PM-10) 912,2022-02,140.0,140.0,63.416729548885485,23.0,12.0,2
Kashmir,Pulwama,Khrew Pulwama (PM-10) 912,2022-03,105.0,105.0,48.033087960791185,30.0,12.0,3
Kashmir,Pulwama,Khrew Pulwama (PM-10) 912,2022-04,118.0,118.0,55.346105307267926,32.0,12.0,4
Kashmir,Pulwama,Khrew Pulwama (PM-10) 912,2022-05,124.0,124.0,48.30964348718981,33.0,11.0,5
Kashmir,Pulwama,Khrew Pulwama (PM-10) 912,2022-06,134.0,134.0,64.94786770338926,27.0,11.0,6
Kashmir,Pulwama,Khrew Pulwama (PM-10) 912,2022-07,124.0,124.0,52.04403633974712,29.0,14.0,7
Kashmir,Pulwama,Khrew Pulwama (PM-10) 912,2022-08,111.0,111.0,51.016615875455024,28.0,13.0,8
Kashmir,Pulwama,Khrew Pulwama (PM-10) 912,2022-09,127.0,127.0,49.8380377559351,23.0,11.0,9
Kashmir,Pulwama,Khrew Pulwama (PM-10) 912,2022-10,112.07641941210565,112.0,47.4714967618731,29.0,16.0,10
Kashmir,Pulwama,Khrew Pulwama (PM-10) 912,2022-11,112.07641941210565,126.0,61.57296417813629,33.0,23.0,11
Kashmir,Pulwama,Khrew Pulwama (PM-10) 912,2022-12,127.0,106.0,45.659967238562494,34.0,23.0,12
Kashmir,Pulwama,Khrew Pulwama (PM-10) 912,2023-01,127.0,127.0,45.2468843658013,32.0,20.0,1
Kashmir,Pulwama,Khrew Pulwama (PM-10) 912,2023-02,125.0,125.0,49.882845605063146,27.0,16.0,2
Kashmir,Pulwama,Khrew Pulwama (PM-10) 912,2023-03,132.0,132.0,57.69326492814527,28.0,16.0,3
Kashmir,Pulwama,Khrew Pulwama (PM-10) 912,2023-04,142.0,142.0,62.40075820762495,30.0,17.0,4
Kashmir,Pulwama,Khrew Pulwama (PM-10) 912,2023-05,138.0,138.0,57.19793479684708,29.0,16.0,5
Kashmir,Pulwama,Khrew Pulwama (PM-10) 912,2023-06,104.0,104.0,47.72975447738827,26.0,15.0,6
Kashmir,Pulwama,Khrew Pulwama (PM-10) 912,2023-07,112.0,112.0,42.33814719259411,25.0,13.0,7
Kashmir,Pulwama,Khrew Pulwama (PM-10) 912,2023-08,113.0,113.0,48.18220261580333,22.0,10.0,8
Kashmir,Pulwama,Khrew Pulwama (PM-10) 912,2023-09,125.0,125.0,48.62611738648576,27.0,15.0,9
Kashmir,Pulwama,Khrew Pulwama (PM-10) 912,2023-10,114.0,114.0,47.553742809617695,21.0,10.0,10
Kashmir,Pulwama,Khrew Pulwama (PM-10) 912,2023-11,128.0,128.0,46.95067559601424,22.0,10.0,11
Kashmir,Pulwama,Khrew Pulwama (PM-10) 912,2023-12,131.0,131.0,66.48921763362576,13.0,6.122876365987539,12
Kashmir,Pulwama,Khrew Pulwama (PM-10) 912,2024-01,124.0,124.0,48.56672641500208,22.0,1.0,1
Kashmir,Pulwama,Khrew Pulwama (PM-10) 912,2024-02,117.0,117.0,56.25326704155892,24.0,13.0,2
Kashmir,Pulwama,Khrew Pulwama (PM-10) 912,2024-03,112.0,112.0,49.15655026125429,24.0,12.0,3
Kashmir,Pulwama,Khrew Pulwama (PM-10) 912,2024-04,92.0,92.0,39.490558229345865,20.0,8.0,4
Kashmir,Pulwama,Khrew Pulwama (PM-10) 912,2024-05,115.0,115.0,43.89840197220053,23.0,10.0,5
Kashmir,Pulwama,Khrew Pulwama (PM-10) 912,2024-06,117.0,117.0,57.025342391247364,19.0,11.0,6
Kashmir,Pulwama,Khrew Pulwama (PM-10) 912,2024-07,115.0,115.0,50.15543564327038,15.0,10.0,7
Kashmir,Pulwama,Khrew Pulwama (PM-10) 912,2024-08,120.0,120.0,52.47403713158981,16.0,8.0,8
Kashmir,Pulwama,Khrew Pulwama (PM-10) 912,2024-09,116.0,116.0,53.116572451318476,17.0,12.0,9
Kashmir,Pulwama,Khrew Pulwama (PM-10) 912,2024-10,117.0,117.0,53.03491937721795,19.0,12.0,10
Kashmir,Pulwama,Khrew Pulwama (PM-10) 912,2024-11,126.0,126.0,55.23128506161722,16.0,7.85804164247592,11
Kashmir,Pulwama,Khrew Pulwama (PM-10) 912,2024-12,133.0,133.0,68.47705651075238,16.0,9.0,12
Kashmir,Pulwama,Khrew Pulwama (PM-10) 912,2025-01,100.0,100.0,39.6901981798372,20.0,14.0,1
Kashmir,Pulwama,Khrew Pulwama (PM-10) 912,2025-02,75.0,75.0,42.155959217389906,20.0,14.0,2
Kashmir,Pulwama,Khrew Pulwama (PM-10) 912,2025-03,71.0,71.0,23.97230046438629,19.0,12.0,3
Kashmir,Pulwama,Khrew Pulwama (PM-10) 912,2025-04,111.0,111.0,42.63385274622521,21.0,11.0,4
Kashmir,Pulwama,Khrew Pulwama (PM-10) 912,2025-05,81.0,81.0,34.23292785510585,21.0,10.0,5
Kashmir,Pulwama,Khrew Pulwama (PM-10) 912,2025-06,90.0,90.0,35.4368009625398,20.0,9.0,6
Kashmir,Pulwama,Khrew Pulwama (PM-10) 912,2025-07,90.0,90.0,34.5726045612351,19.0,12.0,7
Kashmir,Pulwama,Khrew Pulwama (PM-10) 912,2025-08,81.0,81.0,30.456483886621214,10.0,5.0,8
Kashmir,Pulwama,Khrew Pulwama (PM-10) 912,2025-09,73.0,73.0,30.989558283639894,17.0,7.0,9
Kashmir,Pulwama,Khrew Pulwama (PM-10) 912,2025-10,98.0,98.0,39.97391418144587,14.0,4.999861973381429,10
Kashmir,Pulwama,Khrew Pulwama (PM-10) 912,2025-11,113.0,101.33333333333333,46.674807057916084,17.0,6.738426443120575,11
Kashmir,Pulwama,Khrew Pulwama (PM-10) 912,2025-12,117.0,104.66666666666667,42.88138431381667,20.0,9.314095092344985,12
Kashmir,Pulwama,Khrew Pulwama (PM-10) 912,2026-01,108.0,108.0,45.99172669877495,23.0,7.488593567330216,1
Kashmir,Pulwama,Khrew Pulwama (PM-10) 912,2026-02,122.0,122.0,49.30549549133555,21.0,7.3409923597124545,2
Kashmir,Pulwama,Khrew Pulwama (PM-10) 912,2026-03,119.45758381049849,117.84615384615384,55.84843537681533,20.23076923076923,9.099411195143777,3
Kashmir,Shopian,"Shopian Bongam  (PM-10, PM-2.5) 1080",2022-01,119.45758381049849,113.6923076923077,50.34803425331417,19.46153846153846,8.727137090896248,1
Kashmir,Shopian,"Shopian Bongam  (PM-10, PM-2.5) 1080",2022-02,68.21538461538461,113.6923076923077,46.53775135650336,15.69057782945033,7.809798353198443,2
Kashmir,Shopian,"Shopian Bongam  (PM-10, PM-2.5) 1080",2022-03,68.21538461538461,113.6923076923077,42.05679312989624,15.001338988415604,4.814319629594999,3
Kashmir,Shopian,"Shopian Bongam  (PM-10, PM-2.5) 1080",2022-04,68.21538461538461,113.6923076923077,42.05679312989624,15.001338988415604,4.814319629594999,4
Kashmir,Shopian,"Shopian Bongam  (PM-10, PM-2.5) 1080",2022-05,68.21538461538461,113.6923076923077,42.05679312989624,15.001338988415604,4.814319629594999,5
Kashmir,Shopian,"Shopian Bongam  (PM-10, PM-2.5) 1080",2022-06,68.21538461538461,113.6923076923077,42.05679312989624,15.001338988415604,4.814319629594999,6
Kashmir,Shopian,"Shopian Bongam  (PM-10, PM-2.5) 1080",2022-07,94.39309303217156,97.17726946547947,45.4194897078592,16.90828403592742,5.830875792682721,7
Kashmir,Shopian,"Shopian Bongam  (PM-10, PM-2.5) 1080",2022-08,40.8,68.0,27.200000000000003,27.200000000000003,5.158642032054903,8
Kashmir,Shopian,"Shopian Bongam  (PM-10, PM-2.5) 1080",2022-09,40.8,68.0,27.200000000000003,27.200000000000003,5.20142161540604,9
Kashmir,Shopian,"Shopian Bongam  (PM-10, PM-2.5) 1080",2022-10,40.8,68.0,38.544981235656415,13.59486616291406,5.284183023468941,10
Kashmir,Shopian,"Shopian Bongam  (PM-10, PM-2.5) 1080",2022-11,113.0,68.0,38.544981235656415,13.59486616291406,5.284183023468941,11
Kashmir,Shopian,"Shopian Bongam  (PM-10, PM-2.5) 1080",2022-12,113.0,68.0,44.0,11.0,6.0,12
Kashmir,Shopian,"Shopian Bongam  (PM-10, PM-2.5) 1080",2023-01,105.0,64.0,40.0,10.0,5.0,1
Kashmir,Shopian,"Shopian Bongam  (PM-10, PM-2.5) 1080",2023-02,104.0,65.0,39.0,12.0,7.0,2
Kashmir,Shopian,"Shopian Bongam  (PM-10, PM-2.5) 1080",2023-03,99.0,43.0,56.0,7.0,3.0,3
Kashmir,Shopian,"Shopian Bongam  (PM-10, PM-2.5) 1080",2023-04,119.42562438439057,45.55555555555556,53.22222222222222,7.5,3.4791760908486213,4
Kashmir,Shopian,"Shopian Bongam  (PM-10, PM-2.5) 1080",2023-05,119.42562438439057,48.111111111111114,50.44444444444444,8.0,3.91256230203576,5
Kashmir,Shopian,"Shopian Bongam  (PM-10, PM-2.5) 1080",2023-06,28.866666666666667,48.111111111111114,34.92280379262705,12.362557865873246,6.256633498302223,6
Kashmir,Shopian,"Shopian Bongam  (PM-10, PM-2.5) 1080",2023-07,28.866666666666667,48.111111111111114,34.7217477228997,12.362557865873246,6.256633498302223,7
Kashmir,Shopian,"Shopian Bongam  (PM-10, PM-2.5) 1080",2023-08,28.866666666666667,48.111111111111114,34.7217477228997,12.362557865873246,6.256633498302223,8
Kashmir,Shopian,"Shopian Bongam  (PM-10, PM-2.5) 1080",2023-09,39.6,66.0,36.12040945555451,11.988695806402593,6.256633498302223,9
Kashmir,Shopian,"Shopian Bongam  (PM-10, PM-2.5) 1080",2023-10,39.6,66.0,37.17679496236545,12.535645067267655,5.486529242352331,10
Kashmir,Shopian,"Shopian Bongam  (PM-10, PM-2.5) 1080",2023-11,39.6,66.0,35.338356630493855,10.494907216719012,5.2018114636762895,11
Kashmir,Shopian,"Shopian Bongam  (PM-10, PM-2.5) 1080",2023-12,125.0,66.0,31.0,10.494907216719012,4.924267350510964,12
Kashmir,Shopian,"Shopian Bongam  (PM-10, PM-2.5) 1080",2024-01,125.0,125.0,46.0,12.0,5.828107331759088,1
Kashmir,Shopian,"Shopian Bongam  (PM-10, PM-2.5) 1080",2024-02,123.0,123.0,61.0,20.0,9.0,2
Kashmir,Shopian,"Shopian Bongam  (PM-10, PM-2.5) 1080",2024-03,96.0,85.0,48.0,12.0,5.0,3
Kashmir,Shopian,"Shopian Bongam  (PM-10, PM-2.5) 1080",2024-04,46.0,96.375,46.0,12.25,5.482649691126486,4
Kashmir,Shopian,"Shopian Bongam  (PM-10, PM-2.5) 1080",2024-05,93.89155375905149,107.75,47.625,12.5,5.414183364511613,5
Kashmir,Shopian,"Shopian Bongam  (PM-10, PM-2.5) 1080",2024-06,93.89155375905149,107.75,49.25,17.574817413201142,6.860489975011661,6
Kashmir,Shopian,"Shopian Bongam  (PM-10, PM-2.5) 1080",2024-07,64.64999999999999,107.75,57.005295149888035,18.99047509843878,7.099623645059086,7
Kashmir,Shopian,"Shopian Bongam  (PM-10, PM-2.5) 1080",2024-08,64.64999999999999,107.75,57.005295149888035,18.99047509843878,7.099623645059086,8
Kashmir,Shopian,"Shopian Bongam  (PM-10, PM-2.5) 1080",2024-09,105.6,176.0,53.33107924450554,24.234207874927858,6.847137560287314,9
Kashmir,Shopian,"Shopian Bongam  (PM-10, PM-2.5) 1080",2024-10,176.0,176.0,66.47099632320477,29.66036914488176,12.314454426437864,10
Kashmir,Shopian,"Shopian Bongam  (PM-10, PM-2.5) 1080",2024-11,176.0,176.0,74.8287722070141,14.0,5.0,11
Kashmir,Shopian,"Shopian Bongam  (PM-10, PM-2.5) 1080",2024-12,115.0,115.0,59.0,4.0,2.0,12
Kashmir,Shopian,"Shopian Bongam  (PM-10, PM-2.5) 1080",2025-01,120.0,120.0,54.0,3.0,3.0,1
Kashmir,Shopian,"Shopian Bongam  (PM-10, PM-2.5) 1080",2025-02,119.0,119.0,52.0,13.0,8.0,2
Kashmir,Shopian,"Shopian Bongam  (PM-10, PM-2.5) 1080",2025-03,84.0,70.0,29.0,7.0,3.0,3
Kashmir,Shopian,"Shopian Bongam  (PM-10, PM-2.5) 1080",2025-04,122.0,122.0,48.0,6.0,4.0,4
Kashmir,Shopian,"Shopian Bongam  (PM-10, PM-2.5) 1080",2025-05,79.0,36.0,55.0,3.0,2.0,5
Kashmir,Shopian,"Shopian Bongam  (PM-10, PM-2.5) 1080",2025-06,113.0,113.0,48.0,11.0,4.0,6
Kashmir,Shopian,"Shopian Bongam  (PM-10, PM-2.5) 1080",2025-07,71.0,30.0,41.0,2.0,1.9243325398649704,7
Kashmir,Shopian,"Shopian Bongam  (PM-10, PM-2.5) 1080",2025-08,129.0,129.0,40.611111111111114,10.0,4.0,8
Kashmir,Shopian,"Shopian Bongam  (PM-10, PM-2.5) 1080",2025-09,129.0,129.0,40.22222222222222,10.5,4.31416909526296,9
Kashmir,Shopian,"Shopian Bongam  (PM-10, PM-2.5) 1080",2025-10,122.0,122.0,48.56672641500208,11.0,5.505388308255549,10
Kashmir,Shopian,"Shopian Bongam  (PM-10, PM-2.5) 1080",2025-11,120.0,120.0,52.69356797144822,16.0,7.755119315851762,11
Kashmir,Shopian,"Shopian Bongam  (PM-10, PM-2.5) 1080",2025-12,125.0,125.0,61.3218253145576,17.0,8.48879044066927,12
Kashmir,Shopian,"Shopian Bongam  (PM-10, PM-2.5) 1080",2026-01,115.0,115.0,44.64410280002446,17.0,7.95790848170346,1
Kashmir,Shopian,"Shopian Bongam  (PM-10, PM-2.5) 1080",2026-02,107.0,107.0,40.6166841354061,16.0,3.98339360750009,2
Kashmir,Shopian,"Shopian Bongam  (PM-10, PM-2.5) 1080",2026-03,103.80421674116123,101.36363636363636,43.38188508563583,15.545454545454545,6.489209472041449,3
Kashmir,Srinagar,"Bagh-Ali Mardan Khan (PM-10, PM-2.5) 1077",2022-01,103.80421674116123,95.72727272727272,33.333355323576406,15.090909090909092,3.6362194186693144,1
Kashmir,Srinagar,"Bagh-Ali Mardan Khan (PM-10, PM-2.5) 1077",2022-02,57.43636363636363,95.72727272727272,28.660975646353226,17.838655801713593,3.1814714351396254,2
Kashmir,Srinagar,"Bagh-Ali Mardan Khan (PM-10, PM-2.5) 1077",2022-03,57.43636363636363,95.72727272727272,27.245935611891813,16.35974384221375,3.030356886375052,3
Kashmir,Srinagar,"Bagh-Ali Mardan Khan (PM-10, PM-2.5) 1077",2022-04,57.43636363636363,95.72727272727272,27.245935611891813,16.35974384221375,3.030356886375052,4
Kashmir,Srinagar,"Bagh-Ali Mardan Khan (PM-10, PM-2.5) 1077",2022-05,57.43636363636363,95.72727272727272,27.245935611891813,16.35974384221375,3.030356886375052,5
Kashmir,Srinagar,"Bagh-Ali Mardan Khan (PM-10, PM-2.5) 1077",2022-06,27.0,45.0,18.0,18.0,3.6017085797909556,6
Kashmir,Srinagar,"Bagh-Ali Mardan Khan (PM-10, PM-2.5) 1077",2022-07,27.0,45.0,18.0,18.0,3.209586733428185,7
Kashmir,Srinagar,"Bagh-Ali Mardan Khan (PM-10, PM-2.5) 1077",2022-08,27.0,45.0,29.43350696932332,11.777650447830828,5.211755042662861,8
Kashmir,Srinagar,"Bagh-Ali Mardan Khan (PM-10, PM-2.5) 1077",2022-09,80.0,45.0,29.43350696932332,11.777650447830828,5.211755042662861,9
Kashmir,Srinagar,"Bagh-Ali Mardan Khan (PM-10, PM-2.5) 1077",2022-10,80.0,45.0,34.0,11.0,6.0,10
Kashmir,Srinagar,"Bagh-Ali Mardan Khan (PM-10, PM-2.5) 1077",2022-11,88.66608417398515,55.5,38.0,13.0,6.256633498302223,11
Kashmir,Srinagar,"Bagh-Ali Mardan Khan (PM-10, PM-2.5) 1077",2022-12,109.0,66.0,42.0,15.0,9.0,12
Kashmir,Srinagar,"Bagh-Ali Mardan Khan (PM-10, PM-2.5) 1077",2023-01,108.0,65.0,43.0,13.0,7.0,1
Kashmir,Srinagar,"Bagh-Ali Mardan Khan (PM-10, PM-2.5) 1077",2023-02,109.0,74.0,35.0,15.0,9.0,2
Kashmir,Srinagar,"Bagh-Ali Mardan Khan (PM-10, PM-2.5) 1077",2023-03,121.0,97.0,23.0,19.0,11.0,3
Kashmir,Srinagar,"Bagh-Ali Mardan Khan (PM-10, PM-2.5) 1077",2023-04,96.64802024753733,91.625,26.5,17.875,3.128532545625872,4
Kashmir,Srinagar,"Bagh-Ali Mardan Khan (PM-10, PM-2.5) 1077",2023-05,96.64802024753733,86.25,30.0,16.75,3.030356886375052,5
Kashmir,Srinagar,"Bagh-Ali Mardan Khan (PM-10, PM-2.5) 1077",2023-06,51.75,86.25,32.99920188168114,15.5253028439602,3.623796294796823,6
Kashmir,Srinagar,"Bagh-Ali Mardan Khan (PM-10, PM-2.5) 1077",2023-07,51.75,86.25,34.53172172784067,14.75155019251247,4.068826163558235,7
Kashmir,Srinagar,"Bagh-Ali Mardan Khan (PM-10, PM-2.5) 1077",2023-08,51.75,86.25,34.53172172784067,14.75155019251247,4.068826163558235,8
Kashmir,Srinagar,"Bagh-Ali Mardan Khan (PM-10, PM-2.5) 1077",2023-09,32.4,54.0,30.129265948223445,9.23410712798914,3.2079759357537716,9
Kashmir,Srinagar,"Bagh-Ali Mardan Khan (PM-10, PM-2.5) 1077",2023-10,105.0,54.0,26.56839817218463,11.572017609528965,4.435730855160613,10
Kashmir,Srinagar,"Bagh-Ali Mardan Khan (PM-10, PM-2.5) 1077",2023-11,105.0,54.0,51.0,10.0,4.0,11
Kashmir,Srinagar,"Bagh-Ali Mardan Khan (PM-10, PM-2.5) 1077",2023-12,109.83832521965003,72.0,31.0,19.0,6.280472449601506,12
Kashmir,Srinagar,"Bagh-Ali Mardan Khan (PM-10, PM-2.5) 1077",2024-01,138.0,138.0,47.0,28.0,1.0,1
Kashmir,Srinagar,"Bagh-Ali Mardan Khan (PM-10, PM-2.5) 1077",2024-02,133.0,133.0,63.0,27.0,15.0,2
Kashmir,Srinagar,"Bagh-Ali Mardan Khan (PM-10, PM-2.5) 1077",2024-03,82.0,82.0,54.0,15.0,10.0,3
Kashmir,Srinagar,"Bagh-Ali Mardan Khan (PM-10, PM-2.5) 1077",2024-04,102.0,102.0,93.0,23.0,11.0,4
Kashmir,Srinagar,"Bagh-Ali Mardan Khan (PM-10, PM-2.5) 1077",2024-05,113.41284027532238,107.66666666666667,92.88888888888889,22.428571428571427,7.373542445511503,5
Kashmir,Srinagar,"Bagh-Ali Mardan Khan (PM-10, PM-2.5) 1077",2024-06,113.41284027532238,113.33333333333333,92.77777777777777,21.857142857142858,7.382987328608506,6
Kashmir,Srinagar,"Bagh-Ali Mardan Khan (PM-10, PM-2.5) 1077",2024-07,68.0,113.33333333333333,46.64461624941237,17.871372384475784,8.345023404944133,7
Kashmir,Srinagar,"Bagh-Ali Mardan Khan (PM-10, PM-2.5) 1077",2024-08,68.0,113.33333333333333,38.33787106356415,15.194928859586332,4.780934968037135,8
Kashmir,Srinagar,"Bagh-Ali Mardan Khan (PM-10, PM-2.5) 1077",2024-09,136.0,136.0,46.77675255470868,19.224659242441167,8.393613764931782,9
Kashmir,Srinagar,"Bagh-Ali Mardan Khan (PM-10, PM-2.5) 1077",2024-10,136.0,136.0,74.5584189480339,18.04914031696213,8.082101484479931,10
Kashmir,Srinagar,"Bagh-Ali Mardan Khan (PM-10, PM-2.5) 1077",2024-11,150.0,150.0,50.36782610459604,19.0,4.0,11
Kashmir,Srinagar,"Bagh-Ali Mardan Khan (PM-10, PM-2.5) 1077",2024-12,123.70626824507602,118.0,38.02789135601919,18.5,6.0,12
Kashmir,Srinagar,"Bagh-Ali Mardan Khan (PM-10, PM-2.5) 1077",2025-01,118.0,118.0,92.0,18.0,14.0,1
Kashmir,Srinagar,"Bagh-Ali Mardan Khan (PM-10, PM-2.5) 1077",2025-02,116.0,116.0,99.0,16.0,12.0,2
Kashmir,Srinagar,"Bagh-Ali Mardan Khan (PM-10, PM-2.5) 1077",2025-03,77.0,77.0,93.25,21.0,13.0,3
Kashmir,Srinagar,"Bagh-Ali Mardan Khan (PM-10, PM-2.5) 1077",2025-04,87.0,87.0,87.5,19.0,7.71486089740212,4
Kashmir,Srinagar,"Bagh-Ali Mardan Khan (PM-10, PM-2.5) 1077",2025-05,83.32774620574666,83.25,32.67654578961312,17.0,3.8021243346250007,5
Kashmir,Srinagar,"Bagh-Ali Mardan Khan (PM-10, PM-2.5) 1077",2025-06,83.32774620574666,79.5,33.80211644471017,13.770607985592262,3.9354079233061037,6
Kashmir,Srinagar,"Bagh-Ali Mardan Khan (PM-10, PM-2.5) 1077",2025-07,72.0,75.75,30.4799697026226,12.897749571232703,4.523080757170671,7
Kashmir,Srinagar,"Bagh-Ali Mardan Khan (PM-10, PM-2.5) 1077",2025-08,72.0,72.0,27.043087502800557,11.0,5.0,8
Kashmir,Srinagar,"Bagh-Ali Mardan Khan (PM-10, PM-2.5) 1077",2025-09,68.0,68.0,29.47763076288295,14.2,4.151108351747411,9
Kashmir,Srinagar,"Bagh-Ali Mardan Khan (PM-10, PM-2.5) 1077",2025-10,71.0,62.0,53.0,17.4,7.354401471021647,10
Kashmir,Srinagar,"Bagh-Ali Mardan Khan (PM-10, PM-2.5) 1077",2025-11,80.0,82.0,80.0,13.439012401413866,6.717100439186722,11
Kashmir,Srinagar,"Bagh-Ali Mardan Khan (PM-10, PM-2.5) 1077",2025-12,99.75683492843073,102.0,80.8,20.45771839716102,7.123189011757064,12
Kashmir,Srinagar,"Bagh-Ali Mardan Khan (PM-10, PM-2.5) 1077",2026-01,122.0,122.0,81.6,27.0,6.208593772279195,1
Kashmir,Srinagar,"Bagh-Ali Mardan Khan (PM-10, PM-2.5) 1077",2026-02,119.0,119.0,54.96174495835418,25.0,9.875443917735783,2
Kashmir,Srinagar,"Bagh-Ali Mardan Khan (PM-10, PM-2.5) 1077",2026-03,118.92129401790203,117.79032258064517,55.22597972067786,24.272727272727273,9.875443917735783,3
Kashmir,Srinagar,Dalgate Boulvard Srinagar (PM-2.5),2022-01,84.0,116.58064516129032,84.0,23.545454545454547,9.398921511088297,1
Kashmir,Srinagar,Dalgate Boulvard Srinagar (PM-2.5),2022-02,66.0,116.58064516129032,66.0,17.25812808158496,8.07568598390878,2
Kashmir,Srinagar,Dalgate Boulvard Srinagar (PM-2.5),2022-03,93.0,116.58064516129032,93.0,17.21232005519495,8.406126635951432,3
Kashmir,Srinagar,Dalgate Boulvard Srinagar (PM-2.5),2022-04,89.0,116.58064516129032,89.0,17.21232005519495,8.789395625470394,4
Kashmir,Srinagar,Dalgate Boulvard Srinagar (PM-2.5),2022-05,89.0,116.58064516129032,89.0,17.21232005519495,8.789395625470394,5
Kashmir,Srinagar,Dalgate Boulvard Srinagar (PM-2.5),2022-06,89.0,116.5806416283724,89.0,17.212306814010102,8.78939511107394,6
Kashmir,Srinagar,Dalgate Boulvard Srinagar (PM-2.5),2022-07,86.0,117.11585087641299,86.0,18.971139518308693,7.830403394980158,7
Kashmir,Srinagar,Dalgate Boulvard Srinagar (PM-2.5),2022-08,88.0,101.63232478629301,88.0,15.39982716499702,7.497511151807735,8
Kashmir,Srinagar,Dalgate Boulvard Srinagar (PM-2.5),2022-09,79.0,110.02330449785153,79.0,17.522614086443514,5.322161855315575,9
Kashmir,Srinagar,Dalgate Boulvard Srinagar (PM-2.5),2022-10,87.0,81.26940525145437,87.0,19.313841526142284,7.418701553505182,10
Kashmir,Srinagar,Dalgate Boulvard Srinagar (PM-2.5),2022-11,80.0,114.13753871421828,80.0,17.476565722800228,5.430709809862223,11
Kashmir,Srinagar,Dalgate Boulvard Srinagar (PM-2.5),2022-12,78.0,105.66704570245348,78.0,16.54287091001009,5.470186282707675,12
Kashmir,Srinagar,Dalgate Boulvard Srinagar (PM-2.5),2023-01,82.0,76.30547126523373,82.0,18.138460602571058,6.843261663474343,1
Kashmir,Srinagar,Dalgate Boulvard Srinagar (PM-2.5),2023-02,116.0,121.01532997836982,116.0,35.806944848827534,6.894345625700448,2
Kashmir,Srinagar,Dalgate Boulvard Srinagar (PM-2.5),2023-03,106.0,93.7069500593061,106.0,16.29420704643308,9.174534383072421,3
Kashmir,Srinagar,Dalgate Boulvard Srinagar (PM-2.5),2023-04,81.0,123.49244856049845,81.0,18.806639226377523,6.256182891624718,4
Kashmir,Srinagar,Dalgate Boulvard Srinagar (PM-2.5),2023-05,95.0,112.0005531480503,95.0,16.85201171868792,8.44050612626418,5
Kashmir,Srinagar,Dalgate Boulvard Srinagar (PM-2.5),2023-06,93.0,105.80539975358406,93.0,9.16983211048341,7.522493451884496,6
Kashmir,Srinagar,Dalgate Boulvard Srinagar (PM-2.5),2023-07,90.0,111.5184429902867,90.0,9.916552358830426,8.096009000788424,7
Kashmir,Srinagar,Dalgate Boulvard Srinagar (PM-2.5),2023-08,87.0,115.67792029397546,87.0,15.035733768498686,8.073584847615132,8
Kashmir,Srinagar,Dalgate Boulvard Srinagar (PM-2.5),2023-09,88.0,103.55621695038158,88.0,15.693129016200249,7.612286461928342,9
Kashmir,Srinagar,Dalgate Boulvard Srinagar (PM-2.5),2023-10,104.0,114.24204313768732,104.0,20.505270518469878,7.852269741039655,10
Kashmir,Srinagar,Dalgate Boulvard Srinagar (PM-2.5),2023-11,111.0,89.82589266711912,111.0,18.314198398616078,6.822352543256571,11
Kashmir,Srinagar,Dalgate Boulvard Srinagar (PM-2.5),2023-12,119.0,103.41866327060012,119.0,23.964414318176857,8.922860121490809,12
Kashmir,Srinagar,Dalgate Boulvard Srinagar (PM-2.5),2024-01,119.0,94.90345574585758,113.66666666666667,16.89336786089532,9.320180789271493,1
Kashmir,Srinagar,Dalgate Boulvard Srinagar (PM-2.5),2024-02,124.84965065724418,118.65781710855555,108.33333333333333,23.59233922498746,5.829210214110483,2
Kashmir,Srinagar,Dalgate Boulvard Srinagar (PM-2.5),2024-03,124.84965065724418,118.65781710855555,108.33333333333333,23.59233922498746,5.829210214110483,3
Kashmir,Srinagar,Dalgate Boulvard Srinagar (PM-2.5),2024-04,94.39309303217156,97.17726946547947,45.4194897078592,16.90828403592742,5.830875792682721,4
Kashmir,Srinagar,Dalgate Boulvard Srinagar (PM-2.5),2024-05,87.0,143.99954359758306,87.0,57.59962867280055,7.6648941586735,5
Kashmir,Srinagar,Dalgate Boulvard Srinagar (PM-2.5),2024-06,87.0,109.2384912156059,87.0,16.59761640865847,7.43815445500499,6
Kashmir,Srinagar,Dalgate Boulvard Srinagar (PM-2.5),2024-07,93.0,94.5482686908345,93.0,1.0,7.253725309156373,7
Kashmir,Srinagar,Dalgate Boulvard Srinagar (PM-2.5),2024-08,93.0,104.93531681455717,93.0,1.0,7.681519308246402,8
Kashmir,Srinagar,Dalgate Boulvard Srinagar (PM-2.5),2024-09,95.0,104.92780417372289,95.0,1.3793103448275863,7.676604513480475,9
Kashmir,Srinagar,Dalgate Boulvard Srinagar (PM-2.5),2024-10,94.0,105.18866134925658,94.0,1.7586206896551724,7.693355855657205,10
Kashmir,Srinagar,Dalgate Boulvard Srinagar (PM-2.5),2024-11,90.0,108.94557164909779,90.0,1.7586206896551724,7.788591801913536,11
Kashmir,Srinagar,Dalgate Boulvard Srinagar (PM-2.5),2024-12,87.0,115.67792029397546,87.0,15.035733768498686,8.073584847615132,12
Kashmir,Srinagar,Dalgate Boulvard Srinagar (PM-2.5),2025-01,90.0,109.58038360888867,90.0,14.269962675875258,7.698461963505752,1
Kashmir,Srinagar,Dalgate Boulvard Srinagar (PM-2.5),2025-02,86.0,116.33332561496627,86.0,18.068187157411806,8.325215060311452,2
Kashmir,Srinagar,Dalgate Boulvard Srinagar (PM-2.5),2025-03,89.0,108.3804336242671,89.0,16.38889702743559,7.62286159267669,3
Kashmir,Srinagar,Dalgate Boulvard Srinagar (PM-2.5),2025-04,85.0,117.04393722960471,85.0,19.430557126280736,7.621501644304072,4
Kashmir,Srinagar,Dalgate Boulvard Srinagar (PM-2.5),2025-05,87.0,106.61503729031321,87.0,17.62086197118518,7.564851293630967,5
Kashmir,Srinagar,Dalgate Boulvard Srinagar (PM-2.5),2025-06,88.0,103.55621695038158,88.0,15.693129016200249,7.612286461928342,6
Kashmir,Srinagar,Dalgate Boulvard Srinagar (PM-2.5),2025-07,86.0,118.36582502004873,86.0,17.888743176865823,7.815207173097086,7
Kashmir,Srinagar,Dalgate Boulvard Srinagar (PM-2.5),2025-08,73.0,109.23873843767804,73.0,25.30259437398861,5.05300375620908,8
Kashmir,Srinagar,Dalgate Boulvard Srinagar (PM-2.5),2025-09,66.0,99.71834850548119,66.0,14.478963354270675,6.444282621199782,9
Kashmir,Srinagar,Dalgate Boulvard Srinagar (PM-2.5),2025-10,67.0,87.15765425499866,67.0,12.705549728647666,5.788167170005705,10
Kashmir,Srinagar,Dalgate Boulvard Srinagar (PM-2.5),2025-11,74.0,84.62135152034993,74.0,14.55629580817893,5.7946638341442425,11
Kashmir,Srinagar,Dalgate Boulvard Srinagar (PM-2.5),2025-12,84.0,70.63059045533338,84.0,16.85676476304059,6.874709942555618,12
Kashmir,Srinagar,Dalgate Boulvard Srinagar (PM-2.5),2026-01,115.0,121.00702400653121,115.0,35.23178718396645,6.813575949869392,1
Kashmir,Srinagar,Dalgate Boulvard Srinagar (PM-2.5),2026-02,76.0,124.99668897537268,76.0,19.147105555543398,6.366078763592562,2
Kashmir,Srinagar,Dalgate Boulvard Srinagar (PM-2.5),2026-03,76.0,130.27775840954905,72.0,19.00787052686088,8.491397467923427,3
Kashmir,Srinagar,"Hokersar Wildlife Office (PM-10, PM-2.5) 1076",2022-01,71.8,110.8,68.0,12.555077469440482,6.294689228296623,1
Kashmir,Srinagar,"Hokersar Wildlife Office (PM-10, PM-2.5) 1076",2022-02,71.8,110.8,68.0,12.555077469440482,6.294689228296623,2
Kashmir,Srinagar,"Hokersar Wildlife Office (PM-10, PM-2.5) 1076",2022-03,94.39309303217156,97.17726946547947,45.4194897078592,16.90828403592742,5.830875792682721,3
Kashmir,Srinagar,"Hokersar Wildlife Office (PM-10, PM-2.5) 1076",2022-04,94.39309303217156,97.17726946547947,45.4194897078592,16.90828403592742,5.830875792682721,4
Kashmir,Srinagar,"Hokersar Wildlife Office (PM-10, PM-2.5) 1076",2022-05,94.39309303217156,97.17726946547947,45.4194897078592,16.90828403592742,5.830875792682721,5
Kashmir,Srinagar,"Hokersar Wildlife Office (PM-10, PM-2.5) 1076",2022-06,26.4,44.0,17.6,17.6,3.190083703222503,6
Kashmir,Srinagar,"Hokersar Wildlife Office (PM-10, PM-2.5) 1076",2022-07,26.4,44.0,17.6,17.6,3.17918396460222,7
Kashmir,Srinagar,"Hokersar Wildlife Office (PM-10, PM-2.5) 1076",2022-08,26.4,44.0,27.24141197025798,9.88261222663025,3.4842600641462824,8
Kashmir,Srinagar,"Hokersar Wildlife Office (PM-10, PM-2.5) 1076",2022-09,76.0,44.0,27.24141197025798,9.88261222663025,3.4842600641462824,9
Kashmir,Srinagar,"Hokersar Wildlife Office (PM-10, PM-2.5) 1076",2022-10,76.0,44.0,32.0,12.0,6.0,10
Kashmir,Srinagar,"Hokersar Wildlife Office (PM-10, PM-2.5) 1076",2022-11,90.72464993048268,57.0,36.5,12.5,5.823247287115085,11
Kashmir,Srinagar,"Hokersar Wildlife Office (PM-10, PM-2.5) 1076",2022-12,112.0,70.0,41.0,13.0,8.0,12
Kashmir,Srinagar,"Hokersar Wildlife Office (PM-10, PM-2.5) 1076",2023-01,97.0,59.0,37.0,14.0,8.0,1
Kashmir,Srinagar,"Hokersar Wildlife Office (PM-10, PM-2.5) 1076",2023-02,91.0,58.0,32.0,12.0,8.0,2
Kashmir,Srinagar,"Hokersar Wildlife Office (PM-10, PM-2.5) 1076",2023-03,128.0,80.0,48.0,17.0,10.0,3
Kashmir,Srinagar,"Hokersar Wildlife Office (PM-10, PM-2.5) 1076",2023-04,102.74508336119021,76.875,49.0,16.25,6.873813179726429,4
Kashmir,Srinagar,"Hokersar Wildlife Office (PM-10, PM-2.5) 1076",2023-05,102.74508336119021,73.75,50.0,15.5,6.873813179726429,5
Kashmir,Srinagar,"Hokersar Wildlife Office (PM-10, PM-2.5) 1076",2023-06,44.25,73.75,33.02974537249744,14.352661751922039,4.778636332264293,6
Kashmir,Srinagar,"Hokersar Wildlife Office (PM-10, PM-2.5) 1076",2023-07,44.25,73.75,37.98425756434621,14.928605049959199,5.178190013209606,7
Kashmir,Srinagar,"Hokersar Wildlife Office (PM-10, PM-2.5) 1076",2023-08,44.25,73.75,37.98425756434621,14.928605049959199,5.178190013209606,8
Kashmir,Srinagar,"Hokersar Wildlife Office (PM-10, PM-2.5) 1076",2023-09,33.0,55.0,31.763770738088194,11.277780364139728,4.854982005680899,9
Kashmir,Srinagar,"Hokersar Wildlife Office (PM-10, PM-2.5) 1076",2023-10,111.0,55.0,27.880601155625932,10.519937750388614,4.65297062165527,10
Kashmir,Srinagar,"Hokersar Wildlife Office (PM-10, PM-2.5) 1076",2023-11,111.0,55.0,56.0,11.0,5.0,11
Kashmir,Srinagar,"Hokersar Wildlife Office (PM-10, PM-2.5) 1076",2023-12,112.30354183819065,89.5,39.0,16.0,6.0935321666058115,12
Kashmir,Srinagar,"Hokersar Wildlife Office (PM-10, PM-2.5) 1076",2024-01,124.0,124.0,49.5,21.0,1.0,1
Kashmir,Srinagar,"Hokersar Wildlife Office (PM-10, PM-2.5) 1076",2024-02,119.0,119.0,60.0,27.0,15.0,2
Kashmir,Srinagar,"Hokersar Wildlife Office (PM-10, PM-2.5) 1076",2024-03,126.0,126.0,85.0,24.0,13.0,3
Kashmir,Srinagar,"Hokersar Wildlife Office (PM-10, PM-2.5) 1076",2024-04,125.0,125.0,90.0,23.0,14.0,4
Kashmir,Srinagar,"Hokersar Wildlife Office (PM-10, PM-2.5) 1076",2024-05,119.02050129047285,125.33333333333333,83.8,21.142857142857142,8.695473976128609,5
Kashmir,Srinagar,"Hokersar Wildlife Office (PM-10, PM-2.5) 1076",2024-06,119.02050129047285,125.66666666666667,77.6,19.285714285714285,8.114561925369353,6
Kashmir,Srinagar,"Hokersar Wildlife Office (PM-10, PM-2.5) 1076",2024-07,75.4,125.66666666666667,59.77277053599737,17.9946954251371,8.201158791873059,7
Kashmir,Srinagar,"Hokersar Wildlife Office (PM-10, PM-2.5) 1076",2024-08,59.0,125.66666666666667,59.77277053599737,17.9946954251371,8.201158791873059,8
Kashmir,Srinagar,"Hokersar Wildlife Office (PM-10, PM-2.5) 1076",2024-09,59.0,125.66666666666667,59.0,17.9946954251371,8.201158791873059,9
Kashmir,Srinagar,"Hokersar Wildlife Office (PM-10, PM-2.5) 1076",2024-10,111.62807795872253,128.0,34.0,19.219522179021684,5.54770710267939,10
Kashmir,Srinagar,"Hokersar Wildlife Office (PM-10, PM-2.5) 1076",2024-11,118.0,128.0,9.0,10.0,9.0,11
Kashmir,Srinagar,"Hokersar Wildlife Office (PM-10, PM-2.5) 1076",2024-12,127.0,128.0,42.0,13.0,8.0,12
Kashmir,Srinagar,"Hokersar Wildlife Office (PM-10, PM-2.5) 1076",2025-01,128.0,128.0,52.0,13.0,7.0,1
Kashmir,Srinagar,"Hokersar Wildlife Office (PM-10, PM-2.5) 1076",2025-02,132.0,132.0,67.0,19.0,11.0,2
Kashmir,Srinagar,"Hokersar Wildlife Office (PM-10, PM-2.5) 1076",2025-03,116.0,116.0,48.0,11.0,7.0,3
Kashmir,Srinagar,"Hokersar Wildlife Office (PM-10, PM-2.5) 1076",2025-04,114.00901190661403,114.5,47.0,15.5,7.816747538864615,4
Kashmir,Srinagar,"Hokersar Wildlife Office (PM-10, PM-2.5) 1076",2025-05,113.0,113.0,46.0,20.0,12.0,5
Kashmir,Srinagar,"Hokersar Wildlife Office (PM-10, PM-2.5) 1076",2025-06,110.0,110.0,35.0,13.0,5.0,6
Kashmir,Srinagar,"Hokersar Wildlife Office (PM-10, PM-2.5) 1076",2025-07,111.0,111.0,18.0,12.0,6.0,7
Kashmir,Srinagar,"Hokersar Wildlife Office (PM-10, PM-2.5) 1076",2025-08,111.0,99.0,48.0,7.0,3.0,8
Kashmir,Srinagar,"Hokersar Wildlife Office (PM-10, PM-2.5) 1076",2025-09,116.0,116.0,28.0,10.0,5.0,9
Kashmir,Srinagar,"Hokersar Wildlife Office (PM-10, PM-2.5) 1076",2025-10,114.0,114.0,22.0,17.0,4.744286626812495,10
Kashmir,Srinagar,"Hokersar Wildlife Office (PM-10, PM-2.5) 1076",2025-11,106.77636513463649,107.0,22.0,20.0,4.505459314474934,11
Kashmir,Srinagar,"Hokersar Wildlife Office (PM-10, PM-2.5) 1076",2025-12,106.77636513463649,116.0,22.0,23.0,3.900150596547489,12
Kashmir,Srinagar,"Hokersar Wildlife Office (PM-10, PM-2.5) 1076",2026-01,107.0,107.0,39.0,23.0,5.165713016854755,1
Kashmir,Srinagar,"Hokersar Wildlife Office (PM-10, PM-2.5) 1076",2026-02,111.0,111.0,36.0,26.0,4.300515667553837,2
Kashmir,Srinagar,"Hokersar Wildlife Office (PM-10, PM-2.5) 1076",2026-03,108.98716127444256,109.81132075471699,60.0,25.754716981132077,7.8740683866279,3
Kashmir,Srinagar,Hyderpora (Paraypora) Srinagar (PM-2.5),2022-01,84.0,108.62264150943396,84.0,25.50943396226415,5.624727141887518,1
Kashmir,Srinagar,Hyderpora (Paraypora) Srinagar (PM-2.5),2022-02,63.0,108.62264150943396,63.0,18.19844243565865,6.7431691517080985,2
Kashmir,Srinagar,Hyderpora (Paraypora) Srinagar (PM-2.5),2022-03,91.0,108.62264150943396,91.0,18.19844243565865,7.381658382659114,3
Kashmir,Srinagar,Hyderpora (Paraypora) Srinagar (PM-2.5),2022-04,89.0,108.62264150943396,89.0,18.19844243565865,7.339467209067415,4
Kashmir,Srinagar,Hyderpora (Paraypora) Srinagar (PM-2.5),2022-05,92.0,108.62264150943396,92.0,18.19844243565865,7.339467209067415,5
Kashmir,Srinagar,Hyderpora (Paraypora) Srinagar (PM-2.5),2022-06,92.0,110.64119342689952,92.0,7.584885451364866,7.563632543380599,6
Kashmir,Srinagar,Hyderpora (Paraypora) Srinagar (PM-2.5),2022-07,87.0,115.00409498681927,87.0,14.61216560535754,8.09638476706475,7
Kashmir,Srinagar,Hyderpora (Paraypora) Srinagar (PM-2.5),2022-08,75.0,110.46940292055059,75.0,22.425623676859168,4.942793150274607,8
Kashmir,Srinagar,Hyderpora (Paraypora) Srinagar (PM-2.5),2022-09,77.0,112.91876405097295,77.0,15.925886235540183,5.622803111349819,9
Kashmir,Srinagar,Hyderpora (Paraypora) Srinagar (PM-2.5),2022-10,87.0,84.46554760931598,87.0,19.149810327136663,7.558362399521002,10
Kashmir,Srinagar,Hyderpora (Paraypora) Srinagar (PM-2.5),2022-11,83.0,104.1602948400496,83.0,19.417945531725092,7.2191102456543295,11
Kashmir,Srinagar,Hyderpora (Paraypora) Srinagar (PM-2.5),2022-12,79.0,113.45220593144707,79.0,17.045178218143235,5.556237537905237,12
Kashmir,Srinagar,Hyderpora (Paraypora) Srinagar (PM-2.5),2023-01,80.0,100.17688150200321,80.0,16.75886771058337,6.102607143673925,1
Kashmir,Srinagar,Hyderpora (Paraypora) Srinagar (PM-2.5),2023-02,116.0,119.41875118394667,116.0,34.72644982448424,6.966765189071711,2
Kashmir,Srinagar,Hyderpora (Paraypora) Srinagar (PM-2.5),2023-03,103.0,99.81714383338978,103.0,17.148270213512887,9.366239415449341,3
Kashmir,Srinagar,Hyderpora (Paraypora) Srinagar (PM-2.5),2023-04,99.0,96.66811564973158,99.0,13.074098103180102,7.266980426320496,4
Kashmir,Srinagar,Hyderpora (Paraypora) Srinagar (PM-2.5),2023-05,75.0,125.6970128870039,75.0,19.526722820725244,6.724597114317045,5
Kashmir,Srinagar,Hyderpora (Paraypora) Srinagar (PM-2.5),2023-06,80.0,91.76409822865809,80.0,16.102582386820835,5.645075691275269,6
Kashmir,Srinagar,Hyderpora (Paraypora) Srinagar (PM-2.5),2023-07,73.0,116.27330224925903,73.0,22.509757492552232,5.732551672041321,7
Kashmir,Srinagar,Hyderpora (Paraypora) Srinagar (PM-2.5),2023-08,73.0,100.07414031743181,73.0,15.101710984642539,6.133367359138892,8
Kashmir,Srinagar,Hyderpora (Paraypora) Srinagar (PM-2.5),2023-09,63.0,120.87042191524031,63.0,17.887032789076038,7.48431850206569,9
Kashmir,Srinagar,Hyderpora (Paraypora) Srinagar (PM-2.5),2023-10,78.0,92.61814820817267,78.0,16.713850740631198,5.205943024936208,10
Kashmir,Srinagar,Hyderpora (Paraypora) Srinagar (PM-2.5),2023-11,93.0,76.25012301759088,78.125,17.508837054734258,6.912533717442468,11
Kashmir,Srinagar,Hyderpora (Paraypora) Srinagar (PM-2.5),2023-12,93.0,100.00922726704584,78.25,18.88815560810606,8.700223293600267,12
Kashmir,Srinagar,Hyderpora (Paraypora) Srinagar (PM-2.5),2024-01,93.0,208.59834539436432,78.25,31.38694208605437,5.493952857467828,1
Kashmir,Srinagar,Hyderpora (Paraypora) Srinagar (PM-2.5),2024-02,94.39309303217156,97.17726946547947,45.4194897078592,16.90828403592742,5.830875792682721,2
Kashmir,Srinagar,Hyderpora (Paraypora) Srinagar (PM-2.5),2024-03,94.39309303217156,97.17726946547947,45.4194897078592,16.90828403592742,5.830875792682721,3
Kashmir,Srinagar,Hyderpora (Paraypora) Srinagar (PM-2.5),2024-04,94.39309303217156,97.17726946547947,45.4194897078592,16.90828403592742,5.830875792682721,4
Kashmir,Srinagar,Hyderpora (Paraypora) Srinagar (PM-2.5),2024-05,79.0,91.05932077784416,79.0,15.72785492961029,5.935203384008962,5
Kashmir,Srinagar,Hyderpora (Paraypora) Srinagar (PM-2.5),2024-06,79.0,103.15692761276044,79.0,16.642410280466656,5.52954583939211,6
Kashmir,Srinagar,Hyderpora (Paraypora) Srinagar (PM-2.5),2024-07,82.0,91.11092740602396,82.0,19.355411586087765,6.833829433590453,7
Kashmir,Srinagar,Hyderpora (Paraypora) Srinagar (PM-2.5),2024-08,77.0,110.58215299412862,77.0,18.366882926008532,4.784369601086564,8
Kashmir,Srinagar,Hyderpora (Paraypora) Srinagar (PM-2.5),2024-09,73.0,104.72572941638691,73.0,18.202541989807347,5.14275518103575,9
Kashmir,Srinagar,Hyderpora (Paraypora) Srinagar (PM-2.5),2024-10,72.0,94.1417949223082,72.0,13.406453095181863,5.907568524395559,10
Kashmir,Srinagar,Hyderpora (Paraypora) Srinagar (PM-2.5),2024-11,72.0,91.44537960652369,84.0,16.79855175654789,5.611821447964756,11
Kashmir,Srinagar,Hyderpora (Paraypora) Srinagar (PM-2.5),2024-12,69.0,104.00049231696734,76.5,19.40874735123732,5.774223967552632,12
Kashmir,Srinagar,Hyderpora (Paraypora) Srinagar (PM-2.5),2025-01,69.0,71.46778491012293,69.0,10.119480519425165,4.503945063975911,1
Kashmir,Srinagar,Hyderpora (Paraypora) Srinagar (PM-2.5),2025-02,72.0,78.7220617364557,72.0,12.819680276452035,5.569837050573058,2
Kashmir,Srinagar,Hyderpora (Paraypora) Srinagar (PM-2.5),2025-03,76.0,104.22165244694754,76.0,16.583812650644504,5.908968501308906,3
Kashmir,Srinagar,Hyderpora (Paraypora) Srinagar (PM-2.5),2025-04,70.0,92.489846681609,70.0,16.780046524205165,5.282795730490978,4
Kashmir,Srinagar,Hyderpora (Paraypora) Srinagar (PM-2.5),2025-05,69.0,67.94893176815737,69.0,9.53668630122907,4.249942244359663,5
Kashmir,Srinagar,Hyderpora (Paraypora) Srinagar (PM-2.5),2025-06,75.0,95.20963776205528,75.0,16.335366792441274,5.49499583016348,6
Kashmir,Srinagar,Hyderpora (Paraypora) Srinagar (PM-2.5),2025-07,72.0,96.99535689975626,72.0,13.896489406089945,6.105127659043728,7
Kashmir,Srinagar,Hyderpora (Paraypora) Srinagar (PM-2.5),2025-08,75.0,103.3915789322139,75.0,16.26207865899649,5.8757317927687,8
Kashmir,Srinagar,Hyderpora (Paraypora) Srinagar (PM-2.5),2025-09,65.0,106.3084609969538,65.0,15.343407796610261,6.784407232471545,9
Kashmir,Srinagar,Hyderpora (Paraypora) Srinagar (PM-2.5),2025-10,63.0,118.78758975995174,63.0,18.31046327700548,7.662468063505636,10
Kashmir,Srinagar,Hyderpora (Paraypora) Srinagar (PM-2.5),2025-11,66.0,93.11991970865846,66.0,13.329509462558795,6.297749280989293,11
Kashmir,Srinagar,Hyderpora (Paraypora) Srinagar (PM-2.5),2025-12,77.0,48.0,77.0,19.200000000000003,5.237035017396429,12
Kashmir,Srinagar,Hyderpora (Paraypora) Srinagar (PM-2.5),2026-01,83.0,48.0,83.0,19.200000000000003,5.64995648214434,1
Kashmir,Srinagar,Hyderpora (Paraypora) Srinagar (PM-2.5),2026-02,85.0,48.0,85.0,12.362557865873246,6.314868780243459,2
Kashmir,Srinagar,Hyderpora (Paraypora) Srinagar (PM-2.5),2026-03,95.4236543283045,48.0,58.5,12.362557865873246,6.314868780243459,3
Kashmir,Srinagar,"J&K PCC Rajbagh Srinagar (PM-10, PM-2.5) 910",2022-01,81.0,48.0,32.0,13.0,5.0,1
Kashmir,Srinagar,"J&K PCC Rajbagh Srinagar (PM-10, PM-2.5) 910",2022-02,96.0,71.0,25.0,12.0,6.0,2
Kashmir,Srinagar,"J&K PCC Rajbagh Srinagar (PM-10, PM-2.5) 910",2022-03,96.0,80.0,16.0,22.0,8.0,3
Kashmir,Srinagar,"J&K PCC Rajbagh Srinagar (PM-10, PM-2.5) 910",2022-04,71.0,42.0,28.0,14.0,7.0,4
Kashmir,Srinagar,"J&K PCC Rajbagh Srinagar (PM-10, PM-2.5) 910",2022-05,78.0,46.0,32.0,15.0,5.0,5
Kashmir,Srinagar,"J&K PCC Rajbagh Srinagar (PM-10, PM-2.5) 910",2022-06,77.0,53.0,23.0,15.0,5.0,6
Kashmir,Srinagar,"J&K PCC Rajbagh Srinagar (PM-10, PM-2.5) 910",2022-07,87.0,67.0,20.0,16.0,8.0,7
Kashmir,Srinagar,"J&K PCC Rajbagh Srinagar (PM-10, PM-2.5) 910",2022-08,77.0,46.0,29.0,12.0,6.0,8
Kashmir,Srinagar,"J&K PCC Rajbagh Srinagar (PM-10, PM-2.5) 910",2022-09,79.0,49.0,29.0,12.0,7.0,9
Kashmir,Srinagar,"J&K PCC Rajbagh Srinagar (PM-10, PM-2.5) 910",2022-10,93.0,51.5,35.0,14.0,7.0,10
Kashmir,Srinagar,"J&K PCC Rajbagh Srinagar (PM-10, PM-2.5) 910",2022-11,105.0,54.0,34.0,12.0,7.0,11
Kashmir,Srinagar,"J&K PCC Rajbagh Srinagar (PM-10, PM-2.5) 910",2022-12,103.0,56.5,27.0,17.0,9.0,12
Kashmir,Srinagar,"J&K PCC Rajbagh Srinagar (PM-10, PM-2.5) 910",2023-01,88.0,59.0,29.0,11.0,6.0,1
Kashmir,Srinagar,"J&K PCC Rajbagh Srinagar (PM-10, PM-2.5) 910",2023-02,91.0,59.0,31.0,13.0,6.0,2
Kashmir,Srinagar,"J&K PCC Rajbagh Srinagar (PM-10, PM-2.5) 910",2023-03,109.0,81.0,27.0,17.0,8.0,3
Kashmir,Srinagar,"J&K PCC Rajbagh Srinagar (PM-10, PM-2.5) 910",2023-04,88.0,38.0,50.0,9.0,4.0,4
Kashmir,Srinagar,"J&K PCC Rajbagh Srinagar (PM-10, PM-2.5) 910",2023-05,101.0,101.0,85.0,22.0,9.0,5
Kashmir,Srinagar,"J&K PCC Rajbagh Srinagar (PM-10, PM-2.5) 910",2023-06,92.0,48.0,43.0,13.0,6.0,6
Kashmir,Srinagar,"J&K PCC Rajbagh Srinagar (PM-10, PM-2.5) 910",2023-07,93.0,50.0,43.0,11.0,5.0,7
Kashmir,Srinagar,"J&K PCC Rajbagh Srinagar (PM-10, PM-2.5) 910",2023-08,74.0,38.0,35.0,11.0,4.0,8
Kashmir,Srinagar,"J&K PCC Rajbagh Srinagar (PM-10, PM-2.5) 910",2023-09,94.0,55.0,38.0,12.0,6.0,9
Kashmir,Srinagar,"J&K PCC Rajbagh Srinagar (PM-10, PM-2.5) 910",2023-10,89.0,56.0,32.0,11.0,4.0,10
Kashmir,Srinagar,"J&K PCC Rajbagh Srinagar (PM-10, PM-2.5) 910",2023-11,110.59108050753116,84.33333333333333,49.0,9.0,3.0,11
Kashmir,Srinagar,"J&K PCC Rajbagh Srinagar (PM-10, PM-2.5) 910",2023-12,110.59108050753116,112.66666666666666,36.0,7.0,2.569501827307938,12
Kashmir,Srinagar,"J&K PCC Rajbagh Srinagar (PM-10, PM-2.5) 910",2024-01,141.0,141.0,37.0,16.0,4.875526525760353,1
Kashmir,Srinagar,"J&K PCC Rajbagh Srinagar (PM-10, PM-2.5) 910",2024-02,101.0,101.0,38.0,19.0,9.0,2
Kashmir,Srinagar,"J&K PCC Rajbagh Srinagar (PM-10, PM-2.5) 910",2024-03,84.0,60.0,39.0,13.0,6.0,3
Kashmir,Srinagar,"J&K PCC Rajbagh Srinagar (PM-10, PM-2.5) 910",2024-04,80.0,80.0,40.333333333333336,20.0,8.0,4
Kashmir,Srinagar,"J&K PCC Rajbagh Srinagar (PM-10, PM-2.5) 910",2024-05,93.0,93.0,41.666666666666664,21.0,11.0,5
Kashmir,Srinagar,"J&K PCC Rajbagh Srinagar (PM-10, PM-2.5) 910",2024-06,81.0,70.0,43.0,11.0,7.0,6
Kashmir,Srinagar,"J&K PCC Rajbagh Srinagar (PM-10, PM-2.5) 910",2024-07,67.0,52.0,33.0,10.0,4.0,7
Kashmir,Srinagar,"J&K PCC Rajbagh Srinagar (PM-10, PM-2.5) 910",2024-08,60.0,39.0,26.0,7.0,2.0,8
Kashmir,Srinagar,"J&K PCC Rajbagh Srinagar (PM-10, PM-2.5) 910",2024-09,64.0,30.0,39.0,4.0,2.0,9
Kashmir,Srinagar,"J&K PCC Rajbagh Srinagar (PM-10, PM-2.5) 910",2024-10,76.0,37.0,49.0,3.0,2.0,10
Kashmir,Srinagar,"J&K PCC Rajbagh Srinagar (PM-10, PM-2.5) 910",2024-11,110.0,43.666666666666664,34.0,10.0,2.0,11
Kashmir,Srinagar,"J&K PCC Rajbagh Srinagar (PM-10, PM-2.5) 910",2024-12,139.0,50.333333333333336,64.0,10.0,6.0,12
Kashmir,Srinagar,"J&K PCC Rajbagh Srinagar (PM-10, PM-2.5) 910",2025-01,85.0,57.0,35.0,5.0,3.0,1
Kashmir,Srinagar,"J&K PCC Rajbagh Srinagar (PM-10, PM-2.5) 910",2025-02,80.0,46.0,34.0,5.0,3.0,2
Kashmir,Srinagar,"J&K PCC Rajbagh Srinagar (PM-10, PM-2.5) 910",2025-03,63.0,32.0,30.0,5.0,2.0,3
Kashmir,Srinagar,"J&K PCC Rajbagh Srinagar (PM-10, PM-2.5) 910",2025-04,58.0,44.0,35.0,7.0,4.0,4
Kashmir,Srinagar,"J&K PCC Rajbagh Srinagar (PM-10, PM-2.5) 910",2025-05,69.0,35.0,34.0,5.0,2.0,5
Kashmir,Srinagar,"J&K PCC Rajbagh Srinagar (PM-10, PM-2.5) 910",2025-06,53.0,34.0,36.0,6.0,2.0,6
Kashmir,Srinagar,"J&K PCC Rajbagh Srinagar (PM-10, PM-2.5) 910",2025-07,59.0,26.0,38.0,3.0,1.0,7
Kashmir,Srinagar,"J&K PCC Rajbagh Srinagar (PM-10, PM-2.5) 910",2025-08,63.0,62.0,36.0,9.0,3.0,8
Kashmir,Srinagar,"J&K PCC Rajbagh Srinagar (PM-10, PM-2.5) 910",2025-09,48.0,17.0,38.0,3.0,1.0,9
Kashmir,Srinagar,"J&K PCC Rajbagh Srinagar (PM-10, PM-2.5) 910",2025-10,68.0,40.0,32.0,5.0,2.335415455502392,10
Kashmir,Srinagar,"J&K PCC Rajbagh Srinagar (PM-10, PM-2.5) 910",2025-11,166.0,102.0,72.0,7.0,3.389630109468294,11
Kashmir,Srinagar,"J&K PCC Rajbagh Srinagar (PM-10, PM-2.5) 910",2025-12,120.0,118.0,86.0,7.0,3.992746791429386,12
Kashmir,Srinagar,"J&K PCC Rajbagh Srinagar (PM-10, PM-2.5) 910",2026-01,134.0,134.0,68.0,15.0,7.812458205259428,1
Kashmir,Srinagar,"J&K PCC Rajbagh Srinagar (PM-10, PM-2.5) 910",2026-02,127.0,127.0,67.0,14.0,6.522793163046225,2
Kashmir,Srinagar,"J&K PCC Rajbagh Srinagar (PM-10, PM-2.5) 910",2026-03,123.549765869453,127.32075471698113,76.5,14.452830188679245,6.484531967854797,3
Kashmir,Srinagar,Jehangir Chowk Srinagar (PM-2.5),2022-01,86.0,127.64150943396227,86.0,14.90566037735849,7.799042310137985,1
Kashmir,Srinagar,Jehangir Chowk Srinagar (PM-2.5),2022-02,65.0,127.64150943396227,65.0,17.489243618394184,7.544790745876556,2
Kashmir,Srinagar,Jehangir Chowk Srinagar (PM-2.5),2022-03,73.0,127.64150943396227,73.0,17.489243618394184,7.634405836880809,3
Kashmir,Srinagar,Jehangir Chowk Srinagar (PM-2.5),2022-04,74.0,127.64150943396227,74.0,17.489243618394184,7.634405836880809,4
Kashmir,Srinagar,Jehangir Chowk Srinagar (PM-2.5),2022-05,62.0,127.64150943396227,62.0,17.489243618394184,7.634405836880809,5
Kashmir,Srinagar,Jehangir Chowk Srinagar (PM-2.5),2022-06,76.0,106.97755886623328,76.0,18.092673678809433,6.6401291400595115,6
Kashmir,Srinagar,Jehangir Chowk Srinagar (PM-2.5),2022-07,68.0,102.03285955891525,68.0,14.255433297573497,6.541654792374862,7
Kashmir,Srinagar,Jehangir Chowk Srinagar (PM-2.5),2022-08,70.0,76.25689267449239,70.0,10.943155348206759,4.875389239010092,8
Kashmir,Srinagar,Jehangir Chowk Srinagar (PM-2.5),2022-09,70.0,39.66670494320927,70.0,4.993016216134769,2.298710448686212,9
Kashmir,Srinagar,Jehangir Chowk Srinagar (PM-2.5),2022-10,72.0,78.85747530510321,72.0,12.679432607915182,5.492297863819264,10
Kashmir,Srinagar,Jehangir Chowk Srinagar (PM-2.5),2022-11,79.0,94.8741534167726,79.0,15.415644589283012,5.843702690042838,11
Kashmir,Srinagar,Jehangir Chowk Srinagar (PM-2.5),2022-12,74.0,111.7666723229677,74.0,20.182469591112895,5.067440896911481,12
Kashmir,Srinagar,Jehangir Chowk Srinagar (PM-2.5),2023-01,73.0,106.09827575662213,73.0,14.722774912814941,6.018711141655928,1
Kashmir,Srinagar,Jehangir Chowk Srinagar (PM-2.5),2023-02,109.0,120.19819904028924,109.0,29.43013907503961,7.589174453671192,2
Kashmir,Srinagar,Jehangir Chowk Srinagar (PM-2.5),2023-03,99.0,94.71585988202699,99.0,11.763670915223837,7.241603085515249,3
Kashmir,Srinagar,Jehangir Chowk Srinagar (PM-2.5),2023-04,86.0,113.29136179220052,86.0,14.599615587147499,8.05042328914849,4
Kashmir,Srinagar,Jehangir Chowk Srinagar (PM-2.5),2023-05,87.0,110.08810659901509,87.0,17.40501039988369,7.649380733727607,5
Kashmir,Srinagar,Jehangir Chowk Srinagar (PM-2.5),2023-06,90.0,109.58038360888867,90.0,14.269962675875258,7.698461963505752,6
Kashmir,Srinagar,Jehangir Chowk Srinagar (PM-2.5),2023-07,89.0,110.55186627107969,89.0,16.34394064909166,7.980173341885001,7
Kashmir,Srinagar,Jehangir Chowk Srinagar (PM-2.5),2023-08,78.0,110.989784378831,78.0,15.929445200295266,5.101269617182993,8
Kashmir,Srinagar,Jehangir Chowk Srinagar (PM-2.5),2023-09,88.0,82.6735448982891,88.0,19.296578805162667,7.500525687926301,9
Kashmir,Srinagar,Jehangir Chowk Srinagar (PM-2.5),2023-10,117.0,121.58588509979324,117.0,39.39845125457852,6.192983409483228,10
Kashmir,Srinagar,Jehangir Chowk Srinagar (PM-2.5),2023-11,111.0,93.81836542776591,111.0,16.246304391523,9.238709197249886,11
Kashmir,Srinagar,Jehangir Chowk Srinagar (PM-2.5),2023-12,103.0,95.31729784295693,103.0,17.596734237439154,8.017580792319677,12
Kashmir,Srinagar,Jehangir Chowk Srinagar (PM-2.5),2024-01,103.0,105.58956264219492,96.0,17.105919288204863,7.440649029051037,1
Kashmir,Srinagar,Jehangir Chowk Srinagar (PM-2.5),2024-02,93.27994253496253,111.16820518022587,89.0,17.883676555786995,8.168767473759669,2
Kashmir,Srinagar,Jehangir Chowk Srinagar (PM-2.5),2024-03,93.27994253496253,111.16820518022587,89.0,17.883676555786995,8.168767473759669,3
Kashmir,Srinagar,Jehangir Chowk Srinagar (PM-2.5),2024-04,94.39309303217156,97.17726946547947,45.4194897078592,16.90828403592742,5.830875792682721,4
Kashmir,Srinagar,Jehangir Chowk Srinagar (PM-2.5),2024-05,61.0,116.30949913845707,61.0,16.991065119653655,7.433757742270375,5
Kashmir,Srinagar,Jehangir Chowk Srinagar (PM-2.5),2024-06,61.0,110.87019429142521,61.0,17.061944370178544,7.4500153141889776,6
Kashmir,Srinagar,Jehangir Chowk Srinagar (PM-2.5),2024-07,68.0,93.64344193095259,68.0,13.700284273857202,6.211522163988408,7
Kashmir,Srinagar,Jehangir Chowk Srinagar (PM-2.5),2024-08,85.0,75.69763209863456,85.0,17.551777344216966,7.327033353671066,8
Kashmir,Srinagar,Jehangir Chowk Srinagar (PM-2.5),2024-09,77.0,110.42570799128146,77.0,18.601938520717916,4.673958903541683,9
Kashmir,Srinagar,Jehangir Chowk Srinagar (PM-2.5),2024-10,74.0,103.7907495343034,74.0,17.604773584959787,4.8006872972194605,10
Kashmir,Srinagar,Jehangir Chowk Srinagar (PM-2.5),2024-11,74.0,98.03126822073081,82.0,16.603345627621223,4.858505822017479,11
Kashmir,Srinagar,Jehangir Chowk Srinagar (PM-2.5),2024-12,88.0,106.49890224322431,85.0,26.072056597399506,7.392624295958056,12
Kashmir,Srinagar,Jehangir Chowk Srinagar (PM-2.5),2025-01,88.0,112.4590489193829,88.0,16.560402015214986,8.02336703447007,1
Kashmir,Srinagar,Jehangir Chowk Srinagar (PM-2.5),2025-02,82.0,103.76835433793886,82.0,19.11969448679356,7.185581814376326,2
Kashmir,Srinagar,Jehangir Chowk Srinagar (PM-2.5),2025-03,81.0,103.96746917875275,81.0,18.564696550368584,6.775055434107179,3
Kashmir,Srinagar,Jehangir Chowk Srinagar (PM-2.5),2025-04,83.0,91.2446192945969,83.0,18.936634898461566,6.863461735387242,4
Kashmir,Srinagar,Jehangir Chowk Srinagar (PM-2.5),2025-05,77.0,110.4762924356846,77.0,18.444586845462073,4.763111938399598,5
Kashmir,Srinagar,Jehangir Chowk Srinagar (PM-2.5),2025-06,57.0,108.77208107058851,57.0,18.68365257217934,7.545828311101216,6
Kashmir,Srinagar,Jehangir Chowk Srinagar (PM-2.5),2025-07,83.0,97.43051810218228,83.0,16.63055446404318,5.780921827817618,7
Kashmir,Srinagar,Jehangir Chowk Srinagar (PM-2.5),2025-08,76.0,108.96015812394144,76.0,19.27683844152256,4.643020768691987,8
Kashmir,Srinagar,Jehangir Chowk Srinagar (PM-2.5),2025-09,68.0,102.03285955891525,68.0,14.255433297573497,6.541654792374862,9
Kashmir,Srinagar,Jehangir Chowk Srinagar (PM-2.5),2025-10,73.0,82.04570535990145,73.0,13.763668817663762,5.648980589856283,10
Kashmir,Srinagar,Jehangir Chowk Srinagar (PM-2.5),2025-11,88.0,81.71486104263559,88.0,17.70487406974814,7.425974333236677,11
Kashmir,Srinagar,Jehangir Chowk Srinagar (PM-2.5),2025-12,120.0,144.0,120.0,57.6,7.703622183154844,12
Kashmir,Srinagar,Jehangir Chowk Srinagar (PM-2.5),2026-01,87.0,144.0,87.0,57.6,10.304029431551854,1
Kashmir,Srinagar,Jehangir Chowk Srinagar (PM-2.5),2026-02,94.0,144.0,94.0,27.66043212032004,8.347705624285146,2
Kashmir,Srinagar,Jehangir Chowk Srinagar (PM-2.5),2026-03,144.19697441202453,144.0,93.20689655172414,27.66043212032004,8.347705624285146,3
Kashmir,Srinagar,Khonmoh Srinagar (PM-10) 911,2022-01,144.0,144.0,92.41379310344827,38.0,22.0,1
Kashmir,Srinagar,Khonmoh Srinagar (PM-10) 911,2022-02,156.0,156.0,61.191487652622406,23.0,13.0,2
Kashmir,Srinagar,Khonmoh Srinagar (PM-10) 911,2022-03,148.0,148.0,45.55557353924088,21.0,14.0,3
Kashmir,Srinagar,Khonmoh Srinagar (PM-10) 911,2022-04,149.0,149.0,20.276832412930833,30.0,11.0,4
Kashmir,Srinagar,Khonmoh Srinagar (PM-10) 911,2022-05,152.0,152.0,54.50272912079287,35.0,12.0,5
Kashmir,Srinagar,Khonmoh Srinagar (PM-10) 911,2022-06,153.0,153.0,68.57374656208127,27.0,10.0,6
Kashmir,Srinagar,Khonmoh Srinagar (PM-10) 911,2022-07,113.0,113.0,45.89775382490851,26.0,12.0,7
Kashmir,Srinagar,Khonmoh Srinagar (PM-10) 911,2022-08,136.0,136.0,51.85893238654412,27.0,12.0,8
Kashmir,Srinagar,Khonmoh Srinagar (PM-10) 911,2022-09,128.0,128.0,54.89433061869436,27.0,15.0,9
Kashmir,Srinagar,Khonmoh Srinagar (PM-10) 911,2022-10,142.0,142.0,58.60448157239829,26.0,16.0,10
Kashmir,Srinagar,Khonmoh Srinagar (PM-10) 911,2022-11,177.0,177.0,71.21748321562009,31.0,21.0,11
Kashmir,Srinagar,Khonmoh Srinagar (PM-10) 911,2022-12,164.0,164.0,61.61721458793208,32.0,22.0,12
Kashmir,Srinagar,Khonmoh Srinagar (PM-10) 911,2023-01,150.0,150.0,46.52028908642488,24.0,13.0,1
Kashmir,Srinagar,Khonmoh Srinagar (PM-10) 911,2023-02,151.0,151.0,61.455760319874365,26.0,15.0,2
Kashmir,Srinagar,Khonmoh Srinagar (PM-10) 911,2023-03,146.0,146.0,53.340331307176044,30.0,17.0,3
Kashmir,Srinagar,Khonmoh Srinagar (PM-10) 911,2023-04,138.0,138.0,52.230996435819534,27.0,14.0,4
Kashmir,Srinagar,Khonmoh Srinagar (PM-10) 911,2023-05,114.0,114.0,46.23658215605839,25.0,13.0,5
Kashmir,Srinagar,Khonmoh Srinagar (PM-10) 911,2023-06,111.0,111.0,43.82388364394893,29.0,16.0,6
Kashmir,Srinagar,Khonmoh Srinagar (PM-10) 911,2023-07,112.0,112.0,42.408223354589445,28.0,15.0,7
Kashmir,Srinagar,Khonmoh Srinagar (PM-10) 911,2023-08,115.0,115.0,37.858389058459395,24.0,12.0,8
Kashmir,Srinagar,Khonmoh Srinagar (PM-10) 911,2023-09,98.0,98.0,43.908507819904834,23.0,11.0,9
Kashmir,Srinagar,Khonmoh Srinagar (PM-10) 911,2023-10,133.0,133.0,45.34170471183873,22.0,9.0,10
Kashmir,Srinagar,Khonmoh Srinagar (PM-10) 911,2023-11,191.34835467951802,191.0,64.60102796028286,24.333333333333332,15.0,11
Kashmir,Srinagar,Khonmoh Srinagar (PM-10) 911,2023-12,191.34835467951802,180.0,82.71116455173541,26.666666666666668,7.973225126813229,12
Kashmir,Srinagar,Khonmoh Srinagar (PM-10) 911,2024-01,173.0,173.0,59.73833634835638,29.0,1.0,1
Kashmir,Srinagar,Khonmoh Srinagar (PM-10) 911,2024-02,125.0,125.0,68.01193047378263,22.0,11.0,2
Kashmir,Srinagar,Khonmoh Srinagar (PM-10) 911,2024-03,97.0,97.0,57.13875905070315,23.0,11.0,3
Kashmir,Srinagar,Khonmoh Srinagar (PM-10) 911,2024-04,85.0,85.0,34.04196231727866,22.0,10.0,4
Kashmir,Srinagar,Khonmoh Srinagar (PM-10) 911,2024-05,101.0,101.0,45.27004951779718,20.0,10.0,5
Kashmir,Srinagar,Khonmoh Srinagar (PM-10) 911,2024-06,109.0,109.0,52.402463649371924,21.0,12.0,6
Kashmir,Srinagar,Khonmoh Srinagar (PM-10) 911,2024-07,56.0,56.0,37.65489261765398,19.0,12.0,7
Kashmir,Srinagar,Khonmoh Srinagar (PM-10) 911,2024-08,63.0,63.0,33.66398861714674,20.0,15.0,8
Kashmir,Srinagar,Khonmoh Srinagar (PM-10) 911,2024-09,65.0,65.0,35.622719517269246,20.0,15.0,9
Kashmir,Srinagar,Khonmoh Srinagar (PM-10) 911,2024-10,100.0,100.0,48.39066782374206,23.0,19.0,10
Kashmir,Srinagar,Khonmoh Srinagar (PM-10) 911,2024-11,194.0,194.0,34.10397779894322,25.0,5.0,11
Kashmir,Srinagar,Khonmoh Srinagar (PM-10) 911,2024-12,262.7283663512648,247.0,72.93579415502992,22.0,13.0,12
Kashmir,Srinagar,Khonmoh Srinagar (PM-10) 911,2025-01,152.0,152.0,46.55318878369511,20.0,14.0,1
Kashmir,Srinagar,Khonmoh Srinagar (PM-10) 911,2025-02,150.0,150.0,19.32704714240962,25.0,19.0,2
Kashmir,Srinagar,Khonmoh Srinagar (PM-10) 911,2025-03,139.0,139.0,50.26524888287228,21.0,15.0,3
Kashmir,Srinagar,Khonmoh Srinagar (PM-10) 911,2025-04,106.0,101.0,44.91440535646344,22.0,13.0,4
Kashmir,Srinagar,Khonmoh Srinagar (PM-10) 911,2025-05,115.0,115.0,47.15907347530142,22.0,13.0,5
Kashmir,Srinagar,Khonmoh Srinagar (PM-10) 911,2025-06,159.0,159.0,46.57915061680587,25.0,14.0,6
Kashmir,Srinagar,Khonmoh Srinagar (PM-10) 911,2025-07,148.0,148.0,52.03412343604442,23.0,13.0,7
Kashmir,Srinagar,Khonmoh Srinagar (PM-10) 911,2025-08,117.0,117.0,31.532372634833173,18.0,10.0,8
Kashmir,Srinagar,Khonmoh Srinagar (PM-10) 911,2025-09,171.0,171.0,71.22281996017126,19.0,14.0,9
Kashmir,Srinagar,Khonmoh Srinagar (PM-10) 911,2025-10,168.0,168.0,66.86248968085769,23.0,10.148316016006042,10
Kashmir,Srinagar,Khonmoh Srinagar (PM-10) 911,2025-11,279.0,279.0,70.42684000295522,29.0,12.592829806867405,11
Kashmir,Srinagar,Khonmoh Srinagar (PM-10) 911,2025-12,246.0,212.0,66.48316972453453,21.0,11.5673322843632,12
Kashmir,Srinagar,Khonmoh Srinagar (PM-10) 911,2026-01,145.0,145.0,48.120921635831195,31.0,14.627312388194722,1
Kashmir,Srinagar,Khonmoh Srinagar (PM-10) 911,2026-02,102.0,102.0,24.948675216669354,29.0,5.174499879679428,2
Kashmir,Srinagar,Khonmoh Srinagar (PM-10) 911,2026-03,100.61219290308188,99.9,40.02673345195995,27.9,2.143064059842152,3
Kashmir,Srinagar,Kralsangri Srinagar (PM-10),2022-01,100.61219290308188,97.8,36.19981990256799,26.8,2.319255107499042,1
Kashmir,Srinagar,Kralsangri Srinagar (PM-10),2022-02,58.67999999999999,97.8,33.40698231559771,17.964923645018303,3.7749108435613965,2
Kashmir,Srinagar,Kralsangri Srinagar (PM-10),2022-03,58.67999999999999,97.8,33.40698231559771,17.964923645018303,3.7749108435613965,3
Kashmir,Srinagar,Kralsangri Srinagar (PM-10),2022-04,58.67999999999999,97.8,33.40698231559771,17.964923645018303,3.7749108435613965,4
Kashmir,Srinagar,Kralsangri Srinagar (PM-10),2022-05,58.67999999999999,97.8,33.40698231559771,17.964923645018303,3.7749108435613965,5
Kashmir,Srinagar,Kralsangri Srinagar (PM-10),2022-06,48.6,81.0,32.4,32.4,3.7521888047335996,6
Kashmir,Srinagar,Kralsangri Srinagar (PM-10),2022-07,48.6,81.0,27.91507887556395,13.657600580762335,3.9322604420830616,7
Kashmir,Srinagar,Kralsangri Srinagar (PM-10),2022-08,81.0,81.0,27.91507887556395,13.657600580762335,3.9322604420830616,8
Kashmir,Srinagar,Kralsangri Srinagar (PM-10),2022-09,81.0,81.0,27.91507887556395,18.0,7.0,9
Kashmir,Srinagar,Kralsangri Srinagar (PM-10),2022-10,78.66909085486131,78.71428571428571,29.100447254780104,17.857142857142858,4.041000157606566,10
Kashmir,Srinagar,Kralsangri Srinagar (PM-10),2022-11,78.66909085486131,76.42857142857143,29.71503698215724,17.714285714285715,4.041000157606566,11
Kashmir,Srinagar,Kralsangri Srinagar (PM-10),2022-12,45.857142857142854,76.42857142857143,29.71503698215724,11.695412193697322,3.9322604420830616,12
Kashmir,Srinagar,Kralsangri Srinagar (PM-10),2023-01,45.857142857142854,76.42857142857143,29.55466926072707,11.403647949739721,3.8668051825078686,1
Kashmir,Srinagar,Kralsangri Srinagar (PM-10),2023-02,45.857142857142854,76.42857142857143,29.55466926072707,11.403647949739721,3.8668051825078686,2
Kashmir,Srinagar,Kralsangri Srinagar (PM-10),2023-03,65.0,65.0,29.577561820111686,9.857667153542332,3.3252513481053163,3
Kashmir,Srinagar,Kralsangri Srinagar (PM-10),2023-04,65.0,65.0,30.94085805744956,17.0,6.0,4
Kashmir,Srinagar,Kralsangri Srinagar (PM-10),2023-05,68.0,68.0,35.80235338524332,17.0,5.0,5
Kashmir,Srinagar,Kralsangri Srinagar (PM-10),2023-06,130.0,130.0,44.131038675418715,9.0,3.0,6
Kashmir,Srinagar,Kralsangri Srinagar (PM-10),2023-07,89.0,89.0,47.87419318883007,17.0,6.0,7
Kashmir,Srinagar,Kralsangri Srinagar (PM-10),2023-08,57.0,57.0,40.99594649614293,10.0,5.0,8
Kashmir,Srinagar,Kralsangri Srinagar (PM-10),2023-09,57.0,57.0,26.435283895974152,17.0,5.0,9
Kashmir,Srinagar,Kralsangri Srinagar (PM-10),2023-10,88.0,88.0,33.24235355442394,15.0,5.0,10
Kashmir,Srinagar,Kralsangri Srinagar (PM-10),2023-11,108.07655165438192,109.0,48.56330314629795,20.0,7.196402942656378,11
Kashmir,Srinagar,Kralsangri Srinagar (PM-10),2023-12,108.07655165438192,113.0,55.62338499668024,12.0,5.68191138294669,12
Kashmir,Srinagar,Kralsangri Srinagar (PM-10),2024-01,122.0,122.0,45.32537116072695,14.0,6.776793170684634,1
Kashmir,Srinagar,Kralsangri Srinagar (PM-10),2024-02,115.41358256357248,115.4,47.553742809617695,13.6,6.8012435503422815,2
Kashmir,Srinagar,Kralsangri Srinagar (PM-10),2024-03,115.41358256357248,108.8,47.30294932807101,13.2,6.3959716613190585,3
Kashmir,Srinagar,Kralsangri Srinagar (PM-10),2024-04,65.28,108.8,55.28669761834185,17.126079642307584,6.504172684462567,4
Kashmir,Srinagar,Kralsangri Srinagar (PM-10),2024-05,89.0,89.0,37.947948462972754,14.36421681609313,4.224831639123182,5
Kashmir,Srinagar,Kralsangri Srinagar (PM-10),2024-06,89.0,89.0,37.24723809367172,12.0,6.0,6
Kashmir,Srinagar,Kralsangri Srinagar (PM-10),2024-07,88.0,88.0,34.21747317294899,10.0,5.0,7
Kashmir,Srinagar,Kralsangri Srinagar (PM-10),2024-08,83.0,83.0,34.84138069812036,8.0,3.0,8
Kashmir,Srinagar,Kralsangri Srinagar (PM-10),2024-09,86.0,86.0,35.0793719676863,12.0,6.0,9
Kashmir,Srinagar,Kralsangri Srinagar (PM-10),2024-10,82.0,82.0,35.435985332461094,9.0,5.0,10
Kashmir,Srinagar,Kralsangri Srinagar (PM-10),2024-11,105.93353869787973,110.0,25.0,9.0,2.0,11
Kashmir,Srinagar,Kralsangri Srinagar (PM-10),2024-12,105.93353869787973,118.0,71.0,9.0,5.0,12
Kashmir,Srinagar,Kralsangri Srinagar (PM-10),2025-01,85.0,79.0,60.0,9.0,4.0,1
Kashmir,Srinagar,Kralsangri Srinagar (PM-10),2025-02,78.0,78.0,64.0,14.0,7.0,2
Kashmir,Srinagar,Kralsangri Srinagar (PM-10),2025-03,59.0,59.0,49.0,11.0,4.0,3
Kashmir,Srinagar,Kralsangri Srinagar (PM-10),2025-04,69.0,69.0,46.0,8.0,5.0,4
Kashmir,Srinagar,Kralsangri Srinagar (PM-10),2025-05,43.0,43.0,22.0,11.0,5.0,5
Kashmir,Srinagar,Kralsangri Srinagar (PM-10),2025-06,52.0,52.0,28.0,9.0,3.0,6
Kashmir,Srinagar,Kralsangri Srinagar (PM-10),2025-07,44.0,44.0,25.5,9.0,4.0,7
Kashmir,Srinagar,Kralsangri Srinagar (PM-10),2025-08,46.0,46.0,23.0,10.0,4.0,8
Kashmir,Srinagar,Kralsangri Srinagar (PM-10),2025-09,54.0,54.0,20.5,8.0,4.0,9
Kashmir,Srinagar,Kralsangri Srinagar (PM-10),2025-10,39.0,39.0,18.0,8.0,2.4596571483278358,10
Kashmir,Srinagar,Kralsangri Srinagar (PM-10),2025-11,39.424125781931636,39.333333333333336,26.666666666666664,8.152777777777779,2.6104506402604226,11
Kashmir,Srinagar,Kralsangri Srinagar (PM-10),2025-12,39.424125781931636,39.666666666666664,35.33333333333333,8.305555555555555,2.9480377815452226,12
Kashmir,Srinagar,Kralsangri Srinagar (PM-10),2026-01,23.799999999999997,39.666666666666664,31.768251166309657,4.993010049514215,2.335415455502392,1
Kashmir,Srinagar,Kralsangri Srinagar (PM-10),2026-02,23.799999999999997,39.666666666666664,30.98563498141388,4.993010049514215,2.2987077900731205,2
Kashmir,Srinagar,Kralsangri Srinagar (PM-10),2026-03,70.0,39.666666666666664,30.98563498141388,4.993010049514215,2.2987077900731205,3
Kashmir,Srinagar,Soura Near SKIMS Srinagar (PM-2.5),2022-01,70.0,39.666666666666664,70.0,4.993010049514215,2.2987077900731205,1
Kashmir,Srinagar,Soura Near SKIMS Srinagar (PM-2.5),2022-02,58.0,46.20128346592277,58.0,7.729650626153427,4.03225628398377,2
Kashmir,Srinagar,Soura Near SKIMS Srinagar (PM-2.5),2022-03,64.0,101.30262904983451,64.0,16.101312186304956,6.9966148586785755,3
Kashmir,Srinagar,Soura Near SKIMS Srinagar (PM-2.5),2022-04,65.0,90.13720731954318,65.0,13.733853702213173,6.240632109784086,4
Kashmir,Srinagar,Soura Near SKIMS Srinagar (PM-2.5),2022-05,70.0,89.98779672518118,70.0,13.103475647679295,5.802894574560124,5
Kashmir,Srinagar,Soura Near SKIMS Srinagar (PM-2.5),2022-06,66.0,91.66919599838096,66.0,13.032134712461483,5.98805057680575,6
Kashmir,Srinagar,Soura Near SKIMS Srinagar (PM-2.5),2022-07,65.0,102.16751373614639,65.0,14.975902145203698,6.612006273147389,7
Kashmir,Srinagar,Soura Near SKIMS Srinagar (PM-2.5),2022-08,65.0,98.87020243331379,65.0,15.364271428263075,6.555510213639531,8
Kashmir,Srinagar,Soura Near SKIMS Srinagar (PM-2.5),2022-09,72.0,95.30899405038124,72.0,14.901670691371434,6.468508523105139,9
Kashmir,Srinagar,Soura Near SKIMS Srinagar (PM-2.5),2022-10,77.0,101.5059813351709,77.0,16.305021559872564,5.625876047149804,10
Kashmir,Srinagar,Soura Near SKIMS Srinagar (PM-2.5),2022-11,82.0,68.2798433429164,82.0,17.077553169040726,6.7494129467079045,11
Kashmir,Srinagar,Soura Near SKIMS Srinagar (PM-2.5),2022-12,78.0,106.658209304002,78.0,16.48906941838344,5.725244601266155,12
Kashmir,Srinagar,Soura Near SKIMS Srinagar (PM-2.5),2023-01,78.0,104.73209264455186,78.0,16.601083055957492,5.421952093365049,1
Kashmir,Srinagar,Soura Near SKIMS Srinagar (PM-2.5),2023-02,94.0,104.52960511575603,94.0,16.966068589587625,8.225067958476293,2
Kashmir,Srinagar,Soura Near SKIMS Srinagar (PM-2.5),2023-03,115.0,113.53308741156793,115.0,31.53795073541268,6.443363497312085,3
Kashmir,Srinagar,Soura Near SKIMS Srinagar (PM-2.5),2023-04,74.0,125.86533450855741,74.0,18.063851298624147,6.741632379092242,4
Kashmir,Srinagar,Soura Near SKIMS Srinagar (PM-2.5),2023-05,82.0,78.92141321083585,82.0,16.84347839967148,6.057945666144915,5
Kashmir,Srinagar,Soura Near SKIMS Srinagar (PM-2.5),2023-06,87.0,93.27561453071077,87.0,18.312972942163608,7.268295661110754,6
Kashmir,Srinagar,Soura Near SKIMS Srinagar (PM-2.5),2023-07,83.0,104.1602948400496,83.0,19.417945531725092,7.2191102456543295,7
Kashmir,Srinagar,Soura Near SKIMS Srinagar (PM-2.5),2023-08,90.0,112.05648312418678,90.0,12.848859350489525,7.620562814465005,8
Kashmir,Srinagar,Soura Near SKIMS Srinagar (PM-2.5),2023-09,78.0,111.16520403670272,78.0,15.926634385919865,5.052169293789326,9
Kashmir,Srinagar,Soura Near SKIMS Srinagar (PM-2.5),2023-10,84.0,71.81206962280824,84.0,18.531111678086432,7.108787583662595,10
Kashmir,Srinagar,Soura Near SKIMS Srinagar (PM-2.5),2023-11,104.0,115.53961428551911,104.0,20.77997676399567,8.009868205485024,11
Kashmir,Srinagar,Soura Near SKIMS Srinagar (PM-2.5),2023-12,106.0,93.2293971625377,106.0,19.06562513586855,6.914163494538682,12
Kashmir,Srinagar,Soura Near SKIMS Srinagar (PM-2.5),2024-01,106.0,95.08547228983481,101.66666666666667,18.939273723381998,7.235118266867521,1
Kashmir,Srinagar,Soura Near SKIMS Srinagar (PM-2.5),2024-02,135.3562669683443,111.98575498152266,97.33333333333333,19.282895181161578,7.428837198686486,2
Kashmir,Srinagar,Soura Near SKIMS Srinagar (PM-2.5),2024-03,135.3562669683443,111.98575498152266,97.33333333333333,19.282895181161578,7.428837198686486,3
Kashmir,Srinagar,Soura Near SKIMS Srinagar (PM-2.5),2024-04,94.39309303217156,97.17726946547947,45.4194897078592,16.90828403592742,5.830875792682721,4
Kashmir,Srinagar,Soura Near SKIMS Srinagar (PM-2.5),2024-05,80.0,82.0,80.0,13.439012401413866,6.717100439186722,5
Kashmir,Srinagar,Soura Near SKIMS Srinagar (PM-2.5),2024-06,80.0,102.0403789429367,80.0,16.659173862082937,6.187963534461931,6
Kashmir,Srinagar,Soura Near SKIMS Srinagar (PM-2.5),2024-07,81.0,98.89396735552798,81.0,18.930435840724837,6.799207843909629,7
Kashmir,Srinagar,Soura Near SKIMS Srinagar (PM-2.5),2024-08,65.0,118.51167630240734,65.0,17.538400096666702,7.621986087872684,8
Kashmir,Srinagar,Soura Near SKIMS Srinagar (PM-2.5),2024-09,71.0,84.77729069297047,71.0,13.845978130772522,6.048619245510993,9
Kashmir,Srinagar,Soura Near SKIMS Srinagar (PM-2.5),2024-10,77.0,99.32805502436145,77.0,16.360433651689085,5.60204424812328,10
Kashmir,Srinagar,Soura Near SKIMS Srinagar (PM-2.5),2024-11,85.0,75.66946048400295,85.0,18.275326598630976,7.204936924442555,11
Kashmir,Srinagar,Soura Near SKIMS Srinagar (PM-2.5),2024-12,85.0,102.59723302673103,85.0,19.07201807504248,7.258590145016703,12
Kashmir,Srinagar,Soura Near SKIMS Srinagar (PM-2.5),2025-01,81.0,101.98721166970535,81.0,18.884820646252855,6.896974367310808,1
Kashmir,Srinagar,Soura Near SKIMS Srinagar (PM-2.5),2025-02,74.0,109.12926172077513,74.0,21.06885369620877,4.775309533320905,2
Kashmir,Srinagar,Soura Near SKIMS Srinagar (PM-2.5),2025-03,69.0,84.25455521317254,69.0,12.165557346067637,5.500201584226887,3
Kashmir,Srinagar,Soura Near SKIMS Srinagar (PM-2.5),2025-04,58.0,111.09832985411948,58.0,18.588777520511613,7.636049365951784,4
Kashmir,Srinagar,Soura Near SKIMS Srinagar (PM-2.5),2025-05,65.0,103.33149987789189,65.0,15.788879427710333,7.236112029971904,5
Kashmir,Srinagar,Soura Near SKIMS Srinagar (PM-2.5),2025-06,68.0,87.94388057577673,68.0,12.847760510682491,5.833038055408712,6
Kashmir,Srinagar,Soura Near SKIMS Srinagar (PM-2.5),2025-07,64.0,103.6116393049819,64.0,15.848762282024744,6.565250123324298,7
Kashmir,Srinagar,Soura Near SKIMS Srinagar (PM-2.5),2025-08,62.0,108.79082559755977,62.0,17.11457449047199,7.327859452999862,8
Kashmir,Srinagar,Soura Near SKIMS Srinagar (PM-2.5),2025-09,62.0,107.84564222100788,62.0,16.90290317698352,7.293616980684702,9
Kashmir,Srinagar,Soura Near SKIMS Srinagar (PM-2.5),2025-10,66.0,93.58871178158613,66.0,13.43229437614953,6.355443784413973,10
Kashmir,Srinagar,Soura Near SKIMS Srinagar (PM-2.5),2025-11,75.0,91.21607518753343,75.0,16.497787278455377,6.1200850136440135,11
Kashmir,Srinagar,Soura Near SKIMS Srinagar (PM-2.5),2025-12,89.0,82.65576186892544,89.0,18.642636173523222,7.54897633919234,12
Kashmir,Srinagar,Soura Near SKIMS Srinagar (PM-2.5),2026-01,103.0,112.9364294030584,103.0,16.209778308869854,7.862211830166239,1
Kashmir,Srinagar,Soura Near SKIMS Srinagar (PM-2.5),2026-02,69.0,123.01072544331404,69.0,17.827625114085613,7.969745281670309,2
Kashmir,Srinagar,Soura Near SKIMS Srinagar (PM-2.5),2026-03,69.0,78.24014570338431,67.89285714285714,11.11357285015086,5.119051430903816,3
Kashmir,Srinagar,Zakura Srinagar (PM-10),2022-01,146.78623235393644,146.0594311045151,66.78571428571429,25.01244591667478,8.298441591242227,1
Kashmir,Srinagar,Zakura Srinagar (PM-10),2022-02,146.78623235393644,146.0594311045151,66.78571428571429,25.01244591667478,8.298441591242227,2
Kashmir,Srinagar,Zakura Srinagar (PM-10),2022-03,94.39309303217156,97.17726946547947,45.4194897078592,16.90828403592742,5.830875792682721,3
Kashmir,Srinagar,Zakura Srinagar (PM-10),2022-04,94.39309303217156,97.17726946547947,45.4194897078592,16.90828403592742,5.830875792682721,4
Kashmir,Srinagar,Zakura Srinagar (PM-10),2022-05,94.39309303217156,97.17726946547947,45.4194897078592,16.90828403592742,5.830875792682721,5
Kashmir,Srinagar,Zakura Srinagar (PM-10),2022-06,94.39309303217156,97.17726946547947,45.4194897078592,16.90828403592742,5.830875792682721,6
Kashmir,Srinagar,Zakura Srinagar (PM-10),2022-07,94.39309303217156,97.17726946547947,45.4194897078592,16.90828403592742,5.830875792682721,7
Kashmir,Srinagar,Zakura Srinagar (PM-10),2022-08,94.39309303217156,97.17726946547947,45.4194897078592,16.90828403592742,5.830875792682721,8
Kashmir,Srinagar,Zakura Srinagar (PM-10),2022-09,94.39309303217156,97.17726946547947,45.4194897078592,16.90828403592742,5.830875792682721,9
Kashmir,Srinagar,Zakura Srinagar (PM-10),2022-10,94.39309303217156,97.17726946547947,45.4194897078592,16.90828403592742,5.830875792682721,10
Kashmir,Srinagar,Zakura Srinagar (PM-10),2022-11,94.39309303217156,97.17726946547947,45.4194897078592,16.90828403592742,5.830875792682721,11
Kashmir,Srinagar,Zakura Srinagar (PM-10),2022-12,37.8,63.0,25.200000000000003,25.200000000000003,4.869506057737313,12
Kashmir,Srinagar,Zakura Srinagar (PM-10),2023-01,37.8,63.0,25.200000000000003,25.200000000000003,5.422674876363508,1
Kashmir,Srinagar,Zakura Srinagar (PM-10),2023-02,37.8,63.0,35.29020737002345,11.22804660805683,5.539131844085375,2
Kashmir,Srinagar,Zakura Srinagar (PM-10),2023-03,63.0,63.0,35.29020737002345,11.22804660805683,5.539131844085375,3
Kashmir,Srinagar,Zakura Srinagar (PM-10),2023-04,63.0,63.0,35.29020737002345,19.0,6.0,4
Kashmir,Srinagar,Zakura Srinagar (PM-10),2023-05,73.0,73.0,37.26762496901448,18.0,8.0,5
Kashmir,Srinagar,Zakura Srinagar (PM-10),2023-06,89.0,89.0,39.65502426434779,21.0,9.0,6
Kashmir,Srinagar,Zakura Srinagar (PM-10),2023-07,83.0,83.0,36.51608892847257,20.0,8.0,7
Kashmir,Srinagar,Zakura Srinagar (PM-10),2023-08,70.0,70.0,27.235704712681834,13.0,4.0,8
Kashmir,Srinagar,Zakura Srinagar (PM-10),2023-09,70.0,70.0,30.319617529610326,17.0,5.0,9
Kashmir,Srinagar,Zakura Srinagar (PM-10),2023-10,85.0,85.0,41.86183651447654,18.0,6.0,10
Kashmir,Srinagar,Zakura Srinagar (PM-10),2023-11,105.0,94.33333333333333,42.327442352343745,19.0,9.206427479632383,11
Kashmir,Srinagar,Zakura Srinagar (PM-10),2023-12,121.0,103.66666666666667,39.3434945980056,11.0,3.567558901077066,12
Kashmir,Srinagar,Zakura Srinagar (PM-10),2024-01,113.0,113.0,48.86403012741413,14.0,6.162022925346925,1
Kashmir,Srinagar,Zakura Srinagar (PM-10),2024-02,114.9612938877636,115.5,43.50359704878981,19.0,8.33486903863655,2
Kashmir,Srinagar,Zakura Srinagar (PM-10),2024-03,118.0,118.0,38.0,24.0,5.0,3
Kashmir,Srinagar,Zakura Srinagar (PM-10),2024-04,105.41154514950524,104.33333333333333,38.0,20.333333333333332,5.408763668383237,4
Kashmir,Srinagar,Zakura Srinagar (PM-10),2024-05,105.41154514950524,90.66666666666667,38.0,16.666666666666668,4.081249287430726,5
Kashmir,Srinagar,Zakura Srinagar (PM-10),2024-06,77.0,77.0,28.16066463713811,13.0,5.0,6
Kashmir,Srinagar,Zakura Srinagar (PM-10),2024-07,83.0,83.0,33.2555956565875,10.0,5.0,7
Kashmir,Srinagar,Zakura Srinagar (PM-10),2024-08,77.0,77.0,31.098370101149303,14.0,6.0,8
Kashmir,Srinagar,Zakura Srinagar (PM-10),2024-09,69.0,69.0,29.703225881416575,12.0,6.0,9
Kashmir,Srinagar,Zakura Srinagar (PM-10),2024-10,76.0,76.0,32.376507933080426,12.25,7.0,10
Kashmir,Srinagar,Zakura Srinagar (PM-10),2024-11,112.0,112.0,44.47157033349232,12.5,2.0,11
Kashmir,Srinagar,Zakura Srinagar (PM-10),2024-12,103.70132542858062,101.0,47.66289450237514,12.75,9.0,12
Kashmir,Srinagar,Zakura Srinagar (PM-10),2025-01,77.0,77.0,34.947566635505275,13.0,8.0,1
Kashmir,Srinagar,Zakura Srinagar (PM-10),2025-02,58.0,58.0,31.061487380894263,14.0,9.0,2
Kashmir,Srinagar,Zakura Srinagar (PM-10),2025-03,45.0,45.0,27.066216366503223,13.0,7.0,3
Kashmir,Srinagar,Zakura Srinagar (PM-10),2025-04,38.0,38.0,30.54545345145323,12.0,7.0,4
Kashmir,Srinagar,Zakura Srinagar (PM-10),2025-05,57.0,57.0,34.605516611746474,14.0,7.0,5
Kashmir,Srinagar,Zakura Srinagar (PM-10),2025-06,72.0,72.0,36.538743814493984,15.0,6.0,6
Kashmir,Srinagar,Zakura Srinagar (PM-10),2025-07,60.0,60.0,32.57387029085649,12.0,6.0,7
Kashmir,Srinagar,Zakura Srinagar (PM-10),2025-08,82.0,82.0,38.40157808224941,11.0,5.0,8
Kashmir,Srinagar,Zakura Srinagar (PM-10),2025-09,90.0,90.0,40.85931370670143,12.0,3.0,9
Kashmir,Srinagar,Zakura Srinagar (PM-10),2025-10,79.0,79.0,33.22057372942192,12.0,3.8021243346250007,10
Kashmir,Srinagar,Zakura Srinagar (PM-10),2025-11,78.36984188486994,79.0,30.88365181720636,12.0,4.523080757170671,11
Kashmir,Srinagar,Zakura Srinagar (PM-10),2025-12,78.36984188486994,79.0,29.39161020931141,12.0,3.9322604420830616,12
Kashmir,Srinagar,Zakura Srinagar (PM-10),2026-01,47.4,79.0,29.39161020931141,12.560768303810477,3.9322604420830616,1
Kashmir,Srinagar,Zakura Srinagar (PM-10),2026-02,47.4,79.0,29.39161020931141,12.560768303810477,3.9322604420830616,2
Kashmir,Srinagar,Zakura Srinagar (PM-10),2026-03,47.4,79.0,29.39161020931141,12.560768303810477,3.9322604420830616,3
