Region,District,Station,Date,AQI,PM10,PM2_5,NO2,SO2
Jammu,Doda,Doda PCC Office Near Bus Stand 1065,2022-01-01,86.0,86.0,35.0,,
Jammu,Doda,Doda PCC Office Near Bus Stand 1065,2022-02-01,72.0,72.0,35.0,,
Jammu,Doda,Doda PCC Office Near Bus Stand 1065,2022-03-01,,,,,
Jammu,Doda,Doda PCC Office Near Bus Stand 1065,2022-04-01,,,,,
Jammu,Doda,Doda PCC Office Near Bus Stand 1065,2022-05-01,,,,,
Jammu,Doda,Doda PCC Office Near Bus Stand 1065,2022-06-01,,,,,
Jammu,Doda,Doda PCC Office Near Bus Stand 1065,2022-07-01,88.0,88.0,42.0,,
Jammu,Doda,Doda PCC Office Near Bus Stand 1065,2022-08-01,79.0,78.0,40.0,,
Jammu,Doda,Doda PCC Office Near Bus Stand 1065,2022-09-01,82.0,82.0,30.0,,
Jammu,Doda,Doda PCC Office Near Bus Stand 1065,2022-10-01,,,,,
Jammu,Doda,Doda PCC Office Near Bus Stand 1065,2022-11-01,83.0,83.0,34.0,,
Jammu,Doda,Doda PCC Office Near Bus Stand 1065,2022-12-01,,85.0,37.0,,
Jammu,Doda,Doda PCC Office Near Bus Stand 1065,2023-01-01,81.0,81.0,32.0,,
Jammu,Doda,Doda PCC Office Near Bus Stand 1065,2023-02-01,85.0,85.0,34.0,,
Jammu,Doda,Doda PCC Office Near Bus Stand 1065,2023-03-01,78.0,78.0,40.0,,
Jammu,Doda,Doda PCC Office Near Bus Stand 1065,2023-04-01,78.0,78.0,38.0,,
Jammu,Doda,Doda PCC Office Near Bus Stand 1065,2023-05-01,83.0,83.0,38.0,,
Jammu,Doda,Doda PCC Office Near Bus Stand 1065,2023-06-01,85.0,85.0,35.0,,
Jammu,Doda,Doda PCC Office Near Bus Stand 1065,2023-07-01,88.0,88.0,28.0,,
Jammu,Doda,Doda PCC Office Near Bus Stand 1065,2023-08-01,90.0,90.0,22.0,,
Jammu,Doda,Doda PCC Office Near Bus Stand 1065,2023-09-01,86.0,86.0,41.0,,
Jammu,Doda,Doda PCC Office Near Bus Stand 1065,2023-10-01,79.0,79.0,42.0,,
Jammu,Doda,Doda PCC Office Near Bus Stand 1065,2023-11-01,85.0,85.0,47.0,,
Jammu,Doda,Doda PCC Office Near Bus Stand 1065,2023-12-01,84.0,84.0,38.0,,
Jammu,Doda,Doda PCC Office Near Bus Stand 1065,2024-01-01,82.0,82.0,35.0,,
Jammu,Doda,Doda PCC Office Near Bus Stand 1065,2024-02-01,87.0,87.0,35.0,,
Jammu,Doda,Doda PCC Office Near Bus Stand 1065,2024-03-01,88.0,88.0,34.0,,
Jammu,Doda,Doda PCC Office Near Bus Stand 1065,2024-04-01,89.0,89.0,38.0,,
Jammu,Doda,Doda PCC Office Near Bus Stand 1065,2024-05-01,87.0,87.0,37.0,,
Jammu,Doda,Doda PCC Office Near Bus Stand 1065,2024-06-01,83.0,83.0,35.0,,
Jammu,Doda,Doda PCC Office Near Bus Stand 1065,2024-07-01,88.0,88.0,39.0,,
Jammu,Doda,Doda PCC Office Near Bus Stand 1065,2024-08-01,90.0,90.0,37.0,,
Jammu,Doda,Doda PCC Office Near Bus Stand 1065,2024-09-01,84.0,84.0,38.0,,
Jammu,Doda,Doda PCC Office Near Bus Stand 1065,2024-10-01,88.0,88.0,35.0,,
Jammu,Doda,Doda PCC Office Near Bus Stand 1065,2024-11-01,,89.0,33.0,,
Jammu,Doda,Doda PCC Office Near Bus Stand 1065,2024-12-01,,87.0,34.0,,
Jammu,Doda,Doda PCC Office Near Bus Stand 1065,2025-01-01,85.0,85.0,42.0,,
Jammu,Doda,Doda PCC Office Near Bus Stand 1065,2025-02-01,86.0,86.0,40.0,,
Jammu,Doda,Doda PCC Office Near Bus Stand 1065,2025-03-01,89.0,89.0,34.0,,
Jammu,Doda,Doda PCC Office Near Bus Stand 1065,2025-04-01,87.0,87.0,37.0,,
Jammu,Doda,Doda PCC Office Near Bus Stand 1065,2025-05-01,83.0,83.0,39.0,,
Jammu,Doda,Doda PCC Office Near Bus Stand 1065,2025-06-01,87.0,87.0,38.0,,
Jammu,Doda,Doda PCC Office Near Bus Stand 1065,2025-07-01,86.0,86.0,37.0,,
Jammu,Doda,Doda PCC Office Near Bus Stand 1065,2025-08-01,83.0,83.0,35.0,,
Jammu,Doda,Doda PCC Office Near Bus Stand 1065,2025-09-01,52.0,51.0,35.0,,
Jammu,Doda,Doda PCC Office Near Bus Stand 1065,2025-10-01,63.0,63.0,43.0,,
Jammu,Doda,Doda PCC Office Near Bus Stand 1065,2025-11-01,48.0,47.0,38.0,,
Jammu,Doda,Doda PCC Office Near Bus Stand 1065,2025-12-01,57.0,,,,
Jammu,Doda,Doda PCC Office Near Bus Stand 1065,2026-01-01,55.0,55.0,36.0,,
Jammu,Doda,Doda PCC Office Near Bus Stand 1065,2026-02-01,51.0,51.0,37.0,,
Jammu,Doda,Doda PCC Office Near Bus Stand 1065,2026-03-01,,,,,
Jammu,Jammu,Jammu Bantalab Ayurvedic Hospital,2022-01-01,,,,,
Jammu,Jammu,Jammu Bantalab Ayurvedic Hospital,2022-02-01,,,,,
Jammu,Jammu,Jammu Bantalab Ayurvedic Hospital,2022-03-01,,,,,
Jammu,Jammu,Jammu Bantalab Ayurvedic Hospital,2022-04-01,,,,,
Jammu,Jammu,Jammu Bantalab Ayurvedic Hospital,2022-05-01,,,,,
Jammu,Jammu,Jammu Bantalab Ayurvedic Hospital,2022-06-01,,,,,
Jammu,Jammu,Jammu Bantalab Ayurvedic Hospital,2022-07-01,,,,,
Jammu,Jammu,Jammu Bantalab Ayurvedic Hospital,2022-08-01,,,,,
Jammu,Jammu,Jammu Bantalab Ayurvedic Hospital,2022-09-01,,,,,
Jammu,Jammu,Jammu Bantalab Ayurvedic Hospital,2022-10-01,,,,,
Jammu,Jammu,Jammu Bantalab Ayurvedic Hospital,2022-11-01,,,,,
Jammu,Jammu,Jammu Bantalab Ayurvedic Hospital,2022-12-01,,,,,
Jammu,Jammu,Jammu Bantalab Ayurvedic Hospital,2023-01-01,,,,,
Jammu,Jammu,Jammu Bantalab Ayurvedic Hospital,2023-02-01,,,,,
Jammu,Jammu,Jammu Bantalab Ayurvedic Hospital,2023-03-01,,,,,
Jammu,Jammu,Jammu Bantalab Ayurvedic Hospital,2023-04-01,,,,,
Jammu,Jammu,Jammu Bantalab Ayurvedic Hospital,2023-05-01,,,,,
Jammu,Jammu,Jammu Bantalab Ayurvedic Hospital,2023-06-01,,,,,
Jammu,Jammu,Jammu Bantalab Ayurvedic Hospital,2023-07-01,,,,,
Jammu,Jammu,Jammu Bantalab Ayurvedic Hospital,2023-08-01,64.0,64.0,25.0,,
Jammu,Jammu,Jammu Bantalab Ayurvedic Hospital,2023-09-01,59.0,59.0,27.0,,
Jammu,Jammu,Jammu Bantalab Ayurvedic Hospital,2023-10-01,52.0,52.0,26.0,,
Jammu,Jammu,Jammu Bantalab Ayurvedic Hospital,2023-11-01,40.0,40.0,25.0,13.0,2.0
Jammu,Jammu,Jammu Bantalab Ayurvedic Hospital,2023-12-01,68.0,68.0,,,1.0
Jammu,Jammu,Jammu Bantalab Ayurvedic Hospital,2024-01-01,65.0,65.0,29.0,6.0,2.0
Jammu,Jammu,Jammu Bantalab Ayurvedic Hospital,2024-02-01,66.0,66.0,28.0,5.0,2.0
Jammu,Jammu,Jammu Bantalab Ayurvedic Hospital,2024-03-01,81.0,81.0,30.0,9.0,4.0
Jammu,Jammu,Jammu Bantalab Ayurvedic Hospital,2024-04-01,73.0,73.0,28.0,4.0,1.0
Jammu,Jammu,Jammu Bantalab Ayurvedic Hospital,2024-05-01,88.0,88.0,33.0,7.0,2.0
Jammu,Jammu,Jammu Bantalab Ayurvedic Hospital,2024-06-01,88.0,88.0,36.0,8.0,2.0
Jammu,Jammu,Jammu Bantalab Ayurvedic Hospital,2024-07-01,69.0,69.0,25.0,5.0,2.0
Jammu,Jammu,Jammu Bantalab Ayurvedic Hospital,2024-08-01,54.0,54.0,15.0,5.0,2.0
Jammu,Jammu,Jammu Bantalab Ayurvedic Hospital,2024-09-01,71.0,71.0,25.0,,
Jammu,Jammu,Jammu Bantalab Ayurvedic Hospital,2024-10-01,86.0,86.0,12.0,6.0,1.0
Jammu,Jammu,Jammu Bantalab Ayurvedic Hospital,2024-11-01,96.0,96.0,12.0,14.0,2.0
Jammu,Jammu,Jammu Bantalab Ayurvedic Hospital,2024-12-01,113.0,113.0,40.0,25.0,4.0
Jammu,Jammu,Jammu Bantalab Ayurvedic Hospital,2025-01-01,115.0,115.0,66.0,19.0,3.0
Jammu,Jammu,Jammu Bantalab Ayurvedic Hospital,2025-02-01,94.0,77.0,59.0,15.0,2.0
Jammu,Jammu,Jammu Bantalab Ayurvedic Hospital,2025-03-01,84.0,84.0,45.0,20.0,2.0
Jammu,Jammu,Jammu Bantalab Ayurvedic Hospital,2025-04-01,102.0,102.0,46.0,10.0,
Jammu,Jammu,Jammu Bantalab Ayurvedic Hospital,2025-05-01,105.0,105.0,51.0,,
Jammu,Jammu,Jammu Bantalab Ayurvedic Hospital,2025-06-01,97.0,97.0,42.0,,
Jammu,Jammu,Jammu Bantalab Ayurvedic Hospital,2025-07-01,73.0,73.0,28.0,19.0,2.0
Jammu,Jammu,Jammu Bantalab Ayurvedic Hospital,2025-08-01,53.0,53.0,28.0,17.0,2.0
Jammu,Jammu,Jammu Bantalab Ayurvedic Hospital,2025-09-01,61.0,61.0,23.0,12.0,2.0
Jammu,Jammu,Jammu Bantalab Ayurvedic Hospital,2025-10-01,67.0,67.0,24.0,15.0,2.0
Jammu,Jammu,Jammu Bantalab Ayurvedic Hospital,2025-11-01,80.0,80.0,39.0,,2.0
Jammu,Jammu,Jammu Bantalab Ayurvedic Hospital,2025-12-01,105.0,105.0,58.0,,3.0
Jammu,Jammu,Jammu Bantalab Ayurvedic Hospital,2026-01-01,120.0,120.0,54.0,31.0,3.0
Jammu,Jammu,Jammu Bantalab Ayurvedic Hospital,2026-02-01,110.0,110.0,63.0,32.0,3.0
Jammu,Jammu,Jammu Bantalab Ayurvedic Hospital,2026-03-01,93.0,93.0,48.0,28.0,2.0
Jammu,Jammu,Jammu Belicharana,2022-01-01,,,,,
Jammu,Jammu,Jammu Belicharana,2022-02-01,,,,,
Jammu,Jammu,Jammu Belicharana,2022-03-01,,,,,
Jammu,Jammu,Jammu Belicharana,2022-04-01,,,,,
Jammu,Jammu,Jammu Belicharana,2022-05-01,,,,,
Jammu,Jammu,Jammu Belicharana,2022-06-01,,,,,
Jammu,Jammu,Jammu Belicharana,2022-07-01,,,,,
Jammu,Jammu,Jammu Belicharana,2022-08-01,,,,,
Jammu,Jammu,Jammu Belicharana,2022-09-01,,,,,
Jammu,Jammu,Jammu Belicharana,2022-10-01,,,,,
Jammu,Jammu,Jammu Belicharana,2022-11-01,,,,,
Jammu,Jammu,Jammu Belicharana,2022-12-01,,,,,
Jammu,Jammu,Jammu Belicharana,2023-01-01,,,,,
Jammu,Jammu,Jammu Belicharana,2023-02-01,,,,,
Jammu,Jammu,Jammu Belicharana,2023-03-01,,,,,
Jammu,Jammu,Jammu Belicharana,2023-04-01,,,,,
Jammu,Jammu,Jammu Belicharana,2023-05-01,,,,,
Jammu,Jammu,Jammu Belicharana,2023-06-01,,,,,
Jammu,Jammu,Jammu Belicharana,2023-07-01,,,,,
Jammu,Jammu,Jammu Belicharana,2023-08-01,57.0,57.0,25.0,,
Jammu,Jammu,Jammu Belicharana,2023-09-01,56.0,56.0,28.0,,
Jammu,Jammu,Jammu Belicharana,2023-10-01,56.0,56.0,32.0,,
Jammu,Jammu,Jammu Belicharana,2023-11-01,41.0,41.0,19.0,5.0,2.0
Jammu,Jammu,Jammu Belicharana,2023-12-01,,,24.0,,2.0
Jammu,Jammu,Jammu Belicharana,2024-01-01,59.0,59.0,27.0,7.0,2.0
Jammu,Jammu,Jammu Belicharana,2024-02-01,53.0,53.0,25.0,5.0,2.0
Jammu,Jammu,Jammu Belicharana,2024-03-01,51.0,51.0,25.0,5.0,2.0
Jammu,Jammu,Jammu Belicharana,2024-04-01,56.0,56.0,17.0,4.0,2.0
Jammu,Jammu,Jammu Belicharana,2024-05-01,54.0,54.0,22.0,3.0,2.0
Jammu,Jammu,Jammu Belicharana,2024-06-01,60.0,60.0,26.0,3.0,2.0
Jammu,Jammu,Jammu Belicharana,2024-07-01,59.0,59.0,,3.0,2.0
Jammu,Jammu,Jammu Belicharana,2024-08-01,48.0,48.0,,2.0,1.0
Jammu,Jammu,Jammu Belicharana,2024-09-01,53.0,53.0,,,
Jammu,Jammu,Jammu Belicharana,2024-10-01,74.0,74.0,,3.0,1.0
Jammu,Jammu,Jammu Belicharana,2024-11-01,97.0,97.0,,6.0,1.0
Jammu,Jammu,Jammu Belicharana,2024-12-01,92.0,92.0,,17.0,3.0
Jammu,Jammu,Jammu Belicharana,2025-01-01,94.0,94.0,40.0,22.0,3.0
Jammu,Jammu,Jammu Belicharana,2025-02-01,69.0,43.0,40.0,11.0,1.0
Jammu,Jammu,Jammu Belicharana,2025-03-01,80.0,80.0,42.0,21.0,2.0
Jammu,Jammu,Jammu Belicharana,2025-04-01,88.0,88.0,44.0,4.0,
Jammu,Jammu,Jammu Belicharana,2025-05-01,95.0,95.0,39.0,,
Jammu,Jammu,Jammu Belicharana,2025-06-01,84.0,84.0,33.0,,
Jammu,Jammu,Jammu Belicharana,2025-07-01,63.0,63.0,27.0,14.0,2.0
Jammu,Jammu,Jammu Belicharana,2025-08-01,45.0,45.0,24.0,12.0,1.0
Jammu,Jammu,Jammu Belicharana,2025-09-01,60.0,60.0,23.0,14.0,2.0
Jammu,Jammu,Jammu Belicharana,2025-10-01,68.0,68.0,26.0,14.0,2.0
Jammu,Jammu,Jammu Belicharana,2025-11-01,67.0,67.0,44.0,22.0,2.0
Jammu,Jammu,Jammu Belicharana,2025-12-01,91.0,,48.0,27.0,3.0
Jammu,Jammu,Jammu Belicharana,2026-01-01,94.0,94.0,46.0,26.0,2.0
Jammu,Jammu,Jammu Belicharana,2026-02-01,86.0,86.0,39.0,24.0,2.0
Jammu,Jammu,Jammu Belicharana,2026-03-01,69.0,69.0,41.0,20.0,2.0
Jammu,Jammu,Jammu Dogra Hall CCF Office 1070,2022-01-01,92.0,92.0,27.0,22.0,4.0
Jammu,Jammu,Jammu Dogra Hall CCF Office 1070,2022-02-01,113.0,113.0,44.0,14.0,2.0
Jammu,Jammu,Jammu Dogra Hall CCF Office 1070,2022-03-01,94.0,94.0,41.0,16.0,2.0
Jammu,Jammu,Jammu Dogra Hall CCF Office 1070,2022-04-01,,,,,
Jammu,Jammu,Jammu Dogra Hall CCF Office 1070,2022-05-01,,,,,
Jammu,Jammu,Jammu Dogra Hall CCF Office 1070,2022-06-01,,,,,
Jammu,Jammu,Jammu Dogra Hall CCF Office 1070,2022-07-01,,,,,
Jammu,Jammu,Jammu Dogra Hall CCF Office 1070,2022-08-01,71.0,71.0,29.0,9.0,2.0
Jammu,Jammu,Jammu Dogra Hall CCF Office 1070,2022-09-01,301.0,301.0,,15.0,2.0
Jammu,Jammu,Jammu Dogra Hall CCF Office 1070,2022-10-01,157.0,157.0,36.0,24.0,2.0
Jammu,Jammu,Jammu Dogra Hall CCF Office 1070,2022-11-01,131.0,,12.0,,
Jammu,Jammu,Jammu Dogra Hall CCF Office 1070,2022-12-01,176.0,,,15.0,1.0
Jammu,Jammu,Jammu Dogra Hall CCF Office 1070,2023-01-01,115.0,115.0,18.0,23.0,2.0
Jammu,Jammu,Jammu Dogra Hall CCF Office 1070,2023-02-01,139.0,139.0,44.0,5.0,
Jammu,Jammu,Jammu Dogra Hall CCF Office 1070,2023-03-01,115.0,115.0,72.0,,
Jammu,Jammu,Jammu Dogra Hall CCF Office 1070,2023-04-01,94.0,94.0,44.0,11.0,2.0
Jammu,Jammu,Jammu Dogra Hall CCF Office 1070,2023-05-01,90.0,90.0,14.0,15.0,2.0
Jammu,Jammu,Jammu Dogra Hall CCF Office 1070,2023-06-01,92.0,92.0,32.0,16.0,2.0
Jammu,Jammu,Jammu Dogra Hall CCF Office 1070,2023-07-01,94.0,94.0,26.0,20.0,2.0
Jammu,Jammu,Jammu Dogra Hall CCF Office 1070,2023-08-01,87.0,87.0,17.0,18.0,2.0
Jammu,Jammu,Jammu Dogra Hall CCF Office 1070,2023-09-01,91.0,91.0,4.0,14.0,2.0
Jammu,Jammu,Jammu Dogra Hall CCF Office 1070,2023-10-01,86.0,86.0,29.0,16.0,2.0
Jammu,Jammu,Jammu Dogra Hall CCF Office 1070,2023-11-01,82.0,82.0,31.0,18.0,4.0
Jammu,Jammu,Jammu Dogra Hall CCF Office 1070,2023-12-01,,99.0,32.0,13.0,1.0
Jammu,Jammu,Jammu Dogra Hall CCF Office 1070,2024-01-01,89.0,89.0,35.0,18.0,2.0
Jammu,Jammu,Jammu Dogra Hall CCF Office 1070,2024-02-01,90.0,90.0,32.0,15.0,2.0
Jammu,Jammu,Jammu Dogra Hall CCF Office 1070,2024-03-01,98.0,98.0,34.0,17.0,3.0
Jammu,Jammu,Jammu Dogra Hall CCF Office 1070,2024-04-01,96.0,96.0,22.0,13.0,2.0
Jammu,Jammu,Jammu Dogra Hall CCF Office 1070,2024-05-01,81.0,81.0,2.0,12.0,2.0
Jammu,Jammu,Jammu Dogra Hall CCF Office 1070,2024-06-01,87.0,87.0,,16.0,2.0
Jammu,Jammu,Jammu Dogra Hall CCF Office 1070,2024-07-01,78.0,78.0,,11.0,2.0
Jammu,Jammu,Jammu Dogra Hall CCF Office 1070,2024-08-01,59.0,59.0,,8.0,2.0
Jammu,Jammu,Jammu Dogra Hall CCF Office 1070,2024-09-01,79.0,79.0,,,
Jammu,Jammu,Jammu Dogra Hall CCF Office 1070,2024-10-01,,107.0,,17.0,3.0
Jammu,Jammu,Jammu Dogra Hall CCF Office 1070,2024-11-01,,166.0,15.0,25.0,6.0
Jammu,Jammu,Jammu Dogra Hall CCF Office 1070,2024-12-01,,135.0,136.0,28.0,4.0
Jammu,Jammu,Jammu Dogra Hall CCF Office 1070,2025-01-01,154.0,140.0,146.0,28.0,4.0
Jammu,Jammu,Jammu Dogra Hall CCF Office 1070,2025-02-01,97.0,68.0,63.0,14.0,2.0
Jammu,Jammu,Jammu Dogra Hall CCF Office 1070,2025-03-01,88.0,88.0,34.0,26.0,3.0
Jammu,Jammu,Jammu Dogra Hall CCF Office 1070,2025-04-01,95.0,95.0,45.0,25.0,3.0
Jammu,Jammu,Jammu Dogra Hall CCF Office 1070,2025-05-01,101.0,101.0,53.0,,
Jammu,Jammu,Jammu Dogra Hall CCF Office 1070,2025-06-01,98.0,98.0,48.0,,
Jammu,Jammu,Jammu Dogra Hall CCF Office 1070,2025-07-01,77.0,77.0,25.0,19.0,2.0
Jammu,Jammu,Jammu Dogra Hall CCF Office 1070,2025-08-01,55.0,55.0,29.0,15.0,2.0
Jammu,Jammu,Jammu Dogra Hall CCF Office 1070,2025-09-01,61.0,61.0,26.0,17.0,2.0
Jammu,Jammu,Jammu Dogra Hall CCF Office 1070,2025-10-01,84.0,,33.0,22.0,3.0
Jammu,Jammu,Jammu Dogra Hall CCF Office 1070,2025-11-01,86.0,,57.0,,3.0
Jammu,Jammu,Jammu Dogra Hall CCF Office 1070,2025-12-01,110.0,,57.0,,3.0
Jammu,Jammu,Jammu Dogra Hall CCF Office 1070,2026-01-01,133.0,133.0,22.0,33.0,3.0
Jammu,Jammu,Jammu Dogra Hall CCF Office 1070,2026-02-01,105.0,105.0,59.0,32.0,3.0
Jammu,Jammu,Jammu Dogra Hall CCF Office 1070,2026-03-01,98.0,98.0,46.0,28.0,2.0
Jammu,Jammu,Jammu JKPCC Narwal  184,2022-01-01,108.0,108.0,46.0,26.0,4.0
Jammu,Jammu,Jammu JKPCC Narwal  184,2022-02-01,280.0,280.0,60.0,32.0,5.0
Jammu,Jammu,Jammu JKPCC Narwal  184,2022-03-01,254.0,254.0,92.0,34.0,5.0
Jammu,Jammu,Jammu JKPCC Narwal  184,2022-04-01,161.0,161.0,64.0,35.0,3.0
Jammu,Jammu,Jammu JKPCC Narwal  184,2022-05-01,217.0,217.0,88.0,34.0,4.0
Jammu,Jammu,Jammu JKPCC Narwal  184,2022-06-01,169.0,169.0,65.0,35.0,3.0
Jammu,Jammu,Jammu JKPCC Narwal  184,2022-07-01,87.0,87.0,38.0,16.0,2.0
Jammu,Jammu,Jammu JKPCC Narwal  184,2022-08-01,121.0,115.0,46.0,19.0,3.0
Jammu,Jammu,Jammu JKPCC Narwal  184,2022-09-01,93.0,93.0,23.0,21.0,3.0
Jammu,Jammu,Jammu JKPCC Narwal  184,2022-10-01,145.0,145.0,47.0,26.0,
Jammu,Jammu,Jammu JKPCC Narwal  184,2022-11-01,144.0,144.0,46.0,,
Jammu,Jammu,Jammu JKPCC Narwal  184,2022-12-01,147.0,147.0,66.0,,
Jammu,Jammu,Jammu JKPCC Narwal  184,2023-01-01,149.0,130.0,59.0,19.0,2.0
Jammu,Jammu,Jammu JKPCC Narwal  184,2023-02-01,,,,,
Jammu,Jammu,Jammu JKPCC Narwal  184,2023-03-01,128.0,128.0,51.0,22.0,3.0
Jammu,Jammu,Jammu JKPCC Narwal  184,2023-04-01,114.0,114.0,38.0,19.0,2.0
Jammu,Jammu,Jammu JKPCC Narwal  184,2023-05-01,106.0,106.0,32.0,13.0,2.0
Jammu,Jammu,Jammu JKPCC Narwal  184,2023-06-01,100.0,100.0,33.0,21.0,3.0
Jammu,Jammu,Jammu JKPCC Narwal  184,2023-07-01,100.0,100.0,19.0,15.0,2.0
Jammu,Jammu,Jammu JKPCC Narwal  184,2023-08-01,92.0,92.0,30.0,18.0,3.0
Jammu,Jammu,Jammu JKPCC Narwal  184,2023-09-01,84.0,84.0,5.0,16.0,3.0
Jammu,Jammu,Jammu JKPCC Narwal  184,2023-10-01,94.0,94.0,12.0,19.0,3.0
Jammu,Jammu,Jammu JKPCC Narwal  184,2023-11-01,107.0,107.0,37.0,24.0,4.0
Jammu,Jammu,Jammu JKPCC Narwal  184,2023-12-01,130.0,130.0,39.0,19.0,2.0
Jammu,Jammu,Jammu JKPCC Narwal  184,2024-01-01,122.0,122.0,41.0,25.0,3.0
Jammu,Jammu,Jammu JKPCC Narwal  184,2024-02-01,121.0,121.0,42.0,21.0,3.0
Jammu,Jammu,Jammu JKPCC Narwal  184,2024-03-01,124.0,124.0,38.0,19.0,3.0
Jammu,Jammu,Jammu JKPCC Narwal  184,2024-04-01,110.0,110.0,34.0,19.0,2.0
Jammu,Jammu,Jammu JKPCC Narwal  184,2024-05-01,113.0,113.0,36.0,17.0,3.0
Jammu,Jammu,Jammu JKPCC Narwal  184,2024-06-01,112.0,112.0,36.0,25.0,4.0
Jammu,Jammu,Jammu JKPCC Narwal  184,2024-07-01,93.0,93.0,32.0,15.0,2.0
Jammu,Jammu,Jammu JKPCC Narwal  184,2024-08-01,72.0,72.0,17.0,9.0,1.0
Jammu,Jammu,Jammu JKPCC Narwal  184,2024-09-01,92.0,92.0,31.0,,
Jammu,Jammu,Jammu JKPCC Narwal  184,2024-10-01,127.0,127.0,14.0,23.0,4.0
Jammu,Jammu,Jammu JKPCC Narwal  184,2024-11-01,,156.0,25.0,30.0,6.0
Jammu,Jammu,Jammu JKPCC Narwal  184,2024-12-01,,,62.0,36.0,6.0
Jammu,Jammu,Jammu JKPCC Narwal  184,2025-01-01,180.0,180.0,78.0,34.0,4.0
Jammu,Jammu,Jammu JKPCC Narwal  184,2025-02-01,150.0,118.0,93.0,13.0,2.0
Jammu,Jammu,Jammu JKPCC Narwal  184,2025-03-01,107.0,107.0,44.0,30.0,3.0
Jammu,Jammu,Jammu JKPCC Narwal  184,2025-04-01,122.0,122.0,73.0,25.0,3.0
Jammu,Jammu,Jammu JKPCC Narwal  184,2025-05-01,120.0,120.0,70.0,,
Jammu,Jammu,Jammu JKPCC Narwal  184,2025-06-01,108.0,108.0,51.0,,
Jammu,Jammu,Jammu JKPCC Narwal  184,2025-07-01,87.0,87.0,31.0,22.0,2.0
Jammu,Jammu,Jammu JKPCC Narwal  184,2025-08-01,70.0,70.0,31.0,22.0,2.0
Jammu,Jammu,Jammu JKPCC Narwal  184,2025-09-01,82.0,82.0,34.0,20.0,2.0
Jammu,Jammu,Jammu JKPCC Narwal  184,2025-10-01,107.0,107.0,44.0,24.0,4.0
Jammu,Jammu,Jammu JKPCC Narwal  184,2025-11-01,148.0,148.0,66.0,34.0,3.0
Jammu,Jammu,Jammu JKPCC Narwal  184,2025-12-01,152.0,,51.0,35.0,4.0
Jammu,Jammu,Jammu JKPCC Narwal  184,2026-01-01,151.0,151.0,67.0,39.0,3.0
Jammu,Jammu,Jammu JKPCC Narwal  184,2026-02-01,126.0,126.0,75.0,37.0,4.0
Jammu,Jammu,Jammu JKPCC Narwal  184,2026-03-01,130.0,130.0,56.0,34.0,3.0
Jammu,Jammu,Jammu MAM Stadium  482,2022-01-01,86.0,86.0,41.0,24.0,2.0
Jammu,Jammu,Jammu MAM Stadium  482,2022-02-01,148.0,148.0,45.0,28.0,3.0
Jammu,Jammu,Jammu MAM Stadium  482,2022-03-01,136.0,136.0,57.0,21.0,3.0
Jammu,Jammu,Jammu MAM Stadium  482,2022-04-01,91.0,91.0,27.0,16.0,2.0
Jammu,Jammu,Jammu MAM Stadium  482,2022-05-01,,,,,
Jammu,Jammu,Jammu MAM Stadium  482,2022-06-01,,,,,
Jammu,Jammu,Jammu MAM Stadium  482,2022-07-01,77.0,77.0,32.0,17.0,3.0
Jammu,Jammu,Jammu MAM Stadium  482,2022-08-01,89.0,89.0,33.0,8.0,1.0
Jammu,Jammu,Jammu MAM Stadium  482,2022-09-01,,,,,
Jammu,Jammu,Jammu MAM Stadium  482,2022-10-01,95.0,95.0,42.0,19.0,2.0
Jammu,Jammu,Jammu MAM Stadium  482,2022-11-01,92.0,,50.0,18.0,
Jammu,Jammu,Jammu MAM Stadium  482,2022-12-01,,,61.0,16.0,
Jammu,Jammu,Jammu MAM Stadium  482,2023-01-01,138.0,138.0,47.0,21.0,2.0
Jammu,Jammu,Jammu MAM Stadium  482,2023-02-01,120.0,120.0,64.0,,
Jammu,Jammu,Jammu MAM Stadium  482,2023-03-01,121.0,121.0,59.0,24.0,3.0
Jammu,Jammu,Jammu MAM Stadium  482,2023-04-01,106.0,106.0,37.0,18.0,2.0
Jammu,Jammu,Jammu MAM Stadium  482,2023-05-01,104.0,104.0,38.0,16.0,2.0
Jammu,Jammu,Jammu MAM Stadium  482,2023-06-01,99.0,99.0,33.0,14.0,2.0
Jammu,Jammu,Jammu MAM Stadium  482,2023-07-01,85.0,85.0,24.0,11.0,2.0
Jammu,Jammu,Jammu MAM Stadium  482,2023-08-01,93.0,93.0,,14.0,2.0
Jammu,Jammu,Jammu MAM Stadium  482,2023-09-01,84.0,84.0,7.0,19.0,3.0
Jammu,Jammu,Jammu MAM Stadium  482,2023-10-01,85.0,85.0,32.0,16.0,2.0
Jammu,Jammu,Jammu MAM Stadium  482,2023-11-01,,82.0,31.0,,3.0
Jammu,Jammu,Jammu MAM Stadium  482,2023-12-01,,98.0,38.0,,
Jammu,Jammu,Jammu MAM Stadium  482,2024-01-01,102.0,102.0,42.0,17.0,2.0
Jammu,Jammu,Jammu MAM Stadium  482,2024-02-01,,,,,
Jammu,Jammu,Jammu MAM Stadium  482,2024-03-01,91.0,91.0,34.0,17.0,2.0
Jammu,Jammu,Jammu MAM Stadium  482,2024-04-01,82.0,82.0,31.0,13.0,2.0
Jammu,Jammu,Jammu MAM Stadium  482,2024-05-01,83.0,83.0,31.0,15.0,3.0
Jammu,Jammu,Jammu MAM Stadium  482,2024-06-01,87.0,87.0,31.0,16.0,2.0
Jammu,Jammu,Jammu MAM Stadium  482,2024-07-01,79.0,79.0,8.0,13.0,2.0
Jammu,Jammu,Jammu MAM Stadium  482,2024-08-01,70.0,70.0,,7.0,1.0
Jammu,Jammu,Jammu MAM Stadium  482,2024-09-01,76.0,76.0,,,
Jammu,Jammu,Jammu MAM Stadium  482,2024-10-01,120.0,120.0,,18.0,4.0
Jammu,Jammu,Jammu MAM Stadium  482,2024-11-01,156.0,156.0,23.0,,5.0
Jammu,Jammu,Jammu MAM Stadium  482,2024-12-01,159.0,159.0,,,4.0
Jammu,Jammu,Jammu MAM Stadium  482,2025-01-01,167.0,167.0,111.0,25.0,3.0
Jammu,Jammu,Jammu MAM Stadium  482,2025-02-01,112.0,67.0,90.0,14.0,1.0
Jammu,Jammu,Jammu MAM Stadium  482,2025-03-01,94.0,94.0,37.0,31.0,3.0
Jammu,Jammu,Jammu MAM Stadium  482,2025-04-01,133.0,133.0,52.0,37.0,4.0
Jammu,Jammu,Jammu MAM Stadium  482,2025-05-01,103.0,103.0,49.0,,
Jammu,Jammu,Jammu MAM Stadium  482,2025-06-01,,,,,
Jammu,Jammu,Jammu MAM Stadium  482,2025-07-01,65.0,65.0,28.0,17.0,2.0
Jammu,Jammu,Jammu MAM Stadium  482,2025-08-01,56.0,56.0,27.0,13.0,1.0
Jammu,Jammu,Jammu MAM Stadium  482,2025-09-01,55.0,55.0,24.0,15.0,2.0
Jammu,Jammu,Jammu MAM Stadium  482,2025-10-01,69.0,69.0,30.0,19.0,3.0
Jammu,Jammu,Jammu MAM Stadium  482,2025-11-01,106.0,102.0,,,3.0
Jammu,Jammu,Jammu MAM Stadium  482,2025-12-01,127.0,127.0,,,3.0
Jammu,Jammu,Jammu MAM Stadium  482,2026-01-01,138.0,138.0,79.0,34.0,3.0
Jammu,Jammu,Jammu MAM Stadium  482,2026-02-01,109.0,109.0,50.0,29.0,3.0
Jammu,Jammu,Jammu MAM Stadium  482,2026-03-01,94.0,94.0,41.0,25.0,2.0
Jammu,Jammu,Jammu Manda Zoo,2022-01-01,,,,,
Jammu,Jammu,Jammu Manda Zoo,2022-02-01,,,,,
Jammu,Jammu,Jammu Manda Zoo,2022-03-01,,,,,
Jammu,Jammu,Jammu Manda Zoo,2022-04-01,,,,,
Jammu,Jammu,Jammu Manda Zoo,2022-05-01,,,,,
Jammu,Jammu,Jammu Manda Zoo,2022-06-01,,,,,
Jammu,Jammu,Jammu Manda Zoo,2022-07-01,,,,,
Jammu,Jammu,Jammu Manda Zoo,2022-08-01,,,,,
Jammu,Jammu,Jammu Manda Zoo,2022-09-01,,,,,
Jammu,Jammu,Jammu Manda Zoo,2022-10-01,,,,,
Jammu,Jammu,Jammu Manda Zoo,2022-11-01,,,,,
Jammu,Jammu,Jammu Manda Zoo,2022-12-01,,,,,
Jammu,Jammu,Jammu Manda Zoo,2023-01-01,76.0,76.0,7.0,9.0,2.0
Jammu,Jammu,Jammu Manda Zoo,2023-02-01,80.0,80.0,,5.0,1.0
Jammu,Jammu,Jammu Manda Zoo,2023-03-01,,,,,
Jammu,Jammu,Jammu Manda Zoo,2023-04-01,,,,,
Jammu,Jammu,Jammu Manda Zoo,2023-05-01,,,,,
Jammu,Jammu,Jammu Manda Zoo,2023-06-01,,,,,
Jammu,Jammu,Jammu Manda Zoo,2023-07-01,71.0,71.0,25.0,,
Jammu,Jammu,Jammu Manda Zoo,2023-08-01,71.0,71.0,25.0,,
Jammu,Jammu,Jammu Manda Zoo,2023-09-01,66.0,66.0,24.0,,
Jammu,Jammu,Jammu Manda Zoo,2023-10-01,66.0,66.0,26.0,,
Jammu,Jammu,Jammu Manda Zoo,2023-11-01,,66.0,,,2.0
Jammu,Jammu,Jammu Manda Zoo,2023-12-01,,,,,1.0
Jammu,Jammu,Jammu Manda Zoo,2024-01-01,77.0,77.0,31.0,7.0,2.0
Jammu,Jammu,Jammu Manda Zoo,2024-02-01,81.0,81.0,27.0,5.0,2.0
Jammu,Jammu,Jammu Manda Zoo,2024-03-01,80.0,80.0,29.0,6.0,3.0
Jammu,Jammu,Jammu Manda Zoo,2024-04-01,74.0,74.0,21.0,5.0,2.0
Jammu,Jammu,Jammu Manda Zoo,2024-05-01,,62.0,,,
Jammu,Jammu,Jammu Manda Zoo,2024-06-01,,,,,
Jammu,Jammu,Jammu Manda Zoo,2024-07-01,,,,,
Jammu,Jammu,Jammu Manda Zoo,2024-08-01,,,,,
Jammu,Jammu,Jammu Manda Zoo,2024-09-01,,,,,
Jammu,Jammu,Jammu Manda Zoo,2024-10-01,,,,,
Jammu,Jammu,Jammu Manda Zoo,2024-11-01,,,,,
Jammu,Jammu,Jammu Manda Zoo,2024-12-01,,,,,
Jammu,Jammu,Jammu Manda Zoo,2025-01-01,,,,,
Jammu,Jammu,Jammu Manda Zoo,2025-02-01,,,,,
Jammu,Jammu,Jammu Manda Zoo,2025-03-01,,,,,
Jammu,Jammu,Jammu Manda Zoo,2025-04-01,,,,,
Jammu,Jammu,Jammu Manda Zoo,2025-05-01,,,,,
Jammu,Jammu,Jammu Manda Zoo,2025-06-01,,,,,
Jammu,Jammu,Jammu Manda Zoo,2025-07-01,,,,,
Jammu,Jammu,Jammu Manda Zoo,2025-08-01,,,,,
Jammu,Jammu,Jammu Manda Zoo,2025-09-01,,,,,
Jammu,Jammu,Jammu Manda Zoo,2025-10-01,,,,,
Jammu,Jammu,Jammu Manda Zoo,2025-11-01,,,,,
Jammu,Jammu,Jammu Manda Zoo,2025-12-01,,,,,
Jammu,Jammu,Jammu Manda Zoo,2026-01-01,,,,,
Jammu,Jammu,Jammu Manda Zoo,2026-02-01,,,,,
Jammu,Jammu,Jammu Manda Zoo,2026-03-01,,,,,
Jammu,Jammu,Jammu Nagbani Forest Office,2022-01-01,,,,,
Jammu,Jammu,Jammu Nagbani Forest Office,2022-02-01,,,,,
Jammu,Jammu,Jammu Nagbani Forest Office,2022-03-01,,,,,
Jammu,Jammu,Jammu Nagbani Forest Office,2022-04-01,,,,,
Jammu,Jammu,Jammu Nagbani Forest Office,2022-05-01,,,,,
Jammu,Jammu,Jammu Nagbani Forest Office,2022-06-01,,,,,
Jammu,Jammu,Jammu Nagbani Forest Office,2022-07-01,,,,,
Jammu,Jammu,Jammu Nagbani Forest Office,2022-08-01,,,,,
Jammu,Jammu,Jammu Nagbani Forest Office,2022-09-01,,,,,
Jammu,Jammu,Jammu Nagbani Forest Office,2022-10-01,,,,,
Jammu,Jammu,Jammu Nagbani Forest Office,2022-11-01,,,,,
Jammu,Jammu,Jammu Nagbani Forest Office,2022-12-01,,,,,
Jammu,Jammu,Jammu Nagbani Forest Office,2023-01-01,,,,,
Jammu,Jammu,Jammu Nagbani Forest Office,2023-02-01,,,,,
Jammu,Jammu,Jammu Nagbani Forest Office,2023-03-01,,,,,
Jammu,Jammu,Jammu Nagbani Forest Office,2023-04-01,,,,,
Jammu,Jammu,Jammu Nagbani Forest Office,2023-05-01,,,,,
Jammu,Jammu,Jammu Nagbani Forest Office,2023-06-01,,,,,
Jammu,Jammu,Jammu Nagbani Forest Office,2023-07-01,57.0,57.0,25.0,,
Jammu,Jammu,Jammu Nagbani Forest Office,2023-08-01,60.0,60.0,26.0,,
Jammu,Jammu,Jammu Nagbani Forest Office,2023-09-01,55.0,55.0,24.0,,
Jammu,Jammu,Jammu Nagbani Forest Office,2023-10-01,53.0,53.0,25.0,,
Jammu,Jammu,Jammu Nagbani Forest Office,2023-11-01,45.0,,27.0,,
Jammu,Jammu,Jammu Nagbani Forest Office,2023-12-01,,,26.0,,
Jammu,Jammu,Jammu Nagbani Forest Office,2024-01-01,56.0,56.0,25.0,5.0,2.0
Jammu,Jammu,Jammu Nagbani Forest Office,2024-02-01,53.0,53.0,24.0,4.0,2.0
Jammu,Jammu,Jammu Nagbani Forest Office,2024-03-01,74.0,74.0,29.0,5.0,4.0
Jammu,Jammu,Jammu Nagbani Forest Office,2024-04-01,61.0,61.0,24.0,3.0,1.0
Jammu,Jammu,Jammu Nagbani Forest Office,2024-05-01,63.0,63.0,23.0,4.0,2.0
Jammu,Jammu,Jammu Nagbani Forest Office,2024-06-01,81.0,81.0,31.0,6.0,2.0
Jammu,Jammu,Jammu Nagbani Forest Office,2024-07-01,59.0,59.0,21.0,4.0,2.0
Jammu,Jammu,Jammu Nagbani Forest Office,2024-08-01,48.0,48.0,15.0,4.0,2.0
Jammu,Jammu,Jammu Nagbani Forest Office,2024-09-01,,,,,
Jammu,Jammu,Jammu Nagbani Forest Office,2024-10-01,78.0,78.0,15.0,5.0,1.0
Jammu,Jammu,Jammu Nagbani Forest Office,2024-11-01,,86.0,,9.0,
Jammu,Jammu,Jammu Nagbani Forest Office,2024-12-01,,80.0,,15.0,
Jammu,Jammu,Jammu Nagbani Forest Office,2025-01-01,83.0,83.0,42.0,17.0,3.0
Jammu,Jammu,Jammu Nagbani Forest Office,2025-02-01,90.0,73.0,65.0,13.0,2.0
Jammu,Jammu,Jammu Nagbani Forest Office,2025-03-01,69.0,69.0,33.0,17.0,2.0
Jammu,Jammu,Jammu Nagbani Forest Office,2025-04-01,90.0,90.0,43.0,7.0,1.0
Jammu,Jammu,Jammu Nagbani Forest Office,2025-05-01,100.0,100.0,50.0,,
Jammu,Jammu,Jammu Nagbani Forest Office,2025-06-01,89.0,89.0,5.0,,
Jammu,Jammu,Jammu Nagbani Forest Office,2025-07-01,63.0,63.0,,14.0,2.0
Jammu,Jammu,Jammu Nagbani Forest Office,2025-08-01,50.0,50.0,26.0,16.0,1.0
Jammu,Jammu,Jammu Nagbani Forest Office,2025-09-01,48.0,48.0,9.0,12.0,2.0
Jammu,Jammu,Jammu Nagbani Forest Office,2025-10-01,48.0,48.0,,13.0,2.0
Jammu,Jammu,Jammu Nagbani Forest Office,2025-11-01,60.0,,26.0,20.0,2.0
Jammu,Jammu,Jammu Nagbani Forest Office,2025-12-01,100.0,,,,2.0
Jammu,Jammu,Jammu Nagbani Forest Office,2026-01-01,105.0,105.0,,28.0,2.0
Jammu,Jammu,Jammu Nagbani Forest Office,2026-02-01,93.0,93.0,34.0,27.0,2.0
Jammu,Jammu,Jammu Nagbani Forest Office,2026-03-01,83.0,83.0,43.0,26.0,2.0
Jammu,Jammu,Jammu PDD Power House near High Court Janipur 1071,2022-01-01,74.0,74.0,,20.0,3.0
Jammu,Jammu,Jammu PDD Power House near High Court Janipur 1071,2022-02-01,115.0,115.0,,16.0,3.0
Jammu,Jammu,Jammu PDD Power House near High Court Janipur 1071,2022-03-01,106.0,106.0,,18.0,2.0
Jammu,Jammu,Jammu PDD Power House near High Court Janipur 1071,2022-04-01,,,,,
Jammu,Jammu,Jammu PDD Power House near High Court Janipur 1071,2022-05-01,,,,,
Jammu,Jammu,Jammu PDD Power House near High Court Janipur 1071,2022-06-01,,,,,
Jammu,Jammu,Jammu PDD Power House near High Court Janipur 1071,2022-07-01,,,,,
Jammu,Jammu,Jammu PDD Power House near High Court Janipur 1071,2022-08-01,62.0,62.0,20.0,,
Jammu,Jammu,Jammu PDD Power House near High Court Janipur 1071,2022-09-01,80.0,80.0,7.0,,
Jammu,Jammu,Jammu PDD Power House near High Court Janipur 1071,2022-10-01,106.0,106.0,41.0,24.0,2.0
Jammu,Jammu,Jammu PDD Power House near High Court Janipur 1071,2022-11-01,,,,11.0,2.0
Jammu,Jammu,Jammu PDD Power House near High Court Janipur 1071,2022-12-01,,,38.0,12.0,
Jammu,Jammu,Jammu PDD Power House near High Court Janipur 1071,2023-01-01,,,,,
Jammu,Jammu,Jammu PDD Power House near High Court Janipur 1071,2023-02-01,117.0,117.0,32.0,5.0,
Jammu,Jammu,Jammu PDD Power House near High Court Janipur 1071,2023-03-01,125.0,125.0,23.0,,
Jammu,Jammu,Jammu PDD Power House near High Court Janipur 1071,2023-04-01,113.0,113.0,18.0,15.0,2.0
Jammu,Jammu,Jammu PDD Power House near High Court Janipur 1071,2023-05-01,112.0,112.0,10.0,13.0,2.0
Jammu,Jammu,Jammu PDD Power House near High Court Janipur 1071,2023-06-01,105.0,105.0,23.0,13.0,2.0
Jammu,Jammu,Jammu PDD Power House near High Court Janipur 1071,2023-07-01,92.0,92.0,19.0,9.0,1.0
Jammu,Jammu,Jammu PDD Power House near High Court Janipur 1071,2023-08-01,85.0,85.0,23.0,15.0,3.0
Jammu,Jammu,Jammu PDD Power House near High Court Janipur 1071,2023-09-01,80.0,80.0,25.0,17.0,3.0
Jammu,Jammu,Jammu PDD Power House near High Court Janipur 1071,2023-10-01,84.0,84.0,19.0,17.0,3.0
Jammu,Jammu,Jammu PDD Power House near High Court Janipur 1071,2023-11-01,105.0,105.0,35.0,20.0,3.0
Jammu,Jammu,Jammu PDD Power House near High Court Janipur 1071,2023-12-01,98.0,98.0,25.0,22.0,3.0
Jammu,Jammu,Jammu PDD Power House near High Court Janipur 1071,2024-01-01,108.0,108.0,34.0,20.0,2.0
Jammu,Jammu,Jammu PDD Power House near High Court Janipur 1071,2024-02-01,91.0,91.0,28.0,16.0,2.0
Jammu,Jammu,Jammu PDD Power House near High Court Janipur 1071,2024-03-01,98.0,98.0,27.0,18.0,3.0
Jammu,Jammu,Jammu PDD Power House near High Court Janipur 1071,2024-04-01,96.0,96.0,26.0,13.0,3.0
Jammu,Jammu,Jammu PDD Power House near High Court Janipur 1071,2024-05-01,102.0,102.0,17.0,20.0,4.0
Jammu,Jammu,Jammu PDD Power House near High Court Janipur 1071,2024-06-01,106.0,106.0,21.0,19.0,3.0
Jammu,Jammu,Jammu PDD Power House near High Court Janipur 1071,2024-07-01,94.0,94.0,6.0,14.0,2.0
Jammu,Jammu,Jammu PDD Power House near High Court Janipur 1071,2024-08-01,72.0,72.0,,10.0,1.0
Jammu,Jammu,Jammu PDD Power House near High Court Janipur 1071,2024-09-01,81.0,81.0,,,
Jammu,Jammu,Jammu PDD Power House near High Court Janipur 1071,2024-10-01,115.0,115.0,,19.0,4.0
Jammu,Jammu,Jammu PDD Power House near High Court Janipur 1071,2024-11-01,130.0,129.0,32.0,22.0,4.0
Jammu,Jammu,Jammu PDD Power House near High Court Janipur 1071,2024-12-01,128.0,,83.0,,4.0
Jammu,Jammu,Jammu PDD Power House near High Court Janipur 1071,2025-01-01,163.0,163.0,93.0,26.0,4.0
Jammu,Jammu,Jammu PDD Power House near High Court Janipur 1071,2025-02-01,85.0,55.0,58.0,13.0,1.0
Jammu,Jammu,Jammu PDD Power House near High Court Janipur 1071,2025-03-01,93.0,93.0,47.0,28.0,3.0
Jammu,Jammu,Jammu PDD Power House near High Court Janipur 1071,2025-04-01,111.0,111.0,59.0,31.0,3.0
Jammu,Jammu,Jammu PDD Power House near High Court Janipur 1071,2025-05-01,103.0,103.0,57.0,,
Jammu,Jammu,Jammu PDD Power House near High Court Janipur 1071,2025-06-01,104.0,104.0,49.0,,
Jammu,Jammu,Jammu PDD Power House near High Court Janipur 1071,2025-07-01,79.0,79.0,26.0,20.0,2.0
Jammu,Jammu,Jammu PDD Power House near High Court Janipur 1071,2025-08-01,69.0,69.0,28.0,16.0,1.0
Jammu,Jammu,Jammu PDD Power House near High Court Janipur 1071,2025-09-01,71.0,71.0,4.0,17.0,2.0
Jammu,Jammu,Jammu PDD Power House near High Court Janipur 1071,2025-10-01,104.0,104.0,37.0,23.0,3.0
Jammu,Jammu,Jammu PDD Power House near High Court Janipur 1071,2025-11-01,109.0,109.0,,28.0,3.0
Jammu,Jammu,Jammu PDD Power House near High Court Janipur 1071,2025-12-01,129.0,129.0,,34.0,4.0
Jammu,Jammu,Jammu PDD Power House near High Court Janipur 1071,2026-01-01,124.0,124.0,20.0,35.0,3.0
Jammu,Jammu,Jammu PDD Power House near High Court Janipur 1071,2026-02-01,112.0,112.0,71.0,31.0,3.0
Jammu,Jammu,Jammu PDD Power House near High Court Janipur 1071,2026-03-01,110.0,110.0,57.0,28.0,2.0
Jammu,Jammu,Jammu Sidhra Forest Nursery,2022-01-01,,,,,
Jammu,Jammu,Jammu Sidhra Forest Nursery,2022-02-01,,,,,
Jammu,Jammu,Jammu Sidhra Forest Nursery,2022-03-01,,,,,
Jammu,Jammu,Jammu Sidhra Forest Nursery,2022-04-01,,,,,
Jammu,Jammu,Jammu Sidhra Forest Nursery,2022-05-01,,,,,
Jammu,Jammu,Jammu Sidhra Forest Nursery,2022-06-01,,,,,
Jammu,Jammu,Jammu Sidhra Forest Nursery,2022-07-01,,,,,
Jammu,Jammu,Jammu Sidhra Forest Nursery,2022-08-01,,,,,
Jammu,Jammu,Jammu Sidhra Forest Nursery,2022-09-01,,,,,
Jammu,Jammu,Jammu Sidhra Forest Nursery,2022-10-01,,,,,
Jammu,Jammu,Jammu Sidhra Forest Nursery,2022-11-01,,,,,
Jammu,Jammu,Jammu Sidhra Forest Nursery,2022-12-01,,,,,
Jammu,Jammu,Jammu Sidhra Forest Nursery,2023-01-01,,,,,
Jammu,Jammu,Jammu Sidhra Forest Nursery,2023-02-01,,,,,
Jammu,Jammu,Jammu Sidhra Forest Nursery,2023-03-01,,,,,
Jammu,Jammu,Jammu Sidhra Forest Nursery,2023-04-01,,,,,
Jammu,Jammu,Jammu Sidhra Forest Nursery,2023-05-01,,,,,
Jammu,Jammu,Jammu Sidhra Forest Nursery,2023-06-01,,,,,
Jammu,Jammu,Jammu Sidhra Forest Nursery,2023-07-01,55.0,55.0,26.0,,
Jammu,Jammu,Jammu Sidhra Forest Nursery,2023-08-01,55.0,55.0,22.0,,
Jammu,Jammu,Jammu Sidhra Forest Nursery,2023-09-01,56.0,56.0,4.0,,
Jammu,Jammu,Jammu Sidhra Forest Nursery,2023-10-01,57.0,57.0,23.0,,
Jammu,Jammu,Jammu Sidhra Forest Nursery,2023-11-01,74.0,,16.0,4.0,1.0
Jammu,Jammu,Jammu Sidhra Forest Nursery,2023-12-01,,,,5.0,
Jammu,Jammu,Jammu Sidhra Forest Nursery,2024-01-01,75.0,75.0,31.0,5.0,2.0
Jammu,Jammu,Jammu Sidhra Forest Nursery,2024-02-01,66.0,66.0,27.0,5.0,2.0
Jammu,Jammu,Jammu Sidhra Forest Nursery,2024-03-01,75.0,75.0,30.0,4.0,2.0
Jammu,Jammu,Jammu Sidhra Forest Nursery,2024-04-01,66.0,66.0,12.0,3.0,2.0
Jammu,Jammu,Jammu Sidhra Forest Nursery,2024-05-01,58.0,58.0,24.0,3.0,1.0
Jammu,Jammu,Jammu Sidhra Forest Nursery,2024-06-01,66.0,66.0,25.0,3.0,2.0
Jammu,Jammu,Jammu Sidhra Forest Nursery,2024-07-01,63.0,63.0,24.0,2.0,2.0
Jammu,Jammu,Jammu Sidhra Forest Nursery,2024-08-01,50.0,50.0,2.0,2.0,1.0
Jammu,Jammu,Jammu Sidhra Forest Nursery,2024-09-01,66.0,66.0,25.0,,
Jammu,Jammu,Jammu Sidhra Forest Nursery,2024-10-01,80.0,80.0,17.0,3.0,1.0
Jammu,Jammu,Jammu Sidhra Forest Nursery,2024-11-01,95.0,95.0,,8.0,1.0
Jammu,Jammu,Jammu Sidhra Forest Nursery,2024-12-01,99.0,,40.0,12.0,2.0
Jammu,Jammu,Jammu Sidhra Forest Nursery,2025-01-01,108.0,108.0,44.0,24.0,3.0
Jammu,Jammu,Jammu Sidhra Forest Nursery,2025-02-01,67.0,31.0,52.0,8.0,1.0
Jammu,Jammu,Jammu Sidhra Forest Nursery,2025-03-01,77.0,77.0,32.0,20.0,2.0
Jammu,Jammu,Jammu Sidhra Forest Nursery,2025-04-01,84.0,84.0,,9.0,1.0
Jammu,Jammu,Jammu Sidhra Forest Nursery,2025-05-01,92.0,92.0,28.0,,
Jammu,Jammu,Jammu Sidhra Forest Nursery,2025-06-01,90.0,90.0,,,
Jammu,Jammu,Jammu Sidhra Forest Nursery,2025-07-01,63.0,63.0,,14.0,2.0
Jammu,Jammu,Jammu Sidhra Forest Nursery,2025-08-01,53.0,53.0,,12.0,1.0
Jammu,Jammu,Jammu Sidhra Forest Nursery,2025-09-01,52.0,52.0,3.0,13.0,2.0
Jammu,Jammu,Jammu Sidhra Forest Nursery,2025-10-01,60.0,60.0,,13.0,
Jammu,Jammu,Jammu Sidhra Forest Nursery,2025-11-01,73.0,73.0,27.0,,
Jammu,Jammu,Jammu Sidhra Forest Nursery,2025-12-01,103.0,,,,
Jammu,Jammu,Jammu Sidhra Forest Nursery,2026-01-01,112.0,112.0,,28.0,2.0
Jammu,Jammu,Jammu Sidhra Forest Nursery,2026-02-01,92.0,92.0,40.0,27.0,2.0
Jammu,Jammu,Jammu Sidhra Forest Nursery,2026-03-01,78.0,78.0,22.0,22.0,2.0
Jammu,Jammu,Jammu Vikram Chowk Forest Information Center 1072,2022-01-01,67.0,67.0,18.0,21.0,3.0
Jammu,Jammu,Jammu Vikram Chowk Forest Information Center 1072,2022-02-01,343.0,343.0,75.0,34.0,3.0
Jammu,Jammu,Jammu Vikram Chowk Forest Information Center 1072,2022-03-01,448.0,448.0,85.0,39.0,7.0
Jammu,Jammu,Jammu Vikram Chowk Forest Information Center 1072,2022-04-01,,,,,
Jammu,Jammu,Jammu Vikram Chowk Forest Information Center 1072,2022-05-01,,,,,
Jammu,Jammu,Jammu Vikram Chowk Forest Information Center 1072,2022-06-01,,,,,
Jammu,Jammu,Jammu Vikram Chowk Forest Information Center 1072,2022-07-01,,,,,
Jammu,Jammu,Jammu Vikram Chowk Forest Information Center 1072,2022-08-01,203.0,203.0,49.0,26.0,4.0
Jammu,Jammu,Jammu Vikram Chowk Forest Information Center 1072,2022-09-01,71.0,70.0,15.0,22.0,3.0
Jammu,Jammu,Jammu Vikram Chowk Forest Information Center 1072,2022-10-01,102.0,102.0,46.0,24.0,3.0
Jammu,Jammu,Jammu Vikram Chowk Forest Information Center 1072,2022-11-01,,,48.0,,
Jammu,Jammu,Jammu Vikram Chowk Forest Information Center 1072,2022-12-01,,,58.0,,
Jammu,Jammu,Jammu Vikram Chowk Forest Information Center 1072,2023-01-01,107.0,107.0,33.0,18.0,3.0
Jammu,Jammu,Jammu Vikram Chowk Forest Information Center 1072,2023-02-01,113.0,113.0,49.0,6.0,
Jammu,Jammu,Jammu Vikram Chowk Forest Information Center 1072,2023-03-01,114.0,114.0,55.0,,
Jammu,Jammu,Jammu Vikram Chowk Forest Information Center 1072,2023-04-01,100.0,100.0,40.0,21.0,2.0
Jammu,Jammu,Jammu Vikram Chowk Forest Information Center 1072,2023-05-01,81.0,81.0,35.0,16.0,2.0
Jammu,Jammu,Jammu Vikram Chowk Forest Information Center 1072,2023-06-01,90.0,90.0,30.0,19.0,3.0
Jammu,Jammu,Jammu Vikram Chowk Forest Information Center 1072,2023-07-01,85.0,85.0,37.0,17.0,3.0
Jammu,Jammu,Jammu Vikram Chowk Forest Information Center 1072,2023-08-01,76.0,76.0,32.0,20.0,3.0
Jammu,Jammu,Jammu Vikram Chowk Forest Information Center 1072,2023-09-01,75.0,75.0,35.0,22.0,3.0
Jammu,Jammu,Jammu Vikram Chowk Forest Information Center 1072,2023-10-01,,68.0,31.0,,3.0
Jammu,Jammu,Jammu Vikram Chowk Forest Information Center 1072,2023-11-01,,104.0,37.0,,5.0
Jammu,Jammu,Jammu Vikram Chowk Forest Information Center 1072,2023-12-01,,104.0,39.0,,
Jammu,Jammu,Jammu Vikram Chowk Forest Information Center 1072,2024-01-01,98.0,98.0,39.0,18.0,2.0
Jammu,Jammu,Jammu Vikram Chowk Forest Information Center 1072,2024-02-01,102.0,102.0,34.0,17.0,3.0
Jammu,Jammu,Jammu Vikram Chowk Forest Information Center 1072,2024-03-01,110.0,110.0,38.0,21.0,6.0
Jammu,Jammu,Jammu Vikram Chowk Forest Information Center 1072,2024-04-01,95.0,95.0,34.0,13.0,2.0
Jammu,Jammu,Jammu Vikram Chowk Forest Information Center 1072,2024-05-01,106.0,106.0,39.0,19.0,4.0
Jammu,Jammu,Jammu Vikram Chowk Forest Information Center 1072,2024-06-01,109.0,109.0,37.0,14.0,2.0
Jammu,Jammu,Jammu Vikram Chowk Forest Information Center 1072,2024-07-01,99.0,99.0,,13.0,2.0
Jammu,Jammu,Jammu Vikram Chowk Forest Information Center 1072,2024-08-01,76.0,76.0,,13.0,2.0
Jammu,Jammu,Jammu Vikram Chowk Forest Information Center 1072,2024-09-01,97.0,97.0,,,
Jammu,Jammu,Jammu Vikram Chowk Forest Information Center 1072,2024-10-01,134.0,134.0,,,4.0
Jammu,Jammu,Jammu Vikram Chowk Forest Information Center 1072,2024-11-01,185.0,185.0,27.0,,7.0
Jammu,Jammu,Jammu Vikram Chowk Forest Information Center 1072,2024-12-01,171.0,171.0,,,4.0
Jammu,Jammu,Jammu Vikram Chowk Forest Information Center 1072,2025-01-01,180.0,180.0,96.0,36.0,5.0
Jammu,Jammu,Jammu Vikram Chowk Forest Information Center 1072,2025-02-01,134.0,105.0,94.0,27.0,3.0
Jammu,Jammu,Jammu Vikram Chowk Forest Information Center 1072,2025-03-01,102.0,102.0,51.0,32.0,3.0
Jammu,Jammu,Jammu Vikram Chowk Forest Information Center 1072,2025-04-01,115.0,115.0,55.0,31.0,3.0
Jammu,Jammu,Jammu Vikram Chowk Forest Information Center 1072,2025-05-01,118.0,118.0,63.0,,
Jammu,Jammu,Jammu Vikram Chowk Forest Information Center 1072,2025-06-01,110.0,110.0,56.0,,
Jammu,Jammu,Jammu Vikram Chowk Forest Information Center 1072,2025-07-01,84.0,84.0,29.0,24.0,2.0
Jammu,Jammu,Jammu Vikram Chowk Forest Information Center 1072,2025-08-01,64.0,64.0,29.0,21.0,2.0
Jammu,Jammu,Jammu Vikram Chowk Forest Information Center 1072,2025-09-01,74.0,74.0,22.0,16.0,2.0
Jammu,Jammu,Jammu Vikram Chowk Forest Information Center 1072,2025-10-01,110.0,110.0,51.0,25.0,4.0
Jammu,Jammu,Jammu Vikram Chowk Forest Information Center 1072,2025-11-01,127.0,127.0,59.0,35.0,3.0
Jammu,Jammu,Jammu Vikram Chowk Forest Information Center 1072,2025-12-01,133.0,133.0,80.0,39.0,3.0
Jammu,Jammu,Jammu Vikram Chowk Forest Information Center 1072,2026-01-01,162.0,162.0,101.0,45.0,3.0
Jammu,Jammu,Jammu Vikram Chowk Forest Information Center 1072,2026-02-01,140.0,140.0,74.0,41.0,4.0
Jammu,Jammu,Jammu Vikram Chowk Forest Information Center 1072,2026-03-01,144.0,144.0,71.0,40.0,4.0
Jammu,Jammu,Samba BariBrahmna Industrial area 507,2022-01-01,134.0,134.0,46.0,26.0,2.0
Jammu,Jammu,Samba BariBrahmna Industrial area 507,2022-02-01,178.0,178.0,64.0,28.0,5.0
Jammu,Jammu,Samba BariBrahmna Industrial area 507,2022-03-01,166.0,166.0,60.0,26.0,5.0
Jammu,Jammu,Samba BariBrahmna Industrial area 507,2022-04-01,178.0,178.0,61.0,29.0,3.0
Jammu,Jammu,Samba BariBrahmna Industrial area 507,2022-05-01,182.0,182.0,73.0,34.0,4.0
Jammu,Jammu,Samba BariBrahmna Industrial area 507,2022-06-01,207.0,207.0,78.0,38.0,4.0
Jammu,Jammu,Samba BariBrahmna Industrial area 507,2022-07-01,138.0,138.0,52.0,28.0,4.0
Jammu,Jammu,Samba BariBrahmna Industrial area 507,2022-08-01,143.0,143.0,43.0,25.0,3.0
Jammu,Jammu,Samba BariBrahmna Industrial area 507,2022-09-01,124.0,124.0,13.0,25.0,3.0
Jammu,Jammu,Samba BariBrahmna Industrial area 507,2022-10-01,145.0,145.0,,,3.0
Jammu,Jammu,Samba BariBrahmna Industrial area 507,2022-11-01,,161.0,,,2.0
Jammu,Jammu,Samba BariBrahmna Industrial area 507,2022-12-01,,120.0,,,
Jammu,Jammu,Samba BariBrahmna Industrial area 507,2023-01-01,131.0,131.0,56.0,29.0,3.0
Jammu,Jammu,Samba BariBrahmna Industrial area 507,2023-02-01,120.0,120.0,16.0,,
Jammu,Jammu,Samba BariBrahmna Industrial area 507,2023-03-01,128.0,128.0,,24.0,2.0
Jammu,Jammu,Samba BariBrahmna Industrial area 507,2023-04-01,124.0,124.0,20.0,25.0,3.0
Jammu,Jammu,Samba BariBrahmna Industrial area 507,2023-05-01,113.0,113.0,34.0,,
Jammu,Jammu,Samba BariBrahmna Industrial area 507,2023-06-01,111.0,111.0,40.0,24.0,4.0
Jammu,Jammu,Samba BariBrahmna Industrial area 507,2023-07-01,102.0,102.0,34.0,18.0,2.0
Jammu,Jammu,Samba BariBrahmna Industrial area 507,2023-08-01,102.0,102.0,22.0,24.0,4.0
Jammu,Jammu,Samba BariBrahmna Industrial area 507,2023-09-01,95.0,95.0,8.0,23.0,4.0
Jammu,Jammu,Samba BariBrahmna Industrial area 507,2023-10-01,94.0,94.0,,,4.0
Jammu,Kathua,Kathua Forest Complex 1069,2022-01-01,96.0,96.0,,,
Jammu,Kathua,Kathua Forest Complex 1069,2022-02-01,85.0,85.0,,,
Jammu,Kathua,Kathua Forest Complex 1069,2022-03-01,77.0,77.0,,,
Jammu,Kathua,Kathua Forest Complex 1069,2022-04-01,,,,,
Jammu,Kathua,Kathua Forest Complex 1069,2022-05-01,,,,,
Jammu,Kathua,Kathua Forest Complex 1069,2022-06-01,116.0,116.0,,,
Jammu,Kathua,Kathua Forest Complex 1069,2022-07-01,117.0,117.0,,,
Jammu,Kathua,Kathua Forest Complex 1069,2022-08-01,,,,,
Jammu,Kathua,Kathua Forest Complex 1069,2022-09-01,,,,,
Jammu,Kathua,Kathua Forest Complex 1069,2022-10-01,81.0,81.0,,,
Jammu,Kathua,Kathua Forest Complex 1069,2022-11-01,,71.0,27.0,,
Jammu,Kathua,Kathua Forest Complex 1069,2022-12-01,,76.0,,,
Jammu,Kathua,Kathua Forest Complex 1069,2023-01-01,83.0,83.0,,,
Jammu,Kathua,Kathua Forest Complex 1069,2023-02-01,80.0,80.0,,,
Jammu,Kathua,Kathua Forest Complex 1069,2023-03-01,72.0,72.0,,,
Jammu,Kathua,Kathua Forest Complex 1069,2023-04-01,81.0,81.0,,,
Jammu,Kathua,Kathua Forest Complex 1069,2023-05-01,86.0,86.0,,,
Jammu,Kathua,Kathua Forest Complex 1069,2023-06-01,88.0,88.0,,,
Jammu,Kathua,Kathua Forest Complex 1069,2023-07-01,,,,,
Jammu,Kathua,Kathua Forest Complex 1069,2023-08-01,,,,,
Jammu,Kathua,Kathua Forest Complex 1069,2023-09-01,77.0,77.0,,,
Jammu,Kathua,Kathua Forest Complex 1069,2023-10-01,81.0,81.0,18.0,,
Jammu,Kathua,Kathua Forest Complex 1069,2023-11-01,79.0,79.0,,,
Jammu,Kathua,Kathua Forest Complex 1069,2023-12-01,80.0,80.0,,,
Jammu,Kathua,Kathua Forest Complex 1069,2024-01-01,88.0,88.0,13.0,,
Jammu,Kathua,Kathua Forest Complex 1069,2024-02-01,78.0,78.0,,,
Jammu,Kathua,Kathua Forest Complex 1069,2024-03-01,81.0,81.0,16.0,,
Jammu,Kathua,Kathua Forest Complex 1069,2024-04-01,83.0,83.0,15.0,,
Jammu,Kathua,Kathua Forest Complex 1069,2024-05-01,83.0,83.0,,,
Jammu,Kathua,Kathua Forest Complex 1069,2024-06-01,86.0,86.0,,,
Jammu,Kathua,Kathua Forest Complex 1069,2024-07-01,81.0,81.0,,,
Jammu,Kathua,Kathua Forest Complex 1069,2024-08-01,81.0,81.0,,,
Jammu,Kathua,Kathua Forest Complex 1069,2024-09-01,81.0,81.0,,,
Jammu,Kathua,Kathua Forest Complex 1069,2024-10-01,87.0,87.0,,,
Jammu,Kathua,Kathua Forest Complex 1069,2024-11-01,108.0,108.0,,,
Jammu,Kathua,Kathua Forest Complex 1069,2024-12-01,105.0,,,7.0,1.0
Jammu,Kathua,Kathua Forest Complex 1069,2025-01-01,110.0,110.0,,7.0,2.0
Jammu,Kathua,Kathua Forest Complex 1069,2025-02-01,104.0,104.0,7.0,9.0,3.0
Jammu,Kathua,Kathua Forest Complex 1069,2025-03-01,100.0,100.0,16.0,9.0,3.0
Jammu,Kathua,Kathua Forest Complex 1069,2025-04-01,98.0,98.0,15.0,9.0,3.0
Jammu,Kathua,Kathua Forest Complex 1069,2025-05-01,92.0,92.0,15.0,9.0,3.0
Jammu,Kathua,Kathua Forest Complex 1069,2025-06-01,85.0,85.0,11.0,7.0,2.0
Jammu,Kathua,Kathua Forest Complex 1069,2025-07-01,78.0,78.0,9.0,8.0,2.0
Jammu,Kathua,Kathua Forest Complex 1069,2025-08-01,75.0,75.0,8.0,6.0,2.0
Jammu,Kathua,Kathua Forest Complex 1069,2025-09-01,80.0,80.0,10.0,7.0,3.0
Jammu,Kathua,Kathua Forest Complex 1069,2025-10-01,95.0,95.0,,6.0,2.0
Jammu,Kathua,Kathua Forest Complex 1069,2025-11-01,87.0,87.0,11.0,7.0,3.0
Jammu,Kathua,Kathua Forest Complex 1069,2025-12-01,94.0,94.0,13.0,7.0,3.0
Jammu,Kathua,Kathua Forest Complex 1069,2026-01-01,91.0,91.0,11.0,8.0,4.0
Jammu,Kathua,Kathua Forest Complex 1069,2026-02-01,96.0,96.0,18.0,8.0,3.0
Jammu,Kathua,Kathua Forest Complex 1069,2026-03-01,,,,,
Jammu,Kathua,Kathua Industrial Area 1068,2022-01-01,179.0,179.0,86.0,,
Jammu,Kathua,Kathua Industrial Area 1068,2022-02-01,65.0,65.0,,,
Jammu,Kathua,Kathua Industrial Area 1068,2022-03-01,194.0,194.0,58.0,,
Jammu,Kathua,Kathua Industrial Area 1068,2022-04-01,191.0,191.0,54.0,,
Jammu,Kathua,Kathua Industrial Area 1068,2022-05-01,206.0,206.0,51.0,,
Jammu,Kathua,Kathua Industrial Area 1068,2022-06-01,200.0,200.0,,,
Jammu,Kathua,Kathua Industrial Area 1068,2022-07-01,126.0,126.0,33.0,,
Jammu,Kathua,Kathua Industrial Area 1068,2022-08-01,155.0,155.0,,,
Jammu,Kathua,Kathua Industrial Area 1068,2022-09-01,,,,,
Jammu,Kathua,Kathua Industrial Area 1068,2022-10-01,112.0,112.0,26.0,,
Jammu,Kathua,Kathua Industrial Area 1068,2022-11-01,142.0,142.0,32.0,,
Jammu,Kathua,Kathua Industrial Area 1068,2022-12-01,164.0,164.0,33.0,,
Jammu,Kathua,Kathua Industrial Area 1068,2023-01-01,149.0,149.0,30.0,,
Jammu,Kathua,Kathua Industrial Area 1068,2023-02-01,170.0,170.0,48.0,,
Jammu,Kathua,Kathua Industrial Area 1068,2023-03-01,163.0,163.0,15.0,,
Jammu,Kathua,Kathua Industrial Area 1068,2023-04-01,159.0,159.0,29.0,,
Jammu,Kathua,Kathua Industrial Area 1068,2023-05-01,145.0,145.0,18.0,,
Jammu,Kathua,Kathua Industrial Area 1068,2023-06-01,163.0,163.0,24.0,,
Jammu,Kathua,Kathua Industrial Area 1068,2023-07-01,,,,,
Jammu,Kathua,Kathua Industrial Area 1068,2023-08-01,,,,,
Jammu,Kathua,Kathua Industrial Area 1068,2023-09-01,158.0,158.0,21.0,,
Jammu,Kathua,Kathua Industrial Area 1068,2023-10-01,135.0,135.0,15.0,,
Jammu,Kathua,Kathua Industrial Area 1068,2023-11-01,72.0,72.0,,,
Jammu,Kathua,Kathua Industrial Area 1068,2023-12-01,80.0,80.0,,,
Jammu,Kathua,Kathua Industrial Area 1068,2024-01-01,78.0,78.0,,,
Jammu,Kathua,Kathua Industrial Area 1068,2024-02-01,78.0,78.0,,,
Jammu,Kathua,Kathua Industrial Area 1068,2024-03-01,78.0,78.0,,,
Jammu,Kathua,Kathua Industrial Area 1068,2024-04-01,93.0,93.0,,,
Jammu,Kathua,Kathua Industrial Area 1068,2024-05-01,85.0,85.0,,,
Jammu,Kathua,Kathua Industrial Area 1068,2024-06-01,95.0,95.0,,,
Jammu,Kathua,Kathua Industrial Area 1068,2024-07-01,96.0,96.0,,,
Jammu,Kathua,Kathua Industrial Area 1068,2024-08-01,83.0,83.0,,,
Jammu,Kathua,Kathua Industrial Area 1068,2024-09-01,79.0,79.0,,,
Jammu,Kathua,Kathua Industrial Area 1068,2024-10-01,91.0,91.0,,,
Jammu,Kathua,Kathua Industrial Area 1068,2024-11-01,121.0,121.0,,,
Jammu,Kathua,Kathua Industrial Area 1068,2024-12-01,,126.0,,,
Jammu,Kathua,Kathua Industrial Area 1068,2025-01-01,126.0,126.0,,7.0,6.0
Jammu,Kathua,Kathua Industrial Area 1068,2025-02-01,141.0,141.0,11.0,11.0,7.0
Jammu,Kathua,Kathua Industrial Area 1068,2025-03-01,133.0,133.0,21.0,10.0,8.0
Jammu,Kathua,Kathua Industrial Area 1068,2025-04-01,137.0,137.0,23.0,10.0,8.0
Jammu,Kathua,Kathua Industrial Area 1068,2025-05-01,126.0,126.0,21.0,10.0,7.0
Jammu,Kathua,Kathua Industrial Area 1068,2025-06-01,116.0,116.0,17.0,9.0,5.0
Jammu,Kathua,Kathua Industrial Area 1068,2025-07-01,109.0,109.0,17.0,9.0,6.0
Jammu,Kathua,Kathua Industrial Area 1068,2025-08-01,95.0,95.0,14.0,7.0,4.0
Jammu,Kathua,Kathua Industrial Area 1068,2025-09-01,105.0,105.0,17.0,7.0,4.0
Jammu,Kathua,Kathua Industrial Area 1068,2025-10-01,104.0,104.0,23.0,6.0,4.0
Jammu,Kathua,Kathua Industrial Area 1068,2025-11-01,,105.0,15.0,7.0,4.0
Jammu,Kathua,Kathua Industrial Area 1068,2025-12-01,,,14.0,7.0,5.0
Jammu,Kathua,Kathua Industrial Area 1068,2026-01-01,115.0,115.0,14.0,9.0,6.0
Jammu,Kathua,Kathua Industrial Area 1068,2026-02-01,113.0,113.0,16.0,7.0,6.0
Jammu,Kathua,Kathua Industrial Area 1068,2026-03-01,,,,,
Jammu,Poonch,Poonch PCC Office 1075,2022-01-01,14.0,14.0,,,
Jammu,Poonch,Poonch PCC Office 1075,2022-02-01,,,,,
Jammu,Poonch,Poonch PCC Office 1075,2022-03-01,,,,,
Jammu,Poonch,Poonch PCC Office 1075,2022-04-01,,,,,
Jammu,Poonch,Poonch PCC Office 1075,2022-05-01,,,,,
Jammu,Poonch,Poonch PCC Office 1075,2022-06-01,,,,,
Jammu,Poonch,Poonch PCC Office 1075,2022-07-01,,,,,
Jammu,Poonch,Poonch PCC Office 1075,2022-08-01,61.0,61.0,,,
Jammu,Poonch,Poonch PCC Office 1075,2022-09-01,38.0,38.0,24.0,,
Jammu,Poonch,Poonch PCC Office 1075,2022-10-01,32.0,32.0,20.0,,
Jammu,Poonch,Poonch PCC Office 1075,2022-11-01,,44.0,20.0,,
Jammu,Poonch,Poonch PCC Office 1075,2022-12-01,,37.0,28.0,,
Jammu,Poonch,Poonch PCC Office 1075,2023-01-01,32.0,31.0,26.0,,
Jammu,Poonch,Poonch PCC Office 1075,2023-02-01,34.0,34.0,26.0,,
Jammu,Poonch,Poonch PCC Office 1075,2023-03-01,35.0,35.0,,,
Jammu,Poonch,Poonch PCC Office 1075,2023-04-01,38.0,38.0,,,
Jammu,Poonch,Poonch PCC Office 1075,2023-05-01,38.0,38.0,,,
Jammu,Poonch,Poonch PCC Office 1075,2023-06-01,39.0,39.0,,,
Jammu,Poonch,Poonch PCC Office 1075,2023-07-01,,,,,
Jammu,Poonch,Poonch PCC Office 1075,2023-08-01,11.0,11.0,,,
Jammu,Poonch,Poonch PCC Office 1075,2023-09-01,,41.0,,,
Jammu,Poonch,Poonch PCC Office 1075,2023-10-01,,,20.0,,
Jammu,Poonch,Poonch PCC Office 1075,2023-11-01,,,,,
Jammu,Poonch,Poonch PCC Office 1075,2023-12-01,,,21.0,,
Jammu,Poonch,Poonch PCC Office 1075,2024-01-01,45.0,45.0,23.0,,
Jammu,Poonch,Poonch PCC Office 1075,2024-02-01,45.0,45.0,19.0,,
Jammu,Poonch,Poonch PCC Office 1075,2024-03-01,41.0,41.0,20.0,,
Jammu,Poonch,Poonch PCC Office 1075,2024-04-01,43.0,43.0,21.0,,
Jammu,Poonch,Poonch PCC Office 1075,2024-05-01,45.0,45.0,20.0,,
Jammu,Poonch,Poonch PCC Office 1075,2024-06-01,45.0,45.0,20.0,,
Jammu,Poonch,Poonch PCC Office 1075,2024-07-01,39.0,34.0,19.0,,
Jammu,Poonch,Poonch PCC Office 1075,2024-08-01,21.0,,21.0,,
Jammu,Poonch,Poonch PCC Office 1075,2024-09-01,24.0,,24.0,,
Jammu,Poonch,Poonch PCC Office 1075,2024-10-01,44.0,44.0,22.0,,
Jammu,Poonch,Poonch PCC Office 1075,2024-11-01,45.0,45.0,24.0,,
Jammu,Poonch,Poonch PCC Office 1075,2024-12-01,61.0,61.0,40.0,,
Jammu,Poonch,Poonch PCC Office 1075,2025-01-01,61.0,61.0,43.0,,
Jammu,Poonch,Poonch PCC Office 1075,2025-02-01,61.0,61.0,40.0,,
Jammu,Poonch,Poonch PCC Office 1075,2025-03-01,59.0,59.0,37.0,,
Jammu,Poonch,Poonch PCC Office 1075,2025-04-01,62.0,62.0,31.0,,
Jammu,Poonch,Poonch PCC Office 1075,2025-05-01,62.0,62.0,33.0,,
Jammu,Poonch,Poonch PCC Office 1075,2025-06-01,64.0,64.0,30.0,,
Jammu,Poonch,Poonch PCC Office 1075,2025-07-01,63.0,63.0,37.0,,
Jammu,Poonch,Poonch PCC Office 1075,2025-08-01,65.0,65.0,25.0,,
Jammu,Poonch,Poonch PCC Office 1075,2025-09-01,63.0,63.0,27.0,,
Jammu,Poonch,Poonch PCC Office 1075,2025-10-01,63.0,63.0,,,
Jammu,Poonch,Poonch PCC Office 1075,2025-11-01,68.0,68.0,,,
Jammu,Poonch,Poonch PCC Office 1075,2025-12-01,69.0,69.0,,,
Jammu,Poonch,Poonch PCC Office 1075,2026-01-01,63.0,63.0,28.0,,
Jammu,Poonch,Poonch PCC Office 1075,2026-02-01,61.0,61.0,28.0,,
Jammu,Poonch,Poonch PCC Office 1075,2026-03-01,,,,,
Jammu,Rajouri,Rajouri PCC Office Near Panja Chowk 1073,2022-01-01,,,,,
Jammu,Rajouri,Rajouri PCC Office Near Panja Chowk 1073,2022-02-01,,,,,
Jammu,Rajouri,Rajouri PCC Office Near Panja Chowk 1073,2022-03-01,,,,,
Jammu,Rajouri,Rajouri PCC Office Near Panja Chowk 1073,2022-04-01,,,,,
Jammu,Rajouri,Rajouri PCC Office Near Panja Chowk 1073,2022-05-01,,,,,
Jammu,Rajouri,Rajouri PCC Office Near Panja Chowk 1073,2022-06-01,,,,,
Jammu,Rajouri,Rajouri PCC Office Near Panja Chowk 1073,2022-07-01,,,,,
Jammu,Rajouri,Rajouri PCC Office Near Panja Chowk 1073,2022-08-01,77.0,77.0,,,
Jammu,Rajouri,Rajouri PCC Office Near Panja Chowk 1073,2022-09-01,,,,,
Jammu,Rajouri,Rajouri PCC Office Near Panja Chowk 1073,2022-10-01,,,,,
Jammu,Rajouri,Rajouri PCC Office Near Panja Chowk 1073,2022-11-01,,,,,
Jammu,Rajouri,Rajouri PCC Office Near Panja Chowk 1073,2022-12-01,66.0,66.0,30.0,,
Jammu,Rajouri,Rajouri PCC Office Near Panja Chowk 1073,2023-01-01,69.0,69.0,35.0,,
Jammu,Rajouri,Rajouri PCC Office Near Panja Chowk 1073,2023-02-01,164.0,,164.0,34.0,
Jammu,Rajouri,Rajouri PCC Office Near Panja Chowk 1073,2023-03-01,85.0,78.0,62.0,,
Jammu,Rajouri,Rajouri PCC Office Near Panja Chowk 1073,2023-04-01,71.0,,71.0,,
Jammu,Rajouri,Rajouri PCC Office Near Panja Chowk 1073,2023-05-01,87.0,87.0,68.0,,
Jammu,Rajouri,Rajouri PCC Office Near Panja Chowk 1073,2023-06-01,86.0,83.0,75.0,,
Jammu,Rajouri,Rajouri PCC Office Near Panja Chowk 1073,2023-07-01,93.0,78.0,88.0,,
Jammu,Rajouri,Rajouri PCC Office Near Panja Chowk 1073,2023-08-01,76.0,76.0,36.0,,
Jammu,Rajouri,Rajouri PCC Office Near Panja Chowk 1073,2023-09-01,76.0,76.0,,,
Jammu,Rajouri,Rajouri PCC Office Near Panja Chowk 1073,2023-10-01,79.0,79.0,43.0,,
Jammu,Rajouri,Rajouri PCC Office Near Panja Chowk 1073,2023-11-01,78.0,78.0,30.0,,
Jammu,Rajouri,Rajouri PCC Office Near Panja Chowk 1073,2023-12-01,71.0,71.0,34.0,,
Jammu,Rajouri,Rajouri PCC Office Near Panja Chowk 1073,2024-01-01,78.0,78.0,30.0,,
Jammu,Rajouri,Rajouri PCC Office Near Panja Chowk 1073,2024-02-01,77.0,77.0,25.0,,
Jammu,Rajouri,Rajouri PCC Office Near Panja Chowk 1073,2024-03-01,77.0,77.0,28.0,,
Jammu,Rajouri,Rajouri PCC Office Near Panja Chowk 1073,2024-04-01,75.0,75.0,32.0,,
Jammu,Rajouri,Rajouri PCC Office Near Panja Chowk 1073,2024-05-01,75.0,75.0,28.0,,
Jammu,Rajouri,Rajouri PCC Office Near Panja Chowk 1073,2024-06-01,82.0,82.0,28.0,,
Jammu,Rajouri,Rajouri PCC Office Near Panja Chowk 1073,2024-07-01,75.0,75.0,32.0,,
Jammu,Rajouri,Rajouri PCC Office Near Panja Chowk 1073,2024-08-01,77.0,77.0,28.0,,
Jammu,Rajouri,Rajouri PCC Office Near Panja Chowk 1073,2024-09-01,77.0,77.0,28.0,,
Jammu,Rajouri,Rajouri PCC Office Near Panja Chowk 1073,2024-10-01,78.0,78.0,27.0,,
Jammu,Rajouri,Rajouri PCC Office Near Panja Chowk 1073,2024-11-01,79.0,79.0,28.0,,
Jammu,Rajouri,Rajouri PCC Office Near Panja Chowk 1073,2024-12-01,79.0,79.0,41.0,,
Jammu,Rajouri,Rajouri PCC Office Near Panja Chowk 1073,2025-01-01,78.0,78.0,28.0,,
Jammu,Rajouri,Rajouri PCC Office Near Panja Chowk 1073,2025-02-01,79.0,79.0,27.0,,
Jammu,Rajouri,Rajouri PCC Office Near Panja Chowk 1073,2025-03-01,75.0,75.0,26.0,,
Jammu,Rajouri,Rajouri PCC Office Near Panja Chowk 1073,2025-04-01,78.0,78.0,25.0,,
Jammu,Rajouri,Rajouri PCC Office Near Panja Chowk 1073,2025-05-01,86.0,86.0,41.0,,
Jammu,Rajouri,Rajouri PCC Office Near Panja Chowk 1073,2025-06-01,86.0,86.0,41.0,,
Jammu,Rajouri,Rajouri PCC Office Near Panja Chowk 1073,2025-07-01,78.0,78.0,29.0,,
Jammu,Rajouri,Rajouri PCC Office Near Panja Chowk 1073,2025-08-01,76.0,76.0,27.0,,
Jammu,Rajouri,Rajouri PCC Office Near Panja Chowk 1073,2025-09-01,79.0,79.0,26.0,,
Jammu,Rajouri,Rajouri PCC Office Near Panja Chowk 1073,2025-10-01,75.0,75.0,27.0,,
Jammu,Rajouri,Rajouri PCC Office Near Panja Chowk 1073,2025-11-01,76.0,,,,
Jammu,Rajouri,Rajouri PCC Office Near Panja Chowk 1073,2025-12-01,86.0,,,,
Jammu,Rajouri,Rajouri PCC Office Near Panja Chowk 1073,2026-01-01,88.0,88.0,41.0,,
Jammu,Rajouri,Rajouri PCC Office Near Panja Chowk 1073,2026-02-01,76.0,76.0,27.0,,
Jammu,Rajouri,Rajouri PCC Office Near Panja Chowk 1073,2026-03-01,,,,,
Jammu,Ramban,Ramban PCC Office 1064,2022-01-01,102.0,102.0,,,
Jammu,Ramban,Ramban PCC Office 1064,2022-02-01,139.0,139.0,29.0,,
Jammu,Ramban,Ramban PCC Office 1064,2022-03-01,149.0,149.0,,,
Jammu,Ramban,Ramban PCC Office 1064,2022-04-01,,,,,
Jammu,Ramban,Ramban PCC Office 1064,2022-05-01,,,,,
Jammu,Ramban,Ramban PCC Office 1064,2022-06-01,,,,,
Jammu,Ramban,Ramban PCC Office 1064,2022-07-01,79.0,79.0,,,
Jammu,Ramban,Ramban PCC Office 1064,2022-08-01,106.0,106.0,,,
Jammu,Ramban,Ramban PCC Office 1064,2022-09-01,87.0,87.0,,,
Jammu,Ramban,Ramban PCC Office 1064,2022-10-01,,,,,
Jammu,Ramban,Ramban PCC Office 1064,2022-11-01,,80.0,,,
Jammu,Ramban,Ramban PCC Office 1064,2022-12-01,,,,,
Jammu,Ramban,Ramban PCC Office 1064,2023-01-01,78.0,78.0,,,
Jammu,Ramban,Ramban PCC Office 1064,2023-02-01,61.0,61.0,,,
Jammu,Ramban,Ramban PCC Office 1064,2023-03-01,50.0,50.0,,,
Jammu,Ramban,Ramban PCC Office 1064,2023-04-01,52.0,52.0,,,
Jammu,Ramban,Ramban PCC Office 1064,2023-05-01,56.0,56.0,,,
Jammu,Ramban,Ramban PCC Office 1064,2023-06-01,56.0,56.0,,,
Jammu,Ramban,Ramban PCC Office 1064,2023-07-01,54.0,54.0,,,
Jammu,Ramban,Ramban PCC Office 1064,2023-08-01,50.0,50.0,,,
Jammu,Ramban,Ramban PCC Office 1064,2023-09-01,45.0,45.0,,,
Jammu,Ramban,Ramban PCC Office 1064,2023-10-01,46.0,46.0,,,
Jammu,Ramban,Ramban PCC Office 1064,2023-11-01,46.0,,,,
Jammu,Ramban,Ramban PCC Office 1064,2023-12-01,48.0,,,,
Jammu,Ramban,Ramban PCC Office 1064,2024-01-01,47.0,47.0,,,
Jammu,Ramban,Ramban PCC Office 1064,2024-02-01,48.0,48.0,,,
Jammu,Ramban,Ramban PCC Office 1064,2024-03-01,43.0,43.0,,,
Jammu,Ramban,Ramban PCC Office 1064,2024-04-01,46.0,46.0,,,
Jammu,Ramban,Ramban PCC Office 1064,2024-05-01,47.0,47.0,,,
Jammu,Ramban,Ramban PCC Office 1064,2024-06-01,51.0,51.0,,,
Jammu,Ramban,Ramban PCC Office 1064,2024-07-01,42.0,42.0,,,
Jammu,Ramban,Ramban PCC Office 1064,2024-08-01,42.0,42.0,,,
Jammu,Ramban,Ramban PCC Office 1064,2024-09-01,48.0,48.0,,,
Jammu,Ramban,Ramban PCC Office 1064,2024-10-01,48.0,48.0,,,
Jammu,Ramban,Ramban PCC Office 1064,2024-11-01,53.0,53.0,,,
Jammu,Ramban,Ramban PCC Office 1064,2024-12-01,57.0,,,,
Jammu,Ramban,Ramban PCC Office 1064,2025-01-01,56.0,39.0,27.0,,
Jammu,Ramban,Ramban PCC Office 1064,2025-02-01,56.0,35.0,56.0,,
Jammu,Ramban,Ramban PCC Office 1064,2025-03-01,51.0,47.0,41.0,,
Jammu,Ramban,Ramban PCC Office 1064,2025-04-01,56.0,56.0,45.0,,
Jammu,Ramban,Ramban PCC Office 1064,2025-05-01,44.0,44.0,37.0,,
Jammu,Ramban,Ramban PCC Office 1064,2025-06-01,50.0,49.0,43.0,,
Jammu,Ramban,Ramban PCC Office 1064,2025-07-01,49.0,49.0,39.0,,
Jammu,Ramban,Ramban PCC Office 1064,2025-08-01,49.0,49.0,42.0,,
Jammu,Ramban,Ramban PCC Office 1064,2025-09-01,47.0,47.0,35.0,,
Jammu,Ramban,Ramban PCC Office 1064,2025-10-01,57.0,57.0,39.0,,
Jammu,Ramban,Ramban PCC Office 1064,2025-11-01,50.0,50.0,42.0,,
Jammu,Ramban,Ramban PCC Office 1064,2025-12-01,48.0,48.0,42.0,,
Jammu,Ramban,Ramban PCC Office 1064,2026-01-01,56.0,56.0,47.0,,
Jammu,Ramban,Ramban PCC Office 1064,2026-02-01,52.0,51.0,45.0,,
Jammu,Ramban,Ramban PCC Office 1064,2026-03-01,,,,,
Jammu,Reasi,Reasi PCC Office Building Mini Secretariat 1067,2022-01-01,52.0,52.0,,,
Jammu,Reasi,Reasi PCC Office Building Mini Secretariat 1067,2022-02-01,54.0,54.0,27.0,,
Jammu,Reasi,Reasi PCC Office Building Mini Secretariat 1067,2022-03-01,49.0,49.0,,,
Jammu,Reasi,Reasi PCC Office Building Mini Secretariat 1067,2022-04-01,,,,,
Jammu,Reasi,Reasi PCC Office Building Mini Secretariat 1067,2022-05-01,,,,,
Jammu,Reasi,Reasi PCC Office Building Mini Secretariat 1067,2022-06-01,,,,,
Jammu,Reasi,Reasi PCC Office Building Mini Secretariat 1067,2022-07-01,41.0,41.0,,,
Jammu,Reasi,Reasi PCC Office Building Mini Secretariat 1067,2022-08-01,39.0,39.0,,,
Jammu,Reasi,Reasi PCC Office Building Mini Secretariat 1067,2022-09-01,45.0,45.0,,,
Jammu,Reasi,Reasi PCC Office Building Mini Secretariat 1067,2022-10-01,62.0,52.0,29.0,,
Jammu,Reasi,Reasi PCC Office Building Mini Secretariat 1067,2022-11-01,,59.0,,,
Jammu,Reasi,Reasi PCC Office Building Mini Secretariat 1067,2022-12-01,,64.0,,,
Jammu,Reasi,Reasi PCC Office Building Mini Secretariat 1067,2023-01-01,67.0,67.0,37.0,,
Jammu,Reasi,Reasi PCC Office Building Mini Secretariat 1067,2023-02-01,74.0,66.0,72.0,,
Jammu,Reasi,Reasi PCC Office Building Mini Secretariat 1067,2023-03-01,62.0,62.0,37.0,,
Jammu,Reasi,Reasi PCC Office Building Mini Secretariat 1067,2023-04-01,60.0,60.0,,,
Jammu,Reasi,Reasi PCC Office Building Mini Secretariat 1067,2023-05-01,46.0,28.0,37.0,,
Jammu,Reasi,Reasi PCC Office Building Mini Secretariat 1067,2023-06-01,38.0,,38.0,,
Jammu,Reasi,Reasi PCC Office Building Mini Secretariat 1067,2023-07-01,30.0,,30.0,,
Jammu,Reasi,Reasi PCC Office Building Mini Secretariat 1067,2023-08-01,33.0,,33.0,,
Jammu,Reasi,Reasi PCC Office Building Mini Secretariat 1067,2023-09-01,59.0,59.0,47.0,,
Jammu,Reasi,Reasi PCC Office Building Mini Secretariat 1067,2023-10-01,56.0,56.0,42.0,,
Jammu,Reasi,Reasi PCC Office Building Mini Secretariat 1067,2023-11-01,61.0,60.0,53.0,,
Jammu,Reasi,Reasi PCC Office Building Mini Secretariat 1067,2023-12-01,59.0,59.0,39.0,,
Jammu,Reasi,Reasi PCC Office Building Mini Secretariat 1067,2024-01-01,61.0,61.0,41.0,,
Jammu,Reasi,Reasi PCC Office Building Mini Secretariat 1067,2024-02-01,59.0,59.0,44.0,,
Jammu,Reasi,Reasi PCC Office Building Mini Secretariat 1067,2024-03-01,60.0,60.0,45.0,,
Jammu,Reasi,Reasi PCC Office Building Mini Secretariat 1067,2024-04-01,60.0,60.0,46.0,,
Jammu,Reasi,Reasi PCC Office Building Mini Secretariat 1067,2024-05-01,63.0,63.0,48.0,,
Jammu,Reasi,Reasi PCC Office Building Mini Secretariat 1067,2024-06-01,66.0,66.0,38.0,,
Jammu,Reasi,Reasi PCC Office Building Mini Secretariat 1067,2024-07-01,61.0,61.0,39.0,,
Jammu,Reasi,Reasi PCC Office Building Mini Secretariat 1067,2024-08-01,66.0,66.0,19.0,,
Jammu,Reasi,Reasi PCC Office Building Mini Secretariat 1067,2024-09-01,65.0,65.0,,,
Jammu,Reasi,Reasi PCC Office Building Mini Secretariat 1067,2024-10-01,65.0,65.0,,,
Jammu,Reasi,Reasi PCC Office Building Mini Secretariat 1067,2024-11-01,62.0,62.0,,,
Jammu,Reasi,Reasi PCC Office Building Mini Secretariat 1067,2024-12-01,,55.0,,,
Jammu,Reasi,Reasi PCC Office Building Mini Secretariat 1067,2025-01-01,59.0,59.0,,,
Jammu,Reasi,Reasi PCC Office Building Mini Secretariat 1067,2025-02-01,57.0,57.0,,,
Jammu,Reasi,Reasi PCC Office Building Mini Secretariat 1067,2025-03-01,65.0,60.0,59.0,,
Jammu,Reasi,Reasi PCC Office Building Mini Secretariat 1067,2025-04-01,61.0,61.0,50.0,,
Jammu,Reasi,Reasi PCC Office Building Mini Secretariat 1067,2025-05-01,63.0,63.0,50.0,,
Jammu,Reasi,Reasi PCC Office Building Mini Secretariat 1067,2025-06-01,67.0,67.0,40.0,,
Jammu,Reasi,Reasi PCC Office Building Mini Secretariat 1067,2025-07-01,62.0,62.0,47.0,,
Jammu,Reasi,Reasi PCC Office Building Mini Secretariat 1067,2025-08-01,64.0,64.0,48.0,,
Jammu,Reasi,Reasi PCC Office Building Mini Secretariat 1067,2025-09-01,63.0,63.0,,,
Jammu,Reasi,Reasi PCC Office Building Mini Secretariat 1067,2025-10-01,64.0,64.0,,,
Jammu,Reasi,Reasi PCC Office Building Mini Secretariat 1067,2025-11-01,,,,,
Jammu,Reasi,Reasi PCC Office Building Mini Secretariat 1067,2025-12-01,,63.0,49.0,,
Jammu,Reasi,Reasi PCC Office Building Mini Secretariat 1067,2026-01-01,64.0,64.0,50.0,,
Jammu,Reasi,Reasi PCC Office Building Mini Secretariat 1067,2026-02-01,67.0,67.0,43.0,,
Jammu,Reasi,Reasi PCC Office Building Mini Secretariat 1067,2026-03-01,,,,,
Jammu,Samba,Samba BariBrahmna Industrial area 507,2023-11-01,103.0,103.0,36.0,24.0,4.0
Jammu,Samba,Samba BariBrahmna Industrial area 507,2023-12-01,104.0,104.0,42.0,20.0,3.0
Jammu,Samba,Samba BariBrahmna Industrial area 507,2024-01-01,117.0,117.0,40.0,26.0,4.0
Jammu,Samba,Samba BariBrahmna Industrial area 507,2024-02-01,111.0,111.0,36.0,19.0,3.0
Jammu,Samba,Samba BariBrahmna Industrial area 507,2024-03-01,123.0,123.0,40.0,24.0,4.0
Jammu,Samba,Samba BariBrahmna Industrial area 507,2024-04-01,127.0,116.0,48.0,16.0,2.0
Jammu,Samba,Samba BariBrahmna Industrial area 507,2024-05-01,117.0,117.0,39.0,26.0,4.0
Jammu,Samba,Samba BariBrahmna Industrial area 507,2024-06-01,118.0,118.0,39.0,25.0,5.0
Jammu,Samba,Samba BariBrahmna Industrial area 507,2024-07-01,101.0,101.0,16.0,16.0,3.0
Jammu,Samba,Samba BariBrahmna Industrial area 507,2024-08-01,85.0,85.0,,15.0,2.0
Jammu,Samba,Samba BariBrahmna Industrial area 507,2024-09-01,93.0,93.0,31.0,,
Jammu,Samba,Samba BariBrahmna Industrial area 507,2024-10-01,117.0,117.0,39.0,13.0,4.0
Jammu,Samba,Samba BariBrahmna Industrial area 507,2024-11-01,,140.0,47.0,36.0,6.0
Jammu,Samba,Samba BariBrahmna Industrial area 507,2024-12-01,,174.0,73.0,21.0,4.0
Jammu,Samba,Samba BariBrahmna Industrial area 507,2025-01-01,186.0,186.0,109.0,34.0,4.0
Jammu,Samba,Samba BariBrahmna Industrial area 507,2025-02-01,190.0,141.0,140.0,27.0,3.0
Jammu,Samba,Samba BariBrahmna Industrial area 507,2025-03-01,115.0,115.0,55.0,36.0,4.0
Jammu,Samba,Samba BariBrahmna Industrial area 507,2025-04-01,128.0,128.0,72.0,38.0,4.0
Jammu,Samba,Samba BariBrahmna Industrial area 507,2025-05-01,125.0,125.0,70.0,,
Jammu,Samba,Samba BariBrahmna Industrial area 507,2025-06-01,113.0,113.0,59.0,,
Jammu,Samba,Samba BariBrahmna Industrial area 507,2025-07-01,86.0,86.0,29.0,23.0,2.0
Jammu,Samba,Samba BariBrahmna Industrial area 507,2025-08-01,97.0,97.0,33.0,24.0,2.0
Jammu,Samba,Samba BariBrahmna Industrial area 507,2025-09-01,91.0,91.0,,21.0,2.0
Jammu,Samba,Samba BariBrahmna Industrial area 507,2025-10-01,108.0,108.0,45.0,28.0,4.0
Jammu,Samba,Samba BariBrahmna Industrial area 507,2025-11-01,,,7.0,39.0,3.0
Jammu,Samba,Samba BariBrahmna Industrial area 507,2025-12-01,,,86.0,43.0,5.0
Jammu,Samba,Samba BariBrahmna Industrial area 507,2026-01-01,163.0,163.0,104.0,49.0,5.0
Jammu,Samba,Samba BariBrahmna Industrial area 507,2026-02-01,146.0,146.0,86.0,45.0,4.0
Jammu,Samba,Samba BariBrahmna Industrial area 507,2026-03-01,,,,,
Jammu,Samba,Samba PCC Office Phase -1 1066,2022-01-01,169.0,159.0,112.0,,
Jammu,Samba,Samba PCC Office Phase -1 1066,2022-02-01,158.0,158.0,79.0,,
Jammu,Samba,Samba PCC Office Phase -1 1066,2022-03-01,161.0,161.0,55.0,,
Jammu,Samba,Samba PCC Office Phase -1 1066,2022-04-01,164.0,164.0,53.0,,
Jammu,Samba,Samba PCC Office Phase -1 1066,2022-05-01,142.0,142.0,66.0,,
Jammu,Samba,Samba PCC Office Phase -1 1066,2022-06-01,134.0,134.0,72.0,,
Jammu,Samba,Samba PCC Office Phase -1 1066,2022-07-01,107.0,107.0,62.0,,
Jammu,Samba,Samba PCC Office Phase -1 1066,2022-08-01,78.0,78.0,33.0,,
Jammu,Samba,Samba PCC Office Phase -1 1066,2022-09-01,91.0,91.0,56.0,,
Jammu,Samba,Samba PCC Office Phase -1 1066,2022-10-01,94.0,94.0,53.0,,
Jammu,Samba,Samba PCC Office Phase -1 1066,2022-11-01,,94.0,39.0,,
Jammu,Samba,Samba PCC Office Phase -1 1066,2022-12-01,,,,,
Jammu,Samba,Samba PCC Office Phase -1 1066,2023-01-01,91.0,91.0,36.0,,
Jammu,Samba,Samba PCC Office Phase -1 1066,2023-02-01,92.0,92.0,35.0,,
Jammu,Samba,Samba PCC Office Phase -1 1066,2023-03-01,96.0,96.0,32.0,,
Jammu,Samba,Samba PCC Office Phase -1 1066,2023-04-01,93.0,93.0,35.0,,
Jammu,Samba,Samba PCC Office Phase -1 1066,2023-05-01,83.0,83.0,33.0,,
Jammu,Samba,Samba PCC Office Phase -1 1066,2023-06-01,87.0,87.0,31.0,,
Jammu,Samba,Samba PCC Office Phase -1 1066,2023-07-01,93.0,93.0,28.0,,
Jammu,Samba,Samba PCC Office Phase -1 1066,2023-08-01,97.0,97.0,29.0,,
Jammu,Samba,Samba PCC Office Phase -1 1066,2023-09-01,96.0,96.0,35.0,,
Jammu,Samba,Samba PCC Office Phase -1 1066,2023-10-01,100.0,100.0,38.0,,
Jammu,Samba,Samba PCC Office Phase -1 1066,2023-11-01,103.0,103.0,29.0,,
Jammu,Samba,Samba PCC Office Phase -1 1066,2023-12-01,,95.0,35.0,,
Jammu,Samba,Samba PCC Office Phase -1 1066,2024-01-01,99.0,99.0,41.0,,
Jammu,Samba,Samba PCC Office Phase -1 1066,2024-02-01,117.0,117.0,51.0,,
Jammu,Samba,Samba PCC Office Phase -1 1066,2024-03-01,125.0,125.0,55.0,,
Jammu,Samba,Samba PCC Office Phase -1 1066,2024-04-01,129.0,129.0,39.0,,
Jammu,Samba,Samba PCC Office Phase -1 1066,2024-05-01,130.0,130.0,49.0,,
Jammu,Samba,Samba PCC Office Phase -1 1066,2024-06-01,123.0,123.0,45.0,,
Jammu,Samba,Samba PCC Office Phase -1 1066,2024-07-01,117.0,117.0,46.0,,
Jammu,Samba,Samba PCC Office Phase -1 1066,2024-08-01,115.0,115.0,34.0,,
Jammu,Samba,Samba PCC Office Phase -1 1066,2024-09-01,111.0,111.0,35.0,,
Jammu,Samba,Samba PCC Office Phase -1 1066,2024-10-01,111.0,111.0,32.0,,
Jammu,Samba,Samba PCC Office Phase -1 1066,2024-11-01,159.0,159.0,46.0,,
Jammu,Samba,Samba PCC Office Phase -1 1066,2024-12-01,,,54.0,,
Jammu,Samba,Samba PCC Office Phase -1 1066,2025-01-01,187.0,187.0,50.0,,
Jammu,Samba,Samba PCC Office Phase -1 1066,2025-02-01,175.0,175.0,44.0,,
Jammu,Samba,Samba PCC Office Phase -1 1066,2025-03-01,167.0,167.0,59.0,,
Jammu,Samba,Samba PCC Office Phase -1 1066,2025-04-01,155.0,155.0,,,
Jammu,Samba,Samba PCC Office Phase -1 1066,2025-05-01,128.0,128.0,,,
Jammu,Samba,Samba PCC Office Phase -1 1066,2025-06-01,119.0,119.0,,,
Jammu,Samba,Samba PCC Office Phase -1 1066,2025-07-01,132.0,132.0,,,
Jammu,Samba,Samba PCC Office Phase -1 1066,2025-08-01,94.0,94.0,,,
Jammu,Samba,Samba PCC Office Phase -1 1066,2025-09-01,99.0,99.0,,,
Jammu,Samba,Samba PCC Office Phase -1 1066,2025-10-01,103.0,103.0,,9.0,2.0
Jammu,Samba,Samba PCC Office Phase -1 1066,2025-11-01,128.0,128.0,,14.0,4.0
Jammu,Samba,Samba PCC Office Phase -1 1066,2025-12-01,116.0,116.0,54.0,14.0,4.0
Jammu,Samba,Samba PCC Office Phase -1 1066,2026-01-01,103.0,103.0,26.0,17.0,4.0
Jammu,Samba,Samba PCC Office Phase -1 1066,2026-02-01,90.0,90.0,44.0,28.0,6.0
Jammu,Samba,Samba PCC Office Phase -1 1066,2026-03-01,,,,,
Jammu,Udhampur,Udhampur PCC Office Battal Ballian 1063,2022-01-01,187.0,162.0,172.0,,
Jammu,Udhampur,Udhampur PCC Office Battal Ballian 1063,2022-02-01,149.0,149.0,30.0,,
Jammu,Udhampur,Udhampur PCC Office Battal Ballian 1063,2022-03-01,152.0,152.0,,,
Jammu,Udhampur,Udhampur PCC Office Battal Ballian 1063,2022-04-01,130.0,130.0,,,
Jammu,Udhampur,Udhampur PCC Office Battal Ballian 1063,2022-05-01,132.0,132.0,,,
Jammu,Udhampur,Udhampur PCC Office Battal Ballian 1063,2022-06-01,,,,,
Jammu,Udhampur,Udhampur PCC Office Battal Ballian 1063,2022-07-01,158.0,158.0,,,
Jammu,Udhampur,Udhampur PCC Office Battal Ballian 1063,2022-08-01,158.0,158.0,,,
Jammu,Udhampur,Udhampur PCC Office Battal Ballian 1063,2022-09-01,,,,,
Jammu,Udhampur,Udhampur PCC Office Battal Ballian 1063,2022-10-01,155.0,155.0,,,
Jammu,Udhampur,Udhampur PCC Office Battal Ballian 1063,2022-11-01,150.0,150.0,,,
Jammu,Udhampur,Udhampur PCC Office Battal Ballian 1063,2022-12-01,,,,,
Jammu,Udhampur,Udhampur PCC Office Battal Ballian 1063,2023-01-01,146.0,146.0,,,
Jammu,Udhampur,Udhampur PCC Office Battal Ballian 1063,2023-02-01,148.0,148.0,,,
Jammu,Udhampur,Udhampur PCC Office Battal Ballian 1063,2023-03-01,125.0,125.0,,,
Jammu,Udhampur,Udhampur PCC Office Battal Ballian 1063,2023-04-01,143.0,143.0,,,
Jammu,Udhampur,Udhampur PCC Office Battal Ballian 1063,2023-05-01,85.0,85.0,,,
Jammu,Udhampur,Udhampur PCC Office Battal Ballian 1063,2023-06-01,82.0,82.0,,,
Jammu,Udhampur,Udhampur PCC Office Battal Ballian 1063,2023-07-01,64.0,64.0,,,
Jammu,Udhampur,Udhampur PCC Office Battal Ballian 1063,2023-08-01,94.0,94.0,,,
Jammu,Udhampur,Udhampur PCC Office Battal Ballian 1063,2023-09-01,107.0,107.0,,,
Jammu,Udhampur,Udhampur PCC Office Battal Ballian 1063,2023-10-01,136.0,136.0,,,
Jammu,Udhampur,Udhampur PCC Office Battal Ballian 1063,2023-11-01,160.0,160.0,,,
Jammu,Udhampur,Udhampur PCC Office Battal Ballian 1063,2023-12-01,175.0,175.0,,,
Jammu,Udhampur,Udhampur PCC Office Battal Ballian 1063,2024-01-01,204.0,204.0,,,
Jammu,Udhampur,Udhampur PCC Office Battal Ballian 1063,2024-02-01,149.0,149.0,,,
Jammu,Udhampur,Udhampur PCC Office Battal Ballian 1063,2024-03-01,116.0,116.0,,,
Jammu,Udhampur,Udhampur PCC Office Battal Ballian 1063,2024-04-01,103.0,103.0,,,
Jammu,Udhampur,Udhampur PCC Office Battal Ballian 1063,2024-05-01,115.0,115.0,,,
Jammu,Udhampur,Udhampur PCC Office Battal Ballian 1063,2024-06-01,104.0,104.0,,,
Jammu,Udhampur,Udhampur PCC Office Battal Ballian 1063,2024-07-01,92.0,92.0,,,
Jammu,Udhampur,Udhampur PCC Office Battal Ballian 1063,2024-08-01,80.0,80.0,,,
Jammu,Udhampur,Udhampur PCC Office Battal Ballian 1063,2024-09-01,101.0,101.0,,,
Jammu,Udhampur,Udhampur PCC Office Battal Ballian 1063,2024-10-01,153.0,153.0,,,
Jammu,Udhampur,Udhampur PCC Office Battal Ballian 1063,2024-11-01,,175.0,,,
Jammu,Udhampur,Udhampur PCC Office Battal Ballian 1063,2024-12-01,,131.0,,,
Jammu,Udhampur,Udhampur PCC Office Battal Ballian 1063,2025-01-01,177.0,172.0,75.0,,
Jammu,Udhampur,Udhampur PCC Office Battal Ballian 1063,2025-02-01,147.0,139.0,125.0,,
Jammu,Udhampur,Udhampur PCC Office Battal Ballian 1063,2025-03-01,137.0,130.0,110.0,,
Jammu,Udhampur,Udhampur PCC Office Battal Ballian 1063,2025-04-01,124.0,124.0,70.0,,
Jammu,Udhampur,Udhampur PCC Office Battal Ballian 1063,2025-05-01,134.0,134.0,61.0,,
Jammu,Udhampur,Udhampur PCC Office Battal Ballian 1063,2025-06-01,129.0,129.0,55.0,,
Jammu,Udhampur,Udhampur PCC Office Battal Ballian 1063,2025-07-01,106.0,106.0,77.0,,
Jammu,Udhampur,Udhampur PCC Office Battal Ballian 1063,2025-08-01,67.0,67.0,55.0,,
Jammu,Udhampur,Udhampur PCC Office Battal Ballian 1063,2025-09-01,97.0,96.0,55.0,,
Jammu,Udhampur,Udhampur PCC Office Battal Ballian 1063,2025-10-01,141.0,136.0,101.0,14.0,4.0
Jammu,Udhampur,Udhampur PCC Office Battal Ballian 1063,2025-11-01,166.0,152.0,151.0,15.0,5.0
Jammu,Udhampur,Udhampur PCC Office Battal Ballian 1063,2025-12-01,192.0,,190.0,,5.0
Jammu,Udhampur,Udhampur PCC Office Battal Ballian 1063,2026-01-01,174.0,173.0,141.0,19.0,5.0
Jammu,Udhampur,Udhampur PCC Office Battal Ballian 1063,2026-02-01,164.0,162.0,128.0,20.0,6.0
Jammu,Udhampur,Udhampur PCC Office Battal Ballian 1063,2026-03-01,,,,,
Kashmir,Anantnag,"Anantnag (PM-10, PM-2.5) 1084",2022-01-01,,,,,
Kashmir,Anantnag,"Anantnag (PM-10, PM-2.5) 1084",2022-02-01,,,,,
Kashmir,Anantnag,"Anantnag (PM-10, PM-2.5) 1084",2022-03-01,,,,,
Kashmir,Anantnag,"Anantnag (PM-10, PM-2.5) 1084",2022-04-01,,,,,
Kashmir,Anantnag,"Anantnag (PM-10, PM-2.5) 1084",2022-05-01,,,,,
Kashmir,Anantnag,"Anantnag (PM-10, PM-2.5) 1084",2022-06-01,,,,,
Kashmir,Anantnag,"Anantnag (PM-10, PM-2.5) 1084",2022-07-01,,,,,
Kashmir,Anantnag,"Anantnag (PM-10, PM-2.5) 1084",2022-08-01,,,,,
Kashmir,Anantnag,"Anantnag (PM-10, PM-2.5) 1084",2022-09-01,,,,,
Kashmir,Anantnag,"Anantnag (PM-10, PM-2.5) 1084",2022-10-01,,,,,
Kashmir,Anantnag,"Anantnag (PM-10, PM-2.5) 1084",2022-11-01,,,,,
Kashmir,Anantnag,"Anantnag (PM-10, PM-2.5) 1084",2022-12-01,121.0,68.0,53.0,13.0,8.0
Kashmir,Anantnag,"Anantnag (PM-10, PM-2.5) 1084",2023-01-01,102.0,61.0,40.0,12.0,6.0
Kashmir,Anantnag,"Anantnag (PM-10, PM-2.5) 1084",2023-02-01,107.0,63.0,44.0,14.0,8.0
Kashmir,Anantnag,"Anantnag (PM-10, PM-2.5) 1084",2023-03-01,115.0,81.0,33.0,14.0,7.0
Kashmir,Anantnag,"Anantnag (PM-10, PM-2.5) 1084",2023-04-01,,,,,
Kashmir,Anantnag,"Anantnag (PM-10, PM-2.5) 1084",2023-05-01,,,,,
Kashmir,Anantnag,"Anantnag (PM-10, PM-2.5) 1084",2023-06-01,,,,,
Kashmir,Anantnag,"Anantnag (PM-10, PM-2.5) 1084",2023-07-01,,,,,
Kashmir,Anantnag,"Anantnag (PM-10, PM-2.5) 1084",2023-08-01,,,,,
Kashmir,Anantnag,"Anantnag (PM-10, PM-2.5) 1084",2023-09-01,,,,,
Kashmir,Anantnag,"Anantnag (PM-10, PM-2.5) 1084",2023-10-01,,,,,
Kashmir,Anantnag,"Anantnag (PM-10, PM-2.5) 1084",2023-11-01,,,,,
Kashmir,Anantnag,"Anantnag (PM-10, PM-2.5) 1084",2023-12-01,96.0,64.0,32.0,,
Kashmir,Anantnag,"Anantnag (PM-10, PM-2.5) 1084",2024-01-01,132.0,132.0,,26.0,
Kashmir,Anantnag,"Anantnag (PM-10, PM-2.5) 1084",2024-02-01,132.0,132.0,45.0,23.0,9.0
Kashmir,Anantnag,"Anantnag (PM-10, PM-2.5) 1084",2024-03-01,123.0,123.0,21.0,18.0,8.0
Kashmir,Anantnag,"Anantnag (PM-10, PM-2.5) 1084",2024-04-01,98.0,98.0,52.0,22.0,10.0
Kashmir,Anantnag,"Anantnag (PM-10, PM-2.5) 1084",2024-05-01,,,,,
Kashmir,Anantnag,"Anantnag (PM-10, PM-2.5) 1084",2024-06-01,,,,,
Kashmir,Anantnag,"Anantnag (PM-10, PM-2.5) 1084",2024-07-01,,,,,
Kashmir,Anantnag,"Anantnag (PM-10, PM-2.5) 1084",2024-08-01,,,,,
Kashmir,Anantnag,"Anantnag (PM-10, PM-2.5) 1084",2024-09-01,,,,,
Kashmir,Anantnag,"Anantnag (PM-10, PM-2.5) 1084",2024-10-01,,,,,
Kashmir,Anantnag,"Anantnag (PM-10, PM-2.5) 1084",2024-11-01,161.0,161.0,50.0,29.0,14.0
Kashmir,Anantnag,"Anantnag (PM-10, PM-2.5) 1084",2024-12-01,,131.0,59.0,16.0,10.0
Kashmir,Anantnag,"Anantnag (PM-10, PM-2.5) 1084",2025-01-01,104.0,92.0,51.0,12.0,7.0
Kashmir,Anantnag,"Anantnag (PM-10, PM-2.5) 1084",2025-02-01,120.0,120.0,58.0,15.0,8.0
Kashmir,Anantnag,"Anantnag (PM-10, PM-2.5) 1084",2025-03-01,93.0,93.0,40.0,13.0,6.0
Kashmir,Anantnag,"Anantnag (PM-10, PM-2.5) 1084",2025-04-01,,,,,
Kashmir,Anantnag,"Anantnag (PM-10, PM-2.5) 1084",2025-05-01,74.0,74.0,31.0,10.0,5.0
Kashmir,Anantnag,"Anantnag (PM-10, PM-2.5) 1084",2025-06-01,113.0,113.0,55.0,8.0,3.0
Kashmir,Anantnag,"Anantnag (PM-10, PM-2.5) 1084",2025-07-01,112.0,112.0,,14.0,6.0
Kashmir,Anantnag,"Anantnag (PM-10, PM-2.5) 1084",2025-08-01,118.0,118.0,,,
Kashmir,Anantnag,"Anantnag (PM-10, PM-2.5) 1084",2025-09-01,,,,,
Kashmir,Anantnag,"Anantnag (PM-10, PM-2.5) 1084",2025-10-01,114.0,114.0,,13.0,
Kashmir,Anantnag,"Anantnag (PM-10, PM-2.5) 1084",2025-11-01,127.0,127.0,,17.0,
Kashmir,Anantnag,"Anantnag (PM-10, PM-2.5) 1084",2025-12-01,136.0,136.0,,17.0,
Kashmir,Anantnag,"Anantnag (PM-10, PM-2.5) 1084",2026-01-01,104.0,104.0,,13.0,
Kashmir,Anantnag,"Anantnag (PM-10, PM-2.5) 1084",2026-02-01,,,,,
Kashmir,Anantnag,"Anantnag (PM-10, PM-2.5) 1084",2026-03-01,,,,,
Kashmir,Bandipora,"Bandipora (PM-10, PM-2.5) 1085",2022-01-01,,,,,
Kashmir,Bandipora,"Bandipora (PM-10, PM-2.5) 1085",2022-02-01,,,,,
Kashmir,Bandipora,"Bandipora (PM-10, PM-2.5) 1085",2022-03-01,,,,,
Kashmir,Bandipora,"Bandipora (PM-10, PM-2.5) 1085",2022-04-01,,,,,
Kashmir,Bandipora,"Bandipora (PM-10, PM-2.5) 1085",2022-05-01,,,,,
Kashmir,Bandipora,"Bandipora (PM-10, PM-2.5) 1085",2022-06-01,,,,,
Kashmir,Bandipora,"Bandipora (PM-10, PM-2.5) 1085",2022-07-01,,,,,
Kashmir,Bandipora,"Bandipora (PM-10, PM-2.5) 1085",2022-08-01,,,,,
Kashmir,Bandipora,"Bandipora (PM-10, PM-2.5) 1085",2022-09-01,,,,,
Kashmir,Bandipora,"Bandipora (PM-10, PM-2.5) 1085",2022-10-01,,,,,
Kashmir,Bandipora,"Bandipora (PM-10, PM-2.5) 1085",2022-11-01,,,,,
Kashmir,Bandipora,"Bandipora (PM-10, PM-2.5) 1085",2022-12-01,95.0,58.0,37.0,12.0,7.0
Kashmir,Bandipora,"Bandipora (PM-10, PM-2.5) 1085",2023-01-01,91.0,28.0,63.0,4.0,2.0
Kashmir,Bandipora,"Bandipora (PM-10, PM-2.5) 1085",2023-02-01,109.0,64.0,45.0,13.0,6.0
Kashmir,Bandipora,"Bandipora (PM-10, PM-2.5) 1085",2023-03-01,108.0,,108.0,,
Kashmir,Bandipora,"Bandipora (PM-10, PM-2.5) 1085",2023-04-01,,,,,
Kashmir,Bandipora,"Bandipora (PM-10, PM-2.5) 1085",2023-05-01,,,,,
Kashmir,Bandipora,"Bandipora (PM-10, PM-2.5) 1085",2023-06-01,,,,,
Kashmir,Bandipora,"Bandipora (PM-10, PM-2.5) 1085",2023-07-01,,,,,
Kashmir,Bandipora,"Bandipora (PM-10, PM-2.5) 1085",2023-08-01,,,,,
Kashmir,Bandipora,"Bandipora (PM-10, PM-2.5) 1085",2023-09-01,,,,,
Kashmir,Bandipora,"Bandipora (PM-10, PM-2.5) 1085",2023-10-01,,,,,
Kashmir,Bandipora,"Bandipora (PM-10, PM-2.5) 1085",2023-11-01,,,,,
Kashmir,Bandipora,"Bandipora (PM-10, PM-2.5) 1085",2023-12-01,127.0,,59.0,,
Kashmir,Bandipora,"Bandipora (PM-10, PM-2.5) 1085",2024-01-01,,,,,
Kashmir,Bandipora,"Bandipora (PM-10, PM-2.5) 1085",2024-02-01,128.0,128.0,46.0,25.0,12.0
Kashmir,Bandipora,"Bandipora (PM-10, PM-2.5) 1085",2024-03-01,124.0,124.0,15.0,3.0,1.0
Kashmir,Bandipora,"Bandipora (PM-10, PM-2.5) 1085",2024-04-01,114.0,114.0,57.0,22.0,11.0
Kashmir,Bandipora,"Bandipora (PM-10, PM-2.5) 1085",2024-05-01,,,,,
Kashmir,Bandipora,"Bandipora (PM-10, PM-2.5) 1085",2024-06-01,,,,,
Kashmir,Bandipora,"Bandipora (PM-10, PM-2.5) 1085",2024-07-01,,,,,
Kashmir,Bandipora,"Bandipora (PM-10, PM-2.5) 1085",2024-08-01,,,,,
Kashmir,Bandipora,"Bandipora (PM-10, PM-2.5) 1085",2024-09-01,,,,,
Kashmir,Bandipora,"Bandipora (PM-10, PM-2.5) 1085",2024-10-01,,,,,
Kashmir,Bandipora,"Bandipora (PM-10, PM-2.5) 1085",2024-11-01,131.0,131.0,,12.0,
Kashmir,Bandipora,"Bandipora (PM-10, PM-2.5) 1085",2024-12-01,,,,11.0,6.0
Kashmir,Bandipora,"Bandipora (PM-10, PM-2.5) 1085",2025-01-01,120.0,120.0,,3.0,1.0
Kashmir,Bandipora,"Bandipora (PM-10, PM-2.5) 1085",2025-02-01,119.0,119.0,62.0,,
Kashmir,Bandipora,"Bandipora (PM-10, PM-2.5) 1085",2025-03-01,114.0,114.0,,,
Kashmir,Bandipora,"Bandipora (PM-10, PM-2.5) 1085",2025-04-01,98.0,98.0,,,
Kashmir,Bandipora,"Bandipora (PM-10, PM-2.5) 1085",2025-05-01,,,,,
Kashmir,Bandipora,"Bandipora (PM-10, PM-2.5) 1085",2025-06-01,104.0,104.0,,,
Kashmir,Bandipora,"Bandipora (PM-10, PM-2.5) 1085",2025-07-01,73.0,73.0,,3.0,1.0
Kashmir,Bandipora,"Bandipora (PM-10, PM-2.5) 1085",2025-08-01,98.0,98.0,,17.0,7.0
Kashmir,Bandipora,"Bandipora (PM-10, PM-2.5) 1085",2025-09-01,98.0,98.0,,20.0,10.0
Kashmir,Bandipora,"Bandipora (PM-10, PM-2.5) 1085",2025-10-01,,88.0,,16.0,
Kashmir,Bandipora,"Bandipora (PM-10, PM-2.5) 1085",2025-11-01,,98.0,,16.0,
Kashmir,Bandipora,"Bandipora (PM-10, PM-2.5) 1085",2025-12-01,,123.0,,16.0,
Kashmir,Bandipora,"Bandipora (PM-10, PM-2.5) 1085",2026-01-01,119.0,119.0,,20.0,
Kashmir,Bandipora,"Bandipora (PM-10, PM-2.5) 1085",2026-02-01,113.0,113.0,,19.0,
Kashmir,Bandipora,"Bandipora (PM-10, PM-2.5) 1085",2026-03-01,,,,,
Kashmir,Baramulla,"Baramulla DFO Office (PM-10, PM-2.5) 1078",2022-01-01,,,,,
Kashmir,Baramulla,"Baramulla DFO Office (PM-10, PM-2.5) 1078",2022-02-01,,,,,
Kashmir,Baramulla,"Baramulla DFO Office (PM-10, PM-2.5) 1078",2022-03-01,,,,,
Kashmir,Baramulla,"Baramulla DFO Office (PM-10, PM-2.5) 1078",2022-04-01,,,,,
Kashmir,Baramulla,"Baramulla DFO Office (PM-10, PM-2.5) 1078",2022-05-01,,,,,
Kashmir,Baramulla,"Baramulla DFO Office (PM-10, PM-2.5) 1078",2022-06-01,,,,,
Kashmir,Baramulla,"Baramulla DFO Office (PM-10, PM-2.5) 1078",2022-07-01,,,,,
Kashmir,Baramulla,"Baramulla DFO Office (PM-10, PM-2.5) 1078",2022-08-01,,,,,
Kashmir,Baramulla,"Baramulla DFO Office (PM-10, PM-2.5) 1078",2022-09-01,,,,,
Kashmir,Baramulla,"Baramulla DFO Office (PM-10, PM-2.5) 1078",2022-10-01,,,,,
Kashmir,Baramulla,"Baramulla DFO Office (PM-10, PM-2.5) 1078",2022-11-01,,,,,
Kashmir,Baramulla,"Baramulla DFO Office (PM-10, PM-2.5) 1078",2022-12-01,104.0,67.0,37.0,13.0,7.0
Kashmir,Baramulla,"Baramulla DFO Office (PM-10, PM-2.5) 1078",2023-01-01,117.0,72.0,45.0,11.0,5.0
Kashmir,Baramulla,"Baramulla DFO Office (PM-10, PM-2.5) 1078",2023-02-01,93.0,49.0,44.0,9.0,5.0
Kashmir,Baramulla,"Baramulla DFO Office (PM-10, PM-2.5) 1078",2023-03-01,118.0,66.0,51.0,12.0,6.0
Kashmir,Baramulla,"Baramulla DFO Office (PM-10, PM-2.5) 1078",2023-04-01,,,,,
Kashmir,Baramulla,"Baramulla DFO Office (PM-10, PM-2.5) 1078",2023-05-01,,,,,
Kashmir,Baramulla,"Baramulla DFO Office (PM-10, PM-2.5) 1078",2023-06-01,,,,,
Kashmir,Baramulla,"Baramulla DFO Office (PM-10, PM-2.5) 1078",2023-07-01,,,,,
Kashmir,Baramulla,"Baramulla DFO Office (PM-10, PM-2.5) 1078",2023-08-01,,,,,
Kashmir,Baramulla,"Baramulla DFO Office (PM-10, PM-2.5) 1078",2023-09-01,,,,,
Kashmir,Baramulla,"Baramulla DFO Office (PM-10, PM-2.5) 1078",2023-10-01,,,,,
Kashmir,Baramulla,"Baramulla DFO Office (PM-10, PM-2.5) 1078",2023-11-01,,,,,
Kashmir,Baramulla,"Baramulla DFO Office (PM-10, PM-2.5) 1078",2023-12-01,,65.0,48.0,,
Kashmir,Baramulla,"Baramulla DFO Office (PM-10, PM-2.5) 1078",2024-01-01,117.0,117.0,,18.0,
Kashmir,Baramulla,"Baramulla DFO Office (PM-10, PM-2.5) 1078",2024-02-01,114.0,114.0,67.0,24.0,12.0
Kashmir,Baramulla,"Baramulla DFO Office (PM-10, PM-2.5) 1078",2024-03-01,87.0,87.0,52.0,14.0,5.0
Kashmir,Baramulla,"Baramulla DFO Office (PM-10, PM-2.5) 1078",2024-04-01,87.0,87.0,67.0,17.0,7.0
Kashmir,Baramulla,"Baramulla DFO Office (PM-10, PM-2.5) 1078",2024-05-01,,,,,
Kashmir,Baramulla,"Baramulla DFO Office (PM-10, PM-2.5) 1078",2024-06-01,,,,,
Kashmir,Baramulla,"Baramulla DFO Office (PM-10, PM-2.5) 1078",2024-07-01,,,,,
Kashmir,Baramulla,"Baramulla DFO Office (PM-10, PM-2.5) 1078",2024-08-01,,,,,
Kashmir,Baramulla,"Baramulla DFO Office (PM-10, PM-2.5) 1078",2024-09-01,,,,,
Kashmir,Baramulla,"Baramulla DFO Office (PM-10, PM-2.5) 1078",2024-10-01,,,,,
Kashmir,Baramulla,"Baramulla DFO Office (PM-10, PM-2.5) 1078",2024-11-01,112.0,112.0,,,
Kashmir,Baramulla,"Baramulla DFO Office (PM-10, PM-2.5) 1078",2024-12-01,,,,,
Kashmir,Baramulla,"Baramulla DFO Office (PM-10, PM-2.5) 1078",2025-01-01,95.0,84.0,54.0,6.0,3.0
Kashmir,Baramulla,"Baramulla DFO Office (PM-10, PM-2.5) 1078",2025-02-01,117.0,117.0,59.0,15.0,8.0
Kashmir,Baramulla,"Baramulla DFO Office (PM-10, PM-2.5) 1078",2025-03-01,116.0,116.0,37.0,9.0,4.0
Kashmir,Baramulla,"Baramulla DFO Office (PM-10, PM-2.5) 1078",2025-04-01,116.0,116.0,48.0,5.0,3.0
Kashmir,Baramulla,"Baramulla DFO Office (PM-10, PM-2.5) 1078",2025-05-01,109.0,109.0,52.0,,
Kashmir,Baramulla,"Baramulla DFO Office (PM-10, PM-2.5) 1078",2025-06-01,110.0,110.0,52.0,6.0,3.0
Kashmir,Baramulla,"Baramulla DFO Office (PM-10, PM-2.5) 1078",2025-07-01,115.0,115.0,55.0,7.0,3.0
Kashmir,Baramulla,"Baramulla DFO Office (PM-10, PM-2.5) 1078",2025-08-01,110.0,110.0,50.0,10.0,4.0
Kashmir,Baramulla,"Baramulla DFO Office (PM-10, PM-2.5) 1078",2025-09-01,112.0,112.0,66.0,17.0,7.0
Kashmir,Baramulla,"Baramulla DFO Office (PM-10, PM-2.5) 1078",2025-10-01,114.0,114.0,54.0,9.0,
Kashmir,Baramulla,"Baramulla DFO Office (PM-10, PM-2.5) 1078",2025-11-01,118.0,118.0,50.0,15.0,
Kashmir,Baramulla,"Baramulla DFO Office (PM-10, PM-2.5) 1078",2025-12-01,122.0,122.0,55.0,16.0,
Kashmir,Baramulla,"Baramulla DFO Office (PM-10, PM-2.5) 1078",2026-01-01,115.0,115.0,46.0,16.0,
Kashmir,Baramulla,"Baramulla DFO Office (PM-10, PM-2.5) 1078",2026-02-01,,,,,
Kashmir,Baramulla,"Baramulla DFO Office (PM-10, PM-2.5) 1078",2026-03-01,,,,,
Kashmir,Baramulla,"Baramulla JKPCC Office (PM-10, PM-2.5) 1079",2022-01-01,82.0,,82.0,,
Kashmir,Baramulla,"Baramulla JKPCC Office (PM-10, PM-2.5) 1079",2022-02-01,,,,,
Kashmir,Baramulla,"Baramulla JKPCC Office (PM-10, PM-2.5) 1079",2022-03-01,,,,,
Kashmir,Baramulla,"Baramulla JKPCC Office (PM-10, PM-2.5) 1079",2022-04-01,,,,,
Kashmir,Baramulla,"Baramulla JKPCC Office (PM-10, PM-2.5) 1079",2022-05-01,,,,,
Kashmir,Baramulla,"Baramulla JKPCC Office (PM-10, PM-2.5) 1079",2022-06-01,,,,,
Kashmir,Baramulla,"Baramulla JKPCC Office (PM-10, PM-2.5) 1079",2022-07-01,,,,,
Kashmir,Baramulla,"Baramulla JKPCC Office (PM-10, PM-2.5) 1079",2022-08-01,,,,,
Kashmir,Baramulla,"Baramulla JKPCC Office (PM-10, PM-2.5) 1079",2022-09-01,,,,,
Kashmir,Baramulla,"Baramulla JKPCC Office (PM-10, PM-2.5) 1079",2022-10-01,,,,,
Kashmir,Baramulla,"Baramulla JKPCC Office (PM-10, PM-2.5) 1079",2022-11-01,,,,,
Kashmir,Baramulla,"Baramulla JKPCC Office (PM-10, PM-2.5) 1079",2022-12-01,122.0,75.0,46.0,13.0,7.0
Kashmir,Baramulla,"Baramulla JKPCC Office (PM-10, PM-2.5) 1079",2023-01-01,113.0,70.0,43.0,11.0,6.0
Kashmir,Baramulla,"Baramulla JKPCC Office (PM-10, PM-2.5) 1079",2023-02-01,150.0,82.0,68.0,13.0,8.0
Kashmir,Baramulla,"Baramulla JKPCC Office (PM-10, PM-2.5) 1079",2023-03-01,139.0,86.0,53.0,16.0,10.0
Kashmir,Baramulla,"Baramulla JKPCC Office (PM-10, PM-2.5) 1079",2023-04-01,,,,,
Kashmir,Baramulla,"Baramulla JKPCC Office (PM-10, PM-2.5) 1079",2023-05-01,,,,,
Kashmir,Baramulla,"Baramulla JKPCC Office (PM-10, PM-2.5) 1079",2023-06-01,,,,,
Kashmir,Baramulla,"Baramulla JKPCC Office (PM-10, PM-2.5) 1079",2023-07-01,,,,,
Kashmir,Baramulla,"Baramulla JKPCC Office (PM-10, PM-2.5) 1079",2023-08-01,,,,,
Kashmir,Baramulla,"Baramulla JKPCC Office (PM-10, PM-2.5) 1079",2023-09-01,,,,,
Kashmir,Baramulla,"Baramulla JKPCC Office (PM-10, PM-2.5) 1079",2023-10-01,,,,,
Kashmir,Baramulla,"Baramulla JKPCC Office (PM-10, PM-2.5) 1079",2023-11-01,,,,,
Kashmir,Baramulla,"Baramulla JKPCC Office (PM-10, PM-2.5) 1079",2023-12-01,,83.0,39.0,,
Kashmir,Baramulla,"Baramulla JKPCC Office (PM-10, PM-2.5) 1079",2024-01-01,121.0,121.0,,18.0,
Kashmir,Baramulla,"Baramulla JKPCC Office (PM-10, PM-2.5) 1079",2024-02-01,133.0,129.0,116.0,25.0,13.0
Kashmir,Baramulla,"Baramulla JKPCC Office (PM-10, PM-2.5) 1079",2024-03-01,149.0,138.0,139.0,23.0,11.0
Kashmir,Baramulla,"Baramulla JKPCC Office (PM-10, PM-2.5) 1079",2024-04-01,135.0,132.0,104.0,22.0,12.0
Kashmir,Baramulla,"Baramulla JKPCC Office (PM-10, PM-2.5) 1079",2024-05-01,,,,,
Kashmir,Baramulla,"Baramulla JKPCC Office (PM-10, PM-2.5) 1079",2024-06-01,,,,,
Kashmir,Baramulla,"Baramulla JKPCC Office (PM-10, PM-2.5) 1079",2024-07-01,,,,,
Kashmir,Baramulla,"Baramulla JKPCC Office (PM-10, PM-2.5) 1079",2024-08-01,,,,,
Kashmir,Baramulla,"Baramulla JKPCC Office (PM-10, PM-2.5) 1079",2024-09-01,,,,,
Kashmir,Baramulla,"Baramulla JKPCC Office (PM-10, PM-2.5) 1079",2024-10-01,,,,,
Kashmir,Baramulla,"Baramulla JKPCC Office (PM-10, PM-2.5) 1079",2024-11-01,,,80.0,16.0,2.0
Kashmir,Baramulla,"Baramulla JKPCC Office (PM-10, PM-2.5) 1079",2024-12-01,,,,17.0,9.0
Kashmir,Baramulla,"Baramulla JKPCC Office (PM-10, PM-2.5) 1079",2025-01-01,126.0,126.0,65.0,15.0,8.0
Kashmir,Baramulla,"Baramulla JKPCC Office (PM-10, PM-2.5) 1079",2025-02-01,124.0,124.0,66.0,18.0,10.0
Kashmir,Baramulla,"Baramulla JKPCC Office (PM-10, PM-2.5) 1079",2025-03-01,114.0,114.0,29.0,16.0,9.0
Kashmir,Baramulla,"Baramulla JKPCC Office (PM-10, PM-2.5) 1079",2025-04-01,125.0,125.0,68.0,10.0,5.0
Kashmir,Baramulla,"Baramulla JKPCC Office (PM-10, PM-2.5) 1079",2025-05-01,114.0,114.0,61.0,18.0,
Kashmir,Baramulla,"Baramulla JKPCC Office (PM-10, PM-2.5) 1079",2025-06-01,126.0,126.0,68.0,12.0,5.0
Kashmir,Baramulla,"Baramulla JKPCC Office (PM-10, PM-2.5) 1079",2025-07-01,126.0,126.0,52.0,12.0,6.0
Kashmir,Baramulla,"Baramulla JKPCC Office (PM-10, PM-2.5) 1079",2025-08-01,119.0,119.0,53.0,16.0,8.0
Kashmir,Baramulla,"Baramulla JKPCC Office (PM-10, PM-2.5) 1079",2025-09-01,51.0,,51.0,,
Kashmir,Baramulla,"Baramulla JKPCC Office (PM-10, PM-2.5) 1079",2025-10-01,128.0,128.0,62.0,18.0,
Kashmir,Baramulla,"Baramulla JKPCC Office (PM-10, PM-2.5) 1079",2025-11-01,132.0,132.0,71.0,22.0,
Kashmir,Baramulla,"Baramulla JKPCC Office (PM-10, PM-2.5) 1079",2025-12-01,,,95.0,24.0,
Kashmir,Baramulla,"Baramulla JKPCC Office (PM-10, PM-2.5) 1079",2026-01-01,128.0,128.0,70.0,23.0,
Kashmir,Baramulla,"Baramulla JKPCC Office (PM-10, PM-2.5) 1079",2026-02-01,108.0,108.0,46.0,22.0,
Kashmir,Baramulla,"Baramulla JKPCC Office (PM-10, PM-2.5) 1079",2026-03-01,,,,,
Kashmir,Budgam,Lasjan Budgam (PM-10) 913,2022-01-01,186.0,186.0,,33.0,14.0
Kashmir,Budgam,Lasjan Budgam (PM-10) 913,2022-02-01,158.0,158.0,,31.0,16.0
Kashmir,Budgam,Lasjan Budgam (PM-10) 913,2022-03-01,177.0,177.0,,18.0,11.0
Kashmir,Budgam,Lasjan Budgam (PM-10) 913,2022-04-01,188.0,188.0,,31.0,14.0
Kashmir,Budgam,Lasjan Budgam (PM-10) 913,2022-05-01,214.0,214.0,,37.0,14.0
Kashmir,Budgam,Lasjan Budgam (PM-10) 913,2022-06-01,213.0,213.0,,28.0,12.0
Kashmir,Budgam,Lasjan Budgam (PM-10) 913,2022-07-01,195.0,195.0,,28.0,14.0
Kashmir,Budgam,Lasjan Budgam (PM-10) 913,2022-08-01,191.0,191.0,,29.0,17.0
Kashmir,Budgam,Lasjan Budgam (PM-10) 913,2022-09-01,204.0,204.0,,30.0,20.0
Kashmir,Budgam,Lasjan Budgam (PM-10) 913,2022-10-01,212.0,212.0,,31.0,20.0
Kashmir,Budgam,Lasjan Budgam (PM-10) 913,2022-11-01,213.0,213.0,,35.0,26.0
Kashmir,Budgam,Lasjan Budgam (PM-10) 913,2022-12-01,203.0,203.0,,36.0,27.0
Kashmir,Budgam,Lasjan Budgam (PM-10) 913,2023-01-01,201.0,201.0,,34.0,26.0
Kashmir,Budgam,Lasjan Budgam (PM-10) 913,2023-02-01,195.0,195.0,,39.0,26.0
Kashmir,Budgam,Lasjan Budgam (PM-10) 913,2023-03-01,164.0,164.0,,32.0,20.0
Kashmir,Budgam,Lasjan Budgam (PM-10) 913,2023-04-01,173.0,173.0,,36.0,25.0
Kashmir,Budgam,Lasjan Budgam (PM-10) 913,2023-05-01,185.0,185.0,,31.0,23.0
Kashmir,Budgam,Lasjan Budgam (PM-10) 913,2023-06-01,162.0,162.0,,29.0,16.0
Kashmir,Budgam,Lasjan Budgam (PM-10) 913,2023-07-01,186.0,186.0,,30.0,16.0
Kashmir,Budgam,Lasjan Budgam (PM-10) 913,2023-08-01,185.0,185.0,,26.0,15.0
Kashmir,Budgam,Lasjan Budgam (PM-10) 913,2023-09-01,220.0,220.0,,29.0,17.0
Kashmir,Budgam,Lasjan Budgam (PM-10) 913,2023-10-01,230.0,230.0,,32.0,19.0
Kashmir,Budgam,Lasjan Budgam (PM-10) 913,2023-11-01,271.0,271.0,,34.0,20.0
Kashmir,Budgam,Lasjan Budgam (PM-10) 913,2023-12-01,276.0,276.0,,18.0,
Kashmir,Budgam,Lasjan Budgam (PM-10) 913,2024-01-01,253.0,253.0,,32.0,2.0
Kashmir,Budgam,Lasjan Budgam (PM-10) 913,2024-02-01,200.0,200.0,,3.0,16.0
Kashmir,Budgam,Lasjan Budgam (PM-10) 913,2024-03-01,234.0,234.0,,26.0,14.0
Kashmir,Budgam,Lasjan Budgam (PM-10) 913,2024-04-01,203.0,203.0,,28.0,15.0
Kashmir,Budgam,Lasjan Budgam (PM-10) 913,2024-05-01,262.0,262.0,,28.0,16.0
Kashmir,Budgam,Lasjan Budgam (PM-10) 913,2024-06-01,280.0,280.0,,26.0,13.0
Kashmir,Budgam,Lasjan Budgam (PM-10) 913,2024-07-01,263.0,263.0,,24.0,16.0
Kashmir,Budgam,Lasjan Budgam (PM-10) 913,2024-08-01,241.0,241.0,,26.0,20.0
Kashmir,Budgam,Lasjan Budgam (PM-10) 913,2024-09-01,228.0,228.0,,25.0,20.0
Kashmir,Budgam,Lasjan Budgam (PM-10) 913,2024-10-01,219.0,219.0,,27.0,22.0
Kashmir,Budgam,Lasjan Budgam (PM-10) 913,2024-11-01,,219.0,5.0,23.0,13.0
Kashmir,Budgam,Lasjan Budgam (PM-10) 913,2024-12-01,,191.0,,19.0,14.0
Kashmir,Budgam,Lasjan Budgam (PM-10) 913,2025-01-01,194.0,194.0,,26.0,20.0
Kashmir,Budgam,Lasjan Budgam (PM-10) 913,2025-02-01,188.0,188.0,,26.0,20.0
Kashmir,Budgam,Lasjan Budgam (PM-10) 913,2025-03-01,190.0,190.0,,22.0,14.0
Kashmir,Budgam,Lasjan Budgam (PM-10) 913,2025-04-01,184.0,184.0,,23.0,13.0
Kashmir,Budgam,Lasjan Budgam (PM-10) 913,2025-05-01,169.0,169.0,,25.0,15.0
Kashmir,Budgam,Lasjan Budgam (PM-10) 913,2025-06-01,153.0,153.0,,25.0,14.0
Kashmir,Budgam,Lasjan Budgam (PM-10) 913,2025-07-01,151.0,151.0,,26.0,16.0
Kashmir,Budgam,Lasjan Budgam (PM-10) 913,2025-08-01,207.0,207.0,,24.0,14.0
Kashmir,Budgam,Lasjan Budgam (PM-10) 913,2025-09-01,,,,,
Kashmir,Budgam,Lasjan Budgam (PM-10) 913,2025-10-01,130.0,130.0,,25.0,
Kashmir,Budgam,Lasjan Budgam (PM-10) 913,2025-11-01,233.0,233.0,,28.0,
Kashmir,Budgam,Lasjan Budgam (PM-10) 913,2025-12-01,247.0,,,29.0,
Kashmir,Budgam,Lasjan Budgam (PM-10) 913,2026-01-01,186.0,186.0,,26.0,
Kashmir,Budgam,Lasjan Budgam (PM-10) 913,2026-02-01,158.0,158.0,,33.0,
Kashmir,Budgam,Lasjan Budgam (PM-10) 913,2026-03-01,,,,,
Kashmir,Budgam,"SIDCO Complex Ompora Budgam (PM-10, PM-2.5) 1081",2022-01-01,,,,,
Kashmir,Budgam,"SIDCO Complex Ompora Budgam (PM-10, PM-2.5) 1081",2022-02-01,,,,,
Kashmir,Budgam,"SIDCO Complex Ompora Budgam (PM-10, PM-2.5) 1081",2022-03-01,,,,,
Kashmir,Budgam,"SIDCO Complex Ompora Budgam (PM-10, PM-2.5) 1081",2022-04-01,,,,,
Kashmir,Budgam,"SIDCO Complex Ompora Budgam (PM-10, PM-2.5) 1081",2022-05-01,,,,,
Kashmir,Budgam,"SIDCO Complex Ompora Budgam (PM-10, PM-2.5) 1081",2022-06-01,,,,,
Kashmir,Budgam,"SIDCO Complex Ompora Budgam (PM-10, PM-2.5) 1081",2022-07-01,,,,,
Kashmir,Budgam,"SIDCO Complex Ompora Budgam (PM-10, PM-2.5) 1081",2022-08-01,,,,,
Kashmir,Budgam,"SIDCO Complex Ompora Budgam (PM-10, PM-2.5) 1081",2022-09-01,,,,,
Kashmir,Budgam,"SIDCO Complex Ompora Budgam (PM-10, PM-2.5) 1081",2022-10-01,,,,,
Kashmir,Budgam,"SIDCO Complex Ompora Budgam (PM-10, PM-2.5) 1081",2022-11-01,,,,,
Kashmir,Budgam,"SIDCO Complex Ompora Budgam (PM-10, PM-2.5) 1081",2022-12-01,97.0,61.0,36.0,16.0,10.0
Kashmir,Budgam,"SIDCO Complex Ompora Budgam (PM-10, PM-2.5) 1081",2023-01-01,93.0,58.0,35.0,12.0,6.0
Kashmir,Budgam,"SIDCO Complex Ompora Budgam (PM-10, PM-2.5) 1081",2023-02-01,89.0,57.0,31.0,14.0,8.0
Kashmir,Budgam,"SIDCO Complex Ompora Budgam (PM-10, PM-2.5) 1081",2023-03-01,107.0,75.0,31.0,17.0,10.0
Kashmir,Budgam,"SIDCO Complex Ompora Budgam (PM-10, PM-2.5) 1081",2023-04-01,,,,,
Kashmir,Budgam,"SIDCO Complex Ompora Budgam (PM-10, PM-2.5) 1081",2023-05-01,,,,,
Kashmir,Budgam,"SIDCO Complex Ompora Budgam (PM-10, PM-2.5) 1081",2023-06-01,,,,,
Kashmir,Budgam,"SIDCO Complex Ompora Budgam (PM-10, PM-2.5) 1081",2023-07-01,,,,,
Kashmir,Budgam,"SIDCO Complex Ompora Budgam (PM-10, PM-2.5) 1081",2023-08-01,,,,,
Kashmir,Budgam,"SIDCO Complex Ompora Budgam (PM-10, PM-2.5) 1081",2023-09-01,,,,,
Kashmir,Budgam,"SIDCO Complex Ompora Budgam (PM-10, PM-2.5) 1081",2023-10-01,,,,,
Kashmir,Budgam,"SIDCO Complex Ompora Budgam (PM-10, PM-2.5) 1081",2023-11-01,,,,,
Kashmir,Budgam,"SIDCO Complex Ompora Budgam (PM-10, PM-2.5) 1081",2023-12-01,,63.0,,,
Kashmir,Budgam,"SIDCO Complex Ompora Budgam (PM-10, PM-2.5) 1081",2024-01-01,125.0,125.0,,26.0,
Kashmir,Budgam,"SIDCO Complex Ompora Budgam (PM-10, PM-2.5) 1081",2024-02-01,120.0,120.0,59.0,24.0,12.0
Kashmir,Budgam,"SIDCO Complex Ompora Budgam (PM-10, PM-2.5) 1081",2024-03-01,133.0,133.0,59.0,20.0,11.0
Kashmir,Budgam,"SIDCO Complex Ompora Budgam (PM-10, PM-2.5) 1081",2024-04-01,124.0,124.0,70.0,21.0,10.0
Kashmir,Budgam,"SIDCO Complex Ompora Budgam (PM-10, PM-2.5) 1081",2024-05-01,,,,,
Kashmir,Budgam,"SIDCO Complex Ompora Budgam (PM-10, PM-2.5) 1081",2024-06-01,,,,,
Kashmir,Budgam,"SIDCO Complex Ompora Budgam (PM-10, PM-2.5) 1081",2024-07-01,,,,,
Kashmir,Budgam,"SIDCO Complex Ompora Budgam (PM-10, PM-2.5) 1081",2024-08-01,,,,,
Kashmir,Budgam,"SIDCO Complex Ompora Budgam (PM-10, PM-2.5) 1081",2024-09-01,,,,,
Kashmir,Budgam,"SIDCO Complex Ompora Budgam (PM-10, PM-2.5) 1081",2024-10-01,130.0,130.0,,,
Kashmir,Budgam,"SIDCO Complex Ompora Budgam (PM-10, PM-2.5) 1081",2024-11-01,117.0,117.0,58.0,21.0,4.0
Kashmir,Budgam,"SIDCO Complex Ompora Budgam (PM-10, PM-2.5) 1081",2024-12-01,120.0,120.0,73.0,16.0,9.0
Kashmir,Budgam,"SIDCO Complex Ompora Budgam (PM-10, PM-2.5) 1081",2025-01-01,119.0,119.0,70.0,9.0,6.0
Kashmir,Budgam,"SIDCO Complex Ompora Budgam (PM-10, PM-2.5) 1081",2025-02-01,110.0,110.0,53.0,18.0,11.0
Kashmir,Budgam,"SIDCO Complex Ompora Budgam (PM-10, PM-2.5) 1081",2025-03-01,83.0,83.0,,15.0,8.0
Kashmir,Budgam,"SIDCO Complex Ompora Budgam (PM-10, PM-2.5) 1081",2025-04-01,65.0,65.0,33.0,16.0,9.0
Kashmir,Budgam,"SIDCO Complex Ompora Budgam (PM-10, PM-2.5) 1081",2025-05-01,53.0,53.0,,9.0,5.0
Kashmir,Budgam,"SIDCO Complex Ompora Budgam (PM-10, PM-2.5) 1081",2025-06-01,64.0,64.0,33.0,10.0,4.0
Kashmir,Budgam,"SIDCO Complex Ompora Budgam (PM-10, PM-2.5) 1081",2025-07-01,65.0,65.0,33.0,14.0,7.0
Kashmir,Budgam,"SIDCO Complex Ompora Budgam (PM-10, PM-2.5) 1081",2025-08-01,37.0,,37.0,,
Kashmir,Budgam,"SIDCO Complex Ompora Budgam (PM-10, PM-2.5) 1081",2025-09-01,36.0,,36.0,,
Kashmir,Budgam,"SIDCO Complex Ompora Budgam (PM-10, PM-2.5) 1081",2025-10-01,94.0,94.0,47.0,15.0,
Kashmir,Budgam,"SIDCO Complex Ompora Budgam (PM-10, PM-2.5) 1081",2025-11-01,99.0,99.0,52.0,17.0,
Kashmir,Budgam,"SIDCO Complex Ompora Budgam (PM-10, PM-2.5) 1081",2025-12-01,116.0,116.0,60.0,18.0,
Kashmir,Budgam,"SIDCO Complex Ompora Budgam (PM-10, PM-2.5) 1081",2026-01-01,111.0,111.0,80.0,23.0,
Kashmir,Budgam,"SIDCO Complex Ompora Budgam (PM-10, PM-2.5) 1081",2026-02-01,,,,,
Kashmir,Budgam,"SIDCO Complex Ompora Budgam (PM-10, PM-2.5) 1081",2026-03-01,,,,,
Kashmir,Ganderbal,"Ganderbal DFO Office (PM-10, PM-2.5) 1083",2022-01-01,,,,,
Kashmir,Ganderbal,"Ganderbal DFO Office (PM-10, PM-2.5) 1083",2022-02-01,,,,,
Kashmir,Ganderbal,"Ganderbal DFO Office (PM-10, PM-2.5) 1083",2022-03-01,,,,,
Kashmir,Ganderbal,"Ganderbal DFO Office (PM-10, PM-2.5) 1083",2022-04-01,,,,,
Kashmir,Ganderbal,"Ganderbal DFO Office (PM-10, PM-2.5) 1083",2022-05-01,,,,,
Kashmir,Ganderbal,"Ganderbal DFO Office (PM-10, PM-2.5) 1083",2022-06-01,,,,,
Kashmir,Ganderbal,"Ganderbal DFO Office (PM-10, PM-2.5) 1083",2022-07-01,,,,,
Kashmir,Ganderbal,"Ganderbal DFO Office (PM-10, PM-2.5) 1083",2022-08-01,,,,,
Kashmir,Ganderbal,"Ganderbal DFO Office (PM-10, PM-2.5) 1083",2022-09-01,,,,,
Kashmir,Ganderbal,"Ganderbal DFO Office (PM-10, PM-2.5) 1083",2022-10-01,,,,,
Kashmir,Ganderbal,"Ganderbal DFO Office (PM-10, PM-2.5) 1083",2022-11-01,,,,,
Kashmir,Ganderbal,"Ganderbal DFO Office (PM-10, PM-2.5) 1083",2022-12-01,89.0,51.0,37.0,12.0,7.0
Kashmir,Ganderbal,"Ganderbal DFO Office (PM-10, PM-2.5) 1083",2023-01-01,112.0,59.0,52.0,11.0,6.0
Kashmir,Ganderbal,"Ganderbal DFO Office (PM-10, PM-2.5) 1083",2023-02-01,108.0,61.0,46.0,13.0,7.0
Kashmir,Ganderbal,"Ganderbal DFO Office (PM-10, PM-2.5) 1083",2023-03-01,104.0,46.0,58.0,9.0,5.0
Kashmir,Ganderbal,"Ganderbal DFO Office (PM-10, PM-2.5) 1083",2023-04-01,,,,,
Kashmir,Ganderbal,"Ganderbal DFO Office (PM-10, PM-2.5) 1083",2023-05-01,,,,,
Kashmir,Ganderbal,"Ganderbal DFO Office (PM-10, PM-2.5) 1083",2023-06-01,,,,,
Kashmir,Ganderbal,"Ganderbal DFO Office (PM-10, PM-2.5) 1083",2023-07-01,,,,,
Kashmir,Ganderbal,"Ganderbal DFO Office (PM-10, PM-2.5) 1083",2023-08-01,,,,,
Kashmir,Ganderbal,"Ganderbal DFO Office (PM-10, PM-2.5) 1083",2023-09-01,,,,,
Kashmir,Ganderbal,"Ganderbal DFO Office (PM-10, PM-2.5) 1083",2023-10-01,,,,,
Kashmir,Ganderbal,"Ganderbal DFO Office (PM-10, PM-2.5) 1083",2023-11-01,,,,,
Kashmir,Ganderbal,"Ganderbal DFO Office (PM-10, PM-2.5) 1083",2023-12-01,,,,,
Kashmir,Ganderbal,"Ganderbal DFO Office (PM-10, PM-2.5) 1083",2024-01-01,,,,,
Kashmir,Ganderbal,"Ganderbal DFO Office (PM-10, PM-2.5) 1083",2024-02-01,119.0,119.0,60.0,22.0,10.0
Kashmir,Ganderbal,"Ganderbal DFO Office (PM-10, PM-2.5) 1083",2024-03-01,86.0,86.0,,19.0,8.0
Kashmir,Ganderbal,"Ganderbal DFO Office (PM-10, PM-2.5) 1083",2024-04-01,76.0,76.0,,20.0,8.0
Kashmir,Ganderbal,"Ganderbal DFO Office (PM-10, PM-2.5) 1083",2024-05-01,,,,,
Kashmir,Ganderbal,"Ganderbal DFO Office (PM-10, PM-2.5) 1083",2024-06-01,,,,,
Kashmir,Ganderbal,"Ganderbal DFO Office (PM-10, PM-2.5) 1083",2024-07-01,,,,,
Kashmir,Ganderbal,"Ganderbal DFO Office (PM-10, PM-2.5) 1083",2024-08-01,,,,,
Kashmir,Ganderbal,"Ganderbal DFO Office (PM-10, PM-2.5) 1083",2024-09-01,,,,,
Kashmir,Ganderbal,"Ganderbal DFO Office (PM-10, PM-2.5) 1083",2024-10-01,,,,,
Kashmir,Ganderbal,"Ganderbal DFO Office (PM-10, PM-2.5) 1083",2024-11-01,127.0,127.0,17.0,26.0,9.0
Kashmir,Ganderbal,"Ganderbal DFO Office (PM-10, PM-2.5) 1083",2024-12-01,,108.0,59.0,13.0,7.0
Kashmir,Ganderbal,"Ganderbal DFO Office (PM-10, PM-2.5) 1083",2025-01-01,107.0,107.0,58.0,6.0,3.0
Kashmir,Ganderbal,"Ganderbal DFO Office (PM-10, PM-2.5) 1083",2025-02-01,101.0,101.0,47.0,15.0,8.0
Kashmir,Ganderbal,"Ganderbal DFO Office (PM-10, PM-2.5) 1083",2025-03-01,76.0,76.0,,10.0,4.0
Kashmir,Ganderbal,"Ganderbal DFO Office (PM-10, PM-2.5) 1083",2025-04-01,78.0,78.0,,11.0,6.0
Kashmir,Ganderbal,"Ganderbal DFO Office (PM-10, PM-2.5) 1083",2025-05-01,67.0,67.0,,7.0,4.0
Kashmir,Ganderbal,"Ganderbal DFO Office (PM-10, PM-2.5) 1083",2025-06-01,73.0,73.0,,13.0,5.0
Kashmir,Ganderbal,"Ganderbal DFO Office (PM-10, PM-2.5) 1083",2025-07-01,71.0,71.0,,10.0,5.0
Kashmir,Ganderbal,"Ganderbal DFO Office (PM-10, PM-2.5) 1083",2025-08-01,66.0,66.0,,12.0,6.0
Kashmir,Ganderbal,"Ganderbal DFO Office (PM-10, PM-2.5) 1083",2025-09-01,69.0,69.0,,12.0,6.0
Kashmir,Ganderbal,"Ganderbal DFO Office (PM-10, PM-2.5) 1083",2025-10-01,90.0,90.0,11.0,9.0,
Kashmir,Ganderbal,"Ganderbal DFO Office (PM-10, PM-2.5) 1083",2025-11-01,,92.0,45.0,15.0,
Kashmir,Ganderbal,"Ganderbal DFO Office (PM-10, PM-2.5) 1083",2025-12-01,,97.0,48.0,15.0,
Kashmir,Ganderbal,"Ganderbal DFO Office (PM-10, PM-2.5) 1083",2026-01-01,87.0,87.0,40.0,16.0,
Kashmir,Ganderbal,"Ganderbal DFO Office (PM-10, PM-2.5) 1083",2026-02-01,87.0,87.0,38.0,16.0,
Kashmir,Ganderbal,"Ganderbal DFO Office (PM-10, PM-2.5) 1083",2026-03-01,,,,,
Kashmir,Kulgam,"Kulgam near D.I.C Building (PM-10, PM-2.5) 1086",2022-01-01,,,,,
Kashmir,Kulgam,"Kulgam near D.I.C Building (PM-10, PM-2.5) 1086",2022-02-01,,,,,
Kashmir,Kulgam,"Kulgam near D.I.C Building (PM-10, PM-2.5) 1086",2022-03-01,,,,,
Kashmir,Kulgam,"Kulgam near D.I.C Building (PM-10, PM-2.5) 1086",2022-04-01,,,,,
Kashmir,Kulgam,"Kulgam near D.I.C Building (PM-10, PM-2.5) 1086",2022-05-01,,,,,
Kashmir,Kulgam,"Kulgam near D.I.C Building (PM-10, PM-2.5) 1086",2022-06-01,,,,,
Kashmir,Kulgam,"Kulgam near D.I.C Building (PM-10, PM-2.5) 1086",2022-07-01,,,,,
Kashmir,Kulgam,"Kulgam near D.I.C Building (PM-10, PM-2.5) 1086",2022-08-01,,,,,
Kashmir,Kulgam,"Kulgam near D.I.C Building (PM-10, PM-2.5) 1086",2022-09-01,,,,,
Kashmir,Kulgam,"Kulgam near D.I.C Building (PM-10, PM-2.5) 1086",2022-10-01,,,,,
Kashmir,Kulgam,"Kulgam near D.I.C Building (PM-10, PM-2.5) 1086",2022-11-01,,,,,
Kashmir,Kulgam,"Kulgam near D.I.C Building (PM-10, PM-2.5) 1086",2022-12-01,89.0,53.0,36.0,11.0,7.0
Kashmir,Kulgam,"Kulgam near D.I.C Building (PM-10, PM-2.5) 1086",2023-01-01,101.0,61.0,40.0,13.0,7.0
Kashmir,Kulgam,"Kulgam near D.I.C Building (PM-10, PM-2.5) 1086",2023-02-01,119.0,63.0,55.0,13.0,7.0
Kashmir,Kulgam,"Kulgam near D.I.C Building (PM-10, PM-2.5) 1086",2023-03-01,103.0,68.0,35.0,13.0,7.0
Kashmir,Kulgam,"Kulgam near D.I.C Building (PM-10, PM-2.5) 1086",2023-04-01,,,,,
Kashmir,Kulgam,"Kulgam near D.I.C Building (PM-10, PM-2.5) 1086",2023-05-01,,,,,
Kashmir,Kulgam,"Kulgam near D.I.C Building (PM-10, PM-2.5) 1086",2023-06-01,,,,,
Kashmir,Kulgam,"Kulgam near D.I.C Building (PM-10, PM-2.5) 1086",2023-07-01,,,,,
Kashmir,Kulgam,"Kulgam near D.I.C Building (PM-10, PM-2.5) 1086",2023-08-01,,,,,
Kashmir,Kulgam,"Kulgam near D.I.C Building (PM-10, PM-2.5) 1086",2023-09-01,,,,,
Kashmir,Kulgam,"Kulgam near D.I.C Building (PM-10, PM-2.5) 1086",2023-10-01,,,,,
Kashmir,Kulgam,"Kulgam near D.I.C Building (PM-10, PM-2.5) 1086",2023-11-01,,,,,
Kashmir,Kulgam,"Kulgam near D.I.C Building (PM-10, PM-2.5) 1086",2023-12-01,,50.0,,,
Kashmir,Kulgam,"Kulgam near D.I.C Building (PM-10, PM-2.5) 1086",2024-01-01,,,,,
Kashmir,Kulgam,"Kulgam near D.I.C Building (PM-10, PM-2.5) 1086",2024-02-01,94.0,94.0,67.0,23.0,12.0
Kashmir,Kulgam,"Kulgam near D.I.C Building (PM-10, PM-2.5) 1086",2024-03-01,93.0,,93.0,,
Kashmir,Kulgam,"Kulgam near D.I.C Building (PM-10, PM-2.5) 1086",2024-04-01,99.0,,99.0,,
Kashmir,Kulgam,"Kulgam near D.I.C Building (PM-10, PM-2.5) 1086",2024-05-01,,,,,
Kashmir,Kulgam,"Kulgam near D.I.C Building (PM-10, PM-2.5) 1086",2024-06-01,,,,,
Kashmir,Kulgam,"Kulgam near D.I.C Building (PM-10, PM-2.5) 1086",2024-07-01,,,,,
Kashmir,Kulgam,"Kulgam near D.I.C Building (PM-10, PM-2.5) 1086",2024-08-01,,,,,
Kashmir,Kulgam,"Kulgam near D.I.C Building (PM-10, PM-2.5) 1086",2024-09-01,,,,,
Kashmir,Kulgam,"Kulgam near D.I.C Building (PM-10, PM-2.5) 1086",2024-10-01,,,,,
Kashmir,Kulgam,"Kulgam near D.I.C Building (PM-10, PM-2.5) 1086",2024-11-01,141.0,134.0,64.0,18.0,3.0
Kashmir,Kulgam,"Kulgam near D.I.C Building (PM-10, PM-2.5) 1086",2024-12-01,125.0,,45.0,17.0,10.0
Kashmir,Kulgam,"Kulgam near D.I.C Building (PM-10, PM-2.5) 1086",2025-01-01,106.0,106.0,46.0,12.0,8.0
Kashmir,Kulgam,"Kulgam near D.I.C Building (PM-10, PM-2.5) 1086",2025-02-01,83.0,83.0,32.0,16.0,10.0
Kashmir,Kulgam,"Kulgam near D.I.C Building (PM-10, PM-2.5) 1086",2025-03-01,64.0,64.0,26.0,4.0,2.0
Kashmir,Kulgam,"Kulgam near D.I.C Building (PM-10, PM-2.5) 1086",2025-04-01,82.0,82.0,48.0,12.0,5.0
Kashmir,Kulgam,"Kulgam near D.I.C Building (PM-10, PM-2.5) 1086",2025-05-01,68.0,68.0,17.0,12.0,6.0
Kashmir,Kulgam,"Kulgam near D.I.C Building (PM-10, PM-2.5) 1086",2025-06-01,67.0,67.0,41.0,5.0,2.0
Kashmir,Kulgam,"Kulgam near D.I.C Building (PM-10, PM-2.5) 1086",2025-07-01,58.0,58.0,27.0,11.0,5.0
Kashmir,Kulgam,"Kulgam near D.I.C Building (PM-10, PM-2.5) 1086",2025-08-01,76.0,76.0,47.0,9.0,4.0
Kashmir,Kulgam,"Kulgam near D.I.C Building (PM-10, PM-2.5) 1086",2025-09-01,64.0,64.0,28.0,11.0,5.0
Kashmir,Kulgam,"Kulgam near D.I.C Building (PM-10, PM-2.5) 1086",2025-10-01,105.0,105.0,14.0,11.0,
Kashmir,Kulgam,"Kulgam near D.I.C Building (PM-10, PM-2.5) 1086",2025-11-01,122.0,122.0,,16.0,
Kashmir,Kulgam,"Kulgam near D.I.C Building (PM-10, PM-2.5) 1086",2025-12-01,129.0,129.0,,16.0,
Kashmir,Kulgam,"Kulgam near D.I.C Building (PM-10, PM-2.5) 1086",2026-01-01,107.0,107.0,,17.0,
Kashmir,Kulgam,"Kulgam near D.I.C Building (PM-10, PM-2.5) 1086",2026-02-01,49.0,49.0,,19.0,
Kashmir,Kulgam,"Kulgam near D.I.C Building (PM-10, PM-2.5) 1086",2026-03-01,,,,,
Kashmir,Kupwara,"Kupwara JKPCC (PM-10, PM-2.5)",2022-01-01,,,,,
Kashmir,Kupwara,"Kupwara JKPCC (PM-10, PM-2.5)",2022-02-01,,,,,
Kashmir,Kupwara,"Kupwara JKPCC (PM-10, PM-2.5)",2022-03-01,,,,,
Kashmir,Kupwara,"Kupwara JKPCC (PM-10, PM-2.5)",2022-04-01,,,,,
Kashmir,Kupwara,"Kupwara JKPCC (PM-10, PM-2.5)",2022-05-01,,,,,
Kashmir,Kupwara,"Kupwara JKPCC (PM-10, PM-2.5)",2022-06-01,,,,,
Kashmir,Kupwara,"Kupwara JKPCC (PM-10, PM-2.5)",2022-07-01,,,,,
Kashmir,Kupwara,"Kupwara JKPCC (PM-10, PM-2.5)",2022-08-01,,,,,
Kashmir,Kupwara,"Kupwara JKPCC (PM-10, PM-2.5)",2022-09-01,,,,,
Kashmir,Kupwara,"Kupwara JKPCC (PM-10, PM-2.5)",2022-10-01,,,,,
Kashmir,Kupwara,"Kupwara JKPCC (PM-10, PM-2.5)",2022-11-01,,,,,
Kashmir,Kupwara,"Kupwara JKPCC (PM-10, PM-2.5)",2022-12-01,,,,,
Kashmir,Kupwara,"Kupwara JKPCC (PM-10, PM-2.5)",2023-01-01,,,,,
Kashmir,Kupwara,"Kupwara JKPCC (PM-10, PM-2.5)",2023-02-01,,,,,
Kashmir,Kupwara,"Kupwara JKPCC (PM-10, PM-2.5)",2023-03-01,,,,,
Kashmir,Kupwara,"Kupwara JKPCC (PM-10, PM-2.5)",2023-04-01,,,,,
Kashmir,Kupwara,"Kupwara JKPCC (PM-10, PM-2.5)",2023-05-01,,,,,
Kashmir,Kupwara,"Kupwara JKPCC (PM-10, PM-2.5)",2023-06-01,,,,,
Kashmir,Kupwara,"Kupwara JKPCC (PM-10, PM-2.5)",2023-07-01,,,,,
Kashmir,Kupwara,"Kupwara JKPCC (PM-10, PM-2.5)",2023-08-01,,,,,
Kashmir,Kupwara,"Kupwara JKPCC (PM-10, PM-2.5)",2023-09-01,,,,,
Kashmir,Kupwara,"Kupwara JKPCC (PM-10, PM-2.5)",2023-10-01,,,,,
Kashmir,Kupwara,"Kupwara JKPCC (PM-10, PM-2.5)",2023-11-01,,,,,
Kashmir,Kupwara,"Kupwara JKPCC (PM-10, PM-2.5)",2023-12-01,,,,,
Kashmir,Kupwara,"Kupwara JKPCC (PM-10, PM-2.5)",2024-01-01,,,,,
Kashmir,Kupwara,"Kupwara JKPCC (PM-10, PM-2.5)",2024-02-01,,,,,
Kashmir,Kupwara,"Kupwara JKPCC (PM-10, PM-2.5)",2024-03-01,,,,,
Kashmir,Kupwara,"Kupwara JKPCC (PM-10, PM-2.5)",2024-04-01,,,,,
Kashmir,Kupwara,"Kupwara JKPCC (PM-10, PM-2.5)",2024-05-01,,,,,
Kashmir,Kupwara,"Kupwara JKPCC (PM-10, PM-2.5)",2024-06-01,,,,,
Kashmir,Kupwara,"Kupwara JKPCC (PM-10, PM-2.5)",2024-07-01,,,,,
Kashmir,Kupwara,"Kupwara JKPCC (PM-10, PM-2.5)",2024-08-01,,,,,
Kashmir,Kupwara,"Kupwara JKPCC (PM-10, PM-2.5)",2024-09-01,,,,,
Kashmir,Kupwara,"Kupwara JKPCC (PM-10, PM-2.5)",2024-10-01,,,,,
Kashmir,Kupwara,"Kupwara JKPCC (PM-10, PM-2.5)",2024-11-01,,,,,
Kashmir,Kupwara,"Kupwara JKPCC (PM-10, PM-2.5)",2024-12-01,,,,,
Kashmir,Kupwara,"Kupwara JKPCC (PM-10, PM-2.5)",2025-01-01,81.0,81.0,,15.0,7.0
Kashmir,Kupwara,"Kupwara JKPCC (PM-10, PM-2.5)",2025-02-01,61.0,61.0,,15.0,8.0
Kashmir,Kupwara,"Kupwara JKPCC (PM-10, PM-2.5)",2025-03-01,69.0,69.0,,12.0,6.0
Kashmir,Kupwara,"Kupwara JKPCC (PM-10, PM-2.5)",2025-04-01,49.0,49.0,,8.0,4.0
Kashmir,Kupwara,"Kupwara JKPCC (PM-10, PM-2.5)",2025-05-01,70.0,70.0,,15.0,7.0
Kashmir,Kupwara,"Kupwara JKPCC (PM-10, PM-2.5)",2025-06-01,,,,,
Kashmir,Kupwara,"Kupwara JKPCC (PM-10, PM-2.5)",2025-07-01,47.0,,47.0,,
Kashmir,Kupwara,"Kupwara JKPCC (PM-10, PM-2.5)",2025-08-01,43.0,,43.0,,
Kashmir,Kupwara,"Kupwara JKPCC (PM-10, PM-2.5)",2025-09-01,31.0,,31.0,,
Kashmir,Kupwara,"Kupwara JKPCC (PM-10, PM-2.5)",2025-10-01,38.0,,38.0,,
Kashmir,Kupwara,"Kupwara JKPCC (PM-10, PM-2.5)",2025-11-01,,,38.0,,
Kashmir,Kupwara,"Kupwara JKPCC (PM-10, PM-2.5)",2025-12-01,,,38.0,,
Kashmir,Kupwara,"Kupwara JKPCC (PM-10, PM-2.5)",2026-01-01,68.0,68.0,42.0,12.0,
Kashmir,Kupwara,"Kupwara JKPCC (PM-10, PM-2.5)",2026-02-01,,,,,
Kashmir,Kupwara,"Kupwara JKPCC (PM-10, PM-2.5)",2026-03-01,,,,,
Kashmir,Pulwama,"I.G.C Lassipora Pulwama (PM-10, PM-2.5) 1082",2022-01-01,,,,,
Kashmir,Pulwama,"I.G.C Lassipora Pulwama (PM-10, PM-2.5) 1082",2022-02-01,,,,,
Kashmir,Pulwama,"I.G.C Lassipora Pulwama (PM-10, PM-2.5) 1082",2022-03-01,,,,,
Kashmir,Pulwama,"I.G.C Lassipora Pulwama (PM-10, PM-2.5) 1082",2022-04-01,,,,,
Kashmir,Pulwama,"I.G.C Lassipora Pulwama (PM-10, PM-2.5) 1082",2022-05-01,,,,,
Kashmir,Pulwama,"I.G.C Lassipora Pulwama (PM-10, PM-2.5) 1082",2022-06-01,,,,,
Kashmir,Pulwama,"I.G.C Lassipora Pulwama (PM-10, PM-2.5) 1082",2022-07-01,,,,,
Kashmir,Pulwama,"I.G.C Lassipora Pulwama (PM-10, PM-2.5) 1082",2022-08-01,,,,,
Kashmir,Pulwama,"I.G.C Lassipora Pulwama (PM-10, PM-2.5) 1082",2022-09-01,,,,,
Kashmir,Pulwama,"I.G.C Lassipora Pulwama (PM-10, PM-2.5) 1082",2022-10-01,,,,,
Kashmir,Pulwama,"I.G.C Lassipora Pulwama (PM-10, PM-2.5) 1082",2022-11-01,,,,,
Kashmir,Pulwama,"I.G.C Lassipora Pulwama (PM-10, PM-2.5) 1082",2022-12-01,83.0,49.0,33.0,15.0,9.0
Kashmir,Pulwama,"I.G.C Lassipora Pulwama (PM-10, PM-2.5) 1082",2023-01-01,116.0,69.0,46.0,13.0,7.0
Kashmir,Pulwama,"I.G.C Lassipora Pulwama (PM-10, PM-2.5) 1082",2023-02-01,114.0,67.0,47.0,14.0,8.0
Kashmir,Pulwama,"I.G.C Lassipora Pulwama (PM-10, PM-2.5) 1082",2023-03-01,124.0,76.0,48.0,16.0,9.0
Kashmir,Pulwama,"I.G.C Lassipora Pulwama (PM-10, PM-2.5) 1082",2023-04-01,,,,,
Kashmir,Pulwama,"I.G.C Lassipora Pulwama (PM-10, PM-2.5) 1082",2023-05-01,,,,,
Kashmir,Pulwama,"I.G.C Lassipora Pulwama (PM-10, PM-2.5) 1082",2023-06-01,,,,,
Kashmir,Pulwama,"I.G.C Lassipora Pulwama (PM-10, PM-2.5) 1082",2023-07-01,,,,,
Kashmir,Pulwama,"I.G.C Lassipora Pulwama (PM-10, PM-2.5) 1082",2023-08-01,,,,,
Kashmir,Pulwama,"I.G.C Lassipora Pulwama (PM-10, PM-2.5) 1082",2023-09-01,,,,,
Kashmir,Pulwama,"I.G.C Lassipora Pulwama (PM-10, PM-2.5) 1082",2023-10-01,,,,,
Kashmir,Pulwama,"I.G.C Lassipora Pulwama (PM-10, PM-2.5) 1082",2023-11-01,,,,,
Kashmir,Pulwama,"I.G.C Lassipora Pulwama (PM-10, PM-2.5) 1082",2023-12-01,,,36.0,,
Kashmir,Pulwama,"I.G.C Lassipora Pulwama (PM-10, PM-2.5) 1082",2024-01-01,145.0,145.0,,22.0,
Kashmir,Pulwama,"I.G.C Lassipora Pulwama (PM-10, PM-2.5) 1082",2024-02-01,142.0,142.0,48.0,25.0,13.0
Kashmir,Pulwama,"I.G.C Lassipora Pulwama (PM-10, PM-2.5) 1082",2024-03-01,126.0,126.0,63.0,19.0,9.0
Kashmir,Pulwama,"I.G.C Lassipora Pulwama (PM-10, PM-2.5) 1082",2024-04-01,124.0,124.0,50.0,22.0,11.0
Kashmir,Pulwama,"I.G.C Lassipora Pulwama (PM-10, PM-2.5) 1082",2024-05-01,,,,,
Kashmir,Pulwama,"I.G.C Lassipora Pulwama (PM-10, PM-2.5) 1082",2024-06-01,,,,,
Kashmir,Pulwama,"I.G.C Lassipora Pulwama (PM-10, PM-2.5) 1082",2024-07-01,,,,,
Kashmir,Pulwama,"I.G.C Lassipora Pulwama (PM-10, PM-2.5) 1082",2024-08-01,,,,,
Kashmir,Pulwama,"I.G.C Lassipora Pulwama (PM-10, PM-2.5) 1082",2024-09-01,,,,,
Kashmir,Pulwama,"I.G.C Lassipora Pulwama (PM-10, PM-2.5) 1082",2024-10-01,,,,,
Kashmir,Pulwama,"I.G.C Lassipora Pulwama (PM-10, PM-2.5) 1082",2024-11-01,,150.0,10.0,10.0,4.0
Kashmir,Pulwama,"I.G.C Lassipora Pulwama (PM-10, PM-2.5) 1082",2024-12-01,,146.0,,19.0,13.0
Kashmir,Pulwama,"I.G.C Lassipora Pulwama (PM-10, PM-2.5) 1082",2025-01-01,153.0,153.0,10.0,22.0,16.0
Kashmir,Pulwama,"I.G.C Lassipora Pulwama (PM-10, PM-2.5) 1082",2025-02-01,148.0,148.0,46.0,24.0,19.0
Kashmir,Pulwama,"I.G.C Lassipora Pulwama (PM-10, PM-2.5) 1082",2025-03-01,141.0,141.0,34.0,9.0,8.0
Kashmir,Pulwama,"I.G.C Lassipora Pulwama (PM-10, PM-2.5) 1082",2025-04-01,111.0,111.0,46.0,15.0,10.0
Kashmir,Pulwama,"I.G.C Lassipora Pulwama (PM-10, PM-2.5) 1082",2025-05-01,163.0,163.0,74.0,24.0,11.0
Kashmir,Pulwama,"I.G.C Lassipora Pulwama (PM-10, PM-2.5) 1082",2025-06-01,144.0,144.0,66.0,10.0,6.0
Kashmir,Pulwama,"I.G.C Lassipora Pulwama (PM-10, PM-2.5) 1082",2025-07-01,142.0,142.0,69.0,22.0,12.0
Kashmir,Pulwama,"I.G.C Lassipora Pulwama (PM-10, PM-2.5) 1082",2025-08-01,146.0,146.0,69.0,18.0,10.0
Kashmir,Pulwama,"I.G.C Lassipora Pulwama (PM-10, PM-2.5) 1082",2025-09-01,140.0,140.0,56.0,26.0,13.0
Kashmir,Pulwama,"I.G.C Lassipora Pulwama (PM-10, PM-2.5) 1082",2025-10-01,137.0,137.0,58.0,22.0,
Kashmir,Pulwama,"I.G.C Lassipora Pulwama (PM-10, PM-2.5) 1082",2025-11-01,108.0,98.0,49.0,16.0,
Kashmir,Pulwama,"I.G.C Lassipora Pulwama (PM-10, PM-2.5) 1082",2025-12-01,,136.0,62.0,27.0,
Kashmir,Pulwama,"I.G.C Lassipora Pulwama (PM-10, PM-2.5) 1082",2026-01-01,144.0,144.0,60.0,32.0,
Kashmir,Pulwama,"I.G.C Lassipora Pulwama (PM-10, PM-2.5) 1082",2026-02-01,,,,,
Kashmir,Pulwama,"I.G.C Lassipora Pulwama (PM-10, PM-2.5) 1082",2026-03-01,,,,,
Kashmir,Pulwama,Khrew Pulwama (PM-10) 912,2022-01-01,137.0,137.0,,33.0,13.0
Kashmir,Pulwama,Khrew Pulwama (PM-10) 912,2022-02-01,140.0,140.0,,23.0,12.0
Kashmir,Pulwama,Khrew Pulwama (PM-10) 912,2022-03-01,105.0,105.0,,30.0,12.0
Kashmir,Pulwama,Khrew Pulwama (PM-10) 912,2022-04-01,118.0,118.0,,32.0,12.0
Kashmir,Pulwama,Khrew Pulwama (PM-10) 912,2022-05-01,124.0,124.0,,33.0,11.0
Kashmir,Pulwama,Khrew Pulwama (PM-10) 912,2022-06-01,134.0,134.0,,27.0,11.0
Kashmir,Pulwama,Khrew Pulwama (PM-10) 912,2022-07-01,124.0,124.0,,29.0,14.0
Kashmir,Pulwama,Khrew Pulwama (PM-10) 912,2022-08-01,111.0,111.0,,28.0,13.0
Kashmir,Pulwama,Khrew Pulwama (PM-10) 912,2022-09-01,127.0,127.0,,23.0,11.0
Kashmir,Pulwama,Khrew Pulwama (PM-10) 912,2022-10-01,,112.0,,29.0,16.0
Kashmir,Pulwama,Khrew Pulwama (PM-10) 912,2022-11-01,,126.0,,33.0,23.0
Kashmir,Pulwama,Khrew Pulwama (PM-10) 912,2022-12-01,,106.0,,34.0,23.0
Kashmir,Pulwama,Khrew Pulwama (PM-10) 912,2023-01-01,127.0,127.0,,32.0,20.0
Kashmir,Pulwama,Khrew Pulwama (PM-10) 912,2023-02-01,125.0,125.0,,27.0,16.0
Kashmir,Pulwama,Khrew Pulwama (PM-10) 912,2023-03-01,132.0,132.0,,28.0,16.0
Kashmir,Pulwama,Khrew Pulwama (PM-10) 912,2023-04-01,142.0,142.0,,30.0,17.0
Kashmir,Pulwama,Khrew Pulwama (PM-10) 912,2023-05-01,138.0,138.0,,29.0,16.0
Kashmir,Pulwama,Khrew Pulwama (PM-10) 912,2023-06-01,104.0,104.0,,26.0,15.0
Kashmir,Pulwama,Khrew Pulwama (PM-10) 912,2023-07-01,112.0,112.0,,25.0,13.0
Kashmir,Pulwama,Khrew Pulwama (PM-10) 912,2023-08-01,113.0,113.0,,22.0,10.0
Kashmir,Pulwama,Khrew Pulwama (PM-10) 912,2023-09-01,125.0,125.0,,27.0,15.0
Kashmir,Pulwama,Khrew Pulwama (PM-10) 912,2023-10-01,114.0,114.0,,21.0,10.0
Kashmir,Pulwama,Khrew Pulwama (PM-10) 912,2023-11-01,128.0,128.0,,22.0,10.0
Kashmir,Pulwama,Khrew Pulwama (PM-10) 912,2023-12-01,131.0,131.0,,13.0,
Kashmir,Pulwama,Khrew Pulwama (PM-10) 912,2024-01-01,124.0,124.0,,22.0,1.0
Kashmir,Pulwama,Khrew Pulwama (PM-10) 912,2024-02-01,117.0,117.0,,24.0,13.0
Kashmir,Pulwama,Khrew Pulwama (PM-10) 912,2024-03-01,112.0,112.0,,24.0,12.0
Kashmir,Pulwama,Khrew Pulwama (PM-10) 912,2024-04-01,92.0,92.0,,20.0,8.0
Kashmir,Pulwama,Khrew Pulwama (PM-10) 912,2024-05-01,115.0,115.0,,23.0,10.0
Kashmir,Pulwama,Khrew Pulwama (PM-10) 912,2024-06-01,117.0,117.0,,19.0,11.0
Kashmir,Pulwama,Khrew Pulwama (PM-10) 912,2024-07-01,115.0,115.0,,15.0,10.0
Kashmir,Pulwama,Khrew Pulwama (PM-10) 912,2024-08-01,120.0,120.0,,16.0,8.0
Kashmir,Pulwama,Khrew Pulwama (PM-10) 912,2024-09-01,116.0,116.0,,17.0,12.0
Kashmir,Pulwama,Khrew Pulwama (PM-10) 912,2024-10-01,117.0,117.0,,19.0,12.0
Kashmir,Pulwama,Khrew Pulwama (PM-10) 912,2024-11-01,126.0,126.0,,16.0,
Kashmir,Pulwama,Khrew Pulwama (PM-10) 912,2024-12-01,133.0,133.0,,16.0,9.0
Kashmir,Pulwama,Khrew Pulwama (PM-10) 912,2025-01-01,100.0,100.0,,20.0,14.0
Kashmir,Pulwama,Khrew Pulwama (PM-10) 912,2025-02-01,75.0,75.0,,20.0,14.0
Kashmir,Pulwama,Khrew Pulwama (PM-10) 912,2025-03-01,71.0,71.0,,19.0,12.0
Kashmir,Pulwama,Khrew Pulwama (PM-10) 912,2025-04-01,111.0,111.0,,21.0,11.0
Kashmir,Pulwama,Khrew Pulwama (PM-10) 912,2025-05-01,81.0,81.0,,21.0,10.0
Kashmir,Pulwama,Khrew Pulwama (PM-10) 912,2025-06-01,90.0,90.0,,20.0,9.0
Kashmir,Pulwama,Khrew Pulwama (PM-10) 912,2025-07-01,90.0,90.0,,19.0,12.0
Kashmir,Pulwama,Khrew Pulwama (PM-10) 912,2025-08-01,81.0,81.0,,10.0,5.0
Kashmir,Pulwama,Khrew Pulwama (PM-10) 912,2025-09-01,73.0,73.0,,17.0,7.0
Kashmir,Pulwama,Khrew Pulwama (PM-10) 912,2025-10-01,98.0,98.0,,14.0,
Kashmir,Pulwama,Khrew Pulwama (PM-10) 912,2025-11-01,113.0,,,,
Kashmir,Pulwama,Khrew Pulwama (PM-10) 912,2025-12-01,117.0,,,,
Kashmir,Pulwama,Khrew Pulwama (PM-10) 912,2026-01-01,108.0,108.0,,23.0,
Kashmir,Pulwama,Khrew Pulwama (PM-10) 912,2026-02-01,122.0,122.0,,21.0,
Kashmir,Pulwama,Khrew Pulwama (PM-10) 912,2026-03-01,,,,,
Kashmir,Shopian,"Shopian Bongam  (PM-10, PM-2.5) 1080",2022-01-01,,,,,
Kashmir,Shopian,"Shopian Bongam  (PM-10, PM-2.5) 1080",2022-02-01,,,,,
Kashmir,Shopian,"Shopian Bongam  (PM-10, PM-2.5) 1080",2022-03-01,,,,,
Kashmir,Shopian,"Shopian Bongam  (PM-10, PM-2.5) 1080",2022-04-01,,,,,
Kashmir,Shopian,"Shopian Bongam  (PM-10, PM-2.5) 1080",2022-05-01,,,,,
Kashmir,Shopian,"Shopian Bongam  (PM-10, PM-2.5) 1080",2022-06-01,,,,,
Kashmir,Shopian,"Shopian Bongam  (PM-10, PM-2.5) 1080",2022-07-01,,,,,
Kashmir,Shopian,"Shopian Bongam  (PM-10, PM-2.5) 1080",2022-08-01,,,,,
Kashmir,Shopian,"Shopian Bongam  (PM-10, PM-2.5) 1080",2022-09-01,,,,,
Kashmir,Shopian,"Shopian Bongam  (PM-10, PM-2.5) 1080",2022-10-01,,,,,
Kashmir,Shopian,"Shopian Bongam  (PM-10, PM-2.5) 1080",2022-11-01,,,,,
Kashmir,Shopian,"Shopian Bongam  (PM-10, PM-2.5) 1080",2022-12-01,113.0,68.0,44.0,11.0,6.0
Kashmir,Shopian,"Shopian Bongam  (PM-10, PM-2.5) 1080",2023-01-01,105.0,64.0,40.0,10.0,5.0
Kashmir,Shopian,"Shopian Bongam  (PM-10, PM-2.5) 1080",2023-02-01,104.0,65.0,39.0,12.0,7.0
Kashmir,Shopian,"Shopian Bongam  (PM-10, PM-2.5) 1080",2023-03-01,99.0,43.0,56.0,7.0,3.0
Kashmir,Shopian,"Shopian Bongam  (PM-10, PM-2.5) 1080",2023-04-01,,,,,
Kashmir,Shopian,"Shopian Bongam  (PM-10, PM-2.5) 1080",2023-05-01,,,,,
Kashmir,Shopian,"Shopian Bongam  (PM-10, PM-2.5) 1080",2023-06-01,,,,,
Kashmir,Shopian,"Shopian Bongam  (PM-10, PM-2.5) 1080",2023-07-01,,,,,
Kashmir,Shopian,"Shopian Bongam  (PM-10, PM-2.5) 1080",2023-08-01,,,,,
Kashmir,Shopian,"Shopian Bongam  (PM-10, PM-2.5) 1080",2023-09-01,,,,,
Kashmir,Shopian,"Shopian Bongam  (PM-10, PM-2.5) 1080",2023-10-01,,,,,
Kashmir,Shopian,"Shopian Bongam  (PM-10, PM-2.5) 1080",2023-11-01,,,,,
Kashmir,Shopian,"Shopian Bongam  (PM-10, PM-2.5) 1080",2023-12-01,,66.0,31.0,,
Kashmir,Shopian,"Shopian Bongam  (PM-10, PM-2.5) 1080",2024-01-01,125.0,125.0,,12.0,
Kashmir,Shopian,"Shopian Bongam  (PM-10, PM-2.5) 1080",2024-02-01,123.0,123.0,61.0,20.0,9.0
Kashmir,Shopian,"Shopian Bongam  (PM-10, PM-2.5) 1080",2024-03-01,96.0,85.0,48.0,12.0,5.0
Kashmir,Shopian,"Shopian Bongam  (PM-10, PM-2.5) 1080",2024-04-01,46.0,,46.0,,
Kashmir,Shopian,"Shopian Bongam  (PM-10, PM-2.5) 1080",2024-05-01,,,,,
Kashmir,Shopian,"Shopian Bongam  (PM-10, PM-2.5) 1080",2024-06-01,,,,,
Kashmir,Shopian,"Shopian Bongam  (PM-10, PM-2.5) 1080",2024-07-01,,,,,
Kashmir,Shopian,"Shopian Bongam  (PM-10, PM-2.5) 1080",2024-08-01,,,,,
Kashmir,Shopian,"Shopian Bongam  (PM-10, PM-2.5) 1080",2024-09-01,,,,,
Kashmir,Shopian,"Shopian Bongam  (PM-10, PM-2.5) 1080",2024-10-01,,,,,
Kashmir,Shopian,"Shopian Bongam  (PM-10, PM-2.5) 1080",2024-11-01,176.0,176.0,,14.0,5.0
Kashmir,Shopian,"Shopian Bongam  (PM-10, PM-2.5) 1080",2024-12-01,115.0,115.0,59.0,4.0,2.0
Kashmir,Shopian,"Shopian Bongam  (PM-10, PM-2.5) 1080",2025-01-01,120.0,120.0,54.0,3.0,3.0
Kashmir,Shopian,"Shopian Bongam  (PM-10, PM-2.5) 1080",2025-02-01,119.0,119.0,52.0,13.0,8.0
Kashmir,Shopian,"Shopian Bongam  (PM-10, PM-2.5) 1080",2025-03-01,84.0,70.0,29.0,7.0,3.0
Kashmir,Shopian,"Shopian Bongam  (PM-10, PM-2.5) 1080",2025-04-01,122.0,122.0,48.0,6.0,4.0
Kashmir,Shopian,"Shopian Bongam  (PM-10, PM-2.5) 1080",2025-05-01,79.0,36.0,55.0,3.0,2.0
Kashmir,Shopian,"Shopian Bongam  (PM-10, PM-2.5) 1080",2025-06-01,113.0,113.0,,11.0,4.0
Kashmir,Shopian,"Shopian Bongam  (PM-10, PM-2.5) 1080",2025-07-01,71.0,30.0,41.0,2.0,
Kashmir,Shopian,"Shopian Bongam  (PM-10, PM-2.5) 1080",2025-08-01,129.0,129.0,,10.0,4.0
Kashmir,Shopian,"Shopian Bongam  (PM-10, PM-2.5) 1080",2025-09-01,129.0,129.0,,,
Kashmir,Shopian,"Shopian Bongam  (PM-10, PM-2.5) 1080",2025-10-01,122.0,122.0,,11.0,
Kashmir,Shopian,"Shopian Bongam  (PM-10, PM-2.5) 1080",2025-11-01,120.0,120.0,,16.0,
Kashmir,Shopian,"Shopian Bongam  (PM-10, PM-2.5) 1080",2025-12-01,125.0,125.0,,17.0,
Kashmir,Shopian,"Shopian Bongam  (PM-10, PM-2.5) 1080",2026-01-01,115.0,115.0,,17.0,
Kashmir,Shopian,"Shopian Bongam  (PM-10, PM-2.5) 1080",2026-02-01,107.0,107.0,,16.0,
Kashmir,Shopian,"Shopian Bongam  (PM-10, PM-2.5) 1080",2026-03-01,,,,,
Kashmir,Srinagar,"Bagh-Ali Mardan Khan (PM-10, PM-2.5) 1077",2022-01-01,,,,,
Kashmir,Srinagar,"Bagh-Ali Mardan Khan (PM-10, PM-2.5) 1077",2022-02-01,,,,,
Kashmir,Srinagar,"Bagh-Ali Mardan Khan (PM-10, PM-2.5) 1077",2022-03-01,,,,,
Kashmir,Srinagar,"Bagh-Ali Mardan Khan (PM-10, PM-2.5) 1077",2022-04-01,,,,,
Kashmir,Srinagar,"Bagh-Ali Mardan Khan (PM-10, PM-2.5) 1077",2022-05-01,,,,,
Kashmir,Srinagar,"Bagh-Ali Mardan Khan (PM-10, PM-2.5) 1077",2022-06-01,,,,,
Kashmir,Srinagar,"Bagh-Ali Mardan Khan (PM-10, PM-2.5) 1077",2022-07-01,,,,,
Kashmir,Srinagar,"Bagh-Ali Mardan Khan (PM-10, PM-2.5) 1077",2022-08-01,,,,,
Kashmir,Srinagar,"Bagh-Ali Mardan Khan (PM-10, PM-2.5) 1077",2022-09-01,,,,,
Kashmir,Srinagar,"Bagh-Ali Mardan Khan (PM-10, PM-2.5) 1077",2022-10-01,80.0,45.0,34.0,11.0,6.0
Kashmir,Srinagar,"Bagh-Ali Mardan Khan (PM-10, PM-2.5) 1077",2022-11-01,,,,,
Kashmir,Srinagar,"Bagh-Ali Mardan Khan (PM-10, PM-2.5) 1077",2022-12-01,109.0,66.0,42.0,15.0,9.0
Kashmir,Srinagar,"Bagh-Ali Mardan Khan (PM-10, PM-2.5) 1077",2023-01-01,108.0,65.0,43.0,13.0,7.0
Kashmir,Srinagar,"Bagh-Ali Mardan Khan (PM-10, PM-2.5) 1077",2023-02-01,109.0,74.0,35.0,15.0,9.0
Kashmir,Srinagar,"Bagh-Ali Mardan Khan (PM-10, PM-2.5) 1077",2023-03-01,121.0,97.0,23.0,19.0,11.0
Kashmir,Srinagar,"Bagh-Ali Mardan Khan (PM-10, PM-2.5) 1077",2023-04-01,,,,,
Kashmir,Srinagar,"Bagh-Ali Mardan Khan (PM-10, PM-2.5) 1077",2023-05-01,,,,,
Kashmir,Srinagar,"Bagh-Ali Mardan Khan (PM-10, PM-2.5) 1077",2023-06-01,,,,,
Kashmir,Srinagar,"Bagh-Ali Mardan Khan (PM-10, PM-2.5) 1077",2023-07-01,,,,,
Kashmir,Srinagar,"Bagh-Ali Mardan Khan (PM-10, PM-2.5) 1077",2023-08-01,,,,,
Kashmir,Srinagar,"Bagh-Ali Mardan Khan (PM-10, PM-2.5) 1077",2023-09-01,,,,,
Kashmir,Srinagar,"Bagh-Ali Mardan Khan (PM-10, PM-2.5) 1077",2023-10-01,,,,,
Kashmir,Srinagar,"Bagh-Ali Mardan Khan (PM-10, PM-2.5) 1077",2023-11-01,105.0,54.0,51.0,10.0,4.0
Kashmir,Srinagar,"Bagh-Ali Mardan Khan (PM-10, PM-2.5) 1077",2023-12-01,,72.0,31.0,,
Kashmir,Srinagar,"Bagh-Ali Mardan Khan (PM-10, PM-2.5) 1077",2024-01-01,138.0,138.0,,28.0,1.0
Kashmir,Srinagar,"Bagh-Ali Mardan Khan (PM-10, PM-2.5) 1077",2024-02-01,133.0,133.0,63.0,27.0,15.0
Kashmir,Srinagar,"Bagh-Ali Mardan Khan (PM-10, PM-2.5) 1077",2024-03-01,82.0,82.0,54.0,15.0,10.0
Kashmir,Srinagar,"Bagh-Ali Mardan Khan (PM-10, PM-2.5) 1077",2024-04-01,102.0,102.0,93.0,23.0,11.0
Kashmir,Srinagar,"Bagh-Ali Mardan Khan (PM-10, PM-2.5) 1077",2024-05-01,,,,,
Kashmir,Srinagar,"Bagh-Ali Mardan Khan (PM-10, PM-2.5) 1077",2024-06-01,,,,,
Kashmir,Srinagar,"Bagh-Ali Mardan Khan (PM-10, PM-2.5) 1077",2024-07-01,,,,,
Kashmir,Srinagar,"Bagh-Ali Mardan Khan (PM-10, PM-2.5) 1077",2024-08-01,,,,,
Kashmir,Srinagar,"Bagh-Ali Mardan Khan (PM-10, PM-2.5) 1077",2024-09-01,,,,,
Kashmir,Srinagar,"Bagh-Ali Mardan Khan (PM-10, PM-2.5) 1077",2024-10-01,136.0,136.0,,,
Kashmir,Srinagar,"Bagh-Ali Mardan Khan (PM-10, PM-2.5) 1077",2024-11-01,150.0,150.0,,19.0,4.0
Kashmir,Srinagar,"Bagh-Ali Mardan Khan (PM-10, PM-2.5) 1077",2024-12-01,,118.0,,,6.0
Kashmir,Srinagar,"Bagh-Ali Mardan Khan (PM-10, PM-2.5) 1077",2025-01-01,118.0,118.0,92.0,18.0,14.0
Kashmir,Srinagar,"Bagh-Ali Mardan Khan (PM-10, PM-2.5) 1077",2025-02-01,116.0,116.0,99.0,16.0,12.0
Kashmir,Srinagar,"Bagh-Ali Mardan Khan (PM-10, PM-2.5) 1077",2025-03-01,77.0,77.0,,21.0,13.0
Kashmir,Srinagar,"Bagh-Ali Mardan Khan (PM-10, PM-2.5) 1077",2025-04-01,87.0,87.0,,,
Kashmir,Srinagar,"Bagh-Ali Mardan Khan (PM-10, PM-2.5) 1077",2025-05-01,,,,,
Kashmir,Srinagar,"Bagh-Ali Mardan Khan (PM-10, PM-2.5) 1077",2025-06-01,,,,,
Kashmir,Srinagar,"Bagh-Ali Mardan Khan (PM-10, PM-2.5) 1077",2025-07-01,,,,,
Kashmir,Srinagar,"Bagh-Ali Mardan Khan (PM-10, PM-2.5) 1077",2025-08-01,72.0,72.0,,11.0,5.0
Kashmir,Srinagar,"Bagh-Ali Mardan Khan (PM-10, PM-2.5) 1077",2025-09-01,68.0,68.0,,,
Kashmir,Srinagar,"Bagh-Ali Mardan Khan (PM-10, PM-2.5) 1077",2025-10-01,71.0,62.0,53.0,,
Kashmir,Srinagar,"Bagh-Ali Mardan Khan (PM-10, PM-2.5) 1077",2025-11-01,80.0,,80.0,,
Kashmir,Srinagar,"Bagh-Ali Mardan Khan (PM-10, PM-2.5) 1077",2025-12-01,,,,,
Kashmir,Srinagar,"Bagh-Ali Mardan Khan (PM-10, PM-2.5) 1077",2026-01-01,122.0,122.0,,27.0,
Kashmir,Srinagar,"Bagh-Ali Mardan Khan (PM-10, PM-2.5) 1077",2026-02-01,119.0,119.0,,25.0,
Kashmir,Srinagar,"Bagh-Ali Mardan Khan (PM-10, PM-2.5) 1077",2026-03-01,,,,,
Kashmir,Srinagar,Dalgate Boulvard Srinagar (PM-2.5),2022-01-01,84.0,,84.0,,
Kashmir,Srinagar,Dalgate Boulvard Srinagar (PM-2.5),2022-02-01,66.0,,66.0,,
Kashmir,Srinagar,Dalgate Boulvard Srinagar (PM-2.5),2022-03-01,93.0,,93.0,,
Kashmir,Srinagar,Dalgate Boulvard Srinagar (PM-2.5),2022-04-01,89.0,,89.0,,
Kashmir,Srinagar,Dalgate Boulvard Srinagar (PM-2.5),2022-05-01,89.0,,89.0,,
Kashmir,Srinagar,Dalgate Boulvard Srinagar (PM-2.5),2022-06-01,89.0,,89.0,,
Kashmir,Srinagar,Dalgate Boulvard Srinagar (PM-2.5),2022-07-01,86.0,,86.0,,
Kashmir,Srinagar,Dalgate Boulvard Srinagar (PM-2.5),2022-08-01,88.0,,88.0,,
Kashmir,Srinagar,Dalgate Boulvard Srinagar (PM-2.5),2022-09-01,79.0,,79.0,,
Kashmir,Srinagar,Dalgate Boulvard Srinagar (PM-2.5),2022-10-01,87.0,,87.0,,
Kashmir,Srinagar,Dalgate Boulvard Srinagar (PM-2.5),2022-11-01,80.0,,80.0,,
Kashmir,Srinagar,Dalgate Boulvard Srinagar (PM-2.5),2022-12-01,78.0,,78.0,,
Kashmir,Srinagar,Dalgate Boulvard Srinagar (PM-2.5),2023-01-01,82.0,,82.0,,
Kashmir,Srinagar,Dalgate Boulvard Srinagar (PM-2.5),2023-02-01,116.0,,116.0,,
Kashmir,Srinagar,Dalgate Boulvard Srinagar (PM-2.5),2023-03-01,106.0,,106.0,,
Kashmir,Srinagar,Dalgate Boulvard Srinagar (PM-2.5),2023-04-01,81.0,,81.0,,
Kashmir,Srinagar,Dalgate Boulvard Srinagar (PM-2.5),2023-05-01,95.0,,95.0,,
Kashmir,Srinagar,Dalgate Boulvard Srinagar (PM-2.5),2023-06-01,93.0,,93.0,,
Kashmir,Srinagar,Dalgate Boulvard Srinagar (PM-2.5),2023-07-01,90.0,,90.0,,
Kashmir,Srinagar,Dalgate Boulvard Srinagar (PM-2.5),2023-08-01,87.0,,87.0,,
Kashmir,Srinagar,Dalgate Boulvard Srinagar (PM-2.5),2023-09-01,88.0,,88.0,,
Kashmir,Srinagar,Dalgate Boulvard Srinagar (PM-2.5),2023-10-01,104.0,,104.0,,
Kashmir,Srinagar,Dalgate Boulvard Srinagar (PM-2.5),2023-11-01,111.0,,111.0,,
Kashmir,Srinagar,Dalgate Boulvard Srinagar (PM-2.5),2023-12-01,119.0,,119.0,,
Kashmir,Srinagar,Dalgate Boulvard Srinagar (PM-2.5),2024-01-01,,,,,
Kashmir,Srinagar,Dalgate Boulvard Srinagar (PM-2.5),2024-02-01,,,,,
Kashmir,Srinagar,Dalgate Boulvard Srinagar (PM-2.5),2024-03-01,,,,,
Kashmir,Srinagar,Dalgate Boulvard Srinagar (PM-2.5),2024-04-01,,,,,
Kashmir,Srinagar,Dalgate Boulvard Srinagar (PM-2.5),2024-05-01,,,,,
Kashmir,Srinagar,Dalgate Boulvard Srinagar (PM-2.5),2024-06-01,87.0,,87.0,,
Kashmir,Srinagar,Dalgate Boulvard Srinagar (PM-2.5),2024-07-01,93.0,,93.0,,
Kashmir,Srinagar,Dalgate Boulvard Srinagar (PM-2.5),2024-08-01,93.0,,93.0,1.0,
Kashmir,Srinagar,Dalgate Boulvard Srinagar (PM-2.5),2024-09-01,95.0,,95.0,,
Kashmir,Srinagar,Dalgate Boulvard Srinagar (PM-2.5),2024-10-01,94.0,,94.0,,
Kashmir,Srinagar,Dalgate Boulvard Srinagar (PM-2.5),2024-11-01,90.0,,90.0,,
Kashmir,Srinagar,Dalgate Boulvard Srinagar (PM-2.5),2024-12-01,87.0,,87.0,,
Kashmir,Srinagar,Dalgate Boulvard Srinagar (PM-2.5),2025-01-01,90.0,,90.0,,
Kashmir,Srinagar,Dalgate Boulvard Srinagar (PM-2.5),2025-02-01,86.0,,86.0,,
Kashmir,Srinagar,Dalgate Boulvard Srinagar (PM-2.5),2025-03-01,89.0,,89.0,,
Kashmir,Srinagar,Dalgate Boulvard Srinagar (PM-2.5),2025-04-01,85.0,,85.0,,
Kashmir,Srinagar,Dalgate Boulvard Srinagar (PM-2.5),2025-05-01,87.0,,87.0,,
Kashmir,Srinagar,Dalgate Boulvard Srinagar (PM-2.5),2025-06-01,88.0,,88.0,,
Kashmir,Srinagar,Dalgate Boulvard Srinagar (PM-2.5),2025-07-01,86.0,,86.0,,
Kashmir,Srinagar,Dalgate Boulvard Srinagar (PM-2.5),2025-08-01,73.0,,73.0,,
Kashmir,Srinagar,Dalgate Boulvard Srinagar (PM-2.5),2025-09-01,66.0,,66.0,,
Kashmir,Srinagar,Dalgate Boulvard Srinagar (PM-2.5),2025-10-01,67.0,,67.0,,
Kashmir,Srinagar,Dalgate Boulvard Srinagar (PM-2.5),2025-11-01,74.0,,74.0,,
Kashmir,Srinagar,Dalgate Boulvard Srinagar (PM-2.5),2025-12-01,84.0,,84.0,,
Kashmir,Srinagar,Dalgate Boulvard Srinagar (PM-2.5),2026-01-01,115.0,,115.0,,
Kashmir,Srinagar,Dalgate Boulvard Srinagar (PM-2.5),2026-02-01,76.0,,76.0,,
Kashmir,Srinagar,Dalgate Boulvard Srinagar (PM-2.5),2026-03-01,,,,,
Kashmir,Srinagar,"Hokersar Wildlife Office (PM-10, PM-2.5) 1076",2022-01-01,,,,,
Kashmir,Srinagar,"Hokersar Wildlife Office (PM-10, PM-2.5) 1076",2022-02-01,,,,,
Kashmir,Srinagar,"Hokersar Wildlife Office (PM-10, PM-2.5) 1076",2022-03-01,,,,,
Kashmir,Srinagar,"Hokersar Wildlife Office (PM-10, PM-2.5) 1076",2022-04-01,,,,,
Kashmir,Srinagar,"Hokersar Wildlife Office (PM-10, PM-2.5) 1076",2022-05-01,,,,,
Kashmir,Srinagar,"Hokersar Wildlife Office (PM-10, PM-2.5) 1076",2022-06-01,,,,,
Kashmir,Srinagar,"Hokersar Wildlife Office (PM-10, PM-2.5) 1076",2022-07-01,,,,,
Kashmir,Srinagar,"Hokersar Wildlife Office (PM-10, PM-2.5) 1076",2022-08-01,,,,,
Kashmir,Srinagar,"Hokersar Wildlife Office (PM-10, PM-2.5) 1076",2022-09-01,,,,,
Kashmir,Srinagar,"Hokersar Wildlife Office (PM-10, PM-2.5) 1076",2022-10-01,76.0,44.0,32.0,12.0,6.0
Kashmir,Srinagar,"Hokersar Wildlife Office (PM-10, PM-2.5) 1076",2022-11-01,,,,,
Kashmir,Srinagar,"Hokersar Wildlife Office (PM-10, PM-2.5) 1076",2022-12-01,112.0,70.0,41.0,13.0,8.0
Kashmir,Srinagar,"Hokersar Wildlife Office (PM-10, PM-2.5) 1076",2023-01-01,97.0,59.0,37.0,14.0,8.0
Kashmir,Srinagar,"Hokersar Wildlife Office (PM-10, PM-2.5) 1076",2023-02-01,91.0,58.0,32.0,12.0,8.0
Kashmir,Srinagar,"Hokersar Wildlife Office (PM-10, PM-2.5) 1076",2023-03-01,128.0,80.0,48.0,17.0,10.0
Kashmir,Srinagar,"Hokersar Wildlife Office (PM-10, PM-2.5) 1076",2023-04-01,,,,,
Kashmir,Srinagar,"Hokersar Wildlife Office (PM-10, PM-2.5) 1076",2023-05-01,,,,,
Kashmir,Srinagar,"Hokersar Wildlife Office (PM-10, PM-2.5) 1076",2023-06-01,,,,,
Kashmir,Srinagar,"Hokersar Wildlife Office (PM-10, PM-2.5) 1076",2023-07-01,,,,,
Kashmir,Srinagar,"Hokersar Wildlife Office (PM-10, PM-2.5) 1076",2023-08-01,,,,,
Kashmir,Srinagar,"Hokersar Wildlife Office (PM-10, PM-2.5) 1076",2023-09-01,,,,,
Kashmir,Srinagar,"Hokersar Wildlife Office (PM-10, PM-2.5) 1076",2023-10-01,,,,,
Kashmir,Srinagar,"Hokersar Wildlife Office (PM-10, PM-2.5) 1076",2023-11-01,111.0,55.0,56.0,11.0,5.0
Kashmir,Srinagar,"Hokersar Wildlife Office (PM-10, PM-2.5) 1076",2023-12-01,,,39.0,,
Kashmir,Srinagar,"Hokersar Wildlife Office (PM-10, PM-2.5) 1076",2024-01-01,124.0,124.0,,21.0,1.0
Kashmir,Srinagar,"Hokersar Wildlife Office (PM-10, PM-2.5) 1076",2024-02-01,119.0,119.0,60.0,27.0,15.0
Kashmir,Srinagar,"Hokersar Wildlife Office (PM-10, PM-2.5) 1076",2024-03-01,126.0,126.0,85.0,24.0,13.0
Kashmir,Srinagar,"Hokersar Wildlife Office (PM-10, PM-2.5) 1076",2024-04-01,125.0,125.0,90.0,23.0,14.0
Kashmir,Srinagar,"Hokersar Wildlife Office (PM-10, PM-2.5) 1076",2024-05-01,,,,,
Kashmir,Srinagar,"Hokersar Wildlife Office (PM-10, PM-2.5) 1076",2024-06-01,,,,,
Kashmir,Srinagar,"Hokersar Wildlife Office (PM-10, PM-2.5) 1076",2024-07-01,,,,,
Kashmir,Srinagar,"Hokersar Wildlife Office (PM-10, PM-2.5) 1076",2024-08-01,,,,,
Kashmir,Srinagar,"Hokersar Wildlife Office (PM-10, PM-2.5) 1076",2024-09-01,59.0,,59.0,,
Kashmir,Srinagar,"Hokersar Wildlife Office (PM-10, PM-2.5) 1076",2024-10-01,,,,,
Kashmir,Srinagar,"Hokersar Wildlife Office (PM-10, PM-2.5) 1076",2024-11-01,118.0,,9.0,10.0,9.0
Kashmir,Srinagar,"Hokersar Wildlife Office (PM-10, PM-2.5) 1076",2024-12-01,127.0,,42.0,13.0,8.0
Kashmir,Srinagar,"Hokersar Wildlife Office (PM-10, PM-2.5) 1076",2025-01-01,128.0,128.0,52.0,13.0,7.0
Kashmir,Srinagar,"Hokersar Wildlife Office (PM-10, PM-2.5) 1076",2025-02-01,132.0,132.0,67.0,19.0,11.0
Kashmir,Srinagar,"Hokersar Wildlife Office (PM-10, PM-2.5) 1076",2025-03-01,116.0,116.0,48.0,11.0,7.0
Kashmir,Srinagar,"Hokersar Wildlife Office (PM-10, PM-2.5) 1076",2025-04-01,,,,,
Kashmir,Srinagar,"Hokersar Wildlife Office (PM-10, PM-2.5) 1076",2025-05-01,113.0,113.0,46.0,20.0,12.0
Kashmir,Srinagar,"Hokersar Wildlife Office (PM-10, PM-2.5) 1076",2025-06-01,110.0,110.0,35.0,13.0,5.0
Kashmir,Srinagar,"Hokersar Wildlife Office (PM-10, PM-2.5) 1076",2025-07-01,111.0,111.0,18.0,12.0,6.0
Kashmir,Srinagar,"Hokersar Wildlife Office (PM-10, PM-2.5) 1076",2025-08-01,111.0,99.0,48.0,7.0,3.0
Kashmir,Srinagar,"Hokersar Wildlife Office (PM-10, PM-2.5) 1076",2025-09-01,116.0,116.0,28.0,10.0,5.0
Kashmir,Srinagar,"Hokersar Wildlife Office (PM-10, PM-2.5) 1076",2025-10-01,114.0,114.0,22.0,17.0,
Kashmir,Srinagar,"Hokersar Wildlife Office (PM-10, PM-2.5) 1076",2025-11-01,,107.0,,20.0,
Kashmir,Srinagar,"Hokersar Wildlife Office (PM-10, PM-2.5) 1076",2025-12-01,,116.0,22.0,23.0,
Kashmir,Srinagar,"Hokersar Wildlife Office (PM-10, PM-2.5) 1076",2026-01-01,107.0,107.0,39.0,23.0,
Kashmir,Srinagar,"Hokersar Wildlife Office (PM-10, PM-2.5) 1076",2026-02-01,111.0,111.0,36.0,26.0,
Kashmir,Srinagar,"Hokersar Wildlife Office (PM-10, PM-2.5) 1076",2026-03-01,,,,,
Kashmir,Srinagar,Hyderpora (Paraypora) Srinagar (PM-2.5),2022-01-01,84.0,,84.0,,
Kashmir,Srinagar,Hyderpora (Paraypora) Srinagar (PM-2.5),2022-02-01,63.0,,63.0,,
Kashmir,Srinagar,Hyderpora (Paraypora) Srinagar (PM-2.5),2022-03-01,91.0,,91.0,,
Kashmir,Srinagar,Hyderpora (Paraypora) Srinagar (PM-2.5),2022-04-01,89.0,,89.0,,
Kashmir,Srinagar,Hyderpora (Paraypora) Srinagar (PM-2.5),2022-05-01,92.0,,92.0,,
Kashmir,Srinagar,Hyderpora (Paraypora) Srinagar (PM-2.5),2022-06-01,92.0,,92.0,,
Kashmir,Srinagar,Hyderpora (Paraypora) Srinagar (PM-2.5),2022-07-01,87.0,,87.0,,
Kashmir,Srinagar,Hyderpora (Paraypora) Srinagar (PM-2.5),2022-08-01,75.0,,75.0,,
Kashmir,Srinagar,Hyderpora (Paraypora) Srinagar (PM-2.5),2022-09-01,77.0,,77.0,,
Kashmir,Srinagar,Hyderpora (Paraypora) Srinagar (PM-2.5),2022-10-01,87.0,,87.0,,
Kashmir,Srinagar,Hyderpora (Paraypora) Srinagar (PM-2.5),2022-11-01,83.0,,83.0,,
Kashmir,Srinagar,Hyderpora (Paraypora) Srinagar (PM-2.5),2022-12-01,79.0,,79.0,,
Kashmir,Srinagar,Hyderpora (Paraypora) Srinagar (PM-2.5),2023-01-01,80.0,,80.0,,
Kashmir,Srinagar,Hyderpora (Paraypora) Srinagar (PM-2.5),2023-02-01,116.0,,116.0,,
Kashmir,Srinagar,Hyderpora (Paraypora) Srinagar (PM-2.5),2023-03-01,103.0,,103.0,,
Kashmir,Srinagar,Hyderpora (Paraypora) Srinagar (PM-2.5),2023-04-01,99.0,,99.0,,
Kashmir,Srinagar,Hyderpora (Paraypora) Srinagar (PM-2.5),2023-05-01,75.0,,75.0,,
Kashmir,Srinagar,Hyderpora (Paraypora) Srinagar (PM-2.5),2023-06-01,80.0,,80.0,,
Kashmir,Srinagar,Hyderpora (Paraypora) Srinagar (PM-2.5),2023-07-01,73.0,,73.0,,
Kashmir,Srinagar,Hyderpora (Paraypora) Srinagar (PM-2.5),2023-08-01,73.0,,73.0,,
Kashmir,Srinagar,Hyderpora (Paraypora) Srinagar (PM-2.5),2023-09-01,63.0,,63.0,,
Kashmir,Srinagar,Hyderpora (Paraypora) Srinagar (PM-2.5),2023-10-01,78.0,,78.0,,
Kashmir,Srinagar,Hyderpora (Paraypora) Srinagar (PM-2.5),2023-11-01,93.0,,,,
Kashmir,Srinagar,Hyderpora (Paraypora) Srinagar (PM-2.5),2023-12-01,,,,,
Kashmir,Srinagar,Hyderpora (Paraypora) Srinagar (PM-2.5),2024-01-01,,,,,
Kashmir,Srinagar,Hyderpora (Paraypora) Srinagar (PM-2.5),2024-02-01,,,,,
Kashmir,Srinagar,Hyderpora (Paraypora) Srinagar (PM-2.5),2024-03-01,,,,,
Kashmir,Srinagar,Hyderpora (Paraypora) Srinagar (PM-2.5),2024-04-01,,,,,
Kashmir,Srinagar,Hyderpora (Paraypora) Srinagar (PM-2.5),2024-05-01,,,,,
Kashmir,Srinagar,Hyderpora (Paraypora) Srinagar (PM-2.5),2024-06-01,79.0,,79.0,,
Kashmir,Srinagar,Hyderpora (Paraypora) Srinagar (PM-2.5),2024-07-01,82.0,,82.0,,
Kashmir,Srinagar,Hyderpora (Paraypora) Srinagar (PM-2.5),2024-08-01,77.0,,77.0,,
Kashmir,Srinagar,Hyderpora (Paraypora) Srinagar (PM-2.5),2024-09-01,73.0,,73.0,,
Kashmir,Srinagar,Hyderpora (Paraypora) Srinagar (PM-2.5),2024-10-01,72.0,,72.0,,
Kashmir,Srinagar,Hyderpora (Paraypora) Srinagar (PM-2.5),2024-11-01,,,84.0,,
Kashmir,Srinagar,Hyderpora (Paraypora) Srinagar (PM-2.5),2024-12-01,,,,,
Kashmir,Srinagar,Hyderpora (Paraypora) Srinagar (PM-2.5),2025-01-01,69.0,,69.0,,
Kashmir,Srinagar,Hyderpora (Paraypora) Srinagar (PM-2.5),2025-02-01,72.0,,72.0,,
Kashmir,Srinagar,Hyderpora (Paraypora) Srinagar (PM-2.5),2025-03-01,76.0,,76.0,,
Kashmir,Srinagar,Hyderpora (Paraypora) Srinagar (PM-2.5),2025-04-01,70.0,,70.0,,
Kashmir,Srinagar,Hyderpora (Paraypora) Srinagar (PM-2.5),2025-05-01,69.0,,69.0,,
Kashmir,Srinagar,Hyderpora (Paraypora) Srinagar (PM-2.5),2025-06-01,75.0,,75.0,,
Kashmir,Srinagar,Hyderpora (Paraypora) Srinagar (PM-2.5),2025-07-01,72.0,,72.0,,
Kashmir,Srinagar,Hyderpora (Paraypora) Srinagar (PM-2.5),2025-08-01,75.0,,75.0,,
Kashmir,Srinagar,Hyderpora (Paraypora) Srinagar (PM-2.5),2025-09-01,65.0,,65.0,,
Kashmir,Srinagar,Hyderpora (Paraypora) Srinagar (PM-2.5),2025-10-01,63.0,,63.0,,
Kashmir,Srinagar,Hyderpora (Paraypora) Srinagar (PM-2.5),2025-11-01,66.0,,66.0,,
Kashmir,Srinagar,Hyderpora (Paraypora) Srinagar (PM-2.5),2025-12-01,77.0,,77.0,,
Kashmir,Srinagar,Hyderpora (Paraypora) Srinagar (PM-2.5),2026-01-01,83.0,,83.0,,
Kashmir,Srinagar,Hyderpora (Paraypora) Srinagar (PM-2.5),2026-02-01,85.0,,85.0,,
Kashmir,Srinagar,Hyderpora (Paraypora) Srinagar (PM-2.5),2026-03-01,,,,,
Kashmir,Srinagar,"J&K PCC Rajbagh Srinagar (PM-10, PM-2.5) 910",2022-01-01,81.0,48.0,32.0,13.0,5.0
Kashmir,Srinagar,"J&K PCC Rajbagh Srinagar (PM-10, PM-2.5) 910",2022-02-01,96.0,71.0,25.0,12.0,6.0
Kashmir,Srinagar,"J&K PCC Rajbagh Srinagar (PM-10, PM-2.5) 910",2022-03-01,96.0,80.0,16.0,22.0,8.0
Kashmir,Srinagar,"J&K PCC Rajbagh Srinagar (PM-10, PM-2.5) 910",2022-04-01,71.0,42.0,28.0,14.0,7.0
Kashmir,Srinagar,"J&K PCC Rajbagh Srinagar (PM-10, PM-2.5) 910",2022-05-01,78.0,46.0,32.0,15.0,5.0
Kashmir,Srinagar,"J&K PCC Rajbagh Srinagar (PM-10, PM-2.5) 910",2022-06-01,77.0,53.0,23.0,15.0,5.0
Kashmir,Srinagar,"J&K PCC Rajbagh Srinagar (PM-10, PM-2.5) 910",2022-07-01,87.0,67.0,20.0,16.0,8.0
Kashmir,Srinagar,"J&K PCC Rajbagh Srinagar (PM-10, PM-2.5) 910",2022-08-01,77.0,46.0,29.0,12.0,6.0
Kashmir,Srinagar,"J&K PCC Rajbagh Srinagar (PM-10, PM-2.5) 910",2022-09-01,79.0,49.0,29.0,12.0,7.0
Kashmir,Srinagar,"J&K PCC Rajbagh Srinagar (PM-10, PM-2.5) 910",2022-10-01,93.0,,35.0,14.0,7.0
Kashmir,Srinagar,"J&K PCC Rajbagh Srinagar (PM-10, PM-2.5) 910",2022-11-01,105.0,,34.0,12.0,7.0
Kashmir,Srinagar,"J&K PCC Rajbagh Srinagar (PM-10, PM-2.5) 910",2022-12-01,103.0,,27.0,17.0,9.0
Kashmir,Srinagar,"J&K PCC Rajbagh Srinagar (PM-10, PM-2.5) 910",2023-01-01,88.0,59.0,29.0,11.0,6.0
Kashmir,Srinagar,"J&K PCC Rajbagh Srinagar (PM-10, PM-2.5) 910",2023-02-01,91.0,59.0,31.0,13.0,6.0
Kashmir,Srinagar,"J&K PCC Rajbagh Srinagar (PM-10, PM-2.5) 910",2023-03-01,109.0,81.0,27.0,17.0,8.0
Kashmir,Srinagar,"J&K PCC Rajbagh Srinagar (PM-10, PM-2.5) 910",2023-04-01,88.0,38.0,50.0,9.0,4.0
Kashmir,Srinagar,"J&K PCC Rajbagh Srinagar (PM-10, PM-2.5) 910",2023-05-01,101.0,101.0,85.0,22.0,9.0
Kashmir,Srinagar,"J&K PCC Rajbagh Srinagar (PM-10, PM-2.5) 910",2023-06-01,92.0,48.0,43.0,13.0,6.0
Kashmir,Srinagar,"J&K PCC Rajbagh Srinagar (PM-10, PM-2.5) 910",2023-07-01,93.0,50.0,43.0,11.0,5.0
Kashmir,Srinagar,"J&K PCC Rajbagh Srinagar (PM-10, PM-2.5) 910",2023-08-01,74.0,38.0,35.0,11.0,4.0
Kashmir,Srinagar,"J&K PCC Rajbagh Srinagar (PM-10, PM-2.5) 910",2023-09-01,94.0,55.0,38.0,12.0,6.0
Kashmir,Srinagar,"J&K PCC Rajbagh Srinagar (PM-10, PM-2.5) 910",2023-10-01,89.0,56.0,32.0,11.0,4.0
Kashmir,Srinagar,"J&K PCC Rajbagh Srinagar (PM-10, PM-2.5) 910",2023-11-01,,,49.0,9.0,3.0
Kashmir,Srinagar,"J&K PCC Rajbagh Srinagar (PM-10, PM-2.5) 910",2023-12-01,,,36.0,7.0,
Kashmir,Srinagar,"J&K PCC Rajbagh Srinagar (PM-10, PM-2.5) 910",2024-01-01,141.0,141.0,,16.0,
Kashmir,Srinagar,"J&K PCC Rajbagh Srinagar (PM-10, PM-2.5) 910",2024-02-01,101.0,101.0,,19.0,9.0
Kashmir,Srinagar,"J&K PCC Rajbagh Srinagar (PM-10, PM-2.5) 910",2024-03-01,84.0,60.0,39.0,13.0,6.0
Kashmir,Srinagar,"J&K PCC Rajbagh Srinagar (PM-10, PM-2.5) 910",2024-04-01,80.0,80.0,,20.0,8.0
Kashmir,Srinagar,"J&K PCC Rajbagh Srinagar (PM-10, PM-2.5) 910",2024-05-01,93.0,93.0,,21.0,11.0
Kashmir,Srinagar,"J&K PCC Rajbagh Srinagar (PM-10, PM-2.5) 910",2024-06-01,81.0,70.0,43.0,11.0,7.0
Kashmir,Srinagar,"J&K PCC Rajbagh Srinagar (PM-10, PM-2.5) 910",2024-07-01,67.0,52.0,33.0,10.0,4.0
Kashmir,Srinagar,"J&K PCC Rajbagh Srinagar (PM-10, PM-2.5) 910",2024-08-01,60.0,39.0,26.0,7.0,2.0
Kashmir,Srinagar,"J&K PCC Rajbagh Srinagar (PM-10, PM-2.5) 910",2024-09-01,64.0,30.0,39.0,4.0,2.0
Kashmir,Srinagar,"J&K PCC Rajbagh Srinagar (PM-10, PM-2.5) 910",2024-10-01,76.0,37.0,49.0,3.0,2.0
Kashmir,Srinagar,"J&K PCC Rajbagh Srinagar (PM-10, PM-2.5) 910",2024-11-01,110.0,,34.0,10.0,2.0
Kashmir,Srinagar,"J&K PCC Rajbagh Srinagar (PM-10, PM-2.5) 910",2024-12-01,139.0,,64.0,10.0,6.0
Kashmir,Srinagar,"J&K PCC Rajbagh Srinagar (PM-10, PM-2.5) 910",2025-01-01,85.0,57.0,35.0,5.0,3.0
Kashmir,Srinagar,"J&K PCC Rajbagh Srinagar (PM-10, PM-2.5) 910",2025-02-01,80.0,46.0,34.0,5.0,3.0
Kashmir,Srinagar,"J&K PCC Rajbagh Srinagar (PM-10, PM-2.5) 910",2025-03-01,63.0,32.0,30.0,5.0,2.0
Kashmir,Srinagar,"J&K PCC Rajbagh Srinagar (PM-10, PM-2.5) 910",2025-04-01,58.0,44.0,35.0,7.0,4.0
Kashmir,Srinagar,"J&K PCC Rajbagh Srinagar (PM-10, PM-2.5) 910",2025-05-01,69.0,35.0,34.0,5.0,2.0
Kashmir,Srinagar,"J&K PCC Rajbagh Srinagar (PM-10, PM-2.5) 910",2025-06-01,53.0,34.0,36.0,6.0,2.0
Kashmir,Srinagar,"J&K PCC Rajbagh Srinagar (PM-10, PM-2.5) 910",2025-07-01,59.0,26.0,38.0,3.0,1.0
Kashmir,Srinagar,"J&K PCC Rajbagh Srinagar (PM-10, PM-2.5) 910",2025-08-01,63.0,62.0,36.0,9.0,3.0
Kashmir,Srinagar,"J&K PCC Rajbagh Srinagar (PM-10, PM-2.5) 910",2025-09-01,48.0,17.0,38.0,3.0,1.0
Kashmir,Srinagar,"J&K PCC Rajbagh Srinagar (PM-10, PM-2.5) 910",2025-10-01,68.0,40.0,32.0,5.0,
Kashmir,Srinagar,"J&K PCC Rajbagh Srinagar (PM-10, PM-2.5) 910",2025-11-01,166.0,102.0,72.0,7.0,
Kashmir,Srinagar,"J&K PCC Rajbagh Srinagar (PM-10, PM-2.5) 910",2025-12-01,120.0,,86.0,7.0,
Kashmir,Srinagar,"J&K PCC Rajbagh Srinagar (PM-10, PM-2.5) 910",2026-01-01,134.0,134.0,68.0,15.0,
Kashmir,Srinagar,"J&K PCC Rajbagh Srinagar (PM-10, PM-2.5) 910",2026-02-01,127.0,127.0,67.0,14.0,
Kashmir,Srinagar,"J&K PCC Rajbagh Srinagar (PM-10, PM-2.5) 910",2026-03-01,,,,,
Kashmir,Srinagar,Jehangir Chowk Srinagar (PM-2.5),2022-01-01,86.0,,86.0,,
Kashmir,Srinagar,Jehangir Chowk Srinagar (PM-2.5),2022-02-01,65.0,,65.0,,
Kashmir,Srinagar,Jehangir Chowk Srinagar (PM-2.5),2022-03-01,73.0,,73.0,,
Kashmir,Srinagar,Jehangir Chowk Srinagar (PM-2.5),2022-04-01,74.0,,74.0,,
Kashmir,Srinagar,Jehangir Chowk Srinagar (PM-2.5),2022-05-01,62.0,,62.0,,
Kashmir,Srinagar,Jehangir Chowk Srinagar (PM-2.5),2022-06-01,76.0,,76.0,,
Kashmir,Srinagar,Jehangir Chowk Srinagar (PM-2.5),2022-07-01,68.0,,68.0,,
Kashmir,Srinagar,Jehangir Chowk Srinagar (PM-2.5),2022-08-01,70.0,,70.0,,
Kashmir,Srinagar,Jehangir Chowk Srinagar (PM-2.5),2022-09-01,70.0,,70.0,,
Kashmir,Srinagar,Jehangir Chowk Srinagar (PM-2.5),2022-10-01,72.0,,72.0,,
Kashmir,Srinagar,Jehangir Chowk Srinagar (PM-2.5),2022-11-01,79.0,,79.0,,
Kashmir,Srinagar,Jehangir Chowk Srinagar (PM-2.5),2022-12-01,74.0,,74.0,,
Kashmir,Srinagar,Jehangir Chowk Srinagar (PM-2.5),2023-01-01,73.0,,73.0,,
Kashmir,Srinagar,Jehangir Chowk Srinagar (PM-2.5),2023-02-01,109.0,,109.0,,
Kashmir,Srinagar,Jehangir Chowk Srinagar (PM-2.5),2023-03-01,99.0,,99.0,,
Kashmir,Srinagar,Jehangir Chowk Srinagar (PM-2.5),2023-04-01,86.0,,86.0,,
Kashmir,Srinagar,Jehangir Chowk Srinagar (PM-2.5),2023-05-01,87.0,,87.0,,
Kashmir,Srinagar,Jehangir Chowk Srinagar (PM-2.5),2023-06-01,90.0,,90.0,,
Kashmir,Srinagar,Jehangir Chowk Srinagar (PM-2.5),2023-07-01,89.0,,89.0,,
Kashmir,Srinagar,Jehangir Chowk Srinagar (PM-2.5),2023-08-01,78.0,,78.0,,
Kashmir,Srinagar,Jehangir Chowk Srinagar (PM-2.5),2023-09-01,88.0,,88.0,,
Kashmir,Srinagar,Jehangir Chowk Srinagar (PM-2.5),2023-10-01,117.0,,117.0,,
Kashmir,Srinagar,Jehangir Chowk Srinagar (PM-2.5),2023-11-01,111.0,,111.0,,
Kashmir,Srinagar,Jehangir Chowk Srinagar (PM-2.5),2023-12-01,103.0,,103.0,,
Kashmir,Srinagar,Jehangir Chowk Srinagar (PM-2.5),2024-01-01,,,,,
Kashmir,Srinagar,Jehangir Chowk Srinagar (PM-2.5),2024-02-01,,,,,
Kashmir,Srinagar,Jehangir Chowk Srinagar (PM-2.5),2024-03-01,,,,,
Kashmir,Srinagar,Jehangir Chowk Srinagar (PM-2.5),2024-04-01,,,,,
Kashmir,Srinagar,Jehangir Chowk Srinagar (PM-2.5),2024-05-01,,,,,
Kashmir,Srinagar,Jehangir Chowk Srinagar (PM-2.5),2024-06-01,61.0,,61.0,,
Kashmir,Srinagar,Jehangir Chowk Srinagar (PM-2.5),2024-07-01,68.0,,68.0,,
Kashmir,Srinagar,Jehangir Chowk Srinagar (PM-2.5),2024-08-01,85.0,,85.0,,
Kashmir,Srinagar,Jehangir Chowk Srinagar (PM-2.5),2024-09-01,77.0,,77.0,,
Kashmir,Srinagar,Jehangir Chowk Srinagar (PM-2.5),2024-10-01,74.0,,74.0,,
Kashmir,Srinagar,Jehangir Chowk Srinagar (PM-2.5),2024-11-01,,,82.0,,
Kashmir,Srinagar,Jehangir Chowk Srinagar (PM-2.5),2024-12-01,,,,,
Kashmir,Srinagar,Jehangir Chowk Srinagar (PM-2.5),2025-01-01,88.0,,88.0,,
Kashmir,Srinagar,Jehangir Chowk Srinagar (PM-2.5),2025-02-01,82.0,,82.0,,
Kashmir,Srinagar,Jehangir Chowk Srinagar (PM-2.5),2025-03-01,81.0,,81.0,,
Kashmir,Srinagar,Jehangir Chowk Srinagar (PM-2.5),2025-04-01,83.0,,83.0,,
Kashmir,Srinagar,Jehangir Chowk Srinagar (PM-2.5),2025-05-01,77.0,,77.0,,
Kashmir,Srinagar,Jehangir Chowk Srinagar (PM-2.5),2025-06-01,57.0,,57.0,,
Kashmir,Srinagar,Jehangir Chowk Srinagar (PM-2.5),2025-07-01,83.0,,83.0,,
Kashmir,Srinagar,Jehangir Chowk Srinagar (PM-2.5),2025-08-01,76.0,,76.0,,
Kashmir,Srinagar,Jehangir Chowk Srinagar (PM-2.5),2025-09-01,68.0,,68.0,,
Kashmir,Srinagar,Jehangir Chowk Srinagar (PM-2.5),2025-10-01,73.0,,73.0,,
Kashmir,Srinagar,Jehangir Chowk Srinagar (PM-2.5),2025-11-01,88.0,,88.0,,
Kashmir,Srinagar,Jehangir Chowk Srinagar (PM-2.5),2025-12-01,120.0,,120.0,,
Kashmir,Srinagar,Jehangir Chowk Srinagar (PM-2.5),2026-01-01,87.0,,87.0,,
Kashmir,Srinagar,Jehangir Chowk Srinagar (PM-2.5),2026-02-01,94.0,,94.0,,
Kashmir,Srinagar,Jehangir Chowk Srinagar (PM-2.5),2026-03-01,,,,,
Kashmir,Srinagar,Khonmoh Srinagar (PM-10) 911,2022-01-01,144.0,144.0,,38.0,22.0
Kashmir,Srinagar,Khonmoh Srinagar (PM-10) 911,2022-02-01,156.0,156.0,,23.0,13.0
Kashmir,Srinagar,Khonmoh Srinagar (PM-10) 911,2022-03-01,148.0,148.0,,21.0,14.0
Kashmir,Srinagar,Khonmoh Srinagar (PM-10) 911,2022-04-01,149.0,149.0,,30.0,11.0
Kashmir,Srinagar,Khonmoh Srinagar (PM-10) 911,2022-05-01,152.0,152.0,,35.0,12.0
Kashmir,Srinagar,Khonmoh Srinagar (PM-10) 911,2022-06-01,153.0,153.0,,27.0,10.0
Kashmir,Srinagar,Khonmoh Srinagar (PM-10) 911,2022-07-01,113.0,113.0,,26.0,12.0
Kashmir,Srinagar,Khonmoh Srinagar (PM-10) 911,2022-08-01,136.0,136.0,,27.0,12.0
Kashmir,Srinagar,Khonmoh Srinagar (PM-10) 911,2022-09-01,128.0,128.0,,27.0,15.0
Kashmir,Srinagar,Khonmoh Srinagar (PM-10) 911,2022-10-01,142.0,142.0,,26.0,16.0
Kashmir,Srinagar,Khonmoh Srinagar (PM-10) 911,2022-11-01,177.0,177.0,,31.0,21.0
Kashmir,Srinagar,Khonmoh Srinagar (PM-10) 911,2022-12-01,164.0,164.0,,32.0,22.0
Kashmir,Srinagar,Khonmoh Srinagar (PM-10) 911,2023-01-01,150.0,150.0,,24.0,13.0
Kashmir,Srinagar,Khonmoh Srinagar (PM-10) 911,2023-02-01,151.0,151.0,,26.0,15.0
Kashmir,Srinagar,Khonmoh Srinagar (PM-10) 911,2023-03-01,146.0,146.0,,30.0,17.0
Kashmir,Srinagar,Khonmoh Srinagar (PM-10) 911,2023-04-01,138.0,138.0,,27.0,14.0
Kashmir,Srinagar,Khonmoh Srinagar (PM-10) 911,2023-05-01,114.0,114.0,,25.0,13.0
Kashmir,Srinagar,Khonmoh Srinagar (PM-10) 911,2023-06-01,111.0,111.0,,29.0,16.0
Kashmir,Srinagar,Khonmoh Srinagar (PM-10) 911,2023-07-01,112.0,112.0,,28.0,15.0
Kashmir,Srinagar,Khonmoh Srinagar (PM-10) 911,2023-08-01,115.0,115.0,,24.0,12.0
Kashmir,Srinagar,Khonmoh Srinagar (PM-10) 911,2023-09-01,98.0,98.0,,23.0,11.0
Kashmir,Srinagar,Khonmoh Srinagar (PM-10) 911,2023-10-01,133.0,133.0,,22.0,9.0
Kashmir,Srinagar,Khonmoh Srinagar (PM-10) 911,2023-11-01,,191.0,,,15.0
Kashmir,Srinagar,Khonmoh Srinagar (PM-10) 911,2023-12-01,,180.0,,,
Kashmir,Srinagar,Khonmoh Srinagar (PM-10) 911,2024-01-01,173.0,173.0,,29.0,1.0
Kashmir,Srinagar,Khonmoh Srinagar (PM-10) 911,2024-02-01,125.0,125.0,,22.0,11.0
Kashmir,Srinagar,Khonmoh Srinagar (PM-10) 911,2024-03-01,97.0,97.0,,23.0,11.0
Kashmir,Srinagar,Khonmoh Srinagar (PM-10) 911,2024-04-01,85.0,85.0,,22.0,10.0
Kashmir,Srinagar,Khonmoh Srinagar (PM-10) 911,2024-05-01,101.0,101.0,,20.0,10.0
Kashmir,Srinagar,Khonmoh Srinagar (PM-10) 911,2024-06-01,109.0,109.0,,21.0,12.0
Kashmir,Srinagar,Khonmoh Srinagar (PM-10) 911,2024-07-01,56.0,56.0,,19.0,12.0
Kashmir,Srinagar,Khonmoh Srinagar (PM-10) 911,2024-08-01,63.0,63.0,,20.0,15.0
Kashmir,Srinagar,Khonmoh Srinagar (PM-10) 911,2024-09-01,65.0,65.0,,20.0,15.0
Kashmir,Srinagar,Khonmoh Srinagar (PM-10) 911,2024-10-01,100.0,100.0,,23.0,19.0
Kashmir,Srinagar,Khonmoh Srinagar (PM-10) 911,2024-11-01,194.0,194.0,,25.0,5.0
Kashmir,Srinagar,Khonmoh Srinagar (PM-10) 911,2024-12-01,,247.0,,22.0,13.0
Kashmir,Srinagar,Khonmoh Srinagar (PM-10) 911,2025-01-01,152.0,152.0,,20.0,14.0
Kashmir,Srinagar,Khonmoh Srinagar (PM-10) 911,2025-02-01,150.0,150.0,,25.0,19.0
Kashmir,Srinagar,Khonmoh Srinagar (PM-10) 911,2025-03-01,139.0,139.0,,21.0,15.0
Kashmir,Srinagar,Khonmoh Srinagar (PM-10) 911,2025-04-01,106.0,101.0,,22.0,13.0
Kashmir,Srinagar,Khonmoh Srinagar (PM-10) 911,2025-05-01,115.0,115.0,,22.0,13.0
Kashmir,Srinagar,Khonmoh Srinagar (PM-10) 911,2025-06-01,159.0,159.0,,25.0,14.0
Kashmir,Srinagar,Khonmoh Srinagar (PM-10) 911,2025-07-01,148.0,148.0,,23.0,13.0
Kashmir,Srinagar,Khonmoh Srinagar (PM-10) 911,2025-08-01,117.0,117.0,,18.0,10.0
Kashmir,Srinagar,Khonmoh Srinagar (PM-10) 911,2025-09-01,171.0,171.0,,19.0,14.0
Kashmir,Srinagar,Khonmoh Srinagar (PM-10) 911,2025-10-01,168.0,168.0,,23.0,
Kashmir,Srinagar,Khonmoh Srinagar (PM-10) 911,2025-11-01,279.0,279.0,,29.0,
Kashmir,Srinagar,Khonmoh Srinagar (PM-10) 911,2025-12-01,246.0,,,21.0,
Kashmir,Srinagar,Khonmoh Srinagar (PM-10) 911,2026-01-01,145.0,145.0,,31.0,
Kashmir,Srinagar,Khonmoh Srinagar (PM-10) 911,2026-02-01,102.0,102.0,,29.0,
Kashmir,Srinagar,Khonmoh Srinagar (PM-10) 911,2026-03-01,,,,,
Kashmir,Srinagar,Kralsangri Srinagar (PM-10),2022-01-01,,,,,
Kashmir,Srinagar,Kralsangri Srinagar (PM-10),2022-02-01,,,,,
Kashmir,Srinagar,Kralsangri Srinagar (PM-10),2022-03-01,,,,,
Kashmir,Srinagar,Kralsangri Srinagar (PM-10),2022-04-01,,,,,
Kashmir,Srinagar,Kralsangri Srinagar (PM-10),2022-05-01,,,,,
Kashmir,Srinagar,Kralsangri Srinagar (PM-10),2022-06-01,,,,,
Kashmir,Srinagar,Kralsangri Srinagar (PM-10),2022-07-01,,,,,
Kashmir,Srinagar,Kralsangri Srinagar (PM-10),2022-08-01,,,,,
Kashmir,Srinagar,Kralsangri Srinagar (PM-10),2022-09-01,81.0,81.0,,18.0,7.0
Kashmir,Srinagar,Kralsangri Srinagar (PM-10),2022-10-01,,,,,
Kashmir,Srinagar,Kralsangri Srinagar (PM-10),2022-11-01,,,,,
Kashmir,Srinagar,Kralsangri Srinagar (PM-10),2022-12-01,,,,,
Kashmir,Srinagar,Kralsangri Srinagar (PM-10),2023-01-01,,,,,
Kashmir,Srinagar,Kralsangri Srinagar (PM-10),2023-02-01,,,,,
Kashmir,Srinagar,Kralsangri Srinagar (PM-10),2023-03-01,,,,,
Kashmir,Srinagar,Kralsangri Srinagar (PM-10),2023-04-01,65.0,65.0,,17.0,6.0
Kashmir,Srinagar,Kralsangri Srinagar (PM-10),2023-05-01,68.0,68.0,,17.0,5.0
Kashmir,Srinagar,Kralsangri Srinagar (PM-10),2023-06-01,130.0,130.0,,9.0,3.0
Kashmir,Srinagar,Kralsangri Srinagar (PM-10),2023-07-01,89.0,89.0,,17.0,6.0
Kashmir,Srinagar,Kralsangri Srinagar (PM-10),2023-08-01,57.0,57.0,,10.0,5.0
Kashmir,Srinagar,Kralsangri Srinagar (PM-10),2023-09-01,57.0,57.0,,17.0,5.0
Kashmir,Srinagar,Kralsangri Srinagar (PM-10),2023-10-01,88.0,88.0,,15.0,5.0
Kashmir,Srinagar,Kralsangri Srinagar (PM-10),2023-11-01,,109.0,,20.0,
Kashmir,Srinagar,Kralsangri Srinagar (PM-10),2023-12-01,,113.0,,12.0,
Kashmir,Srinagar,Kralsangri Srinagar (PM-10),2024-01-01,122.0,122.0,,14.0,
Kashmir,Srinagar,Kralsangri Srinagar (PM-10),2024-02-01,,,,,
Kashmir,Srinagar,Kralsangri Srinagar (PM-10),2024-03-01,,,,,
Kashmir,Srinagar,Kralsangri Srinagar (PM-10),2024-04-01,,,,,
Kashmir,Srinagar,Kralsangri Srinagar (PM-10),2024-05-01,,,,,
Kashmir,Srinagar,Kralsangri Srinagar (PM-10),2024-06-01,89.0,89.0,,12.0,6.0
Kashmir,Srinagar,Kralsangri Srinagar (PM-10),2024-07-01,88.0,88.0,,10.0,5.0
Kashmir,Srinagar,Kralsangri Srinagar (PM-10),2024-08-01,83.0,83.0,,8.0,3.0
Kashmir,Srinagar,Kralsangri Srinagar (PM-10),2024-09-01,86.0,86.0,,12.0,6.0
Kashmir,Srinagar,Kralsangri Srinagar (PM-10),2024-10-01,82.0,82.0,,9.0,5.0
Kashmir,Srinagar,Kralsangri Srinagar (PM-10),2024-11-01,,110.0,25.0,,2.0
Kashmir,Srinagar,Kralsangri Srinagar (PM-10),2024-12-01,,118.0,71.0,,5.0
Kashmir,Srinagar,Kralsangri Srinagar (PM-10),2025-01-01,85.0,79.0,60.0,9.0,4.0
Kashmir,Srinagar,Kralsangri Srinagar (PM-10),2025-02-01,78.0,78.0,64.0,14.0,7.0
Kashmir,Srinagar,Kralsangri Srinagar (PM-10),2025-03-01,59.0,59.0,49.0,11.0,4.0
Kashmir,Srinagar,Kralsangri Srinagar (PM-10),2025-04-01,69.0,69.0,46.0,8.0,5.0
Kashmir,Srinagar,Kralsangri Srinagar (PM-10),2025-05-01,43.0,43.0,22.0,11.0,5.0
Kashmir,Srinagar,Kralsangri Srinagar (PM-10),2025-06-01,52.0,52.0,28.0,9.0,3.0
Kashmir,Srinagar,Kralsangri Srinagar (PM-10),2025-07-01,44.0,44.0,,9.0,4.0
Kashmir,Srinagar,Kralsangri Srinagar (PM-10),2025-08-01,46.0,46.0,,10.0,4.0
Kashmir,Srinagar,Kralsangri Srinagar (PM-10),2025-09-01,54.0,54.0,,8.0,4.0
Kashmir,Srinagar,Kralsangri Srinagar (PM-10),2025-10-01,39.0,39.0,18.0,8.0,
Kashmir,Srinagar,Kralsangri Srinagar (PM-10),2025-11-01,,,,,
Kashmir,Srinagar,Kralsangri Srinagar (PM-10),2025-12-01,,,,,
Kashmir,Srinagar,Kralsangri Srinagar (PM-10),2026-01-01,,,,,
Kashmir,Srinagar,Kralsangri Srinagar (PM-10),2026-02-01,,,,,
Kashmir,Srinagar,Kralsangri Srinagar (PM-10),2026-03-01,,,,,
Kashmir,Srinagar,Soura Near SKIMS Srinagar (PM-2.5),2022-01-01,70.0,,70.0,,
Kashmir,Srinagar,Soura Near SKIMS Srinagar (PM-2.5),2022-02-01,58.0,,58.0,,
Kashmir,Srinagar,Soura Near SKIMS Srinagar (PM-2.5),2022-03-01,64.0,,64.0,,
Kashmir,Srinagar,Soura Near SKIMS Srinagar (PM-2.5),2022-04-01,65.0,,65.0,,
Kashmir,Srinagar,Soura Near SKIMS Srinagar (PM-2.5),2022-05-01,70.0,,70.0,,
Kashmir,Srinagar,Soura Near SKIMS Srinagar (PM-2.5),2022-06-01,66.0,,66.0,,
Kashmir,Srinagar,Soura Near SKIMS Srinagar (PM-2.5),2022-07-01,65.0,,65.0,,
Kashmir,Srinagar,Soura Near SKIMS Srinagar (PM-2.5),2022-08-01,65.0,,65.0,,
Kashmir,Srinagar,Soura Near SKIMS Srinagar (PM-2.5),2022-09-01,72.0,,72.0,,
Kashmir,Srinagar,Soura Near SKIMS Srinagar (PM-2.5),2022-10-01,77.0,,77.0,,
Kashmir,Srinagar,Soura Near SKIMS Srinagar (PM-2.5),2022-11-01,82.0,,82.0,,
Kashmir,Srinagar,Soura Near SKIMS Srinagar (PM-2.5),2022-12-01,78.0,,78.0,,
Kashmir,Srinagar,Soura Near SKIMS Srinagar (PM-2.5),2023-01-01,78.0,,78.0,,
Kashmir,Srinagar,Soura Near SKIMS Srinagar (PM-2.5),2023-02-01,94.0,,94.0,,
Kashmir,Srinagar,Soura Near SKIMS Srinagar (PM-2.5),2023-03-01,115.0,,115.0,,
Kashmir,Srinagar,Soura Near SKIMS Srinagar (PM-2.5),2023-04-01,74.0,,74.0,,
Kashmir,Srinagar,Soura Near SKIMS Srinagar (PM-2.5),2023-05-01,82.0,,82.0,,
Kashmir,Srinagar,Soura Near SKIMS Srinagar (PM-2.5),2023-06-01,87.0,,87.0,,
Kashmir,Srinagar,Soura Near SKIMS Srinagar (PM-2.5),2023-07-01,83.0,,83.0,,
Kashmir,Srinagar,Soura Near SKIMS Srinagar (PM-2.5),2023-08-01,90.0,,90.0,,
Kashmir,Srinagar,Soura Near SKIMS Srinagar (PM-2.5),2023-09-01,78.0,,78.0,,
Kashmir,Srinagar,Soura Near SKIMS Srinagar (PM-2.5),2023-10-01,84.0,,84.0,,
Kashmir,Srinagar,Soura Near SKIMS Srinagar (PM-2.5),2023-11-01,104.0,,104.0,,
Kashmir,Srinagar,Soura Near SKIMS Srinagar (PM-2.5),2023-12-01,106.0,,106.0,,
Kashmir,Srinagar,Soura Near SKIMS Srinagar (PM-2.5),2024-01-01,,,,,
Kashmir,Srinagar,Soura Near SKIMS Srinagar (PM-2.5),2024-02-01,,,,,
Kashmir,Srinagar,Soura Near SKIMS Srinagar (PM-2.5),2024-03-01,,,,,
Kashmir,Srinagar,Soura Near SKIMS Srinagar (PM-2.5),2024-04-01,,,,,
Kashmir,Srinagar,Soura Near SKIMS Srinagar (PM-2.5),2024-05-01,,,,,
Kashmir,Srinagar,Soura Near SKIMS Srinagar (PM-2.5),2024-06-01,80.0,,80.0,,
Kashmir,Srinagar,Soura Near SKIMS Srinagar (PM-2.5),2024-07-01,81.0,,81.0,,
Kashmir,Srinagar,Soura Near SKIMS Srinagar (PM-2.5),2024-08-01,65.0,,65.0,,
Kashmir,Srinagar,Soura Near SKIMS Srinagar (PM-2.5),2024-09-01,71.0,,71.0,,
Kashmir,Srinagar,Soura Near SKIMS Srinagar (PM-2.5),2024-10-01,77.0,,77.0,,
Kashmir,Srinagar,Soura Near SKIMS Srinagar (PM-2.5),2024-11-01,85.0,,85.0,,
Kashmir,Srinagar,Soura Near SKIMS Srinagar (PM-2.5),2024-12-01,85.0,,85.0,,
Kashmir,Srinagar,Soura Near SKIMS Srinagar (PM-2.5),2025-01-01,81.0,,81.0,,
Kashmir,Srinagar,Soura Near SKIMS Srinagar (PM-2.5),2025-02-01,74.0,,74.0,,
Kashmir,Srinagar,Soura Near SKIMS Srinagar (PM-2.5),2025-03-01,69.0,,69.0,,
Kashmir,Srinagar,Soura Near SKIMS Srinagar (PM-2.5),2025-04-01,58.0,,58.0,,
Kashmir,Srinagar,Soura Near SKIMS Srinagar (PM-2.5),2025-05-01,65.0,,65.0,,
Kashmir,Srinagar,Soura Near SKIMS Srinagar (PM-2.5),2025-06-01,68.0,,68.0,,
Kashmir,Srinagar,Soura Near SKIMS Srinagar (PM-2.5),2025-07-01,64.0,,64.0,,
Kashmir,Srinagar,Soura Near SKIMS Srinagar (PM-2.5),2025-08-01,62.0,,62.0,,
Kashmir,Srinagar,Soura Near SKIMS Srinagar (PM-2.5),2025-09-01,62.0,,62.0,,
Kashmir,Srinagar,Soura Near SKIMS Srinagar (PM-2.5),2025-10-01,66.0,,66.0,,
Kashmir,Srinagar,Soura Near SKIMS Srinagar (PM-2.5),2025-11-01,75.0,,75.0,,
Kashmir,Srinagar,Soura Near SKIMS Srinagar (PM-2.5),2025-12-01,89.0,,89.0,,
Kashmir,Srinagar,Soura Near SKIMS Srinagar (PM-2.5),2026-01-01,103.0,,103.0,,
Kashmir,Srinagar,Soura Near SKIMS Srinagar (PM-2.5),2026-02-01,69.0,,69.0,,
Kashmir,Srinagar,Soura Near SKIMS Srinagar (PM-2.5),2026-03-01,,,,,
Kashmir,Srinagar,Zakura Srinagar (PM-10),2022-01-01,,,,,
Kashmir,Srinagar,Zakura Srinagar (PM-10),2022-02-01,,,,,
Kashmir,Srinagar,Zakura Srinagar (PM-10),2022-03-01,,,,,
Kashmir,Srinagar,Zakura Srinagar (PM-10),2022-04-01,,,,,
Kashmir,Srinagar,Zakura Srinagar (PM-10),2022-05-01,,,,,
Kashmir,Srinagar,Zakura Srinagar (PM-10),2022-06-01,,,,,
Kashmir,Srinagar,Zakura Srinagar (PM-10),2022-07-01,,,,,
Kashmir,Srinagar,Zakura Srinagar (PM-10),2022-08-01,,,,,
Kashmir,Srinagar,Zakura Srinagar (PM-10),2022-09-01,,,,,
Kashmir,Srinagar,Zakura Srinagar (PM-10),2022-10-01,,,,,
Kashmir,Srinagar,Zakura Srinagar (PM-10),2022-11-01,,,,,
Kashmir,Srinagar,Zakura Srinagar (PM-10),2022-12-01,,,,,
Kashmir,Srinagar,Zakura Srinagar (PM-10),2023-01-01,,,,,
Kashmir,Srinagar,Zakura Srinagar (PM-10),2023-02-01,,,,,
Kashmir,Srinagar,Zakura Srinagar (PM-10),2023-03-01,,,,,
Kashmir,Srinagar,Zakura Srinagar (PM-10),2023-04-01,63.0,63.0,,19.0,6.0
Kashmir,Srinagar,Zakura Srinagar (PM-10),2023-05-01,73.0,73.0,,18.0,8.0
Kashmir,Srinagar,Zakura Srinagar (PM-10),2023-06-01,89.0,89.0,,21.0,9.0
Kashmir,Srinagar,Zakura Srinagar (PM-10),2023-07-01,83.0,83.0,,20.0,8.0
Kashmir,Srinagar,Zakura Srinagar (PM-10),2023-08-01,70.0,70.0,,13.0,4.0
Kashmir,Srinagar,Zakura Srinagar (PM-10),2023-09-01,70.0,70.0,,17.0,5.0
Kashmir,Srinagar,Zakura Srinagar (PM-10),2023-10-01,85.0,85.0,,18.0,6.0
Kashmir,Srinagar,Zakura Srinagar (PM-10),2023-11-01,105.0,,,19.0,
Kashmir,Srinagar,Zakura Srinagar (PM-10),2023-12-01,121.0,,,11.0,
Kashmir,Srinagar,Zakura Srinagar (PM-10),2024-01-01,113.0,113.0,,14.0,
Kashmir,Srinagar,Zakura Srinagar (PM-10),2024-02-01,,,,,
Kashmir,Srinagar,Zakura Srinagar (PM-10),2024-03-01,118.0,118.0,38.0,24.0,5.0
Kashmir,Srinagar,Zakura Srinagar (PM-10),2024-04-01,,,,,
Kashmir,Srinagar,Zakura Srinagar (PM-10),2024-05-01,,,,,
Kashmir,Srinagar,Zakura Srinagar (PM-10),2024-06-01,77.0,77.0,,13.0,5.0
Kashmir,Srinagar,Zakura Srinagar (PM-10),2024-07-01,83.0,83.0,,10.0,5.0
Kashmir,Srinagar,Zakura Srinagar (PM-10),2024-08-01,77.0,77.0,,14.0,6.0
Kashmir,Srinagar,Zakura Srinagar (PM-10),2024-09-01,69.0,69.0,,12.0,6.0
Kashmir,Srinagar,Zakura Srinagar (PM-10),2024-10-01,76.0,76.0,,,7.0
Kashmir,Srinagar,Zakura Srinagar (PM-10),2024-11-01,112.0,112.0,,,2.0
Kashmir,Srinagar,Zakura Srinagar (PM-10),2024-12-01,,101.0,,,9.0
Kashmir,Srinagar,Zakura Srinagar (PM-10),2025-01-01,77.0,77.0,,13.0,8.0
Kashmir,Srinagar,Zakura Srinagar (PM-10),2025-02-01,58.0,58.0,,14.0,9.0
Kashmir,Srinagar,Zakura Srinagar (PM-10),2025-03-01,45.0,45.0,,13.0,7.0
Kashmir,Srinagar,Zakura Srinagar (PM-10),2025-04-01,38.0,38.0,,12.0,7.0
Kashmir,Srinagar,Zakura Srinagar (PM-10),2025-05-01,57.0,57.0,,14.0,7.0
Kashmir,Srinagar,Zakura Srinagar (PM-10),2025-06-01,72.0,72.0,,15.0,6.0
Kashmir,Srinagar,Zakura Srinagar (PM-10),2025-07-01,60.0,60.0,,12.0,6.0
Kashmir,Srinagar,Zakura Srinagar (PM-10),2025-08-01,82.0,82.0,,11.0,5.0
Kashmir,Srinagar,Zakura Srinagar (PM-10),2025-09-01,90.0,90.0,,12.0,3.0
Kashmir,Srinagar,Zakura Srinagar (PM-10),2025-10-01,79.0,79.0,,12.0,
Kashmir,Srinagar,Zakura Srinagar (PM-10),2025-11-01,,,,,
Kashmir,Srinagar,Zakura Srinagar (PM-10),2025-12-01,,,,,
Kashmir,Srinagar,Zakura Srinagar (PM-10),2026-01-01,,,,,
Kashmir,Srinagar,Zakura Srinagar (PM-10),2026-02-01,,,,,
Kashmir,Srinagar,Zakura Srinagar (PM-10),2026-03-01,,,,,
