Region,District,Station,Date,AQI,PM10,PM2_5,NO2,SO2
Kashmir,Anantnag,"Anantnag (PM-10, PM-2.5) 1084",Jan/2022,,,,,
Kashmir,Anantnag,"Anantnag (PM-10, PM-2.5) 1084",Feb/2022,,,,,
Kashmir,Anantnag,"Anantnag (PM-10, PM-2.5) 1084",Mar/2022,,,,,
Kashmir,Anantnag,"Anantnag (PM-10, PM-2.5) 1084",Apr/2022,,,,,
Kashmir,Anantnag,"Anantnag (PM-10, PM-2.5) 1084",May/2022,,,,,
Kashmir,Anantnag,"Anantnag (PM-10, PM-2.5) 1084",Jun/2022,,,,,
Kashmir,Anantnag,"Anantnag (PM-10, PM-2.5) 1084",Jul/2022,,,,,
Kashmir,Anantnag,"Anantnag (PM-10, PM-2.5) 1084",Aug/2022,,,,,
Kashmir,Anantnag,"Anantnag (PM-10, PM-2.5) 1084",Sep/2022,,,,,
Kashmir,Anantnag,"Anantnag (PM-10, PM-2.5) 1084",Oct/2022,,,,,
Kashmir,Anantnag,"Anantnag (PM-10, PM-2.5) 1084",Nov/2022,,,,,
Kashmir,Anantnag,"Anantnag (PM-10, PM-2.5) 1084",Dec/2022,121,68,53,13,8
Kashmir,Anantnag,"Anantnag (PM-10, PM-2.5) 1084",Jan/2023,102,61,40,12,6
Kashmir,Anantnag,"Anantnag (PM-10, PM-2.5) 1084",Feb/2023,107,63,44,14,8
Kashmir,Anantnag,"Anantnag (PM-10, PM-2.5) 1084",Mar/2023,115,81,33,14,7
Kashmir,Anantnag,"Anantnag (PM-10, PM-2.5) 1084",Apr/2023,,,,,
Kashmir,Anantnag,"Anantnag (PM-10, PM-2.5) 1084",May/2023,,,,,
Kashmir,Anantnag,"Anantnag (PM-10, PM-2.5) 1084",Jun/2023,,,,,
Kashmir,Anantnag,"Anantnag (PM-10, PM-2.5) 1084",Jul/2023,,,,,
Kashmir,Anantnag,"Anantnag (PM-10, PM-2.5) 1084",Aug/2023,,,,,
Kashmir,Anantnag,"Anantnag (PM-10, PM-2.5) 1084",Sep/2023,,,,,
Kashmir,Anantnag,"Anantnag (PM-10, PM-2.5) 1084",Oct/2023,,,,,
Kashmir,Anantnag,"Anantnag (PM-10, PM-2.5) 1084",Nov/2023,,,,,
Kashmir,Anantnag,"Anantnag (PM-10, PM-2.5) 1084",Dec/2023,96,64,32,,
Kashmir,Anantnag,"Anantnag (PM-10, PM-2.5) 1084",Jan/2024,132,132,,26,
Kashmir,Anantnag,"Anantnag (PM-10, PM-2.5) 1084",Feb/2024,132,132,45,23,9
Kashmir,Anantnag,"Anantnag (PM-10, PM-2.5) 1084",Mar/2024,123,123,21,18,8
Kashmir,Anantnag,"Anantnag (PM-10, PM-2.5) 1084",Apr/2024,98,98,52,22,10
Kashmir,Anantnag,"Anantnag (PM-10, PM-2.5) 1084",May/2024,,,,,
Kashmir,Anantnag,"Anantnag (PM-10, PM-2.5) 1084",Jun/2024,,,,,
Kashmir,Anantnag,"Anantnag (PM-10, PM-2.5) 1084",Jul/2024,,,,,
Kashmir,Anantnag,"Anantnag (PM-10, PM-2.5) 1084",Aug/2024,,,,,
Kashmir,Anantnag,"Anantnag (PM-10, PM-2.5) 1084",Sep/2024,,,,,
Kashmir,Anantnag,"Anantnag (PM-10, PM-2.5) 1084",Oct/2024,,,,,
Kashmir,Anantnag,"Anantnag (PM-10, PM-2.5) 1084",Nov/2024,161,161,50,29,14
Kashmir,Anantnag,"Anantnag (PM-10, PM-2.5) 1084",Dec/2024,,131,59,16,10
Kashmir,Anantnag,"Anantnag (PM-10, PM-2.5) 1084",Jan/2025,104,92,51,12,7
Kashmir,Anantnag,"Anantnag (PM-10, PM-2.5) 1084",Feb/2025,120,120,58,15,8
Kashmir,Anantnag,"Anantnag (PM-10, PM-2.5) 1084",Mar/2025,93,93,40,13,6
Kashmir,Anantnag,"Anantnag (PM-10, PM-2.5) 1084",Apr/2025,,,,,
Kashmir,Anantnag,"Anantnag (PM-10, PM-2.5) 1084",May/2025,74,74,31,10,5
Kashmir,Anantnag,"Anantnag (PM-10, PM-2.5) 1084",Jun/2025,113,113,55,8,3
Kashmir,Anantnag,"Anantnag (PM-10, PM-2.5) 1084",Jul/2025,112,112,,14,6
Kashmir,Anantnag,"Anantnag (PM-10, PM-2.5) 1084",Aug/2025,118,118,,,
Kashmir,Anantnag,"Anantnag (PM-10, PM-2.5) 1084",Sep/2025,,,,,
Kashmir,Anantnag,"Anantnag (PM-10, PM-2.5) 1084",Oct/2025,114,114,,13,
Kashmir,Anantnag,"Anantnag (PM-10, PM-2.5) 1084",Nov/2025,127,127,,17,
Kashmir,Anantnag,"Anantnag (PM-10, PM-2.5) 1084",Dec/2025,136,136,,17,
Kashmir,Anantnag,"Anantnag (PM-10, PM-2.5) 1084",Jan/2026,104,104,,13,
Kashmir,Anantnag,"Anantnag (PM-10, PM-2.5) 1084",Feb/2026,,,,,
Kashmir,Anantnag,"Anantnag (PM-10, PM-2.5) 1084",Mar/2026,,,,,
Kashmir,Srinagar,"Bagh-Ali Mardan Khan (PM-10, PM-2.5) 1077",Jan/2022,,,,,
Kashmir,Srinagar,"Bagh-Ali Mardan Khan (PM-10, PM-2.5) 1077",Feb/2022,,,,,
Kashmir,Srinagar,"Bagh-Ali Mardan Khan (PM-10, PM-2.5) 1077",Mar/2022,,,,,
Kashmir,Srinagar,"Bagh-Ali Mardan Khan (PM-10, PM-2.5) 1077",Apr/2022,,,,,
Kashmir,Srinagar,"Bagh-Ali Mardan Khan (PM-10, PM-2.5) 1077",May/2022,,,,,
Kashmir,Srinagar,"Bagh-Ali Mardan Khan (PM-10, PM-2.5) 1077",Jun/2022,,,,,
Kashmir,Srinagar,"Bagh-Ali Mardan Khan (PM-10, PM-2.5) 1077",Jul/2022,,,,,
Kashmir,Srinagar,"Bagh-Ali Mardan Khan (PM-10, PM-2.5) 1077",Aug/2022,,,,,
Kashmir,Srinagar,"Bagh-Ali Mardan Khan (PM-10, PM-2.5) 1077",Sep/2022,,,,,
Kashmir,Srinagar,"Bagh-Ali Mardan Khan (PM-10, PM-2.5) 1077",Oct/2022,80,45,34,11,6
Kashmir,Srinagar,"Bagh-Ali Mardan Khan (PM-10, PM-2.5) 1077",Nov/2022,,,,,
Kashmir,Srinagar,"Bagh-Ali Mardan Khan (PM-10, PM-2.5) 1077",Dec/2022,109,66,42,15,9
Kashmir,Srinagar,"Bagh-Ali Mardan Khan (PM-10, PM-2.5) 1077",Jan/2023,108,65,43,13,7
Kashmir,Srinagar,"Bagh-Ali Mardan Khan (PM-10, PM-2.5) 1077",Feb/2023,109,74,35,15,9
Kashmir,Srinagar,"Bagh-Ali Mardan Khan (PM-10, PM-2.5) 1077",Mar/2023,121,97,23,19,11
Kashmir,Srinagar,"Bagh-Ali Mardan Khan (PM-10, PM-2.5) 1077",Apr/2023,,,,,
Kashmir,Srinagar,"Bagh-Ali Mardan Khan (PM-10, PM-2.5) 1077",May/2023,,,,,
Kashmir,Srinagar,"Bagh-Ali Mardan Khan (PM-10, PM-2.5) 1077",Jun/2023,,,,,
Kashmir,Srinagar,"Bagh-Ali Mardan Khan (PM-10, PM-2.5) 1077",Jul/2023,,,,,
Kashmir,Srinagar,"Bagh-Ali Mardan Khan (PM-10, PM-2.5) 1077",Aug/2023,,,,,
Kashmir,Srinagar,"Bagh-Ali Mardan Khan (PM-10, PM-2.5) 1077",Sep/2023,,,,,
Kashmir,Srinagar,"Bagh-Ali Mardan Khan (PM-10, PM-2.5) 1077",Oct/2023,,,,,
Kashmir,Srinagar,"Bagh-Ali Mardan Khan (PM-10, PM-2.5) 1077",Nov/2023,105,54,51,10,4
Kashmir,Srinagar,"Bagh-Ali Mardan Khan (PM-10, PM-2.5) 1077",Dec/2023,,72,31,,
Kashmir,Srinagar,"Bagh-Ali Mardan Khan (PM-10, PM-2.5) 1077",Jan/2024,138,138,,28,1
Kashmir,Srinagar,"Bagh-Ali Mardan Khan (PM-10, PM-2.5) 1077",Feb/2024,133,133,63,27,15
Kashmir,Srinagar,"Bagh-Ali Mardan Khan (PM-10, PM-2.5) 1077",Mar/2024,82,82,54,15,10
Kashmir,Srinagar,"Bagh-Ali Mardan Khan (PM-10, PM-2.5) 1077",Apr/2024,102,102,93,23,11
Kashmir,Srinagar,"Bagh-Ali Mardan Khan (PM-10, PM-2.5) 1077",May/2024,,,,,
Kashmir,Srinagar,"Bagh-Ali Mardan Khan (PM-10, PM-2.5) 1077",Jun/2024,,,,,
Kashmir,Srinagar,"Bagh-Ali Mardan Khan (PM-10, PM-2.5) 1077",Jul/2024,,,,,
Kashmir,Srinagar,"Bagh-Ali Mardan Khan (PM-10, PM-2.5) 1077",Aug/2024,,,,,
Kashmir,Srinagar,"Bagh-Ali Mardan Khan (PM-10, PM-2.5) 1077",Sep/2024,,,,,
Kashmir,Srinagar,"Bagh-Ali Mardan Khan (PM-10, PM-2.5) 1077",Oct/2024,136,136,,,
Kashmir,Srinagar,"Bagh-Ali Mardan Khan (PM-10, PM-2.5) 1077",Nov/2024,150,150,,19,4
Kashmir,Srinagar,"Bagh-Ali Mardan Khan (PM-10, PM-2.5) 1077",Dec/2024,,118,,,6
Kashmir,Srinagar,"Bagh-Ali Mardan Khan (PM-10, PM-2.5) 1077",Jan/2025,118,118,92,18,14
Kashmir,Srinagar,"Bagh-Ali Mardan Khan (PM-10, PM-2.5) 1077",Feb/2025,116,116,99,16,12
Kashmir,Srinagar,"Bagh-Ali Mardan Khan (PM-10, PM-2.5) 1077",Mar/2025,77,77,,21,13
Kashmir,Srinagar,"Bagh-Ali Mardan Khan (PM-10, PM-2.5) 1077",Apr/2025,87,87,,,
Kashmir,Srinagar,"Bagh-Ali Mardan Khan (PM-10, PM-2.5) 1077",May/2025,,,,,
Kashmir,Srinagar,"Bagh-Ali Mardan Khan (PM-10, PM-2.5) 1077",Jun/2025,,,,,
Kashmir,Srinagar,"Bagh-Ali Mardan Khan (PM-10, PM-2.5) 1077",Jul/2025,,,,,
Kashmir,Srinagar,"Bagh-Ali Mardan Khan (PM-10, PM-2.5) 1077",Aug/2025,72,72,,11,5
Kashmir,Srinagar,"Bagh-Ali Mardan Khan (PM-10, PM-2.5) 1077",Sep/2025,68,68,,,
Kashmir,Srinagar,"Bagh-Ali Mardan Khan (PM-10, PM-2.5) 1077",Oct/2025,71,62,53,,
Kashmir,Srinagar,"Bagh-Ali Mardan Khan (PM-10, PM-2.5) 1077",Nov/2025,80,,80,,
Kashmir,Srinagar,"Bagh-Ali Mardan Khan (PM-10, PM-2.5) 1077",Dec/2025,,,,,
Kashmir,Srinagar,"Bagh-Ali Mardan Khan (PM-10, PM-2.5) 1077",Jan/2026,122,122,,27,
Kashmir,Srinagar,"Bagh-Ali Mardan Khan (PM-10, PM-2.5) 1077",Feb/2026,119,119,,25,
Kashmir,Srinagar,"Bagh-Ali Mardan Khan (PM-10, PM-2.5) 1077",Mar/2026,,,,,
Kashmir,Bandipora,"Bandipora (PM-10, PM-2.5) 1085",Jan/2022,,,,,
Kashmir,Bandipora,"Bandipora (PM-10, PM-2.5) 1085",Feb/2022,,,,,
Kashmir,Bandipora,"Bandipora (PM-10, PM-2.5) 1085",Mar/2022,,,,,
Kashmir,Bandipora,"Bandipora (PM-10, PM-2.5) 1085",Apr/2022,,,,,
Kashmir,Bandipora,"Bandipora (PM-10, PM-2.5) 1085",May/2022,,,,,
Kashmir,Bandipora,"Bandipora (PM-10, PM-2.5) 1085",Jun/2022,,,,,
Kashmir,Bandipora,"Bandipora (PM-10, PM-2.5) 1085",Jul/2022,,,,,
Kashmir,Bandipora,"Bandipora (PM-10, PM-2.5) 1085",Aug/2022,,,,,
Kashmir,Bandipora,"Bandipora (PM-10, PM-2.5) 1085",Sep/2022,,,,,
Kashmir,Bandipora,"Bandipora (PM-10, PM-2.5) 1085",Oct/2022,,,,,
Kashmir,Bandipora,"Bandipora (PM-10, PM-2.5) 1085",Nov/2022,,,,,
Kashmir,Bandipora,"Bandipora (PM-10, PM-2.5) 1085",Dec/2022,95,58,37,12,7
Kashmir,Bandipora,"Bandipora (PM-10, PM-2.5) 1085",Jan/2023,91,28,63,4,2
Kashmir,Bandipora,"Bandipora (PM-10, PM-2.5) 1085",Feb/2023,109,64,45,13,6
Kashmir,Bandipora,"Bandipora (PM-10, PM-2.5) 1085",Mar/2023,108,,108,,
Kashmir,Bandipora,"Bandipora (PM-10, PM-2.5) 1085",Apr/2023,,,,,
Kashmir,Bandipora,"Bandipora (PM-10, PM-2.5) 1085",May/2023,,,,,
Kashmir,Bandipora,"Bandipora (PM-10, PM-2.5) 1085",Jun/2023,,,,,
Kashmir,Bandipora,"Bandipora (PM-10, PM-2.5) 1085",Jul/2023,,,,,
Kashmir,Bandipora,"Bandipora (PM-10, PM-2.5) 1085",Aug/2023,,,,,
Kashmir,Bandipora,"Bandipora (PM-10, PM-2.5) 1085",Sep/2023,,,,,
Kashmir,Bandipora,"Bandipora (PM-10, PM-2.5) 1085",Oct/2023,,,,,
Kashmir,Bandipora,"Bandipora (PM-10, PM-2.5) 1085",Nov/2023,,,,,
Kashmir,Bandipora,"Bandipora (PM-10, PM-2.5) 1085",Dec/2023,127,,59,,
Kashmir,Bandipora,"Bandipora (PM-10, PM-2.5) 1085",Jan/2024,,,,,
Kashmir,Bandipora,"Bandipora (PM-10, PM-2.5) 1085",Feb/2024,128,128,46,25,12
Kashmir,Bandipora,"Bandipora (PM-10, PM-2.5) 1085",Mar/2024,124,124,15,3,1
Kashmir,Bandipora,"Bandipora (PM-10, PM-2.5) 1085",Apr/2024,114,114,57,22,11
Kashmir,Bandipora,"Bandipora (PM-10, PM-2.5) 1085",May/2024,,,,,
Kashmir,Bandipora,"Bandipora (PM-10, PM-2.5) 1085",Jun/2024,,,,,
Kashmir,Bandipora,"Bandipora (PM-10, PM-2.5) 1085",Jul/2024,,,,,
Kashmir,Bandipora,"Bandipora (PM-10, PM-2.5) 1085",Aug/2024,,,,,
Kashmir,Bandipora,"Bandipora (PM-10, PM-2.5) 1085",Sep/2024,,,,,
Kashmir,Bandipora,"Bandipora (PM-10, PM-2.5) 1085",Oct/2024,,,,,
Kashmir,Bandipora,"Bandipora (PM-10, PM-2.5) 1085",Nov/2024,131,131,,12,
Kashmir,Bandipora,"Bandipora (PM-10, PM-2.5) 1085",Dec/2024,,,,11,6
Kashmir,Bandipora,"Bandipora (PM-10, PM-2.5) 1085",Jan/2025,120,120,,3,1
Kashmir,Bandipora,"Bandipora (PM-10, PM-2.5) 1085",Feb/2025,119,119,62,,
Kashmir,Bandipora,"Bandipora (PM-10, PM-2.5) 1085",Mar/2025,114,114,,,
Kashmir,Bandipora,"Bandipora (PM-10, PM-2.5) 1085",Apr/2025,98,98,,,
Kashmir,Bandipora,"Bandipora (PM-10, PM-2.5) 1085",May/2025,,,,,
Kashmir,Bandipora,"Bandipora (PM-10, PM-2.5) 1085",Jun/2025,104,104,,,
Kashmir,Bandipora,"Bandipora (PM-10, PM-2.5) 1085",Jul/2025,73,73,,3,1
Kashmir,Bandipora,"Bandipora (PM-10, PM-2.5) 1085",Aug/2025,98,98,,17,7
Kashmir,Bandipora,"Bandipora (PM-10, PM-2.5) 1085",Sep/2025,98,98,,20,10
Kashmir,Bandipora,"Bandipora (PM-10, PM-2.5) 1085",Oct/2025,,88,,16,
Kashmir,Bandipora,"Bandipora (PM-10, PM-2.5) 1085",Nov/2025,,98,,16,
Kashmir,Bandipora,"Bandipora (PM-10, PM-2.5) 1085",Dec/2025,,123,,16,
Kashmir,Bandipora,"Bandipora (PM-10, PM-2.5) 1085",Jan/2026,119,119,,20,
Kashmir,Bandipora,"Bandipora (PM-10, PM-2.5) 1085",Feb/2026,113,113,,19,
Kashmir,Bandipora,"Bandipora (PM-10, PM-2.5) 1085",Mar/2026,,,,,
Kashmir,Baramulla,"Baramulla DFO Office (PM-10, PM-2.5) 1078",Jan/2022,,,,,
Kashmir,Baramulla,"Baramulla DFO Office (PM-10, PM-2.5) 1078",Feb/2022,,,,,
Kashmir,Baramulla,"Baramulla DFO Office (PM-10, PM-2.5) 1078",Mar/2022,,,,,
Kashmir,Baramulla,"Baramulla DFO Office (PM-10, PM-2.5) 1078",Apr/2022,,,,,
Kashmir,Baramulla,"Baramulla DFO Office (PM-10, PM-2.5) 1078",May/2022,,,,,
Kashmir,Baramulla,"Baramulla DFO Office (PM-10, PM-2.5) 1078",Jun/2022,,,,,
Kashmir,Baramulla,"Baramulla DFO Office (PM-10, PM-2.5) 1078",Jul/2022,,,,,
Kashmir,Baramulla,"Baramulla DFO Office (PM-10, PM-2.5) 1078",Aug/2022,,,,,
Kashmir,Baramulla,"Baramulla DFO Office (PM-10, PM-2.5) 1078",Sep/2022,,,,,
Kashmir,Baramulla,"Baramulla DFO Office (PM-10, PM-2.5) 1078",Oct/2022,,,,,
Kashmir,Baramulla,"Baramulla DFO Office (PM-10, PM-2.5) 1078",Nov/2022,,,,,
Kashmir,Baramulla,"Baramulla DFO Office (PM-10, PM-2.5) 1078",Dec/2022,104,67,37,13,7
Kashmir,Baramulla,"Baramulla DFO Office (PM-10, PM-2.5) 1078",Jan/2023,117,72,45,11,5
Kashmir,Baramulla,"Baramulla DFO Office (PM-10, PM-2.5) 1078",Feb/2023,93,49,44,9,5
Kashmir,Baramulla,"Baramulla DFO Office (PM-10, PM-2.5) 1078",Mar/2023,118,66,51,12,6
Kashmir,Baramulla,"Baramulla DFO Office (PM-10, PM-2.5) 1078",Apr/2023,,,,,
Kashmir,Baramulla,"Baramulla DFO Office (PM-10, PM-2.5) 1078",May/2023,,,,,
Kashmir,Baramulla,"Baramulla DFO Office (PM-10, PM-2.5) 1078",Jun/2023,,,,,
Kashmir,Baramulla,"Baramulla DFO Office (PM-10, PM-2.5) 1078",Jul/2023,,,,,
Kashmir,Baramulla,"Baramulla DFO Office (PM-10, PM-2.5) 1078",Aug/2023,,,,,
Kashmir,Baramulla,"Baramulla DFO Office (PM-10, PM-2.5) 1078",Sep/2023,,,,,
Kashmir,Baramulla,"Baramulla DFO Office (PM-10, PM-2.5) 1078",Oct/2023,,,,,
Kashmir,Baramulla,"Baramulla DFO Office (PM-10, PM-2.5) 1078",Nov/2023,,,,,
Kashmir,Baramulla,"Baramulla DFO Office (PM-10, PM-2.5) 1078",Dec/2023,,65,48,,
Kashmir,Baramulla,"Baramulla DFO Office (PM-10, PM-2.5) 1078",Jan/2024,117,117,,18,
Kashmir,Baramulla,"Baramulla DFO Office (PM-10, PM-2.5) 1078",Feb/2024,114,114,67,24,12
Kashmir,Baramulla,"Baramulla DFO Office (PM-10, PM-2.5) 1078",Mar/2024,87,87,52,14,5
Kashmir,Baramulla,"Baramulla DFO Office (PM-10, PM-2.5) 1078",Apr/2024,87,87,67,17,7
Kashmir,Baramulla,"Baramulla DFO Office (PM-10, PM-2.5) 1078",May/2024,,,,,
Kashmir,Baramulla,"Baramulla DFO Office (PM-10, PM-2.5) 1078",Jun/2024,,,,,
Kashmir,Baramulla,"Baramulla DFO Office (PM-10, PM-2.5) 1078",Jul/2024,,,,,
Kashmir,Baramulla,"Baramulla DFO Office (PM-10, PM-2.5) 1078",Aug/2024,,,,,
Kashmir,Baramulla,"Baramulla DFO Office (PM-10, PM-2.5) 1078",Sep/2024,,,,,
Kashmir,Baramulla,"Baramulla DFO Office (PM-10, PM-2.5) 1078",Oct/2024,,,,,
Kashmir,Baramulla,"Baramulla DFO Office (PM-10, PM-2.5) 1078",Nov/2024,112,112,,,
Kashmir,Baramulla,"Baramulla DFO Office (PM-10, PM-2.5) 1078",Dec/2024,,,,,
Kashmir,Baramulla,"Baramulla DFO Office (PM-10, PM-2.5) 1078",Jan/2025,95,84,54,6,3
Kashmir,Baramulla,"Baramulla DFO Office (PM-10, PM-2.5) 1078",Feb/2025,117,117,59,15,8
Kashmir,Baramulla,"Baramulla DFO Office (PM-10, PM-2.5) 1078",Mar/2025,116,116,37,9,4
Kashmir,Baramulla,"Baramulla DFO Office (PM-10, PM-2.5) 1078",Apr/2025,116,116,48,5,3
Kashmir,Baramulla,"Baramulla DFO Office (PM-10, PM-2.5) 1078",May/2025,109,109,52,,
Kashmir,Baramulla,"Baramulla DFO Office (PM-10, PM-2.5) 1078",Jun/2025,110,110,52,6,3
Kashmir,Baramulla,"Baramulla DFO Office (PM-10, PM-2.5) 1078",Jul/2025,115,115,55,7,3
Kashmir,Baramulla,"Baramulla DFO Office (PM-10, PM-2.5) 1078",Aug/2025,110,110,50,10,4
Kashmir,Baramulla,"Baramulla DFO Office (PM-10, PM-2.5) 1078",Sep/2025,112,112,66,17,7
Kashmir,Baramulla,"Baramulla DFO Office (PM-10, PM-2.5) 1078",Oct/2025,114,114,54,9,
Kashmir,Baramulla,"Baramulla DFO Office (PM-10, PM-2.5) 1078",Nov/2025,118,118,50,15,
Kashmir,Baramulla,"Baramulla DFO Office (PM-10, PM-2.5) 1078",Dec/2025,122,122,55,16,
Kashmir,Baramulla,"Baramulla DFO Office (PM-10, PM-2.5) 1078",Jan/2026,115,115,46,16,
Kashmir,Baramulla,"Baramulla DFO Office (PM-10, PM-2.5) 1078",Feb/2026,,,,,
Kashmir,Baramulla,"Baramulla DFO Office (PM-10, PM-2.5) 1078",Mar/2026,,,,,
Kashmir,Baramulla,"Baramulla JKPCC Office (PM-10, PM-2.5) 1079",Jan/2022,82,,82,,
Kashmir,Baramulla,"Baramulla JKPCC Office (PM-10, PM-2.5) 1079",Feb/2022,,,,,
Kashmir,Baramulla,"Baramulla JKPCC Office (PM-10, PM-2.5) 1079",Mar/2022,,,,,
Kashmir,Baramulla,"Baramulla JKPCC Office (PM-10, PM-2.5) 1079",Apr/2022,,,,,
Kashmir,Baramulla,"Baramulla JKPCC Office (PM-10, PM-2.5) 1079",May/2022,,,,,
Kashmir,Baramulla,"Baramulla JKPCC Office (PM-10, PM-2.5) 1079",Jun/2022,,,,,
Kashmir,Baramulla,"Baramulla JKPCC Office (PM-10, PM-2.5) 1079",Jul/2022,,,,,
Kashmir,Baramulla,"Baramulla JKPCC Office (PM-10, PM-2.5) 1079",Aug/2022,,,,,
Kashmir,Baramulla,"Baramulla JKPCC Office (PM-10, PM-2.5) 1079",Sep/2022,,,,,
Kashmir,Baramulla,"Baramulla JKPCC Office (PM-10, PM-2.5) 1079",Oct/2022,,,,,
Kashmir,Baramulla,"Baramulla JKPCC Office (PM-10, PM-2.5) 1079",Nov/2022,,,,,
Kashmir,Baramulla,"Baramulla JKPCC Office (PM-10, PM-2.5) 1079",Dec/2022,122,75,46,13,7
Kashmir,Baramulla,"Baramulla JKPCC Office (PM-10, PM-2.5) 1079",Jan/2023,113,70,43,11,6
Kashmir,Baramulla,"Baramulla JKPCC Office (PM-10, PM-2.5) 1079",Feb/2023,150,82,68,13,8
Kashmir,Baramulla,"Baramulla JKPCC Office (PM-10, PM-2.5) 1079",Mar/2023,139,86,53,16,10
Kashmir,Baramulla,"Baramulla JKPCC Office (PM-10, PM-2.5) 1079",Apr/2023,,,,,
Kashmir,Baramulla,"Baramulla JKPCC Office (PM-10, PM-2.5) 1079",May/2023,,,,,
Kashmir,Baramulla,"Baramulla JKPCC Office (PM-10, PM-2.5) 1079",Jun/2023,,,,,
Kashmir,Baramulla,"Baramulla JKPCC Office (PM-10, PM-2.5) 1079",Jul/2023,,,,,
Kashmir,Baramulla,"Baramulla JKPCC Office (PM-10, PM-2.5) 1079",Aug/2023,,,,,
Kashmir,Baramulla,"Baramulla JKPCC Office (PM-10, PM-2.5) 1079",Sep/2023,,,,,
Kashmir,Baramulla,"Baramulla JKPCC Office (PM-10, PM-2.5) 1079",Oct/2023,,,,,
Kashmir,Baramulla,"Baramulla JKPCC Office (PM-10, PM-2.5) 1079",Nov/2023,,,,,
Kashmir,Baramulla,"Baramulla JKPCC Office (PM-10, PM-2.5) 1079",Dec/2023,,83,39,,
Kashmir,Baramulla,"Baramulla JKPCC Office (PM-10, PM-2.5) 1079",Jan/2024,121,121,,18,
Kashmir,Baramulla,"Baramulla JKPCC Office (PM-10, PM-2.5) 1079",Feb/2024,133,129,116,25,13
Kashmir,Baramulla,"Baramulla JKPCC Office (PM-10, PM-2.5) 1079",Mar/2024,149,138,139,23,11
Kashmir,Baramulla,"Baramulla JKPCC Office (PM-10, PM-2.5) 1079",Apr/2024,135,132,104,22,12
Kashmir,Baramulla,"Baramulla JKPCC Office (PM-10, PM-2.5) 1079",May/2024,,,,,
Kashmir,Baramulla,"Baramulla JKPCC Office (PM-10, PM-2.5) 1079",Jun/2024,,,,,
Kashmir,Baramulla,"Baramulla JKPCC Office (PM-10, PM-2.5) 1079",Jul/2024,,,,,
Kashmir,Baramulla,"Baramulla JKPCC Office (PM-10, PM-2.5) 1079",Aug/2024,,,,,
Kashmir,Baramulla,"Baramulla JKPCC Office (PM-10, PM-2.5) 1079",Sep/2024,,,,,
Kashmir,Baramulla,"Baramulla JKPCC Office (PM-10, PM-2.5) 1079",Oct/2024,,,,,
Kashmir,Baramulla,"Baramulla JKPCC Office (PM-10, PM-2.5) 1079",Nov/2024,,,80,16,2
Kashmir,Baramulla,"Baramulla JKPCC Office (PM-10, PM-2.5) 1079",Dec/2024,,,,17,9
Kashmir,Baramulla,"Baramulla JKPCC Office (PM-10, PM-2.5) 1079",Jan/2025,126,126,65,15,8
Kashmir,Baramulla,"Baramulla JKPCC Office (PM-10, PM-2.5) 1079",Feb/2025,124,124,66,18,10
Kashmir,Baramulla,"Baramulla JKPCC Office (PM-10, PM-2.5) 1079",Mar/2025,114,114,29,16,9
Kashmir,Baramulla,"Baramulla JKPCC Office (PM-10, PM-2.5) 1079",Apr/2025,125,125,68,10,5
Kashmir,Baramulla,"Baramulla JKPCC Office (PM-10, PM-2.5) 1079",May/2025,114,114,61,18,
Kashmir,Baramulla,"Baramulla JKPCC Office (PM-10, PM-2.5) 1079",Jun/2025,126,126,68,12,5
Kashmir,Baramulla,"Baramulla JKPCC Office (PM-10, PM-2.5) 1079",Jul/2025,126,126,52,12,6
Kashmir,Baramulla,"Baramulla JKPCC Office (PM-10, PM-2.5) 1079",Aug/2025,119,119,53,16,8
Kashmir,Baramulla,"Baramulla JKPCC Office (PM-10, PM-2.5) 1079",Sep/2025,51,,51,,
Kashmir,Baramulla,"Baramulla JKPCC Office (PM-10, PM-2.5) 1079",Oct/2025,128,128,62,18,
Kashmir,Baramulla,"Baramulla JKPCC Office (PM-10, PM-2.5) 1079",Nov/2025,132,132,71,22,
Kashmir,Baramulla,"Baramulla JKPCC Office (PM-10, PM-2.5) 1079",Dec/2025,,,95,24,
Kashmir,Baramulla,"Baramulla JKPCC Office (PM-10, PM-2.5) 1079",Jan/2026,128,128,70,23,
Kashmir,Baramulla,"Baramulla JKPCC Office (PM-10, PM-2.5) 1079",Feb/2026,108,108,46,22,
Kashmir,Baramulla,"Baramulla JKPCC Office (PM-10, PM-2.5) 1079",Mar/2026,,,,,
Kashmir,Srinagar,Dalgate Boulvard Srinagar (PM-2.5),Jan/2022,84,,84,,
Kashmir,Srinagar,Dalgate Boulvard Srinagar (PM-2.5),Feb/2022,66,,66,,
Kashmir,Srinagar,Dalgate Boulvard Srinagar (PM-2.5),Mar/2022,93,,93,,
Kashmir,Srinagar,Dalgate Boulvard Srinagar (PM-2.5),Apr/2022,89,,89,,
Kashmir,Srinagar,Dalgate Boulvard Srinagar (PM-2.5),May/2022,89,,89,,
Kashmir,Srinagar,Dalgate Boulvard Srinagar (PM-2.5),Jun/2022,89,,89,,
Kashmir,Srinagar,Dalgate Boulvard Srinagar (PM-2.5),Jul/2022,86,,86,,
Kashmir,Srinagar,Dalgate Boulvard Srinagar (PM-2.5),Aug/2022,88,,88,,
Kashmir,Srinagar,Dalgate Boulvard Srinagar (PM-2.5),Sep/2022,79,,79,,
Kashmir,Srinagar,Dalgate Boulvard Srinagar (PM-2.5),Oct/2022,87,,87,,
Kashmir,Srinagar,Dalgate Boulvard Srinagar (PM-2.5),Nov/2022,80,,80,,
Kashmir,Srinagar,Dalgate Boulvard Srinagar (PM-2.5),Dec/2022,78,,78,,
Kashmir,Srinagar,Dalgate Boulvard Srinagar (PM-2.5),Jan/2023,82,,82,,
Kashmir,Srinagar,Dalgate Boulvard Srinagar (PM-2.5),Feb/2023,116,,116,,
Kashmir,Srinagar,Dalgate Boulvard Srinagar (PM-2.5),Mar/2023,106,,106,,
Kashmir,Srinagar,Dalgate Boulvard Srinagar (PM-2.5),Apr/2023,81,,81,,
Kashmir,Srinagar,Dalgate Boulvard Srinagar (PM-2.5),May/2023,95,,95,,
Kashmir,Srinagar,Dalgate Boulvard Srinagar (PM-2.5),Jun/2023,93,,93,,
Kashmir,Srinagar,Dalgate Boulvard Srinagar (PM-2.5),Jul/2023,90,,90,,
Kashmir,Srinagar,Dalgate Boulvard Srinagar (PM-2.5),Aug/2023,87,,87,,
Kashmir,Srinagar,Dalgate Boulvard Srinagar (PM-2.5),Sep/2023,88,,88,,
Kashmir,Srinagar,Dalgate Boulvard Srinagar (PM-2.5),Oct/2023,104,,104,,
Kashmir,Srinagar,Dalgate Boulvard Srinagar (PM-2.5),Nov/2023,111,,111,,
Kashmir,Srinagar,Dalgate Boulvard Srinagar (PM-2.5),Dec/2023,119,,119,,
Kashmir,Srinagar,Dalgate Boulvard Srinagar (PM-2.5),Jan/2024,,,,,
Kashmir,Srinagar,Dalgate Boulvard Srinagar (PM-2.5),Feb/2024,,,,,
Kashmir,Srinagar,Dalgate Boulvard Srinagar (PM-2.5),Mar/2024,,,,,
Kashmir,Srinagar,Dalgate Boulvard Srinagar (PM-2.5),Apr/2024,,,,,
Kashmir,Srinagar,Dalgate Boulvard Srinagar (PM-2.5),May/2024,,,,,
Kashmir,Srinagar,Dalgate Boulvard Srinagar (PM-2.5),Jun/2024,87,,87,,
Kashmir,Srinagar,Dalgate Boulvard Srinagar (PM-2.5),Jul/2024,93,,93,,
Kashmir,Srinagar,Dalgate Boulvard Srinagar (PM-2.5),Aug/2024,93,,93,1,
Kashmir,Srinagar,Dalgate Boulvard Srinagar (PM-2.5),Sep/2024,95,,95,,
Kashmir,Srinagar,Dalgate Boulvard Srinagar (PM-2.5),Oct/2024,94,,94,,
Kashmir,Srinagar,Dalgate Boulvard Srinagar (PM-2.5),Nov/2024,90,,90,,
Kashmir,Srinagar,Dalgate Boulvard Srinagar (PM-2.5),Dec/2024,87,,87,,
Kashmir,Srinagar,Dalgate Boulvard Srinagar (PM-2.5),Jan/2025,90,,90,,
Kashmir,Srinagar,Dalgate Boulvard Srinagar (PM-2.5),Feb/2025,86,,86,,
Kashmir,Srinagar,Dalgate Boulvard Srinagar (PM-2.5),Mar/2025,89,,89,,
Kashmir,Srinagar,Dalgate Boulvard Srinagar (PM-2.5),Apr/2025,85,,85,,
Kashmir,Srinagar,Dalgate Boulvard Srinagar (PM-2.5),May/2025,87,,87,,
Kashmir,Srinagar,Dalgate Boulvard Srinagar (PM-2.5),Jun/2025,88,,88,,
Kashmir,Srinagar,Dalgate Boulvard Srinagar (PM-2.5),Jul/2025,86,,86,,
Kashmir,Srinagar,Dalgate Boulvard Srinagar (PM-2.5),Aug/2025,73,,73,,
Kashmir,Srinagar,Dalgate Boulvard Srinagar (PM-2.5),Sep/2025,66,,66,,
Kashmir,Srinagar,Dalgate Boulvard Srinagar (PM-2.5),Oct/2025,67,,67,,
Kashmir,Srinagar,Dalgate Boulvard Srinagar (PM-2.5),Nov/2025,74,,74,,
Kashmir,Srinagar,Dalgate Boulvard Srinagar (PM-2.5),Dec/2025,84,,84,,
Kashmir,Srinagar,Dalgate Boulvard Srinagar (PM-2.5),Jan/2026,115,,115,,
Kashmir,Srinagar,Dalgate Boulvard Srinagar (PM-2.5),Feb/2026,76,,76,,
Kashmir,Srinagar,Dalgate Boulvard Srinagar (PM-2.5),Mar/2026,,,,,
Jammu,Doda,Doda PCC Office Near Bus Stand 1065,Jan/2022,86,86,35,,
Jammu,Doda,Doda PCC Office Near Bus Stand 1065,Feb/2022,72,72,35,,
Jammu,Doda,Doda PCC Office Near Bus Stand 1065,Mar/2022,,,,,
Jammu,Doda,Doda PCC Office Near Bus Stand 1065,Apr/2022,,,,,
Jammu,Doda,Doda PCC Office Near Bus Stand 1065,May/2022,,,,,
Jammu,Doda,Doda PCC Office Near Bus Stand 1065,Jun/2022,,,,,
Jammu,Doda,Doda PCC Office Near Bus Stand 1065,Jul/2022,88,88,42,,
Jammu,Doda,Doda PCC Office Near Bus Stand 1065,Aug/2022,79,78,40,,
Jammu,Doda,Doda PCC Office Near Bus Stand 1065,Sep/2022,82,82,30,,
Jammu,Doda,Doda PCC Office Near Bus Stand 1065,Oct/2022,,,,,
Jammu,Doda,Doda PCC Office Near Bus Stand 1065,Nov/2022,83,83,34,,
Jammu,Doda,Doda PCC Office Near Bus Stand 1065,Dec/2022,,85,37,,
Jammu,Doda,Doda PCC Office Near Bus Stand 1065,Jan/2023,81,81,32,,
Jammu,Doda,Doda PCC Office Near Bus Stand 1065,Feb/2023,85,85,34,,
Jammu,Doda,Doda PCC Office Near Bus Stand 1065,Mar/2023,78,78,40,,
Jammu,Doda,Doda PCC Office Near Bus Stand 1065,Apr/2023,78,78,38,,
Jammu,Doda,Doda PCC Office Near Bus Stand 1065,May/2023,83,83,38,,
Jammu,Doda,Doda PCC Office Near Bus Stand 1065,Jun/2023,85,85,35,,
Jammu,Doda,Doda PCC Office Near Bus Stand 1065,Jul/2023,88,88,28,,
Jammu,Doda,Doda PCC Office Near Bus Stand 1065,Aug/2023,90,90,22,,
Jammu,Doda,Doda PCC Office Near Bus Stand 1065,Sep/2023,86,86,41,,
Jammu,Doda,Doda PCC Office Near Bus Stand 1065,Oct/2023,79,79,42,,
Jammu,Doda,Doda PCC Office Near Bus Stand 1065,Nov/2023,85,85,47,,
Jammu,Doda,Doda PCC Office Near Bus Stand 1065,Dec/2023,84,84,38,,
Jammu,Doda,Doda PCC Office Near Bus Stand 1065,Jan/2024,82,82,35,,
Jammu,Doda,Doda PCC Office Near Bus Stand 1065,Feb/2024,87,87,35,,
Jammu,Doda,Doda PCC Office Near Bus Stand 1065,Mar/2024,88,88,34,,
Jammu,Doda,Doda PCC Office Near Bus Stand 1065,Apr/2024,89,89,38,,
Jammu,Doda,Doda PCC Office Near Bus Stand 1065,May/2024,87,87,37,,
Jammu,Doda,Doda PCC Office Near Bus Stand 1065,Jun/2024,83,83,35,,
Jammu,Doda,Doda PCC Office Near Bus Stand 1065,Jul/2024,88,88,39,,
Jammu,Doda,Doda PCC Office Near Bus Stand 1065,Aug/2024,90,90,37,,
Jammu,Doda,Doda PCC Office Near Bus Stand 1065,Sep/2024,84,84,38,,
Jammu,Doda,Doda PCC Office Near Bus Stand 1065,Oct/2024,88,88,35,,
Jammu,Doda,Doda PCC Office Near Bus Stand 1065,Nov/2024,,89,33,,
Jammu,Doda,Doda PCC Office Near Bus Stand 1065,Dec/2024,,87,34,,
Jammu,Doda,Doda PCC Office Near Bus Stand 1065,Jan/2025,85,85,42,,
Jammu,Doda,Doda PCC Office Near Bus Stand 1065,Feb/2025,86,86,40,,
Jammu,Doda,Doda PCC Office Near Bus Stand 1065,Mar/2025,89,89,34,,
Jammu,Doda,Doda PCC Office Near Bus Stand 1065,Apr/2025,87,87,37,,
Jammu,Doda,Doda PCC Office Near Bus Stand 1065,May/2025,83,83,39,,
Jammu,Doda,Doda PCC Office Near Bus Stand 1065,Jun/2025,87,87,38,,
Jammu,Doda,Doda PCC Office Near Bus Stand 1065,Jul/2025,86,86,37,,
Jammu,Doda,Doda PCC Office Near Bus Stand 1065,Aug/2025,83,83,35,,
Jammu,Doda,Doda PCC Office Near Bus Stand 1065,Sep/2025,52,51,35,,
Jammu,Doda,Doda PCC Office Near Bus Stand 1065,Oct/2025,63,63,43,,
Jammu,Doda,Doda PCC Office Near Bus Stand 1065,Nov/2025,48,47,38,,
Jammu,Doda,Doda PCC Office Near Bus Stand 1065,Dec/2025,57,,,,
Jammu,Doda,Doda PCC Office Near Bus Stand 1065,Jan/2026,55,55,36,,
Jammu,Doda,Doda PCC Office Near Bus Stand 1065,Feb/2026,51,51,37,,
Jammu,Doda,Doda PCC Office Near Bus Stand 1065,Mar/2026,,,,,
Kashmir,Ganderbal,"Ganderbal DFO Office (PM-10, PM-2.5) 1083",Jan/2022,,,,,
Kashmir,Ganderbal,"Ganderbal DFO Office (PM-10, PM-2.5) 1083",Feb/2022,,,,,
Kashmir,Ganderbal,"Ganderbal DFO Office (PM-10, PM-2.5) 1083",Mar/2022,,,,,
Kashmir,Ganderbal,"Ganderbal DFO Office (PM-10, PM-2.5) 1083",Apr/2022,,,,,
Kashmir,Ganderbal,"Ganderbal DFO Office (PM-10, PM-2.5) 1083",May/2022,,,,,
Kashmir,Ganderbal,"Ganderbal DFO Office (PM-10, PM-2.5) 1083",Jun/2022,,,,,
Kashmir,Ganderbal,"Ganderbal DFO Office (PM-10, PM-2.5) 1083",Jul/2022,,,,,
Kashmir,Ganderbal,"Ganderbal DFO Office (PM-10, PM-2.5) 1083",Aug/2022,,,,,
Kashmir,Ganderbal,"Ganderbal DFO Office (PM-10, PM-2.5) 1083",Sep/2022,,,,,
Kashmir,Ganderbal,"Ganderbal DFO Office (PM-10, PM-2.5) 1083",Oct/2022,,,,,
Kashmir,Ganderbal,"Ganderbal DFO Office (PM-10, PM-2.5) 1083",Nov/2022,,,,,
Kashmir,Ganderbal,"Ganderbal DFO Office (PM-10, PM-2.5) 1083",Dec/2022,89,51,37,12,7
Kashmir,Ganderbal,"Ganderbal DFO Office (PM-10, PM-2.5) 1083",Jan/2023,112,59,52,11,6
Kashmir,Ganderbal,"Ganderbal DFO Office (PM-10, PM-2.5) 1083",Feb/2023,108,61,46,13,7
Kashmir,Ganderbal,"Ganderbal DFO Office (PM-10, PM-2.5) 1083",Mar/2023,104,46,58,9,5
Kashmir,Ganderbal,"Ganderbal DFO Office (PM-10, PM-2.5) 1083",Apr/2023,,,,,
Kashmir,Ganderbal,"Ganderbal DFO Office (PM-10, PM-2.5) 1083",May/2023,,,,,
Kashmir,Ganderbal,"Ganderbal DFO Office (PM-10, PM-2.5) 1083",Jun/2023,,,,,
Kashmir,Ganderbal,"Ganderbal DFO Office (PM-10, PM-2.5) 1083",Jul/2023,,,,,
Kashmir,Ganderbal,"Ganderbal DFO Office (PM-10, PM-2.5) 1083",Aug/2023,,,,,
Kashmir,Ganderbal,"Ganderbal DFO Office (PM-10, PM-2.5) 1083",Sep/2023,,,,,
Kashmir,Ganderbal,"Ganderbal DFO Office (PM-10, PM-2.5) 1083",Oct/2023,,,,,
Kashmir,Ganderbal,"Ganderbal DFO Office (PM-10, PM-2.5) 1083",Nov/2023,,,,,
Kashmir,Ganderbal,"Ganderbal DFO Office (PM-10, PM-2.5) 1083",Dec/2023,,,,,
Kashmir,Ganderbal,"Ganderbal DFO Office (PM-10, PM-2.5) 1083",Jan/2024,,,,,
Kashmir,Ganderbal,"Ganderbal DFO Office (PM-10, PM-2.5) 1083",Feb/2024,119,119,60,22,10
Kashmir,Ganderbal,"Ganderbal DFO Office (PM-10, PM-2.5) 1083",Mar/2024,86,86,,19,8
Kashmir,Ganderbal,"Ganderbal DFO Office (PM-10, PM-2.5) 1083",Apr/2024,76,76,,20,8
Kashmir,Ganderbal,"Ganderbal DFO Office (PM-10, PM-2.5) 1083",May/2024,,,,,
Kashmir,Ganderbal,"Ganderbal DFO Office (PM-10, PM-2.5) 1083",Jun/2024,,,,,
Kashmir,Ganderbal,"Ganderbal DFO Office (PM-10, PM-2.5) 1083",Jul/2024,,,,,
Kashmir,Ganderbal,"Ganderbal DFO Office (PM-10, PM-2.5) 1083",Aug/2024,,,,,
Kashmir,Ganderbal,"Ganderbal DFO Office (PM-10, PM-2.5) 1083",Sep/2024,,,,,
Kashmir,Ganderbal,"Ganderbal DFO Office (PM-10, PM-2.5) 1083",Oct/2024,,,,,
Kashmir,Ganderbal,"Ganderbal DFO Office (PM-10, PM-2.5) 1083",Nov/2024,127,127,17,26,9
Kashmir,Ganderbal,"Ganderbal DFO Office (PM-10, PM-2.5) 1083",Dec/2024,,108,59,13,7
Kashmir,Ganderbal,"Ganderbal DFO Office (PM-10, PM-2.5) 1083",Jan/2025,107,107,58,6,3
Kashmir,Ganderbal,"Ganderbal DFO Office (PM-10, PM-2.5) 1083",Feb/2025,101,101,47,15,8
Kashmir,Ganderbal,"Ganderbal DFO Office (PM-10, PM-2.5) 1083",Mar/2025,76,76,,10,4
Kashmir,Ganderbal,"Ganderbal DFO Office (PM-10, PM-2.5) 1083",Apr/2025,78,78,,11,6
Kashmir,Ganderbal,"Ganderbal DFO Office (PM-10, PM-2.5) 1083",May/2025,67,67,,7,4
Kashmir,Ganderbal,"Ganderbal DFO Office (PM-10, PM-2.5) 1083",Jun/2025,73,73,,13,5
Kashmir,Ganderbal,"Ganderbal DFO Office (PM-10, PM-2.5) 1083",Jul/2025,71,71,,10,5
Kashmir,Ganderbal,"Ganderbal DFO Office (PM-10, PM-2.5) 1083",Aug/2025,66,66,,12,6
Kashmir,Ganderbal,"Ganderbal DFO Office (PM-10, PM-2.5) 1083",Sep/2025,69,69,,12,6
Kashmir,Ganderbal,"Ganderbal DFO Office (PM-10, PM-2.5) 1083",Oct/2025,90,90,11,9,
Kashmir,Ganderbal,"Ganderbal DFO Office (PM-10, PM-2.5) 1083",Nov/2025,,92,45,15,
Kashmir,Ganderbal,"Ganderbal DFO Office (PM-10, PM-2.5) 1083",Dec/2025,,97,48,15,
Kashmir,Ganderbal,"Ganderbal DFO Office (PM-10, PM-2.5) 1083",Jan/2026,87,87,40,16,
Kashmir,Ganderbal,"Ganderbal DFO Office (PM-10, PM-2.5) 1083",Feb/2026,87,87,38,16,
Kashmir,Ganderbal,"Ganderbal DFO Office (PM-10, PM-2.5) 1083",Mar/2026,,,,,
Kashmir,Srinagar,"Hokersar Wildlife Office (PM-10, PM-2.5) 1076",Jan/2022,,,,,
Kashmir,Srinagar,"Hokersar Wildlife Office (PM-10, PM-2.5) 1076",Feb/2022,,,,,
Kashmir,Srinagar,"Hokersar Wildlife Office (PM-10, PM-2.5) 1076",Mar/2022,,,,,
Kashmir,Srinagar,"Hokersar Wildlife Office (PM-10, PM-2.5) 1076",Apr/2022,,,,,
Kashmir,Srinagar,"Hokersar Wildlife Office (PM-10, PM-2.5) 1076",May/2022,,,,,
Kashmir,Srinagar,"Hokersar Wildlife Office (PM-10, PM-2.5) 1076",Jun/2022,,,,,
Kashmir,Srinagar,"Hokersar Wildlife Office (PM-10, PM-2.5) 1076",Jul/2022,,,,,
Kashmir,Srinagar,"Hokersar Wildlife Office (PM-10, PM-2.5) 1076",Aug/2022,,,,,
Kashmir,Srinagar,"Hokersar Wildlife Office (PM-10, PM-2.5) 1076",Sep/2022,,,,,
Kashmir,Srinagar,"Hokersar Wildlife Office (PM-10, PM-2.5) 1076",Oct/2022,76,44,32,12,6
Kashmir,Srinagar,"Hokersar Wildlife Office (PM-10, PM-2.5) 1076",Nov/2022,,,,,
Kashmir,Srinagar,"Hokersar Wildlife Office (PM-10, PM-2.5) 1076",Dec/2022,112,70,41,13,8
Kashmir,Srinagar,"Hokersar Wildlife Office (PM-10, PM-2.5) 1076",Jan/2023,97,59,37,14,8
Kashmir,Srinagar,"Hokersar Wildlife Office (PM-10, PM-2.5) 1076",Feb/2023,91,58,32,12,8
Kashmir,Srinagar,"Hokersar Wildlife Office (PM-10, PM-2.5) 1076",Mar/2023,128,80,48,17,10
Kashmir,Srinagar,"Hokersar Wildlife Office (PM-10, PM-2.5) 1076",Apr/2023,,,,,
Kashmir,Srinagar,"Hokersar Wildlife Office (PM-10, PM-2.5) 1076",May/2023,,,,,
Kashmir,Srinagar,"Hokersar Wildlife Office (PM-10, PM-2.5) 1076",Jun/2023,,,,,
Kashmir,Srinagar,"Hokersar Wildlife Office (PM-10, PM-2.5) 1076",Jul/2023,,,,,
Kashmir,Srinagar,"Hokersar Wildlife Office (PM-10, PM-2.5) 1076",Aug/2023,,,,,
Kashmir,Srinagar,"Hokersar Wildlife Office (PM-10, PM-2.5) 1076",Sep/2023,,,,,
Kashmir,Srinagar,"Hokersar Wildlife Office (PM-10, PM-2.5) 1076",Oct/2023,,,,,
Kashmir,Srinagar,"Hokersar Wildlife Office (PM-10, PM-2.5) 1076",Nov/2023,111,55,56,11,5
Kashmir,Srinagar,"Hokersar Wildlife Office (PM-10, PM-2.5) 1076",Dec/2023,,,39,,
Kashmir,Srinagar,"Hokersar Wildlife Office (PM-10, PM-2.5) 1076",Jan/2024,124,124,,21,1
Kashmir,Srinagar,"Hokersar Wildlife Office (PM-10, PM-2.5) 1076",Feb/2024,119,119,60,27,15
Kashmir,Srinagar,"Hokersar Wildlife Office (PM-10, PM-2.5) 1076",Mar/2024,126,126,85,24,13
Kashmir,Srinagar,"Hokersar Wildlife Office (PM-10, PM-2.5) 1076",Apr/2024,125,125,90,23,14
Kashmir,Srinagar,"Hokersar Wildlife Office (PM-10, PM-2.5) 1076",May/2024,,,,,
Kashmir,Srinagar,"Hokersar Wildlife Office (PM-10, PM-2.5) 1076",Jun/2024,,,,,
Kashmir,Srinagar,"Hokersar Wildlife Office (PM-10, PM-2.5) 1076",Jul/2024,,,,,
Kashmir,Srinagar,"Hokersar Wildlife Office (PM-10, PM-2.5) 1076",Aug/2024,,,,,
Kashmir,Srinagar,"Hokersar Wildlife Office (PM-10, PM-2.5) 1076",Sep/2024,59,,59,,
Kashmir,Srinagar,"Hokersar Wildlife Office (PM-10, PM-2.5) 1076",Oct/2024,,,,,
Kashmir,Srinagar,"Hokersar Wildlife Office (PM-10, PM-2.5) 1076",Nov/2024,118,,9,10,9
Kashmir,Srinagar,"Hokersar Wildlife Office (PM-10, PM-2.5) 1076",Dec/2024,127,,42,13,8
Kashmir,Srinagar,"Hokersar Wildlife Office (PM-10, PM-2.5) 1076",Jan/2025,128,128,52,13,7
Kashmir,Srinagar,"Hokersar Wildlife Office (PM-10, PM-2.5) 1076",Feb/2025,132,132,67,19,11
Kashmir,Srinagar,"Hokersar Wildlife Office (PM-10, PM-2.5) 1076",Mar/2025,116,116,48,11,7
Kashmir,Srinagar,"Hokersar Wildlife Office (PM-10, PM-2.5) 1076",Apr/2025,,,,,
Kashmir,Srinagar,"Hokersar Wildlife Office (PM-10, PM-2.5) 1076",May/2025,113,113,46,20,12
Kashmir,Srinagar,"Hokersar Wildlife Office (PM-10, PM-2.5) 1076",Jun/2025,110,110,35,13,5
Kashmir,Srinagar,"Hokersar Wildlife Office (PM-10, PM-2.5) 1076",Jul/2025,111,111,18,12,6
Kashmir,Srinagar,"Hokersar Wildlife Office (PM-10, PM-2.5) 1076",Aug/2025,111,99,48,7,3
Kashmir,Srinagar,"Hokersar Wildlife Office (PM-10, PM-2.5) 1076",Sep/2025,116,116,28,10,5
Kashmir,Srinagar,"Hokersar Wildlife Office (PM-10, PM-2.5) 1076",Oct/2025,114,114,22,17,
Kashmir,Srinagar,"Hokersar Wildlife Office (PM-10, PM-2.5) 1076",Nov/2025,,107,,20,
Kashmir,Srinagar,"Hokersar Wildlife Office (PM-10, PM-2.5) 1076",Dec/2025,,116,22,23,
Kashmir,Srinagar,"Hokersar Wildlife Office (PM-10, PM-2.5) 1076",Jan/2026,107,107,39,23,
Kashmir,Srinagar,"Hokersar Wildlife Office (PM-10, PM-2.5) 1076",Feb/2026,111,111,36,26,
Kashmir,Srinagar,"Hokersar Wildlife Office (PM-10, PM-2.5) 1076",Mar/2026,,,,,
Kashmir,Srinagar,Hyderpora (Paraypora) Srinagar (PM-2.5),Jan/2022,84,,84,,
Kashmir,Srinagar,Hyderpora (Paraypora) Srinagar (PM-2.5),Feb/2022,63,,63,,
Kashmir,Srinagar,Hyderpora (Paraypora) Srinagar (PM-2.5),Mar/2022,91,,91,,
Kashmir,Srinagar,Hyderpora (Paraypora) Srinagar (PM-2.5),Apr/2022,89,,89,,
Kashmir,Srinagar,Hyderpora (Paraypora) Srinagar (PM-2.5),May/2022,92,,92,,
Kashmir,Srinagar,Hyderpora (Paraypora) Srinagar (PM-2.5),Jun/2022,92,,92,,
Kashmir,Srinagar,Hyderpora (Paraypora) Srinagar (PM-2.5),Jul/2022,87,,87,,
Kashmir,Srinagar,Hyderpora (Paraypora) Srinagar (PM-2.5),Aug/2022,75,,75,,
Kashmir,Srinagar,Hyderpora (Paraypora) Srinagar (PM-2.5),Sep/2022,77,,77,,
Kashmir,Srinagar,Hyderpora (Paraypora) Srinagar (PM-2.5),Oct/2022,87,,87,,
Kashmir,Srinagar,Hyderpora (Paraypora) Srinagar (PM-2.5),Nov/2022,83,,83,,
Kashmir,Srinagar,Hyderpora (Paraypora) Srinagar (PM-2.5),Dec/2022,79,,79,,
Kashmir,Srinagar,Hyderpora (Paraypora) Srinagar (PM-2.5),Jan/2023,80,,80,,
Kashmir,Srinagar,Hyderpora (Paraypora) Srinagar (PM-2.5),Feb/2023,116,,116,,
Kashmir,Srinagar,Hyderpora (Paraypora) Srinagar (PM-2.5),Mar/2023,103,,103,,
Kashmir,Srinagar,Hyderpora (Paraypora) Srinagar (PM-2.5),Apr/2023,99,,99,,
Kashmir,Srinagar,Hyderpora (Paraypora) Srinagar (PM-2.5),May/2023,75,,75,,
Kashmir,Srinagar,Hyderpora (Paraypora) Srinagar (PM-2.5),Jun/2023,80,,80,,
Kashmir,Srinagar,Hyderpora (Paraypora) Srinagar (PM-2.5),Jul/2023,73,,73,,
Kashmir,Srinagar,Hyderpora (Paraypora) Srinagar (PM-2.5),Aug/2023,73,,73,,
Kashmir,Srinagar,Hyderpora (Paraypora) Srinagar (PM-2.5),Sep/2023,63,,63,,
Kashmir,Srinagar,Hyderpora (Paraypora) Srinagar (PM-2.5),Oct/2023,78,,78,,
Kashmir,Srinagar,Hyderpora (Paraypora) Srinagar (PM-2.5),Nov/2023,93,,,,
Kashmir,Srinagar,Hyderpora (Paraypora) Srinagar (PM-2.5),Dec/2023,,,,,
Kashmir,Srinagar,Hyderpora (Paraypora) Srinagar (PM-2.5),Jan/2024,,,,,
Kashmir,Srinagar,Hyderpora (Paraypora) Srinagar (PM-2.5),Feb/2024,,,,,
Kashmir,Srinagar,Hyderpora (Paraypora) Srinagar (PM-2.5),Mar/2024,,,,,
Kashmir,Srinagar,Hyderpora (Paraypora) Srinagar (PM-2.5),Apr/2024,,,,,
Kashmir,Srinagar,Hyderpora (Paraypora) Srinagar (PM-2.5),May/2024,,,,,
Kashmir,Srinagar,Hyderpora (Paraypora) Srinagar (PM-2.5),Jun/2024,79,,79,,
Kashmir,Srinagar,Hyderpora (Paraypora) Srinagar (PM-2.5),Jul/2024,82,,82,,
Kashmir,Srinagar,Hyderpora (Paraypora) Srinagar (PM-2.5),Aug/2024,77,,77,,
Kashmir,Srinagar,Hyderpora (Paraypora) Srinagar (PM-2.5),Sep/2024,73,,73,,
Kashmir,Srinagar,Hyderpora (Paraypora) Srinagar (PM-2.5),Oct/2024,72,,72,,
Kashmir,Srinagar,Hyderpora (Paraypora) Srinagar (PM-2.5),Nov/2024,,,84,,
Kashmir,Srinagar,Hyderpora (Paraypora) Srinagar (PM-2.5),Dec/2024,,,,,
Kashmir,Srinagar,Hyderpora (Paraypora) Srinagar (PM-2.5),Jan/2025,69,,69,,
Kashmir,Srinagar,Hyderpora (Paraypora) Srinagar (PM-2.5),Feb/2025,72,,72,,
Kashmir,Srinagar,Hyderpora (Paraypora) Srinagar (PM-2.5),Mar/2025,76,,76,,
Kashmir,Srinagar,Hyderpora (Paraypora) Srinagar (PM-2.5),Apr/2025,70,,70,,
Kashmir,Srinagar,Hyderpora (Paraypora) Srinagar (PM-2.5),May/2025,69,,69,,
Kashmir,Srinagar,Hyderpora (Paraypora) Srinagar (PM-2.5),Jun/2025,75,,75,,
Kashmir,Srinagar,Hyderpora (Paraypora) Srinagar (PM-2.5),Jul/2025,72,,72,,
Kashmir,Srinagar,Hyderpora (Paraypora) Srinagar (PM-2.5),Aug/2025,75,,75,,
Kashmir,Srinagar,Hyderpora (Paraypora) Srinagar (PM-2.5),Sep/2025,65,,65,,
Kashmir,Srinagar,Hyderpora (Paraypora) Srinagar (PM-2.5),Oct/2025,63,,63,,
Kashmir,Srinagar,Hyderpora (Paraypora) Srinagar (PM-2.5),Nov/2025,66,,66,,
Kashmir,Srinagar,Hyderpora (Paraypora) Srinagar (PM-2.5),Dec/2025,77,,77,,
Kashmir,Srinagar,Hyderpora (Paraypora) Srinagar (PM-2.5),Jan/2026,83,,83,,
Kashmir,Srinagar,Hyderpora (Paraypora) Srinagar (PM-2.5),Feb/2026,85,,85,,
Kashmir,Srinagar,Hyderpora (Paraypora) Srinagar (PM-2.5),Mar/2026,,,,,
Kashmir,Pulwama,"I.G.C Lassipora Pulwama (PM-10, PM-2.5) 1082",Jan/2022,,,,,
Kashmir,Pulwama,"I.G.C Lassipora Pulwama (PM-10, PM-2.5) 1082",Feb/2022,,,,,
Kashmir,Pulwama,"I.G.C Lassipora Pulwama (PM-10, PM-2.5) 1082",Mar/2022,,,,,
Kashmir,Pulwama,"I.G.C Lassipora Pulwama (PM-10, PM-2.5) 1082",Apr/2022,,,,,
Kashmir,Pulwama,"I.G.C Lassipora Pulwama (PM-10, PM-2.5) 1082",May/2022,,,,,
Kashmir,Pulwama,"I.G.C Lassipora Pulwama (PM-10, PM-2.5) 1082",Jun/2022,,,,,
Kashmir,Pulwama,"I.G.C Lassipora Pulwama (PM-10, PM-2.5) 1082",Jul/2022,,,,,
Kashmir,Pulwama,"I.G.C Lassipora Pulwama (PM-10, PM-2.5) 1082",Aug/2022,,,,,
Kashmir,Pulwama,"I.G.C Lassipora Pulwama (PM-10, PM-2.5) 1082",Sep/2022,,,,,
Kashmir,Pulwama,"I.G.C Lassipora Pulwama (PM-10, PM-2.5) 1082",Oct/2022,,,,,
Kashmir,Pulwama,"I.G.C Lassipora Pulwama (PM-10, PM-2.5) 1082",Nov/2022,,,,,
Kashmir,Pulwama,"I.G.C Lassipora Pulwama (PM-10, PM-2.5) 1082",Dec/2022,83,49,33,15,9
Kashmir,Pulwama,"I.G.C Lassipora Pulwama (PM-10, PM-2.5) 1082",Jan/2023,116,69,46,13,7
Kashmir,Pulwama,"I.G.C Lassipora Pulwama (PM-10, PM-2.5) 1082",Feb/2023,114,67,47,14,8
Kashmir,Pulwama,"I.G.C Lassipora Pulwama (PM-10, PM-2.5) 1082",Mar/2023,124,76,48,16,9
Kashmir,Pulwama,"I.G.C Lassipora Pulwama (PM-10, PM-2.5) 1082",Apr/2023,,,,,
Kashmir,Pulwama,"I.G.C Lassipora Pulwama (PM-10, PM-2.5) 1082",May/2023,,,,,
Kashmir,Pulwama,"I.G.C Lassipora Pulwama (PM-10, PM-2.5) 1082",Jun/2023,,,,,
Kashmir,Pulwama,"I.G.C Lassipora Pulwama (PM-10, PM-2.5) 1082",Jul/2023,,,,,
Kashmir,Pulwama,"I.G.C Lassipora Pulwama (PM-10, PM-2.5) 1082",Aug/2023,,,,,
Kashmir,Pulwama,"I.G.C Lassipora Pulwama (PM-10, PM-2.5) 1082",Sep/2023,,,,,
Kashmir,Pulwama,"I.G.C Lassipora Pulwama (PM-10, PM-2.5) 1082",Oct/2023,,,,,
Kashmir,Pulwama,"I.G.C Lassipora Pulwama (PM-10, PM-2.5) 1082",Nov/2023,,,,,
Kashmir,Pulwama,"I.G.C Lassipora Pulwama (PM-10, PM-2.5) 1082",Dec/2023,,,36,,
Kashmir,Pulwama,"I.G.C Lassipora Pulwama (PM-10, PM-2.5) 1082",Jan/2024,145,145,,22,
Kashmir,Pulwama,"I.G.C Lassipora Pulwama (PM-10, PM-2.5) 1082",Feb/2024,142,142,48,25,13
Kashmir,Pulwama,"I.G.C Lassipora Pulwama (PM-10, PM-2.5) 1082",Mar/2024,126,126,63,19,9
Kashmir,Pulwama,"I.G.C Lassipora Pulwama (PM-10, PM-2.5) 1082",Apr/2024,124,124,50,22,11
Kashmir,Pulwama,"I.G.C Lassipora Pulwama (PM-10, PM-2.5) 1082",May/2024,,,,,
Kashmir,Pulwama,"I.G.C Lassipora Pulwama (PM-10, PM-2.5) 1082",Jun/2024,,,,,
Kashmir,Pulwama,"I.G.C Lassipora Pulwama (PM-10, PM-2.5) 1082",Jul/2024,,,,,
Kashmir,Pulwama,"I.G.C Lassipora Pulwama (PM-10, PM-2.5) 1082",Aug/2024,,,,,
Kashmir,Pulwama,"I.G.C Lassipora Pulwama (PM-10, PM-2.5) 1082",Sep/2024,,,,,
Kashmir,Pulwama,"I.G.C Lassipora Pulwama (PM-10, PM-2.5) 1082",Oct/2024,,,,,
Kashmir,Pulwama,"I.G.C Lassipora Pulwama (PM-10, PM-2.5) 1082",Nov/2024,,150,10,10,4
Kashmir,Pulwama,"I.G.C Lassipora Pulwama (PM-10, PM-2.5) 1082",Dec/2024,,146,,19,13
Kashmir,Pulwama,"I.G.C Lassipora Pulwama (PM-10, PM-2.5) 1082",Jan/2025,153,153,10,22,16
Kashmir,Pulwama,"I.G.C Lassipora Pulwama (PM-10, PM-2.5) 1082",Feb/2025,148,148,46,24,19
Kashmir,Pulwama,"I.G.C Lassipora Pulwama (PM-10, PM-2.5) 1082",Mar/2025,141,141,34,9,8
Kashmir,Pulwama,"I.G.C Lassipora Pulwama (PM-10, PM-2.5) 1082",Apr/2025,111,111,46,15,10
Kashmir,Pulwama,"I.G.C Lassipora Pulwama (PM-10, PM-2.5) 1082",May/2025,163,163,74,24,11
Kashmir,Pulwama,"I.G.C Lassipora Pulwama (PM-10, PM-2.5) 1082",Jun/2025,144,144,66,10,6
Kashmir,Pulwama,"I.G.C Lassipora Pulwama (PM-10, PM-2.5) 1082",Jul/2025,142,142,69,22,12
Kashmir,Pulwama,"I.G.C Lassipora Pulwama (PM-10, PM-2.5) 1082",Aug/2025,146,146,69,18,10
Kashmir,Pulwama,"I.G.C Lassipora Pulwama (PM-10, PM-2.5) 1082",Sep/2025,140,140,56,26,13
Kashmir,Pulwama,"I.G.C Lassipora Pulwama (PM-10, PM-2.5) 1082",Oct/2025,137,137,58,22,
Kashmir,Pulwama,"I.G.C Lassipora Pulwama (PM-10, PM-2.5) 1082",Nov/2025,108,98,49,16,
Kashmir,Pulwama,"I.G.C Lassipora Pulwama (PM-10, PM-2.5) 1082",Dec/2025,,136,62,27,
Kashmir,Pulwama,"I.G.C Lassipora Pulwama (PM-10, PM-2.5) 1082",Jan/2026,144,144,60,32,
Kashmir,Pulwama,"I.G.C Lassipora Pulwama (PM-10, PM-2.5) 1082",Feb/2026,,,,,
Kashmir,Pulwama,"I.G.C Lassipora Pulwama (PM-10, PM-2.5) 1082",Mar/2026,,,,,
Kashmir,Srinagar,"J&K PCC Rajbagh Srinagar (PM-10, PM-2.5) 910",Jan/2022,81,48,32,13,5
Kashmir,Srinagar,"J&K PCC Rajbagh Srinagar (PM-10, PM-2.5) 910",Feb/2022,96,71,25,12,6
Kashmir,Srinagar,"J&K PCC Rajbagh Srinagar (PM-10, PM-2.5) 910",Mar/2022,96,80,16,22,8
Kashmir,Srinagar,"J&K PCC Rajbagh Srinagar (PM-10, PM-2.5) 910",Apr/2022,71,42,28,14,7
Kashmir,Srinagar,"J&K PCC Rajbagh Srinagar (PM-10, PM-2.5) 910",May/2022,78,46,32,15,5
Kashmir,Srinagar,"J&K PCC Rajbagh Srinagar (PM-10, PM-2.5) 910",Jun/2022,77,53,23,15,5
Kashmir,Srinagar,"J&K PCC Rajbagh Srinagar (PM-10, PM-2.5) 910",Jul/2022,87,67,20,16,8
Kashmir,Srinagar,"J&K PCC Rajbagh Srinagar (PM-10, PM-2.5) 910",Aug/2022,77,46,29,12,6
Kashmir,Srinagar,"J&K PCC Rajbagh Srinagar (PM-10, PM-2.5) 910",Sep/2022,79,49,29,12,7
Kashmir,Srinagar,"J&K PCC Rajbagh Srinagar (PM-10, PM-2.5) 910",Oct/2022,93,,35,14,7
Kashmir,Srinagar,"J&K PCC Rajbagh Srinagar (PM-10, PM-2.5) 910",Nov/2022,105,,34,12,7
Kashmir,Srinagar,"J&K PCC Rajbagh Srinagar (PM-10, PM-2.5) 910",Dec/2022,103,,27,17,9
Kashmir,Srinagar,"J&K PCC Rajbagh Srinagar (PM-10, PM-2.5) 910",Jan/2023,88,59,29,11,6
Kashmir,Srinagar,"J&K PCC Rajbagh Srinagar (PM-10, PM-2.5) 910",Feb/2023,91,59,31,13,6
Kashmir,Srinagar,"J&K PCC Rajbagh Srinagar (PM-10, PM-2.5) 910",Mar/2023,109,81,27,17,8
Kashmir,Srinagar,"J&K PCC Rajbagh Srinagar (PM-10, PM-2.5) 910",Apr/2023,88,38,50,9,4
Kashmir,Srinagar,"J&K PCC Rajbagh Srinagar (PM-10, PM-2.5) 910",May/2023,101,101,85,22,9
Kashmir,Srinagar,"J&K PCC Rajbagh Srinagar (PM-10, PM-2.5) 910",Jun/2023,92,48,43,13,6
Kashmir,Srinagar,"J&K PCC Rajbagh Srinagar (PM-10, PM-2.5) 910",Jul/2023,93,50,43,11,5
Kashmir,Srinagar,"J&K PCC Rajbagh Srinagar (PM-10, PM-2.5) 910",Aug/2023,74,38,35,11,4
Kashmir,Srinagar,"J&K PCC Rajbagh Srinagar (PM-10, PM-2.5) 910",Sep/2023,94,55,38,12,6
Kashmir,Srinagar,"J&K PCC Rajbagh Srinagar (PM-10, PM-2.5) 910",Oct/2023,89,56,32,11,4
Kashmir,Srinagar,"J&K PCC Rajbagh Srinagar (PM-10, PM-2.5) 910",Nov/2023,,,49,9,3
Kashmir,Srinagar,"J&K PCC Rajbagh Srinagar (PM-10, PM-2.5) 910",Dec/2023,,,36,7,
Kashmir,Srinagar,"J&K PCC Rajbagh Srinagar (PM-10, PM-2.5) 910",Jan/2024,141,141,,16,
Kashmir,Srinagar,"J&K PCC Rajbagh Srinagar (PM-10, PM-2.5) 910",Feb/2024,101,101,,19,9
Kashmir,Srinagar,"J&K PCC Rajbagh Srinagar (PM-10, PM-2.5) 910",Mar/2024,84,60,39,13,6
Kashmir,Srinagar,"J&K PCC Rajbagh Srinagar (PM-10, PM-2.5) 910",Apr/2024,80,80,,20,8
Kashmir,Srinagar,"J&K PCC Rajbagh Srinagar (PM-10, PM-2.5) 910",May/2024,93,93,,21,11
Kashmir,Srinagar,"J&K PCC Rajbagh Srinagar (PM-10, PM-2.5) 910",Jun/2024,81,70,43,11,7
Kashmir,Srinagar,"J&K PCC Rajbagh Srinagar (PM-10, PM-2.5) 910",Jul/2024,67,52,33,10,4
Kashmir,Srinagar,"J&K PCC Rajbagh Srinagar (PM-10, PM-2.5) 910",Aug/2024,60,39,26,7,2
Kashmir,Srinagar,"J&K PCC Rajbagh Srinagar (PM-10, PM-2.5) 910",Sep/2024,64,30,39,4,2
Kashmir,Srinagar,"J&K PCC Rajbagh Srinagar (PM-10, PM-2.5) 910",Oct/2024,76,37,49,3,2
Kashmir,Srinagar,"J&K PCC Rajbagh Srinagar (PM-10, PM-2.5) 910",Nov/2024,110,,34,10,2
Kashmir,Srinagar,"J&K PCC Rajbagh Srinagar (PM-10, PM-2.5) 910",Dec/2024,139,,64,10,6
Kashmir,Srinagar,"J&K PCC Rajbagh Srinagar (PM-10, PM-2.5) 910",Jan/2025,85,57,35,5,3
Kashmir,Srinagar,"J&K PCC Rajbagh Srinagar (PM-10, PM-2.5) 910",Feb/2025,80,46,34,5,3
Kashmir,Srinagar,"J&K PCC Rajbagh Srinagar (PM-10, PM-2.5) 910",Mar/2025,63,32,30,5,2
Kashmir,Srinagar,"J&K PCC Rajbagh Srinagar (PM-10, PM-2.5) 910",Apr/2025,58,44,35,7,4
Kashmir,Srinagar,"J&K PCC Rajbagh Srinagar (PM-10, PM-2.5) 910",May/2025,69,35,34,5,2
Kashmir,Srinagar,"J&K PCC Rajbagh Srinagar (PM-10, PM-2.5) 910",Jun/2025,53,34,36,6,2
Kashmir,Srinagar,"J&K PCC Rajbagh Srinagar (PM-10, PM-2.5) 910",Jul/2025,59,26,38,3,1
Kashmir,Srinagar,"J&K PCC Rajbagh Srinagar (PM-10, PM-2.5) 910",Aug/2025,63,62,36,9,3
Kashmir,Srinagar,"J&K PCC Rajbagh Srinagar (PM-10, PM-2.5) 910",Sep/2025,48,17,38,3,1
Kashmir,Srinagar,"J&K PCC Rajbagh Srinagar (PM-10, PM-2.5) 910",Oct/2025,68,40,32,5,
Kashmir,Srinagar,"J&K PCC Rajbagh Srinagar (PM-10, PM-2.5) 910",Nov/2025,166,102,72,7,
Kashmir,Srinagar,"J&K PCC Rajbagh Srinagar (PM-10, PM-2.5) 910",Dec/2025,120,,86,7,
Kashmir,Srinagar,"J&K PCC Rajbagh Srinagar (PM-10, PM-2.5) 910",Jan/2026,134,134,68,15,
Kashmir,Srinagar,"J&K PCC Rajbagh Srinagar (PM-10, PM-2.5) 910",Feb/2026,127,127,67,14,
Kashmir,Srinagar,"J&K PCC Rajbagh Srinagar (PM-10, PM-2.5) 910",Mar/2026,,,,,
Jammu,Jammu,Jammu Bantalab Ayurvedic Hospital,Jan/2022,,,,,
Jammu,Jammu,Jammu Bantalab Ayurvedic Hospital,Feb/2022,,,,,
Jammu,Jammu,Jammu Bantalab Ayurvedic Hospital,Mar/2022,,,,,
Jammu,Jammu,Jammu Bantalab Ayurvedic Hospital,Apr/2022,,,,,
Jammu,Jammu,Jammu Bantalab Ayurvedic Hospital,May/2022,,,,,
Jammu,Jammu,Jammu Bantalab Ayurvedic Hospital,Jun/2022,,,,,
Jammu,Jammu,Jammu Bantalab Ayurvedic Hospital,Jul/2022,,,,,
Jammu,Jammu,Jammu Bantalab Ayurvedic Hospital,Aug/2022,,,,,
Jammu,Jammu,Jammu Bantalab Ayurvedic Hospital,Sep/2022,,,,,
Jammu,Jammu,Jammu Bantalab Ayurvedic Hospital,Oct/2022,,,,,
Jammu,Jammu,Jammu Bantalab Ayurvedic Hospital,Nov/2022,,,,,
Jammu,Jammu,Jammu Bantalab Ayurvedic Hospital,Dec/2022,,,,,
Jammu,Jammu,Jammu Bantalab Ayurvedic Hospital,Jan/2023,,,,,
Jammu,Jammu,Jammu Bantalab Ayurvedic Hospital,Feb/2023,,,,,
Jammu,Jammu,Jammu Bantalab Ayurvedic Hospital,Mar/2023,,,,,
Jammu,Jammu,Jammu Bantalab Ayurvedic Hospital,Apr/2023,,,,,
Jammu,Jammu,Jammu Bantalab Ayurvedic Hospital,May/2023,,,,,
Jammu,Jammu,Jammu Bantalab Ayurvedic Hospital,Jun/2023,,,,,
Jammu,Jammu,Jammu Bantalab Ayurvedic Hospital,Jul/2023,,,,,
Jammu,Jammu,Jammu Bantalab Ayurvedic Hospital,Aug/2023,64,64,25,,
Jammu,Jammu,Jammu Bantalab Ayurvedic Hospital,Sep/2023,59,59,27,,
Jammu,Jammu,Jammu Bantalab Ayurvedic Hospital,Oct/2023,52,52,26,,
Jammu,Jammu,Jammu Bantalab Ayurvedic Hospital,Nov/2023,40,40,25,13,2
Jammu,Jammu,Jammu Bantalab Ayurvedic Hospital,Dec/2023,68,68,,,1
Jammu,Jammu,Jammu Bantalab Ayurvedic Hospital,Jan/2024,65,65,29,6,2
Jammu,Jammu,Jammu Bantalab Ayurvedic Hospital,Feb/2024,66,66,28,5,2
Jammu,Jammu,Jammu Bantalab Ayurvedic Hospital,Mar/2024,81,81,30,9,4
Jammu,Jammu,Jammu Bantalab Ayurvedic Hospital,Apr/2024,73,73,28,4,1
Jammu,Jammu,Jammu Bantalab Ayurvedic Hospital,May/2024,88,88,33,7,2
Jammu,Jammu,Jammu Bantalab Ayurvedic Hospital,Jun/2024,88,88,36,8,2
Jammu,Jammu,Jammu Bantalab Ayurvedic Hospital,Jul/2024,69,69,25,5,2
Jammu,Jammu,Jammu Bantalab Ayurvedic Hospital,Aug/2024,54,54,15,5,2
Jammu,Jammu,Jammu Bantalab Ayurvedic Hospital,Sep/2024,71,71,25,,
Jammu,Jammu,Jammu Bantalab Ayurvedic Hospital,Oct/2024,86,86,12,6,1
Jammu,Jammu,Jammu Bantalab Ayurvedic Hospital,Nov/2024,96,96,12,14,2
Jammu,Jammu,Jammu Bantalab Ayurvedic Hospital,Dec/2024,113,113,40,25,4
Jammu,Jammu,Jammu Bantalab Ayurvedic Hospital,Jan/2025,115,115,66,19,3
Jammu,Jammu,Jammu Bantalab Ayurvedic Hospital,Feb/2025,94,77,59,15,2
Jammu,Jammu,Jammu Bantalab Ayurvedic Hospital,Mar/2025,84,84,45,20,2
Jammu,Jammu,Jammu Bantalab Ayurvedic Hospital,Apr/2025,102,102,46,10,
Jammu,Jammu,Jammu Bantalab Ayurvedic Hospital,May/2025,105,105,51,,
Jammu,Jammu,Jammu Bantalab Ayurvedic Hospital,Jun/2025,97,97,42,,
Jammu,Jammu,Jammu Bantalab Ayurvedic Hospital,Jul/2025,73,73,28,19,2
Jammu,Jammu,Jammu Bantalab Ayurvedic Hospital,Aug/2025,53,53,28,17,2
Jammu,Jammu,Jammu Bantalab Ayurvedic Hospital,Sep/2025,61,61,23,12,2
Jammu,Jammu,Jammu Bantalab Ayurvedic Hospital,Oct/2025,67,67,24,15,2
Jammu,Jammu,Jammu Bantalab Ayurvedic Hospital,Nov/2025,80,80,39,,2
Jammu,Jammu,Jammu Bantalab Ayurvedic Hospital,Dec/2025,105,105,58,,3
Jammu,Jammu,Jammu Bantalab Ayurvedic Hospital,Jan/2026,120,120,54,31,3
Jammu,Jammu,Jammu Bantalab Ayurvedic Hospital,Feb/2026,110,110,63,32,3
Jammu,Jammu,Jammu Bantalab Ayurvedic Hospital,Mar/2026,93,93,48,28,2
Jammu,Jammu,Jammu Belicharana,Jan/2022,,,,,
Jammu,Jammu,Jammu Belicharana,Feb/2022,,,,,
Jammu,Jammu,Jammu Belicharana,Mar/2022,,,,,
Jammu,Jammu,Jammu Belicharana,Apr/2022,,,,,
Jammu,Jammu,Jammu Belicharana,May/2022,,,,,
Jammu,Jammu,Jammu Belicharana,Jun/2022,,,,,
Jammu,Jammu,Jammu Belicharana,Jul/2022,,,,,
Jammu,Jammu,Jammu Belicharana,Aug/2022,,,,,
Jammu,Jammu,Jammu Belicharana,Sep/2022,,,,,
Jammu,Jammu,Jammu Belicharana,Oct/2022,,,,,
Jammu,Jammu,Jammu Belicharana,Nov/2022,,,,,
Jammu,Jammu,Jammu Belicharana,Dec/2022,,,,,
Jammu,Jammu,Jammu Belicharana,Jan/2023,,,,,
Jammu,Jammu,Jammu Belicharana,Feb/2023,,,,,
Jammu,Jammu,Jammu Belicharana,Mar/2023,,,,,
Jammu,Jammu,Jammu Belicharana,Apr/2023,,,,,
Jammu,Jammu,Jammu Belicharana,May/2023,,,,,
Jammu,Jammu,Jammu Belicharana,Jun/2023,,,,,
Jammu,Jammu,Jammu Belicharana,Jul/2023,,,,,
Jammu,Jammu,Jammu Belicharana,Aug/2023,57,57,25,,
Jammu,Jammu,Jammu Belicharana,Sep/2023,56,56,28,,
Jammu,Jammu,Jammu Belicharana,Oct/2023,56,56,32,,
Jammu,Jammu,Jammu Belicharana,Nov/2023,41,41,19,5,2
Jammu,Jammu,Jammu Belicharana,Dec/2023,,,24,,2
Jammu,Jammu,Jammu Belicharana,Jan/2024,59,59,27,7,2
Jammu,Jammu,Jammu Belicharana,Feb/2024,53,53,25,5,2
Jammu,Jammu,Jammu Belicharana,Mar/2024,51,51,25,5,2
Jammu,Jammu,Jammu Belicharana,Apr/2024,56,56,17,4,2
Jammu,Jammu,Jammu Belicharana,May/2024,54,54,22,3,2
Jammu,Jammu,Jammu Belicharana,Jun/2024,60,60,26,3,2
Jammu,Jammu,Jammu Belicharana,Jul/2024,59,59,,3,2
Jammu,Jammu,Jammu Belicharana,Aug/2024,48,48,,2,1
Jammu,Jammu,Jammu Belicharana,Sep/2024,53,53,,,
Jammu,Jammu,Jammu Belicharana,Oct/2024,74,74,,3,1
Jammu,Jammu,Jammu Belicharana,Nov/2024,97,97,,6,1
Jammu,Jammu,Jammu Belicharana,Dec/2024,92,92,,17,3
Jammu,Jammu,Jammu Belicharana,Jan/2025,94,94,40,22,3
Jammu,Jammu,Jammu Belicharana,Feb/2025,69,43,40,11,1
Jammu,Jammu,Jammu Belicharana,Mar/2025,80,80,42,21,2
Jammu,Jammu,Jammu Belicharana,Apr/2025,88,88,44,4,
Jammu,Jammu,Jammu Belicharana,May/2025,95,95,39,,
Jammu,Jammu,Jammu Belicharana,Jun/2025,84,84,33,,
Jammu,Jammu,Jammu Belicharana,Jul/2025,63,63,27,14,2
Jammu,Jammu,Jammu Belicharana,Aug/2025,45,45,24,12,1
Jammu,Jammu,Jammu Belicharana,Sep/2025,60,60,23,14,2
Jammu,Jammu,Jammu Belicharana,Oct/2025,68,68,26,14,2
Jammu,Jammu,Jammu Belicharana,Nov/2025,67,67,44,22,2
Jammu,Jammu,Jammu Belicharana,Dec/2025,91,,48,27,3
Jammu,Jammu,Jammu Belicharana,Jan/2026,94,94,46,26,2
Jammu,Jammu,Jammu Belicharana,Feb/2026,86,86,39,24,2
Jammu,Jammu,Jammu Belicharana,Mar/2026,69,69,41,20,2
Jammu,Jammu,Jammu Dogra Hall CCF Office 1070,Jan/2022,92,92,27,22,4
Jammu,Jammu,Jammu Dogra Hall CCF Office 1070,Feb/2022,113,113,44,14,2
Jammu,Jammu,Jammu Dogra Hall CCF Office 1070,Mar/2022,94,94,41,16,2
Jammu,Jammu,Jammu Dogra Hall CCF Office 1070,Apr/2022,,,,,
Jammu,Jammu,Jammu Dogra Hall CCF Office 1070,May/2022,,,,,
Jammu,Jammu,Jammu Dogra Hall CCF Office 1070,Jun/2022,,,,,
Jammu,Jammu,Jammu Dogra Hall CCF Office 1070,Jul/2022,,,,,
Jammu,Jammu,Jammu Dogra Hall CCF Office 1070,Aug/2022,71,71,29,9,2
Jammu,Jammu,Jammu Dogra Hall CCF Office 1070,Sep/2022,301,301,,15,2
Jammu,Jammu,Jammu Dogra Hall CCF Office 1070,Oct/2022,157,157,36,24,2
Jammu,Jammu,Jammu Dogra Hall CCF Office 1070,Nov/2022,131,,12,,
Jammu,Jammu,Jammu Dogra Hall CCF Office 1070,Dec/2022,176,,,15,1
Jammu,Jammu,Jammu Dogra Hall CCF Office 1070,Jan/2023,115,115,18,23,2
Jammu,Jammu,Jammu Dogra Hall CCF Office 1070,Feb/2023,139,139,44,5,
Jammu,Jammu,Jammu Dogra Hall CCF Office 1070,Mar/2023,115,115,72,,
Jammu,Jammu,Jammu Dogra Hall CCF Office 1070,Apr/2023,94,94,44,11,2
Jammu,Jammu,Jammu Dogra Hall CCF Office 1070,May/2023,90,90,14,15,2
Jammu,Jammu,Jammu Dogra Hall CCF Office 1070,Jun/2023,92,92,32,16,2
Jammu,Jammu,Jammu Dogra Hall CCF Office 1070,Jul/2023,94,94,26,20,2
Jammu,Jammu,Jammu Dogra Hall CCF Office 1070,Aug/2023,87,87,17,18,2
Jammu,Jammu,Jammu Dogra Hall CCF Office 1070,Sep/2023,91,91,4,14,2
Jammu,Jammu,Jammu Dogra Hall CCF Office 1070,Oct/2023,86,86,29,16,2
Jammu,Jammu,Jammu Dogra Hall CCF Office 1070,Nov/2023,82,82,31,18,4
Jammu,Jammu,Jammu Dogra Hall CCF Office 1070,Dec/2023,,99,32,13,1
Jammu,Jammu,Jammu Dogra Hall CCF Office 1070,Jan/2024,89,89,35,18,2
Jammu,Jammu,Jammu Dogra Hall CCF Office 1070,Feb/2024,90,90,32,15,2
Jammu,Jammu,Jammu Dogra Hall CCF Office 1070,Mar/2024,98,98,34,17,3
Jammu,Jammu,Jammu Dogra Hall CCF Office 1070,Apr/2024,96,96,22,13,2
Jammu,Jammu,Jammu Dogra Hall CCF Office 1070,May/2024,81,81,2,12,2
Jammu,Jammu,Jammu Dogra Hall CCF Office 1070,Jun/2024,87,87,,16,2
Jammu,Jammu,Jammu Dogra Hall CCF Office 1070,Jul/2024,78,78,,11,2
Jammu,Jammu,Jammu Dogra Hall CCF Office 1070,Aug/2024,59,59,,8,2
Jammu,Jammu,Jammu Dogra Hall CCF Office 1070,Sep/2024,79,79,,,
Jammu,Jammu,Jammu Dogra Hall CCF Office 1070,Oct/2024,,107,,17,3
Jammu,Jammu,Jammu Dogra Hall CCF Office 1070,Nov/2024,,166,15,25,6
Jammu,Jammu,Jammu Dogra Hall CCF Office 1070,Dec/2024,,135,136,28,4
Jammu,Jammu,Jammu Dogra Hall CCF Office 1070,Jan/2025,154,140,146,28,4
Jammu,Jammu,Jammu Dogra Hall CCF Office 1070,Feb/2025,97,68,63,14,2
Jammu,Jammu,Jammu Dogra Hall CCF Office 1070,Mar/2025,88,88,34,26,3
Jammu,Jammu,Jammu Dogra Hall CCF Office 1070,Apr/2025,95,95,45,25,3
Jammu,Jammu,Jammu Dogra Hall CCF Office 1070,May/2025,101,101,53,,
Jammu,Jammu,Jammu Dogra Hall CCF Office 1070,Jun/2025,98,98,48,,
Jammu,Jammu,Jammu Dogra Hall CCF Office 1070,Jul/2025,77,77,25,19,2
Jammu,Jammu,Jammu Dogra Hall CCF Office 1070,Aug/2025,55,55,29,15,2
Jammu,Jammu,Jammu Dogra Hall CCF Office 1070,Sep/2025,61,61,26,17,2
Jammu,Jammu,Jammu Dogra Hall CCF Office 1070,Oct/2025,84,,33,22,3
Jammu,Jammu,Jammu Dogra Hall CCF Office 1070,Nov/2025,86,,57,,3
Jammu,Jammu,Jammu Dogra Hall CCF Office 1070,Dec/2025,110,,57,,3
Jammu,Jammu,Jammu Dogra Hall CCF Office 1070,Jan/2026,133,133,22,33,3
Jammu,Jammu,Jammu Dogra Hall CCF Office 1070,Feb/2026,105,105,59,32,3
Jammu,Jammu,Jammu Dogra Hall CCF Office 1070,Mar/2026,98,98,46,28,2
Jammu,Jammu,Jammu JKPCC Narwal  184,Jan/2022,108,108,46,26,4
Jammu,Jammu,Jammu JKPCC Narwal  184,Feb/2022,280,280,60,32,5
Jammu,Jammu,Jammu JKPCC Narwal  184,Mar/2022,254,254,92,34,5
Jammu,Jammu,Jammu JKPCC Narwal  184,Apr/2022,161,161,64,35,3
Jammu,Jammu,Jammu JKPCC Narwal  184,May/2022,217,217,88,34,4
Jammu,Jammu,Jammu JKPCC Narwal  184,Jun/2022,169,169,65,35,3
Jammu,Jammu,Jammu JKPCC Narwal  184,Jul/2022,87,87,38,16,2
Jammu,Jammu,Jammu JKPCC Narwal  184,Aug/2022,121,115,46,19,3
Jammu,Jammu,Jammu JKPCC Narwal  184,Sep/2022,93,93,23,21,3
Jammu,Jammu,Jammu JKPCC Narwal  184,Oct/2022,145,145,47,26,
Jammu,Jammu,Jammu JKPCC Narwal  184,Nov/2022,144,144,46,,
Jammu,Jammu,Jammu JKPCC Narwal  184,Dec/2022,147,147,66,,
Jammu,Jammu,Jammu JKPCC Narwal  184,Jan/2023,149,130,59,19,2
Jammu,Jammu,Jammu JKPCC Narwal  184,Feb/2023,,,,,
Jammu,Jammu,Jammu JKPCC Narwal  184,Mar/2023,128,128,51,22,3
Jammu,Jammu,Jammu JKPCC Narwal  184,Apr/2023,114,114,38,19,2
Jammu,Jammu,Jammu JKPCC Narwal  184,May/2023,106,106,32,13,2
Jammu,Jammu,Jammu JKPCC Narwal  184,Jun/2023,100,100,33,21,3
Jammu,Jammu,Jammu JKPCC Narwal  184,Jul/2023,100,100,19,15,2
Jammu,Jammu,Jammu JKPCC Narwal  184,Aug/2023,92,92,30,18,3
Jammu,Jammu,Jammu JKPCC Narwal  184,Sep/2023,84,84,5,16,3
Jammu,Jammu,Jammu JKPCC Narwal  184,Oct/2023,94,94,12,19,3
Jammu,Jammu,Jammu JKPCC Narwal  184,Nov/2023,107,107,37,24,4
Jammu,Jammu,Jammu JKPCC Narwal  184,Dec/2023,130,130,39,19,2
Jammu,Jammu,Jammu JKPCC Narwal  184,Jan/2024,122,122,41,25,3
Jammu,Jammu,Jammu JKPCC Narwal  184,Feb/2024,121,121,42,21,3
Jammu,Jammu,Jammu JKPCC Narwal  184,Mar/2024,124,124,38,19,3
Jammu,Jammu,Jammu JKPCC Narwal  184,Apr/2024,110,110,34,19,2
Jammu,Jammu,Jammu JKPCC Narwal  184,May/2024,113,113,36,17,3
Jammu,Jammu,Jammu JKPCC Narwal  184,Jun/2024,112,112,36,25,4
Jammu,Jammu,Jammu JKPCC Narwal  184,Jul/2024,93,93,32,15,2
Jammu,Jammu,Jammu JKPCC Narwal  184,Aug/2024,72,72,17,9,1
Jammu,Jammu,Jammu JKPCC Narwal  184,Sep/2024,92,92,31,,
Jammu,Jammu,Jammu JKPCC Narwal  184,Oct/2024,127,127,14,23,4
Jammu,Jammu,Jammu JKPCC Narwal  184,Nov/2024,,156,25,30,6
Jammu,Jammu,Jammu JKPCC Narwal  184,Dec/2024,,,62,36,6
Jammu,Jammu,Jammu JKPCC Narwal  184,Jan/2025,180,180,78,34,4
Jammu,Jammu,Jammu JKPCC Narwal  184,Feb/2025,150,118,93,13,2
Jammu,Jammu,Jammu JKPCC Narwal  184,Mar/2025,107,107,44,30,3
Jammu,Jammu,Jammu JKPCC Narwal  184,Apr/2025,122,122,73,25,3
Jammu,Jammu,Jammu JKPCC Narwal  184,May/2025,120,120,70,,
Jammu,Jammu,Jammu JKPCC Narwal  184,Jun/2025,108,108,51,,
Jammu,Jammu,Jammu JKPCC Narwal  184,Jul/2025,87,87,31,22,2
Jammu,Jammu,Jammu JKPCC Narwal  184,Aug/2025,70,70,31,22,2
Jammu,Jammu,Jammu JKPCC Narwal  184,Sep/2025,82,82,34,20,2
Jammu,Jammu,Jammu JKPCC Narwal  184,Oct/2025,107,107,44,24,4
Jammu,Jammu,Jammu JKPCC Narwal  184,Nov/2025,148,148,66,34,3
Jammu,Jammu,Jammu JKPCC Narwal  184,Dec/2025,152,,51,35,4
Jammu,Jammu,Jammu JKPCC Narwal  184,Jan/2026,151,151,67,39,3
Jammu,Jammu,Jammu JKPCC Narwal  184,Feb/2026,126,126,75,37,4
Jammu,Jammu,Jammu JKPCC Narwal  184,Mar/2026,130,130,56,34,3
Jammu,Jammu,Jammu MAM Stadium  482,Jan/2022,86,86,41,24,2
Jammu,Jammu,Jammu MAM Stadium  482,Feb/2022,148,148,45,28,3
Jammu,Jammu,Jammu MAM Stadium  482,Mar/2022,136,136,57,21,3
Jammu,Jammu,Jammu MAM Stadium  482,Apr/2022,91,91,27,16,2
Jammu,Jammu,Jammu MAM Stadium  482,May/2022,,,,,
Jammu,Jammu,Jammu MAM Stadium  482,Jun/2022,,,,,
Jammu,Jammu,Jammu MAM Stadium  482,Jul/2022,77,77,32,17,3
Jammu,Jammu,Jammu MAM Stadium  482,Aug/2022,89,89,33,8,1
Jammu,Jammu,Jammu MAM Stadium  482,Sep/2022,,,,,
Jammu,Jammu,Jammu MAM Stadium  482,Oct/2022,95,95,42,19,2
Jammu,Jammu,Jammu MAM Stadium  482,Nov/2022,92,,50,18,
Jammu,Jammu,Jammu MAM Stadium  482,Dec/2022,,,61,16,
Jammu,Jammu,Jammu MAM Stadium  482,Jan/2023,138,138,47,21,2
Jammu,Jammu,Jammu MAM Stadium  482,Feb/2023,120,120,64,,
Jammu,Jammu,Jammu MAM Stadium  482,Mar/2023,121,121,59,24,3
Jammu,Jammu,Jammu MAM Stadium  482,Apr/2023,106,106,37,18,2
Jammu,Jammu,Jammu MAM Stadium  482,May/2023,104,104,38,16,2
Jammu,Jammu,Jammu MAM Stadium  482,Jun/2023,99,99,33,14,2
Jammu,Jammu,Jammu MAM Stadium  482,Jul/2023,85,85,24,11,2
Jammu,Jammu,Jammu MAM Stadium  482,Aug/2023,93,93,,14,2
Jammu,Jammu,Jammu MAM Stadium  482,Sep/2023,84,84,7,19,3
Jammu,Jammu,Jammu MAM Stadium  482,Oct/2023,85,85,32,16,2
Jammu,Jammu,Jammu MAM Stadium  482,Nov/2023,,82,31,,3
Jammu,Jammu,Jammu MAM Stadium  482,Dec/2023,,98,38,,
Jammu,Jammu,Jammu MAM Stadium  482,Jan/2024,102,102,42,17,2
Jammu,Jammu,Jammu MAM Stadium  482,Feb/2024,,,,,
Jammu,Jammu,Jammu MAM Stadium  482,Mar/2024,91,91,34,17,2
Jammu,Jammu,Jammu MAM Stadium  482,Apr/2024,82,82,31,13,2
Jammu,Jammu,Jammu MAM Stadium  482,May/2024,83,83,31,15,3
Jammu,Jammu,Jammu MAM Stadium  482,Jun/2024,87,87,31,16,2
Jammu,Jammu,Jammu MAM Stadium  482,Jul/2024,79,79,8,13,2
Jammu,Jammu,Jammu MAM Stadium  482,Aug/2024,70,70,,7,1
Jammu,Jammu,Jammu MAM Stadium  482,Sep/2024,76,76,,,
Jammu,Jammu,Jammu MAM Stadium  482,Oct/2024,120,120,,18,4
Jammu,Jammu,Jammu MAM Stadium  482,Nov/2024,156,156,23,,5
Jammu,Jammu,Jammu MAM Stadium  482,Dec/2024,159,159,,,4
Jammu,Jammu,Jammu MAM Stadium  482,Jan/2025,167,167,111,25,3
Jammu,Jammu,Jammu MAM Stadium  482,Feb/2025,112,67,90,14,1
Jammu,Jammu,Jammu MAM Stadium  482,Mar/2025,94,94,37,31,3
Jammu,Jammu,Jammu MAM Stadium  482,Apr/2025,133,133,52,37,4
Jammu,Jammu,Jammu MAM Stadium  482,May/2025,103,103,49,,
Jammu,Jammu,Jammu MAM Stadium  482,Jun/2025,,,,,
Jammu,Jammu,Jammu MAM Stadium  482,Jul/2025,65,65,28,17,2
Jammu,Jammu,Jammu MAM Stadium  482,Aug/2025,56,56,27,13,1
Jammu,Jammu,Jammu MAM Stadium  482,Sep/2025,55,55,24,15,2
Jammu,Jammu,Jammu MAM Stadium  482,Oct/2025,69,69,30,19,3
Jammu,Jammu,Jammu MAM Stadium  482,Nov/2025,106,102,,,3
Jammu,Jammu,Jammu MAM Stadium  482,Dec/2025,127,127,,,3
Jammu,Jammu,Jammu MAM Stadium  482,Jan/2026,138,138,79,34,3
Jammu,Jammu,Jammu MAM Stadium  482,Feb/2026,109,109,50,29,3
Jammu,Jammu,Jammu MAM Stadium  482,Mar/2026,94,94,41,25,2
Jammu,Jammu,Jammu Manda Zoo,Jan/2022,,,,,
Jammu,Jammu,Jammu Manda Zoo,Feb/2022,,,,,
Jammu,Jammu,Jammu Manda Zoo,Mar/2022,,,,,
Jammu,Jammu,Jammu Manda Zoo,Apr/2022,,,,,
Jammu,Jammu,Jammu Manda Zoo,May/2022,,,,,
Jammu,Jammu,Jammu Manda Zoo,Jun/2022,,,,,
Jammu,Jammu,Jammu Manda Zoo,Jul/2022,,,,,
Jammu,Jammu,Jammu Manda Zoo,Aug/2022,,,,,
Jammu,Jammu,Jammu Manda Zoo,Sep/2022,,,,,
Jammu,Jammu,Jammu Manda Zoo,Oct/2022,,,,,
Jammu,Jammu,Jammu Manda Zoo,Nov/2022,,,,,
Jammu,Jammu,Jammu Manda Zoo,Dec/2022,,,,,
Jammu,Jammu,Jammu Manda Zoo,Jan/2023,76,76,7,9,2
Jammu,Jammu,Jammu Manda Zoo,Feb/2023,80,80,,5,1
Jammu,Jammu,Jammu Manda Zoo,Mar/2023,,,,,
Jammu,Jammu,Jammu Manda Zoo,Apr/2023,,,,,
Jammu,Jammu,Jammu Manda Zoo,May/2023,,,,,
Jammu,Jammu,Jammu Manda Zoo,Jun/2023,,,,,
Jammu,Jammu,Jammu Manda Zoo,Jul/2023,71,71,25,,
Jammu,Jammu,Jammu Manda Zoo,Aug/2023,71,71,25,,
Jammu,Jammu,Jammu Manda Zoo,Sep/2023,66,66,24,,
Jammu,Jammu,Jammu Manda Zoo,Oct/2023,66,66,26,,
Jammu,Jammu,Jammu Manda Zoo,Nov/2023,,66,,,2
Jammu,Jammu,Jammu Manda Zoo,Dec/2023,,,,,1
Jammu,Jammu,Jammu Manda Zoo,Jan/2024,77,77,31,7,2
Jammu,Jammu,Jammu Manda Zoo,Feb/2024,81,81,27,5,2
Jammu,Jammu,Jammu Manda Zoo,Mar/2024,80,80,29,6,3
Jammu,Jammu,Jammu Manda Zoo,Apr/2024,74,74,21,5,2
Jammu,Jammu,Jammu Manda Zoo,May/2024,,62,,,
Jammu,Jammu,Jammu Manda Zoo,Jun/2024,,,,,
Jammu,Jammu,Jammu Manda Zoo,Jul/2024,,,,,
Jammu,Jammu,Jammu Manda Zoo,Aug/2024,,,,,
Jammu,Jammu,Jammu Manda Zoo,Sep/2024,,,,,
Jammu,Jammu,Jammu Manda Zoo,Oct/2024,,,,,
Jammu,Jammu,Jammu Manda Zoo,Nov/2024,,,,,
Jammu,Jammu,Jammu Manda Zoo,Dec/2024,,,,,
Jammu,Jammu,Jammu Manda Zoo,Jan/2025,,,,,
Jammu,Jammu,Jammu Manda Zoo,Feb/2025,,,,,
Jammu,Jammu,Jammu Manda Zoo,Mar/2025,,,,,
Jammu,Jammu,Jammu Manda Zoo,Apr/2025,,,,,
Jammu,Jammu,Jammu Manda Zoo,May/2025,,,,,
Jammu,Jammu,Jammu Manda Zoo,Jun/2025,,,,,
Jammu,Jammu,Jammu Manda Zoo,Jul/2025,,,,,
Jammu,Jammu,Jammu Manda Zoo,Aug/2025,,,,,
Jammu,Jammu,Jammu Manda Zoo,Sep/2025,,,,,
Jammu,Jammu,Jammu Manda Zoo,Oct/2025,,,,,
Jammu,Jammu,Jammu Manda Zoo,Nov/2025,,,,,
Jammu,Jammu,Jammu Manda Zoo,Dec/2025,,,,,
Jammu,Jammu,Jammu Manda Zoo,Jan/2026,,,,,
Jammu,Jammu,Jammu Manda Zoo,Feb/2026,,,,,
Jammu,Jammu,Jammu Manda Zoo,Mar/2026,,,,,
Jammu,Jammu,Jammu Nagbani Forest Office,Jan/2022,,,,,
Jammu,Jammu,Jammu Nagbani Forest Office,Feb/2022,,,,,
Jammu,Jammu,Jammu Nagbani Forest Office,Mar/2022,,,,,
Jammu,Jammu,Jammu Nagbani Forest Office,Apr/2022,,,,,
Jammu,Jammu,Jammu Nagbani Forest Office,May/2022,,,,,
Jammu,Jammu,Jammu Nagbani Forest Office,Jun/2022,,,,,
Jammu,Jammu,Jammu Nagbani Forest Office,Jul/2022,,,,,
Jammu,Jammu,Jammu Nagbani Forest Office,Aug/2022,,,,,
Jammu,Jammu,Jammu Nagbani Forest Office,Sep/2022,,,,,
Jammu,Jammu,Jammu Nagbani Forest Office,Oct/2022,,,,,
Jammu,Jammu,Jammu Nagbani Forest Office,Nov/2022,,,,,
Jammu,Jammu,Jammu Nagbani Forest Office,Dec/2022,,,,,
Jammu,Jammu,Jammu Nagbani Forest Office,Jan/2023,,,,,
Jammu,Jammu,Jammu Nagbani Forest Office,Feb/2023,,,,,
Jammu,Jammu,Jammu Nagbani Forest Office,Mar/2023,,,,,
Jammu,Jammu,Jammu Nagbani Forest Office,Apr/2023,,,,,
Jammu,Jammu,Jammu Nagbani Forest Office,May/2023,,,,,
Jammu,Jammu,Jammu Nagbani Forest Office,Jun/2023,,,,,
Jammu,Jammu,Jammu Nagbani Forest Office,Jul/2023,57,57,25,,
Jammu,Jammu,Jammu Nagbani Forest Office,Aug/2023,60,60,26,,
Jammu,Jammu,Jammu Nagbani Forest Office,Sep/2023,55,55,24,,
Jammu,Jammu,Jammu Nagbani Forest Office,Oct/2023,53,53,25,,
Jammu,Jammu,Jammu Nagbani Forest Office,Nov/2023,45,,27,,
Jammu,Jammu,Jammu Nagbani Forest Office,Dec/2023,,,26,,
Jammu,Jammu,Jammu Nagbani Forest Office,Jan/2024,56,56,25,5,2
Jammu,Jammu,Jammu Nagbani Forest Office,Feb/2024,53,53,24,4,2
Jammu,Jammu,Jammu Nagbani Forest Office,Mar/2024,74,74,29,5,4
Jammu,Jammu,Jammu Nagbani Forest Office,Apr/2024,61,61,24,3,1
Jammu,Jammu,Jammu Nagbani Forest Office,May/2024,63,63,23,4,2
Jammu,Jammu,Jammu Nagbani Forest Office,Jun/2024,81,81,31,6,2
Jammu,Jammu,Jammu Nagbani Forest Office,Jul/2024,59,59,21,4,2
Jammu,Jammu,Jammu Nagbani Forest Office,Aug/2024,48,48,15,4,2
Jammu,Jammu,Jammu Nagbani Forest Office,Sep/2024,,,,,
Jammu,Jammu,Jammu Nagbani Forest Office,Oct/2024,78,78,15,5,1
Jammu,Jammu,Jammu Nagbani Forest Office,Nov/2024,,86,,9,
Jammu,Jammu,Jammu Nagbani Forest Office,Dec/2024,,80,,15,
Jammu,Jammu,Jammu Nagbani Forest Office,Jan/2025,83,83,42,17,3
Jammu,Jammu,Jammu Nagbani Forest Office,Feb/2025,90,73,65,13,2
Jammu,Jammu,Jammu Nagbani Forest Office,Mar/2025,69,69,33,17,2
Jammu,Jammu,Jammu Nagbani Forest Office,Apr/2025,90,90,43,7,1
Jammu,Jammu,Jammu Nagbani Forest Office,May/2025,100,100,50,,
Jammu,Jammu,Jammu Nagbani Forest Office,Jun/2025,89,89,5,,
Jammu,Jammu,Jammu Nagbani Forest Office,Jul/2025,63,63,,14,2
Jammu,Jammu,Jammu Nagbani Forest Office,Aug/2025,50,50,26,16,1
Jammu,Jammu,Jammu Nagbani Forest Office,Sep/2025,48,48,9,12,2
Jammu,Jammu,Jammu Nagbani Forest Office,Oct/2025,48,48,,13,2
Jammu,Jammu,Jammu Nagbani Forest Office,Nov/2025,60,,26,20,2
Jammu,Jammu,Jammu Nagbani Forest Office,Dec/2025,100,,,,2
Jammu,Jammu,Jammu Nagbani Forest Office,Jan/2026,105,105,,28,2
Jammu,Jammu,Jammu Nagbani Forest Office,Feb/2026,93,93,34,27,2
Jammu,Jammu,Jammu Nagbani Forest Office,Mar/2026,83,83,43,26,2
Jammu,Jammu,Jammu PDD Power House near High Court Janipur 1071,Jan/2022,74,74,,20,3
Jammu,Jammu,Jammu PDD Power House near High Court Janipur 1071,Feb/2022,115,115,,16,3
Jammu,Jammu,Jammu PDD Power House near High Court Janipur 1071,Mar/2022,106,106,,18,2
Jammu,Jammu,Jammu PDD Power House near High Court Janipur 1071,Apr/2022,,,,,
Jammu,Jammu,Jammu PDD Power House near High Court Janipur 1071,May/2022,,,,,
Jammu,Jammu,Jammu PDD Power House near High Court Janipur 1071,Jun/2022,,,,,
Jammu,Jammu,Jammu PDD Power House near High Court Janipur 1071,Jul/2022,,,,,
Jammu,Jammu,Jammu PDD Power House near High Court Janipur 1071,Aug/2022,62,62,20,,
Jammu,Jammu,Jammu PDD Power House near High Court Janipur 1071,Sep/2022,80,80,7,,
Jammu,Jammu,Jammu PDD Power House near High Court Janipur 1071,Oct/2022,106,106,41,24,2
Jammu,Jammu,Jammu PDD Power House near High Court Janipur 1071,Nov/2022,,,,11,2
Jammu,Jammu,Jammu PDD Power House near High Court Janipur 1071,Dec/2022,,,38,12,
Jammu,Jammu,Jammu PDD Power House near High Court Janipur 1071,Jan/2023,,,,,
Jammu,Jammu,Jammu PDD Power House near High Court Janipur 1071,Feb/2023,117,117,32,5,
Jammu,Jammu,Jammu PDD Power House near High Court Janipur 1071,Mar/2023,125,125,23,,
Jammu,Jammu,Jammu PDD Power House near High Court Janipur 1071,Apr/2023,113,113,18,15,2
Jammu,Jammu,Jammu PDD Power House near High Court Janipur 1071,May/2023,112,112,10,13,2
Jammu,Jammu,Jammu PDD Power House near High Court Janipur 1071,Jun/2023,105,105,23,13,2
Jammu,Jammu,Jammu PDD Power House near High Court Janipur 1071,Jul/2023,92,92,19,9,1
Jammu,Jammu,Jammu PDD Power House near High Court Janipur 1071,Aug/2023,85,85,23,15,3
Jammu,Jammu,Jammu PDD Power House near High Court Janipur 1071,Sep/2023,80,80,25,17,3
Jammu,Jammu,Jammu PDD Power House near High Court Janipur 1071,Oct/2023,84,84,19,17,3
Jammu,Jammu,Jammu PDD Power House near High Court Janipur 1071,Nov/2023,105,105,35,20,3
Jammu,Jammu,Jammu PDD Power House near High Court Janipur 1071,Dec/2023,98,98,25,22,3
Jammu,Jammu,Jammu PDD Power House near High Court Janipur 1071,Jan/2024,108,108,34,20,2
Jammu,Jammu,Jammu PDD Power House near High Court Janipur 1071,Feb/2024,91,91,28,16,2
Jammu,Jammu,Jammu PDD Power House near High Court Janipur 1071,Mar/2024,98,98,27,18,3
Jammu,Jammu,Jammu PDD Power House near High Court Janipur 1071,Apr/2024,96,96,26,13,3
Jammu,Jammu,Jammu PDD Power House near High Court Janipur 1071,May/2024,102,102,17,20,4
Jammu,Jammu,Jammu PDD Power House near High Court Janipur 1071,Jun/2024,106,106,21,19,3
Jammu,Jammu,Jammu PDD Power House near High Court Janipur 1071,Jul/2024,94,94,6,14,2
Jammu,Jammu,Jammu PDD Power House near High Court Janipur 1071,Aug/2024,72,72,,10,1
Jammu,Jammu,Jammu PDD Power House near High Court Janipur 1071,Sep/2024,81,81,,,
Jammu,Jammu,Jammu PDD Power House near High Court Janipur 1071,Oct/2024,115,115,,19,4
Jammu,Jammu,Jammu PDD Power House near High Court Janipur 1071,Nov/2024,130,129,32,22,4
Jammu,Jammu,Jammu PDD Power House near High Court Janipur 1071,Dec/2024,128,,83,,4
Jammu,Jammu,Jammu PDD Power House near High Court Janipur 1071,Jan/2025,163,163,93,26,4
Jammu,Jammu,Jammu PDD Power House near High Court Janipur 1071,Feb/2025,85,55,58,13,1
Jammu,Jammu,Jammu PDD Power House near High Court Janipur 1071,Mar/2025,93,93,47,28,3
Jammu,Jammu,Jammu PDD Power House near High Court Janipur 1071,Apr/2025,111,111,59,31,3
Jammu,Jammu,Jammu PDD Power House near High Court Janipur 1071,May/2025,103,103,57,,
Jammu,Jammu,Jammu PDD Power House near High Court Janipur 1071,Jun/2025,104,104,49,,
Jammu,Jammu,Jammu PDD Power House near High Court Janipur 1071,Jul/2025,79,79,26,20,2
Jammu,Jammu,Jammu PDD Power House near High Court Janipur 1071,Aug/2025,69,69,28,16,1
Jammu,Jammu,Jammu PDD Power House near High Court Janipur 1071,Sep/2025,71,71,4,17,2
Jammu,Jammu,Jammu PDD Power House near High Court Janipur 1071,Oct/2025,104,104,37,23,3
Jammu,Jammu,Jammu PDD Power House near High Court Janipur 1071,Nov/2025,109,109,,28,3
Jammu,Jammu,Jammu PDD Power House near High Court Janipur 1071,Dec/2025,129,129,,34,4
Jammu,Jammu,Jammu PDD Power House near High Court Janipur 1071,Jan/2026,124,124,20,35,3
Jammu,Jammu,Jammu PDD Power House near High Court Janipur 1071,Feb/2026,112,112,71,31,3
Jammu,Jammu,Jammu PDD Power House near High Court Janipur 1071,Mar/2026,110,110,57,28,2
Jammu,Jammu,Jammu Sidhra Forest Nursery,Jan/2022,,,,,
Jammu,Jammu,Jammu Sidhra Forest Nursery,Feb/2022,,,,,
Jammu,Jammu,Jammu Sidhra Forest Nursery,Mar/2022,,,,,
Jammu,Jammu,Jammu Sidhra Forest Nursery,Apr/2022,,,,,
Jammu,Jammu,Jammu Sidhra Forest Nursery,May/2022,,,,,
Jammu,Jammu,Jammu Sidhra Forest Nursery,Jun/2022,,,,,
Jammu,Jammu,Jammu Sidhra Forest Nursery,Jul/2022,,,,,
Jammu,Jammu,Jammu Sidhra Forest Nursery,Aug/2022,,,,,
Jammu,Jammu,Jammu Sidhra Forest Nursery,Sep/2022,,,,,
Jammu,Jammu,Jammu Sidhra Forest Nursery,Oct/2022,,,,,
Jammu,Jammu,Jammu Sidhra Forest Nursery,Nov/2022,,,,,
Jammu,Jammu,Jammu Sidhra Forest Nursery,Dec/2022,,,,,
Jammu,Jammu,Jammu Sidhra Forest Nursery,Jan/2023,,,,,
Jammu,Jammu,Jammu Sidhra Forest Nursery,Feb/2023,,,,,
Jammu,Jammu,Jammu Sidhra Forest Nursery,Mar/2023,,,,,
Jammu,Jammu,Jammu Sidhra Forest Nursery,Apr/2023,,,,,
Jammu,Jammu,Jammu Sidhra Forest Nursery,May/2023,,,,,
Jammu,Jammu,Jammu Sidhra Forest Nursery,Jun/2023,,,,,
Jammu,Jammu,Jammu Sidhra Forest Nursery,Jul/2023,55,55,26,,
Jammu,Jammu,Jammu Sidhra Forest Nursery,Aug/2023,55,55,22,,
Jammu,Jammu,Jammu Sidhra Forest Nursery,Sep/2023,56,56,4,,
Jammu,Jammu,Jammu Sidhra Forest Nursery,Oct/2023,57,57,23,,
Jammu,Jammu,Jammu Sidhra Forest Nursery,Nov/2023,74,,16,4,1
Jammu,Jammu,Jammu Sidhra Forest Nursery,Dec/2023,,,,5,
Jammu,Jammu,Jammu Sidhra Forest Nursery,Jan/2024,75,75,31,5,2
Jammu,Jammu,Jammu Sidhra Forest Nursery,Feb/2024,66,66,27,5,2
Jammu,Jammu,Jammu Sidhra Forest Nursery,Mar/2024,75,75,30,4,2
Jammu,Jammu,Jammu Sidhra Forest Nursery,Apr/2024,66,66,12,3,2
Jammu,Jammu,Jammu Sidhra Forest Nursery,May/2024,58,58,24,3,1
Jammu,Jammu,Jammu Sidhra Forest Nursery,Jun/2024,66,66,25,3,2
Jammu,Jammu,Jammu Sidhra Forest Nursery,Jul/2024,63,63,24,2,2
Jammu,Jammu,Jammu Sidhra Forest Nursery,Aug/2024,50,50,2,2,1
Jammu,Jammu,Jammu Sidhra Forest Nursery,Sep/2024,66,66,25,,
Jammu,Jammu,Jammu Sidhra Forest Nursery,Oct/2024,80,80,17,3,1
Jammu,Jammu,Jammu Sidhra Forest Nursery,Nov/2024,95,95,,8,1
Jammu,Jammu,Jammu Sidhra Forest Nursery,Dec/2024,99,,40,12,2
Jammu,Jammu,Jammu Sidhra Forest Nursery,Jan/2025,108,108,44,24,3
Jammu,Jammu,Jammu Sidhra Forest Nursery,Feb/2025,67,31,52,8,1
Jammu,Jammu,Jammu Sidhra Forest Nursery,Mar/2025,77,77,32,20,2
Jammu,Jammu,Jammu Sidhra Forest Nursery,Apr/2025,84,84,,9,1
Jammu,Jammu,Jammu Sidhra Forest Nursery,May/2025,92,92,28,,
Jammu,Jammu,Jammu Sidhra Forest Nursery,Jun/2025,90,90,,,
Jammu,Jammu,Jammu Sidhra Forest Nursery,Jul/2025,63,63,,14,2
Jammu,Jammu,Jammu Sidhra Forest Nursery,Aug/2025,53,53,,12,1
Jammu,Jammu,Jammu Sidhra Forest Nursery,Sep/2025,52,52,3,13,2
Jammu,Jammu,Jammu Sidhra Forest Nursery,Oct/2025,60,60,,13,
Jammu,Jammu,Jammu Sidhra Forest Nursery,Nov/2025,73,73,27,,
Jammu,Jammu,Jammu Sidhra Forest Nursery,Dec/2025,103,,,,
Jammu,Jammu,Jammu Sidhra Forest Nursery,Jan/2026,112,112,,28,2
Jammu,Jammu,Jammu Sidhra Forest Nursery,Feb/2026,92,92,40,27,2
Jammu,Jammu,Jammu Sidhra Forest Nursery,Mar/2026,78,78,22,22,2
Jammu,Jammu,Jammu Vikram Chowk Forest Information Center 1072,Jan/2022,67,67,18,21,3
Jammu,Jammu,Jammu Vikram Chowk Forest Information Center 1072,Feb/2022,343,343,75,34,3
Jammu,Jammu,Jammu Vikram Chowk Forest Information Center 1072,Mar/2022,448,448,85,39,7
Jammu,Jammu,Jammu Vikram Chowk Forest Information Center 1072,Apr/2022,,,,,
Jammu,Jammu,Jammu Vikram Chowk Forest Information Center 1072,May/2022,,,,,
Jammu,Jammu,Jammu Vikram Chowk Forest Information Center 1072,Jun/2022,,,,,
Jammu,Jammu,Jammu Vikram Chowk Forest Information Center 1072,Jul/2022,,,,,
Jammu,Jammu,Jammu Vikram Chowk Forest Information Center 1072,Aug/2022,203,203,49,26,4
Jammu,Jammu,Jammu Vikram Chowk Forest Information Center 1072,Sep/2022,71,70,15,22,3
Jammu,Jammu,Jammu Vikram Chowk Forest Information Center 1072,Oct/2022,102,102,46,24,3
Jammu,Jammu,Jammu Vikram Chowk Forest Information Center 1072,Nov/2022,,,48,,
Jammu,Jammu,Jammu Vikram Chowk Forest Information Center 1072,Dec/2022,,,58,,
Jammu,Jammu,Jammu Vikram Chowk Forest Information Center 1072,Jan/2023,107,107,33,18,3
Jammu,Jammu,Jammu Vikram Chowk Forest Information Center 1072,Feb/2023,113,113,49,6,
Jammu,Jammu,Jammu Vikram Chowk Forest Information Center 1072,Mar/2023,114,114,55,,
Jammu,Jammu,Jammu Vikram Chowk Forest Information Center 1072,Apr/2023,100,100,40,21,2
Jammu,Jammu,Jammu Vikram Chowk Forest Information Center 1072,May/2023,81,81,35,16,2
Jammu,Jammu,Jammu Vikram Chowk Forest Information Center 1072,Jun/2023,90,90,30,19,3
Jammu,Jammu,Jammu Vikram Chowk Forest Information Center 1072,Jul/2023,85,85,37,17,3
Jammu,Jammu,Jammu Vikram Chowk Forest Information Center 1072,Aug/2023,76,76,32,20,3
Jammu,Jammu,Jammu Vikram Chowk Forest Information Center 1072,Sep/2023,75,75,35,22,3
Jammu,Jammu,Jammu Vikram Chowk Forest Information Center 1072,Oct/2023,,68,31,,3
Jammu,Jammu,Jammu Vikram Chowk Forest Information Center 1072,Nov/2023,,104,37,,5
Jammu,Jammu,Jammu Vikram Chowk Forest Information Center 1072,Dec/2023,,104,39,,
Jammu,Jammu,Jammu Vikram Chowk Forest Information Center 1072,Jan/2024,98,98,39,18,2
Jammu,Jammu,Jammu Vikram Chowk Forest Information Center 1072,Feb/2024,102,102,34,17,3
Jammu,Jammu,Jammu Vikram Chowk Forest Information Center 1072,Mar/2024,110,110,38,21,6
Jammu,Jammu,Jammu Vikram Chowk Forest Information Center 1072,Apr/2024,95,95,34,13,2
Jammu,Jammu,Jammu Vikram Chowk Forest Information Center 1072,May/2024,106,106,39,19,4
Jammu,Jammu,Jammu Vikram Chowk Forest Information Center 1072,Jun/2024,109,109,37,14,2
Jammu,Jammu,Jammu Vikram Chowk Forest Information Center 1072,Jul/2024,99,99,,13,2
Jammu,Jammu,Jammu Vikram Chowk Forest Information Center 1072,Aug/2024,76,76,,13,2
Jammu,Jammu,Jammu Vikram Chowk Forest Information Center 1072,Sep/2024,97,97,,,
Jammu,Jammu,Jammu Vikram Chowk Forest Information Center 1072,Oct/2024,134,134,,,4
Jammu,Jammu,Jammu Vikram Chowk Forest Information Center 1072,Nov/2024,185,185,27,,7
Jammu,Jammu,Jammu Vikram Chowk Forest Information Center 1072,Dec/2024,171,171,,,4
Jammu,Jammu,Jammu Vikram Chowk Forest Information Center 1072,Jan/2025,180,180,96,36,5
Jammu,Jammu,Jammu Vikram Chowk Forest Information Center 1072,Feb/2025,134,105,94,27,3
Jammu,Jammu,Jammu Vikram Chowk Forest Information Center 1072,Mar/2025,102,102,51,32,3
Jammu,Jammu,Jammu Vikram Chowk Forest Information Center 1072,Apr/2025,115,115,55,31,3
Jammu,Jammu,Jammu Vikram Chowk Forest Information Center 1072,May/2025,118,118,63,,
Jammu,Jammu,Jammu Vikram Chowk Forest Information Center 1072,Jun/2025,110,110,56,,
Jammu,Jammu,Jammu Vikram Chowk Forest Information Center 1072,Jul/2025,84,84,29,24,2
Jammu,Jammu,Jammu Vikram Chowk Forest Information Center 1072,Aug/2025,64,64,29,21,2
Jammu,Jammu,Jammu Vikram Chowk Forest Information Center 1072,Sep/2025,74,74,22,16,2
Jammu,Jammu,Jammu Vikram Chowk Forest Information Center 1072,Oct/2025,110,110,51,25,4
Jammu,Jammu,Jammu Vikram Chowk Forest Information Center 1072,Nov/2025,127,127,59,35,3
Jammu,Jammu,Jammu Vikram Chowk Forest Information Center 1072,Dec/2025,133,133,80,39,3
Jammu,Jammu,Jammu Vikram Chowk Forest Information Center 1072,Jan/2026,162,162,101,45,3
Jammu,Jammu,Jammu Vikram Chowk Forest Information Center 1072,Feb/2026,140,140,74,41,4
Jammu,Jammu,Jammu Vikram Chowk Forest Information Center 1072,Mar/2026,144,144,71,40,4
Kashmir,Srinagar,Jehangir Chowk Srinagar (PM-2.5),Jan/2022,86,,86,,
Kashmir,Srinagar,Jehangir Chowk Srinagar (PM-2.5),Feb/2022,65,,65,,
Kashmir,Srinagar,Jehangir Chowk Srinagar (PM-2.5),Mar/2022,73,,73,,
Kashmir,Srinagar,Jehangir Chowk Srinagar (PM-2.5),Apr/2022,74,,74,,
Kashmir,Srinagar,Jehangir Chowk Srinagar (PM-2.5),May/2022,62,,62,,
Kashmir,Srinagar,Jehangir Chowk Srinagar (PM-2.5),Jun/2022,76,,76,,
Kashmir,Srinagar,Jehangir Chowk Srinagar (PM-2.5),Jul/2022,68,,68,,
Kashmir,Srinagar,Jehangir Chowk Srinagar (PM-2.5),Aug/2022,70,,70,,
Kashmir,Srinagar,Jehangir Chowk Srinagar (PM-2.5),Sep/2022,70,,70,,
Kashmir,Srinagar,Jehangir Chowk Srinagar (PM-2.5),Oct/2022,72,,72,,
Kashmir,Srinagar,Jehangir Chowk Srinagar (PM-2.5),Nov/2022,79,,79,,
Kashmir,Srinagar,Jehangir Chowk Srinagar (PM-2.5),Dec/2022,74,,74,,
Kashmir,Srinagar,Jehangir Chowk Srinagar (PM-2.5),Jan/2023,73,,73,,
Kashmir,Srinagar,Jehangir Chowk Srinagar (PM-2.5),Feb/2023,109,,109,,
Kashmir,Srinagar,Jehangir Chowk Srinagar (PM-2.5),Mar/2023,99,,99,,
Kashmir,Srinagar,Jehangir Chowk Srinagar (PM-2.5),Apr/2023,86,,86,,
Kashmir,Srinagar,Jehangir Chowk Srinagar (PM-2.5),May/2023,87,,87,,
Kashmir,Srinagar,Jehangir Chowk Srinagar (PM-2.5),Jun/2023,90,,90,,
Kashmir,Srinagar,Jehangir Chowk Srinagar (PM-2.5),Jul/2023,89,,89,,
Kashmir,Srinagar,Jehangir Chowk Srinagar (PM-2.5),Aug/2023,78,,78,,
Kashmir,Srinagar,Jehangir Chowk Srinagar (PM-2.5),Sep/2023,88,,88,,
Kashmir,Srinagar,Jehangir Chowk Srinagar (PM-2.5),Oct/2023,117,,117,,
Kashmir,Srinagar,Jehangir Chowk Srinagar (PM-2.5),Nov/2023,111,,111,,
Kashmir,Srinagar,Jehangir Chowk Srinagar (PM-2.5),Dec/2023,103,,103,,
Kashmir,Srinagar,Jehangir Chowk Srinagar (PM-2.5),Jan/2024,,,,,
Kashmir,Srinagar,Jehangir Chowk Srinagar (PM-2.5),Feb/2024,,,,,
Kashmir,Srinagar,Jehangir Chowk Srinagar (PM-2.5),Mar/2024,,,,,
Kashmir,Srinagar,Jehangir Chowk Srinagar (PM-2.5),Apr/2024,,,,,
Kashmir,Srinagar,Jehangir Chowk Srinagar (PM-2.5),May/2024,,,,,
Kashmir,Srinagar,Jehangir Chowk Srinagar (PM-2.5),Jun/2024,61,,61,,
Kashmir,Srinagar,Jehangir Chowk Srinagar (PM-2.5),Jul/2024,68,,68,,
Kashmir,Srinagar,Jehangir Chowk Srinagar (PM-2.5),Aug/2024,85,,85,,
Kashmir,Srinagar,Jehangir Chowk Srinagar (PM-2.5),Sep/2024,77,,77,,
Kashmir,Srinagar,Jehangir Chowk Srinagar (PM-2.5),Oct/2024,74,,74,,
Kashmir,Srinagar,Jehangir Chowk Srinagar (PM-2.5),Nov/2024,,,82,,
Kashmir,Srinagar,Jehangir Chowk Srinagar (PM-2.5),Dec/2024,,,,,
Kashmir,Srinagar,Jehangir Chowk Srinagar (PM-2.5),Jan/2025,88,,88,,
Kashmir,Srinagar,Jehangir Chowk Srinagar (PM-2.5),Feb/2025,82,,82,,
Kashmir,Srinagar,Jehangir Chowk Srinagar (PM-2.5),Mar/2025,81,,81,,
Kashmir,Srinagar,Jehangir Chowk Srinagar (PM-2.5),Apr/2025,83,,83,,
Kashmir,Srinagar,Jehangir Chowk Srinagar (PM-2.5),May/2025,77,,77,,
Kashmir,Srinagar,Jehangir Chowk Srinagar (PM-2.5),Jun/2025,57,,57,,
Kashmir,Srinagar,Jehangir Chowk Srinagar (PM-2.5),Jul/2025,83,,83,,
Kashmir,Srinagar,Jehangir Chowk Srinagar (PM-2.5),Aug/2025,76,,76,,
Kashmir,Srinagar,Jehangir Chowk Srinagar (PM-2.5),Sep/2025,68,,68,,
Kashmir,Srinagar,Jehangir Chowk Srinagar (PM-2.5),Oct/2025,73,,73,,
Kashmir,Srinagar,Jehangir Chowk Srinagar (PM-2.5),Nov/2025,88,,88,,
Kashmir,Srinagar,Jehangir Chowk Srinagar (PM-2.5),Dec/2025,120,,120,,
Kashmir,Srinagar,Jehangir Chowk Srinagar (PM-2.5),Jan/2026,87,,87,,
Kashmir,Srinagar,Jehangir Chowk Srinagar (PM-2.5),Feb/2026,94,,94,,
Kashmir,Srinagar,Jehangir Chowk Srinagar (PM-2.5),Mar/2026,,,,,
Jammu,Kathua,Kathua Forest Complex 1069,Jan/2022,96,96,,,
Jammu,Kathua,Kathua Forest Complex 1069,Feb/2022,85,85,,,
Jammu,Kathua,Kathua Forest Complex 1069,Mar/2022,77,77,,,
Jammu,Kathua,Kathua Forest Complex 1069,Apr/2022,,,,,
Jammu,Kathua,Kathua Forest Complex 1069,May/2022,,,,,
Jammu,Kathua,Kathua Forest Complex 1069,Jun/2022,116,116,,,
Jammu,Kathua,Kathua Forest Complex 1069,Jul/2022,117,117,,,
Jammu,Kathua,Kathua Forest Complex 1069,Aug/2022,,,,,
Jammu,Kathua,Kathua Forest Complex 1069,Sep/2022,,,,,
Jammu,Kathua,Kathua Forest Complex 1069,Oct/2022,81,81,,,
Jammu,Kathua,Kathua Forest Complex 1069,Nov/2022,,71,27,,
Jammu,Kathua,Kathua Forest Complex 1069,Dec/2022,,76,,,
Jammu,Kathua,Kathua Forest Complex 1069,Jan/2023,83,83,,,
Jammu,Kathua,Kathua Forest Complex 1069,Feb/2023,80,80,,,
Jammu,Kathua,Kathua Forest Complex 1069,Mar/2023,72,72,,,
Jammu,Kathua,Kathua Forest Complex 1069,Apr/2023,81,81,,,
Jammu,Kathua,Kathua Forest Complex 1069,May/2023,86,86,,,
Jammu,Kathua,Kathua Forest Complex 1069,Jun/2023,88,88,,,
Jammu,Kathua,Kathua Forest Complex 1069,Jul/2023,,,,,
Jammu,Kathua,Kathua Forest Complex 1069,Aug/2023,,,,,
Jammu,Kathua,Kathua Forest Complex 1069,Sep/2023,77,77,,,
Jammu,Kathua,Kathua Forest Complex 1069,Oct/2023,81,81,18,,
Jammu,Kathua,Kathua Forest Complex 1069,Nov/2023,79,79,,,
Jammu,Kathua,Kathua Forest Complex 1069,Dec/2023,80,80,,,
Jammu,Kathua,Kathua Forest Complex 1069,Jan/2024,88,88,13,,
Jammu,Kathua,Kathua Forest Complex 1069,Feb/2024,78,78,,,
Jammu,Kathua,Kathua Forest Complex 1069,Mar/2024,81,81,16,,
Jammu,Kathua,Kathua Forest Complex 1069,Apr/2024,83,83,15,,
Jammu,Kathua,Kathua Forest Complex 1069,May/2024,83,83,,,
Jammu,Kathua,Kathua Forest Complex 1069,Jun/2024,86,86,,,
Jammu,Kathua,Kathua Forest Complex 1069,Jul/2024,81,81,,,
Jammu,Kathua,Kathua Forest Complex 1069,Aug/2024,81,81,,,
Jammu,Kathua,Kathua Forest Complex 1069,Sep/2024,81,81,,,
Jammu,Kathua,Kathua Forest Complex 1069,Oct/2024,87,87,,,
Jammu,Kathua,Kathua Forest Complex 1069,Nov/2024,108,108,,,
Jammu,Kathua,Kathua Forest Complex 1069,Dec/2024,105,,,7,1
Jammu,Kathua,Kathua Forest Complex 1069,Jan/2025,110,110,,7,2
Jammu,Kathua,Kathua Forest Complex 1069,Feb/2025,104,104,7,9,3
Jammu,Kathua,Kathua Forest Complex 1069,Mar/2025,100,100,16,9,3
Jammu,Kathua,Kathua Forest Complex 1069,Apr/2025,98,98,15,9,3
Jammu,Kathua,Kathua Forest Complex 1069,May/2025,92,92,15,9,3
Jammu,Kathua,Kathua Forest Complex 1069,Jun/2025,85,85,11,7,2
Jammu,Kathua,Kathua Forest Complex 1069,Jul/2025,78,78,9,8,2
Jammu,Kathua,Kathua Forest Complex 1069,Aug/2025,75,75,8,6,2
Jammu,Kathua,Kathua Forest Complex 1069,Sep/2025,80,80,10,7,3
Jammu,Kathua,Kathua Forest Complex 1069,Oct/2025,95,95,,6,2
Jammu,Kathua,Kathua Forest Complex 1069,Nov/2025,87,87,11,7,3
Jammu,Kathua,Kathua Forest Complex 1069,Dec/2025,94,94,13,7,3
Jammu,Kathua,Kathua Forest Complex 1069,Jan/2026,91,91,11,8,4
Jammu,Kathua,Kathua Forest Complex 1069,Feb/2026,96,96,18,8,3
Jammu,Kathua,Kathua Forest Complex 1069,Mar/2026,,,,,
Jammu,Kathua,Kathua Industrial Area 1068,Jan/2022,179,179,86,,
Jammu,Kathua,Kathua Industrial Area 1068,Feb/2022,65,65,,,
Jammu,Kathua,Kathua Industrial Area 1068,Mar/2022,194,194,58,,
Jammu,Kathua,Kathua Industrial Area 1068,Apr/2022,191,191,54,,
Jammu,Kathua,Kathua Industrial Area 1068,May/2022,206,206,51,,
Jammu,Kathua,Kathua Industrial Area 1068,Jun/2022,200,200,,,
Jammu,Kathua,Kathua Industrial Area 1068,Jul/2022,126,126,33,,
Jammu,Kathua,Kathua Industrial Area 1068,Aug/2022,155,155,,,
Jammu,Kathua,Kathua Industrial Area 1068,Sep/2022,,,,,
Jammu,Kathua,Kathua Industrial Area 1068,Oct/2022,112,112,26,,
Jammu,Kathua,Kathua Industrial Area 1068,Nov/2022,142,142,32,,
Jammu,Kathua,Kathua Industrial Area 1068,Dec/2022,164,164,33,,
Jammu,Kathua,Kathua Industrial Area 1068,Jan/2023,149,149,30,,
Jammu,Kathua,Kathua Industrial Area 1068,Feb/2023,170,170,48,,
Jammu,Kathua,Kathua Industrial Area 1068,Mar/2023,163,163,15,,
Jammu,Kathua,Kathua Industrial Area 1068,Apr/2023,159,159,29,,
Jammu,Kathua,Kathua Industrial Area 1068,May/2023,145,145,18,,
Jammu,Kathua,Kathua Industrial Area 1068,Jun/2023,163,163,24,,
Jammu,Kathua,Kathua Industrial Area 1068,Jul/2023,,,,,
Jammu,Kathua,Kathua Industrial Area 1068,Aug/2023,,,,,
Jammu,Kathua,Kathua Industrial Area 1068,Sep/2023,158,158,21,,
Jammu,Kathua,Kathua Industrial Area 1068,Oct/2023,135,135,15,,
Jammu,Kathua,Kathua Industrial Area 1068,Nov/2023,72,72,,,
Jammu,Kathua,Kathua Industrial Area 1068,Dec/2023,80,80,,,
Jammu,Kathua,Kathua Industrial Area 1068,Jan/2024,78,78,,,
Jammu,Kathua,Kathua Industrial Area 1068,Feb/2024,78,78,,,
Jammu,Kathua,Kathua Industrial Area 1068,Mar/2024,78,78,,,
Jammu,Kathua,Kathua Industrial Area 1068,Apr/2024,93,93,,,
Jammu,Kathua,Kathua Industrial Area 1068,May/2024,85,85,,,
Jammu,Kathua,Kathua Industrial Area 1068,Jun/2024,95,95,,,
Jammu,Kathua,Kathua Industrial Area 1068,Jul/2024,96,96,,,
Jammu,Kathua,Kathua Industrial Area 1068,Aug/2024,83,83,,,
Jammu,Kathua,Kathua Industrial Area 1068,Sep/2024,79,79,,,
Jammu,Kathua,Kathua Industrial Area 1068,Oct/2024,91,91,,,
Jammu,Kathua,Kathua Industrial Area 1068,Nov/2024,121,121,,,
Jammu,Kathua,Kathua Industrial Area 1068,Dec/2024,,126,,,
Jammu,Kathua,Kathua Industrial Area 1068,Jan/2025,126,126,,7,6
Jammu,Kathua,Kathua Industrial Area 1068,Feb/2025,141,141,11,11,7
Jammu,Kathua,Kathua Industrial Area 1068,Mar/2025,133,133,21,10,8
Jammu,Kathua,Kathua Industrial Area 1068,Apr/2025,137,137,23,10,8
Jammu,Kathua,Kathua Industrial Area 1068,May/2025,126,126,21,10,7
Jammu,Kathua,Kathua Industrial Area 1068,Jun/2025,116,116,17,9,5
Jammu,Kathua,Kathua Industrial Area 1068,Jul/2025,109,109,17,9,6
Jammu,Kathua,Kathua Industrial Area 1068,Aug/2025,95,95,14,7,4
Jammu,Kathua,Kathua Industrial Area 1068,Sep/2025,105,105,17,7,4
Jammu,Kathua,Kathua Industrial Area 1068,Oct/2025,104,104,23,6,4
Jammu,Kathua,Kathua Industrial Area 1068,Nov/2025,,105,15,7,4
Jammu,Kathua,Kathua Industrial Area 1068,Dec/2025,,,14,7,5
Jammu,Kathua,Kathua Industrial Area 1068,Jan/2026,115,115,14,9,6
Jammu,Kathua,Kathua Industrial Area 1068,Feb/2026,113,113,16,7,6
Jammu,Kathua,Kathua Industrial Area 1068,Mar/2026,,,,,
Kashmir,Srinagar,Khonmoh Srinagar (PM-10) 911,Jan/2022,144,144,,38,22
Kashmir,Srinagar,Khonmoh Srinagar (PM-10) 911,Feb/2022,156,156,,23,13
Kashmir,Srinagar,Khonmoh Srinagar (PM-10) 911,Mar/2022,148,148,,21,14
Kashmir,Srinagar,Khonmoh Srinagar (PM-10) 911,Apr/2022,149,149,,30,11
Kashmir,Srinagar,Khonmoh Srinagar (PM-10) 911,May/2022,152,152,,35,12
Kashmir,Srinagar,Khonmoh Srinagar (PM-10) 911,Jun/2022,153,153,,27,10
Kashmir,Srinagar,Khonmoh Srinagar (PM-10) 911,Jul/2022,113,113,,26,12
Kashmir,Srinagar,Khonmoh Srinagar (PM-10) 911,Aug/2022,136,136,,27,12
Kashmir,Srinagar,Khonmoh Srinagar (PM-10) 911,Sep/2022,128,128,,27,15
Kashmir,Srinagar,Khonmoh Srinagar (PM-10) 911,Oct/2022,142,142,,26,16
Kashmir,Srinagar,Khonmoh Srinagar (PM-10) 911,Nov/2022,177,177,,31,21
Kashmir,Srinagar,Khonmoh Srinagar (PM-10) 911,Dec/2022,164,164,,32,22
Kashmir,Srinagar,Khonmoh Srinagar (PM-10) 911,Jan/2023,150,150,,24,13
Kashmir,Srinagar,Khonmoh Srinagar (PM-10) 911,Feb/2023,151,151,,26,15
Kashmir,Srinagar,Khonmoh Srinagar (PM-10) 911,Mar/2023,146,146,,30,17
Kashmir,Srinagar,Khonmoh Srinagar (PM-10) 911,Apr/2023,138,138,,27,14
Kashmir,Srinagar,Khonmoh Srinagar (PM-10) 911,May/2023,114,114,,25,13
Kashmir,Srinagar,Khonmoh Srinagar (PM-10) 911,Jun/2023,111,111,,29,16
Kashmir,Srinagar,Khonmoh Srinagar (PM-10) 911,Jul/2023,112,112,,28,15
Kashmir,Srinagar,Khonmoh Srinagar (PM-10) 911,Aug/2023,115,115,,24,12
Kashmir,Srinagar,Khonmoh Srinagar (PM-10) 911,Sep/2023,98,98,,23,11
Kashmir,Srinagar,Khonmoh Srinagar (PM-10) 911,Oct/2023,133,133,,22,9
Kashmir,Srinagar,Khonmoh Srinagar (PM-10) 911,Nov/2023,,191,,,15
Kashmir,Srinagar,Khonmoh Srinagar (PM-10) 911,Dec/2023,,180,,,
Kashmir,Srinagar,Khonmoh Srinagar (PM-10) 911,Jan/2024,173,173,,29,1
Kashmir,Srinagar,Khonmoh Srinagar (PM-10) 911,Feb/2024,125,125,,22,11
Kashmir,Srinagar,Khonmoh Srinagar (PM-10) 911,Mar/2024,97,97,,23,11
Kashmir,Srinagar,Khonmoh Srinagar (PM-10) 911,Apr/2024,85,85,,22,10
Kashmir,Srinagar,Khonmoh Srinagar (PM-10) 911,May/2024,101,101,,20,10
Kashmir,Srinagar,Khonmoh Srinagar (PM-10) 911,Jun/2024,109,109,,21,12
Kashmir,Srinagar,Khonmoh Srinagar (PM-10) 911,Jul/2024,56,56,,19,12
Kashmir,Srinagar,Khonmoh Srinagar (PM-10) 911,Aug/2024,63,63,,20,15
Kashmir,Srinagar,Khonmoh Srinagar (PM-10) 911,Sep/2024,65,65,,20,15
Kashmir,Srinagar,Khonmoh Srinagar (PM-10) 911,Oct/2024,100,100,,23,19
Kashmir,Srinagar,Khonmoh Srinagar (PM-10) 911,Nov/2024,194,194,,25,5
Kashmir,Srinagar,Khonmoh Srinagar (PM-10) 911,Dec/2024,,247,,22,13
Kashmir,Srinagar,Khonmoh Srinagar (PM-10) 911,Jan/2025,152,152,,20,14
Kashmir,Srinagar,Khonmoh Srinagar (PM-10) 911,Feb/2025,150,150,,25,19
Kashmir,Srinagar,Khonmoh Srinagar (PM-10) 911,Mar/2025,139,139,,21,15
Kashmir,Srinagar,Khonmoh Srinagar (PM-10) 911,Apr/2025,106,101,,22,13
Kashmir,Srinagar,Khonmoh Srinagar (PM-10) 911,May/2025,115,115,,22,13
Kashmir,Srinagar,Khonmoh Srinagar (PM-10) 911,Jun/2025,159,159,,25,14
Kashmir,Srinagar,Khonmoh Srinagar (PM-10) 911,Jul/2025,148,148,,23,13
Kashmir,Srinagar,Khonmoh Srinagar (PM-10) 911,Aug/2025,117,117,,18,10
Kashmir,Srinagar,Khonmoh Srinagar (PM-10) 911,Sep/2025,171,171,,19,14
Kashmir,Srinagar,Khonmoh Srinagar (PM-10) 911,Oct/2025,168,168,,23,
Kashmir,Srinagar,Khonmoh Srinagar (PM-10) 911,Nov/2025,279,279,,29,
Kashmir,Srinagar,Khonmoh Srinagar (PM-10) 911,Dec/2025,246,,,21,
Kashmir,Srinagar,Khonmoh Srinagar (PM-10) 911,Jan/2026,145,145,,31,
Kashmir,Srinagar,Khonmoh Srinagar (PM-10) 911,Feb/2026,102,102,,29,
Kashmir,Srinagar,Khonmoh Srinagar (PM-10) 911,Mar/2026,,,,,
Kashmir,Pulwama,Khrew Pulwama (PM-10) 912,Jan/2022,137,137,,33,13
Kashmir,Pulwama,Khrew Pulwama (PM-10) 912,Feb/2022,140,140,,23,12
Kashmir,Pulwama,Khrew Pulwama (PM-10) 912,Mar/2022,105,105,,30,12
Kashmir,Pulwama,Khrew Pulwama (PM-10) 912,Apr/2022,118,118,,32,12
Kashmir,Pulwama,Khrew Pulwama (PM-10) 912,May/2022,124,124,,33,11
Kashmir,Pulwama,Khrew Pulwama (PM-10) 912,Jun/2022,134,134,,27,11
Kashmir,Pulwama,Khrew Pulwama (PM-10) 912,Jul/2022,124,124,,29,14
Kashmir,Pulwama,Khrew Pulwama (PM-10) 912,Aug/2022,111,111,,28,13
Kashmir,Pulwama,Khrew Pulwama (PM-10) 912,Sep/2022,127,127,,23,11
Kashmir,Pulwama,Khrew Pulwama (PM-10) 912,Oct/2022,,112,,29,16
Kashmir,Pulwama,Khrew Pulwama (PM-10) 912,Nov/2022,,126,,33,23
Kashmir,Pulwama,Khrew Pulwama (PM-10) 912,Dec/2022,,106,,34,23
Kashmir,Pulwama,Khrew Pulwama (PM-10) 912,Jan/2023,127,127,,32,20
Kashmir,Pulwama,Khrew Pulwama (PM-10) 912,Feb/2023,125,125,,27,16
Kashmir,Pulwama,Khrew Pulwama (PM-10) 912,Mar/2023,132,132,,28,16
Kashmir,Pulwama,Khrew Pulwama (PM-10) 912,Apr/2023,142,142,,30,17
Kashmir,Pulwama,Khrew Pulwama (PM-10) 912,May/2023,138,138,,29,16
Kashmir,Pulwama,Khrew Pulwama (PM-10) 912,Jun/2023,104,104,,26,15
Kashmir,Pulwama,Khrew Pulwama (PM-10) 912,Jul/2023,112,112,,25,13
Kashmir,Pulwama,Khrew Pulwama (PM-10) 912,Aug/2023,113,113,,22,10
Kashmir,Pulwama,Khrew Pulwama (PM-10) 912,Sep/2023,125,125,,27,15
Kashmir,Pulwama,Khrew Pulwama (PM-10) 912,Oct/2023,114,114,,21,10
Kashmir,Pulwama,Khrew Pulwama (PM-10) 912,Nov/2023,128,128,,22,10
Kashmir,Pulwama,Khrew Pulwama (PM-10) 912,Dec/2023,131,131,,13,
Kashmir,Pulwama,Khrew Pulwama (PM-10) 912,Jan/2024,124,124,,22,1
Kashmir,Pulwama,Khrew Pulwama (PM-10) 912,Feb/2024,117,117,,24,13
Kashmir,Pulwama,Khrew Pulwama (PM-10) 912,Mar/2024,112,112,,24,12
Kashmir,Pulwama,Khrew Pulwama (PM-10) 912,Apr/2024,92,92,,20,8
Kashmir,Pulwama,Khrew Pulwama (PM-10) 912,May/2024,115,115,,23,10
Kashmir,Pulwama,Khrew Pulwama (PM-10) 912,Jun/2024,117,117,,19,11
Kashmir,Pulwama,Khrew Pulwama (PM-10) 912,Jul/2024,115,115,,15,10
Kashmir,Pulwama,Khrew Pulwama (PM-10) 912,Aug/2024,120,120,,16,8
Kashmir,Pulwama,Khrew Pulwama (PM-10) 912,Sep/2024,116,116,,17,12
Kashmir,Pulwama,Khrew Pulwama (PM-10) 912,Oct/2024,117,117,,19,12
Kashmir,Pulwama,Khrew Pulwama (PM-10) 912,Nov/2024,126,126,,16,
Kashmir,Pulwama,Khrew Pulwama (PM-10) 912,Dec/2024,133,133,,16,9
Kashmir,Pulwama,Khrew Pulwama (PM-10) 912,Jan/2025,100,100,,20,14
Kashmir,Pulwama,Khrew Pulwama (PM-10) 912,Feb/2025,75,75,,20,14
Kashmir,Pulwama,Khrew Pulwama (PM-10) 912,Mar/2025,71,71,,19,12
Kashmir,Pulwama,Khrew Pulwama (PM-10) 912,Apr/2025,111,111,,21,11
Kashmir,Pulwama,Khrew Pulwama (PM-10) 912,May/2025,81,81,,21,10
Kashmir,Pulwama,Khrew Pulwama (PM-10) 912,Jun/2025,90,90,,20,9
Kashmir,Pulwama,Khrew Pulwama (PM-10) 912,Jul/2025,90,90,,19,12
Kashmir,Pulwama,Khrew Pulwama (PM-10) 912,Aug/2025,81,81,,10,5
Kashmir,Pulwama,Khrew Pulwama (PM-10) 912,Sep/2025,73,73,,17,7
Kashmir,Pulwama,Khrew Pulwama (PM-10) 912,Oct/2025,98,98,,14,
Kashmir,Pulwama,Khrew Pulwama (PM-10) 912,Nov/2025,113,,,,
Kashmir,Pulwama,Khrew Pulwama (PM-10) 912,Dec/2025,117,,,,
Kashmir,Pulwama,Khrew Pulwama (PM-10) 912,Jan/2026,108,108,,23,
Kashmir,Pulwama,Khrew Pulwama (PM-10) 912,Feb/2026,122,122,,21,
Kashmir,Pulwama,Khrew Pulwama (PM-10) 912,Mar/2026,,,,,
Kashmir,Srinagar,Kralsangri Srinagar (PM-10),Jan/2022,,,,,
Kashmir,Srinagar,Kralsangri Srinagar (PM-10),Feb/2022,,,,,
Kashmir,Srinagar,Kralsangri Srinagar (PM-10),Mar/2022,,,,,
Kashmir,Srinagar,Kralsangri Srinagar (PM-10),Apr/2022,,,,,
Kashmir,Srinagar,Kralsangri Srinagar (PM-10),May/2022,,,,,
Kashmir,Srinagar,Kralsangri Srinagar (PM-10),Jun/2022,,,,,
Kashmir,Srinagar,Kralsangri Srinagar (PM-10),Jul/2022,,,,,
Kashmir,Srinagar,Kralsangri Srinagar (PM-10),Aug/2022,,,,,
Kashmir,Srinagar,Kralsangri Srinagar (PM-10),Sep/2022,81,81,,18,7
Kashmir,Srinagar,Kralsangri Srinagar (PM-10),Oct/2022,,,,,
Kashmir,Srinagar,Kralsangri Srinagar (PM-10),Nov/2022,,,,,
Kashmir,Srinagar,Kralsangri Srinagar (PM-10),Dec/2022,,,,,
Kashmir,Srinagar,Kralsangri Srinagar (PM-10),Jan/2023,,,,,
Kashmir,Srinagar,Kralsangri Srinagar (PM-10),Feb/2023,,,,,
Kashmir,Srinagar,Kralsangri Srinagar (PM-10),Mar/2023,,,,,
Kashmir,Srinagar,Kralsangri Srinagar (PM-10),Apr/2023,65,65,,17,6
Kashmir,Srinagar,Kralsangri Srinagar (PM-10),May/2023,68,68,,17,5
Kashmir,Srinagar,Kralsangri Srinagar (PM-10),Jun/2023,130,130,,9,3
Kashmir,Srinagar,Kralsangri Srinagar (PM-10),Jul/2023,89,89,,17,6
Kashmir,Srinagar,Kralsangri Srinagar (PM-10),Aug/2023,57,57,,10,5
Kashmir,Srinagar,Kralsangri Srinagar (PM-10),Sep/2023,57,57,,17,5
Kashmir,Srinagar,Kralsangri Srinagar (PM-10),Oct/2023,88,88,,15,5
Kashmir,Srinagar,Kralsangri Srinagar (PM-10),Nov/2023,,109,,20,
Kashmir,Srinagar,Kralsangri Srinagar (PM-10),Dec/2023,,113,,12,
Kashmir,Srinagar,Kralsangri Srinagar (PM-10),Jan/2024,122,122,,14,
Kashmir,Srinagar,Kralsangri Srinagar (PM-10),Feb/2024,,,,,
Kashmir,Srinagar,Kralsangri Srinagar (PM-10),Mar/2024,,,,,
Kashmir,Srinagar,Kralsangri Srinagar (PM-10),Apr/2024,,,,,
Kashmir,Srinagar,Kralsangri Srinagar (PM-10),May/2024,,,,,
Kashmir,Srinagar,Kralsangri Srinagar (PM-10),Jun/2024,89,89,,12,6
Kashmir,Srinagar,Kralsangri Srinagar (PM-10),Jul/2024,88,88,,10,5
Kashmir,Srinagar,Kralsangri Srinagar (PM-10),Aug/2024,83,83,,8,3
Kashmir,Srinagar,Kralsangri Srinagar (PM-10),Sep/2024,86,86,,12,6
Kashmir,Srinagar,Kralsangri Srinagar (PM-10),Oct/2024,82,82,,9,5
Kashmir,Srinagar,Kralsangri Srinagar (PM-10),Nov/2024,,110,25,,2
Kashmir,Srinagar,Kralsangri Srinagar (PM-10),Dec/2024,,118,71,,5
Kashmir,Srinagar,Kralsangri Srinagar (PM-10),Jan/2025,85,79,60,9,4
Kashmir,Srinagar,Kralsangri Srinagar (PM-10),Feb/2025,78,78,64,14,7
Kashmir,Srinagar,Kralsangri Srinagar (PM-10),Mar/2025,59,59,49,11,4
Kashmir,Srinagar,Kralsangri Srinagar (PM-10),Apr/2025,69,69,46,8,5
Kashmir,Srinagar,Kralsangri Srinagar (PM-10),May/2025,43,43,22,11,5
Kashmir,Srinagar,Kralsangri Srinagar (PM-10),Jun/2025,52,52,28,9,3
Kashmir,Srinagar,Kralsangri Srinagar (PM-10),Jul/2025,44,44,,9,4
Kashmir,Srinagar,Kralsangri Srinagar (PM-10),Aug/2025,46,46,,10,4
Kashmir,Srinagar,Kralsangri Srinagar (PM-10),Sep/2025,54,54,,8,4
Kashmir,Srinagar,Kralsangri Srinagar (PM-10),Oct/2025,39,39,18,8,
Kashmir,Srinagar,Kralsangri Srinagar (PM-10),Nov/2025,,,,,
Kashmir,Srinagar,Kralsangri Srinagar (PM-10),Dec/2025,,,,,
Kashmir,Srinagar,Kralsangri Srinagar (PM-10),Jan/2026,,,,,
Kashmir,Srinagar,Kralsangri Srinagar (PM-10),Feb/2026,,,,,
Kashmir,Srinagar,Kralsangri Srinagar (PM-10),Mar/2026,,,,,
Kashmir,Kulgam,"Kulgam near D.I.C Building (PM-10, PM-2.5) 1086",Jan/2022,,,,,
Kashmir,Kulgam,"Kulgam near D.I.C Building (PM-10, PM-2.5) 1086",Feb/2022,,,,,
Kashmir,Kulgam,"Kulgam near D.I.C Building (PM-10, PM-2.5) 1086",Mar/2022,,,,,
Kashmir,Kulgam,"Kulgam near D.I.C Building (PM-10, PM-2.5) 1086",Apr/2022,,,,,
Kashmir,Kulgam,"Kulgam near D.I.C Building (PM-10, PM-2.5) 1086",May/2022,,,,,
Kashmir,Kulgam,"Kulgam near D.I.C Building (PM-10, PM-2.5) 1086",Jun/2022,,,,,
Kashmir,Kulgam,"Kulgam near D.I.C Building (PM-10, PM-2.5) 1086",Jul/2022,,,,,
Kashmir,Kulgam,"Kulgam near D.I.C Building (PM-10, PM-2.5) 1086",Aug/2022,,,,,
Kashmir,Kulgam,"Kulgam near D.I.C Building (PM-10, PM-2.5) 1086",Sep/2022,,,,,
Kashmir,Kulgam,"Kulgam near D.I.C Building (PM-10, PM-2.5) 1086",Oct/2022,,,,,
Kashmir,Kulgam,"Kulgam near D.I.C Building (PM-10, PM-2.5) 1086",Nov/2022,,,,,
Kashmir,Kulgam,"Kulgam near D.I.C Building (PM-10, PM-2.5) 1086",Dec/2022,89,53,36,11,7
Kashmir,Kulgam,"Kulgam near D.I.C Building (PM-10, PM-2.5) 1086",Jan/2023,101,61,40,13,7
Kashmir,Kulgam,"Kulgam near D.I.C Building (PM-10, PM-2.5) 1086",Feb/2023,119,63,55,13,7
Kashmir,Kulgam,"Kulgam near D.I.C Building (PM-10, PM-2.5) 1086",Mar/2023,103,68,35,13,7
Kashmir,Kulgam,"Kulgam near D.I.C Building (PM-10, PM-2.5) 1086",Apr/2023,,,,,
Kashmir,Kulgam,"Kulgam near D.I.C Building (PM-10, PM-2.5) 1086",May/2023,,,,,
Kashmir,Kulgam,"Kulgam near D.I.C Building (PM-10, PM-2.5) 1086",Jun/2023,,,,,
Kashmir,Kulgam,"Kulgam near D.I.C Building (PM-10, PM-2.5) 1086",Jul/2023,,,,,
Kashmir,Kulgam,"Kulgam near D.I.C Building (PM-10, PM-2.5) 1086",Aug/2023,,,,,
Kashmir,Kulgam,"Kulgam near D.I.C Building (PM-10, PM-2.5) 1086",Sep/2023,,,,,
Kashmir,Kulgam,"Kulgam near D.I.C Building (PM-10, PM-2.5) 1086",Oct/2023,,,,,
Kashmir,Kulgam,"Kulgam near D.I.C Building (PM-10, PM-2.5) 1086",Nov/2023,,,,,
Kashmir,Kulgam,"Kulgam near D.I.C Building (PM-10, PM-2.5) 1086",Dec/2023,,50,,,
Kashmir,Kulgam,"Kulgam near D.I.C Building (PM-10, PM-2.5) 1086",Jan/2024,,,,,
Kashmir,Kulgam,"Kulgam near D.I.C Building (PM-10, PM-2.5) 1086",Feb/2024,94,94,67,23,12
Kashmir,Kulgam,"Kulgam near D.I.C Building (PM-10, PM-2.5) 1086",Mar/2024,93,,93,,
Kashmir,Kulgam,"Kulgam near D.I.C Building (PM-10, PM-2.5) 1086",Apr/2024,99,,99,,
Kashmir,Kulgam,"Kulgam near D.I.C Building (PM-10, PM-2.5) 1086",May/2024,,,,,
Kashmir,Kulgam,"Kulgam near D.I.C Building (PM-10, PM-2.5) 1086",Jun/2024,,,,,
Kashmir,Kulgam,"Kulgam near D.I.C Building (PM-10, PM-2.5) 1086",Jul/2024,,,,,
Kashmir,Kulgam,"Kulgam near D.I.C Building (PM-10, PM-2.5) 1086",Aug/2024,,,,,
Kashmir,Kulgam,"Kulgam near D.I.C Building (PM-10, PM-2.5) 1086",Sep/2024,,,,,
Kashmir,Kulgam,"Kulgam near D.I.C Building (PM-10, PM-2.5) 1086",Oct/2024,,,,,
Kashmir,Kulgam,"Kulgam near D.I.C Building (PM-10, PM-2.5) 1086",Nov/2024,141,134,64,18,3
Kashmir,Kulgam,"Kulgam near D.I.C Building (PM-10, PM-2.5) 1086",Dec/2024,125,,45,17,10
Kashmir,Kulgam,"Kulgam near D.I.C Building (PM-10, PM-2.5) 1086",Jan/2025,106,106,46,12,8
Kashmir,Kulgam,"Kulgam near D.I.C Building (PM-10, PM-2.5) 1086",Feb/2025,83,83,32,16,10
Kashmir,Kulgam,"Kulgam near D.I.C Building (PM-10, PM-2.5) 1086",Mar/2025,64,64,26,4,2
Kashmir,Kulgam,"Kulgam near D.I.C Building (PM-10, PM-2.5) 1086",Apr/2025,82,82,48,12,5
Kashmir,Kulgam,"Kulgam near D.I.C Building (PM-10, PM-2.5) 1086",May/2025,68,68,17,12,6
Kashmir,Kulgam,"Kulgam near D.I.C Building (PM-10, PM-2.5) 1086",Jun/2025,67,67,41,5,2
Kashmir,Kulgam,"Kulgam near D.I.C Building (PM-10, PM-2.5) 1086",Jul/2025,58,58,27,11,5
Kashmir,Kulgam,"Kulgam near D.I.C Building (PM-10, PM-2.5) 1086",Aug/2025,76,76,47,9,4
Kashmir,Kulgam,"Kulgam near D.I.C Building (PM-10, PM-2.5) 1086",Sep/2025,64,64,28,11,5
Kashmir,Kulgam,"Kulgam near D.I.C Building (PM-10, PM-2.5) 1086",Oct/2025,105,105,14,11,
Kashmir,Kulgam,"Kulgam near D.I.C Building (PM-10, PM-2.5) 1086",Nov/2025,122,122,,16,
Kashmir,Kulgam,"Kulgam near D.I.C Building (PM-10, PM-2.5) 1086",Dec/2025,129,129,,16,
Kashmir,Kulgam,"Kulgam near D.I.C Building (PM-10, PM-2.5) 1086",Jan/2026,107,107,,17,
Kashmir,Kulgam,"Kulgam near D.I.C Building (PM-10, PM-2.5) 1086",Feb/2026,49,49,,19,
Kashmir,Kulgam,"Kulgam near D.I.C Building (PM-10, PM-2.5) 1086",Mar/2026,,,,,
Kashmir,Kupwara,"Kupwara JKPCC (PM-10, PM-2.5)",Jan/2022,,,,,
Kashmir,Kupwara,"Kupwara JKPCC (PM-10, PM-2.5)",Feb/2022,,,,,
Kashmir,Kupwara,"Kupwara JKPCC (PM-10, PM-2.5)",Mar/2022,,,,,
Kashmir,Kupwara,"Kupwara JKPCC (PM-10, PM-2.5)",Apr/2022,,,,,
Kashmir,Kupwara,"Kupwara JKPCC (PM-10, PM-2.5)",May/2022,,,,,
Kashmir,Kupwara,"Kupwara JKPCC (PM-10, PM-2.5)",Jun/2022,,,,,
Kashmir,Kupwara,"Kupwara JKPCC (PM-10, PM-2.5)",Jul/2022,,,,,
Kashmir,Kupwara,"Kupwara JKPCC (PM-10, PM-2.5)",Aug/2022,,,,,
Kashmir,Kupwara,"Kupwara JKPCC (PM-10, PM-2.5)",Sep/2022,,,,,
Kashmir,Kupwara,"Kupwara JKPCC (PM-10, PM-2.5)",Oct/2022,,,,,
Kashmir,Kupwara,"Kupwara JKPCC (PM-10, PM-2.5)",Nov/2022,,,,,
Kashmir,Kupwara,"Kupwara JKPCC (PM-10, PM-2.5)",Dec/2022,,,,,
Kashmir,Kupwara,"Kupwara JKPCC (PM-10, PM-2.5)",Jan/2023,,,,,
Kashmir,Kupwara,"Kupwara JKPCC (PM-10, PM-2.5)",Feb/2023,,,,,
Kashmir,Kupwara,"Kupwara JKPCC (PM-10, PM-2.5)",Mar/2023,,,,,
Kashmir,Kupwara,"Kupwara JKPCC (PM-10, PM-2.5)",Apr/2023,,,,,
Kashmir,Kupwara,"Kupwara JKPCC (PM-10, PM-2.5)",May/2023,,,,,
Kashmir,Kupwara,"Kupwara JKPCC (PM-10, PM-2.5)",Jun/2023,,,,,
Kashmir,Kupwara,"Kupwara JKPCC (PM-10, PM-2.5)",Jul/2023,,,,,
Kashmir,Kupwara,"Kupwara JKPCC (PM-10, PM-2.5)",Aug/2023,,,,,
Kashmir,Kupwara,"Kupwara JKPCC (PM-10, PM-2.5)",Sep/2023,,,,,
Kashmir,Kupwara,"Kupwara JKPCC (PM-10, PM-2.5)",Oct/2023,,,,,
Kashmir,Kupwara,"Kupwara JKPCC (PM-10, PM-2.5)",Nov/2023,,,,,
Kashmir,Kupwara,"Kupwara JKPCC (PM-10, PM-2.5)",Dec/2023,,,,,
Kashmir,Kupwara,"Kupwara JKPCC (PM-10, PM-2.5)",Jan/2024,,,,,
Kashmir,Kupwara,"Kupwara JKPCC (PM-10, PM-2.5)",Feb/2024,,,,,
Kashmir,Kupwara,"Kupwara JKPCC (PM-10, PM-2.5)",Mar/2024,,,,,
Kashmir,Kupwara,"Kupwara JKPCC (PM-10, PM-2.5)",Apr/2024,,,,,
Kashmir,Kupwara,"Kupwara JKPCC (PM-10, PM-2.5)",May/2024,,,,,
Kashmir,Kupwara,"Kupwara JKPCC (PM-10, PM-2.5)",Jun/2024,,,,,
Kashmir,Kupwara,"Kupwara JKPCC (PM-10, PM-2.5)",Jul/2024,,,,,
Kashmir,Kupwara,"Kupwara JKPCC (PM-10, PM-2.5)",Aug/2024,,,,,
Kashmir,Kupwara,"Kupwara JKPCC (PM-10, PM-2.5)",Sep/2024,,,,,
Kashmir,Kupwara,"Kupwara JKPCC (PM-10, PM-2.5)",Oct/2024,,,,,
Kashmir,Kupwara,"Kupwara JKPCC (PM-10, PM-2.5)",Nov/2024,,,,,
Kashmir,Kupwara,"Kupwara JKPCC (PM-10, PM-2.5)",Dec/2024,,,,,
Kashmir,Kupwara,"Kupwara JKPCC (PM-10, PM-2.5)",Jan/2025,81,81,,15,7
Kashmir,Kupwara,"Kupwara JKPCC (PM-10, PM-2.5)",Feb/2025,61,61,,15,8
Kashmir,Kupwara,"Kupwara JKPCC (PM-10, PM-2.5)",Mar/2025,69,69,,12,6
Kashmir,Kupwara,"Kupwara JKPCC (PM-10, PM-2.5)",Apr/2025,49,49,,8,4
Kashmir,Kupwara,"Kupwara JKPCC (PM-10, PM-2.5)",May/2025,70,70,,15,7
Kashmir,Kupwara,"Kupwara JKPCC (PM-10, PM-2.5)",Jun/2025,,,,,
Kashmir,Kupwara,"Kupwara JKPCC (PM-10, PM-2.5)",Jul/2025,47,,47,,
Kashmir,Kupwara,"Kupwara JKPCC (PM-10, PM-2.5)",Aug/2025,43,,43,,
Kashmir,Kupwara,"Kupwara JKPCC (PM-10, PM-2.5)",Sep/2025,31,,31,,
Kashmir,Kupwara,"Kupwara JKPCC (PM-10, PM-2.5)",Oct/2025,38,,38,,
Kashmir,Kupwara,"Kupwara JKPCC (PM-10, PM-2.5)",Nov/2025,,,38,,
Kashmir,Kupwara,"Kupwara JKPCC (PM-10, PM-2.5)",Dec/2025,,,38,,
Kashmir,Kupwara,"Kupwara JKPCC (PM-10, PM-2.5)",Jan/2026,68,68,42,12,
Kashmir,Kupwara,"Kupwara JKPCC (PM-10, PM-2.5)",Feb/2026,,,,,
Kashmir,Kupwara,"Kupwara JKPCC (PM-10, PM-2.5)",Mar/2026,,,,,
Kashmir,Budgam,Lasjan Budgam (PM-10) 913,Jan/2022,186,186,,33,14
Kashmir,Budgam,Lasjan Budgam (PM-10) 913,Feb/2022,158,158,,31,16
Kashmir,Budgam,Lasjan Budgam (PM-10) 913,Mar/2022,177,177,,18,11
Kashmir,Budgam,Lasjan Budgam (PM-10) 913,Apr/2022,188,188,,31,14
Kashmir,Budgam,Lasjan Budgam (PM-10) 913,May/2022,214,214,,37,14
Kashmir,Budgam,Lasjan Budgam (PM-10) 913,Jun/2022,213,213,,28,12
Kashmir,Budgam,Lasjan Budgam (PM-10) 913,Jul/2022,195,195,,28,14
Kashmir,Budgam,Lasjan Budgam (PM-10) 913,Aug/2022,191,191,,29,17
Kashmir,Budgam,Lasjan Budgam (PM-10) 913,Sep/2022,204,204,,30,20
Kashmir,Budgam,Lasjan Budgam (PM-10) 913,Oct/2022,212,212,,31,20
Kashmir,Budgam,Lasjan Budgam (PM-10) 913,Nov/2022,213,213,,35,26
Kashmir,Budgam,Lasjan Budgam (PM-10) 913,Dec/2022,203,203,,36,27
Kashmir,Budgam,Lasjan Budgam (PM-10) 913,Jan/2023,201,201,,34,26
Kashmir,Budgam,Lasjan Budgam (PM-10) 913,Feb/2023,195,195,,39,26
Kashmir,Budgam,Lasjan Budgam (PM-10) 913,Mar/2023,164,164,,32,20
Kashmir,Budgam,Lasjan Budgam (PM-10) 913,Apr/2023,173,173,,36,25
Kashmir,Budgam,Lasjan Budgam (PM-10) 913,May/2023,185,185,,31,23
Kashmir,Budgam,Lasjan Budgam (PM-10) 913,Jun/2023,162,162,,29,16
Kashmir,Budgam,Lasjan Budgam (PM-10) 913,Jul/2023,186,186,,30,16
Kashmir,Budgam,Lasjan Budgam (PM-10) 913,Aug/2023,185,185,,26,15
Kashmir,Budgam,Lasjan Budgam (PM-10) 913,Sep/2023,220,220,,29,17
Kashmir,Budgam,Lasjan Budgam (PM-10) 913,Oct/2023,230,230,,32,19
Kashmir,Budgam,Lasjan Budgam (PM-10) 913,Nov/2023,271,271,,34,20
Kashmir,Budgam,Lasjan Budgam (PM-10) 913,Dec/2023,276,276,,18,
Kashmir,Budgam,Lasjan Budgam (PM-10) 913,Jan/2024,253,253,,32,2
Kashmir,Budgam,Lasjan Budgam (PM-10) 913,Feb/2024,200,200,,3,16
Kashmir,Budgam,Lasjan Budgam (PM-10) 913,Mar/2024,234,234,,26,14
Kashmir,Budgam,Lasjan Budgam (PM-10) 913,Apr/2024,203,203,,28,15
Kashmir,Budgam,Lasjan Budgam (PM-10) 913,May/2024,262,262,,28,16
Kashmir,Budgam,Lasjan Budgam (PM-10) 913,Jun/2024,280,280,,26,13
Kashmir,Budgam,Lasjan Budgam (PM-10) 913,Jul/2024,263,263,,24,16
Kashmir,Budgam,Lasjan Budgam (PM-10) 913,Aug/2024,241,241,,26,20
Kashmir,Budgam,Lasjan Budgam (PM-10) 913,Sep/2024,228,228,,25,20
Kashmir,Budgam,Lasjan Budgam (PM-10) 913,Oct/2024,219,219,,27,22
Kashmir,Budgam,Lasjan Budgam (PM-10) 913,Nov/2024,,219,5,23,13
Kashmir,Budgam,Lasjan Budgam (PM-10) 913,Dec/2024,,191,,19,14
Kashmir,Budgam,Lasjan Budgam (PM-10) 913,Jan/2025,194,194,,26,20
Kashmir,Budgam,Lasjan Budgam (PM-10) 913,Feb/2025,188,188,,26,20
Kashmir,Budgam,Lasjan Budgam (PM-10) 913,Mar/2025,190,190,,22,14
Kashmir,Budgam,Lasjan Budgam (PM-10) 913,Apr/2025,184,184,,23,13
Kashmir,Budgam,Lasjan Budgam (PM-10) 913,May/2025,169,169,,25,15
Kashmir,Budgam,Lasjan Budgam (PM-10) 913,Jun/2025,153,153,,25,14
Kashmir,Budgam,Lasjan Budgam (PM-10) 913,Jul/2025,151,151,,26,16
Kashmir,Budgam,Lasjan Budgam (PM-10) 913,Aug/2025,207,207,,24,14
Kashmir,Budgam,Lasjan Budgam (PM-10) 913,Sep/2025,,,,,
Kashmir,Budgam,Lasjan Budgam (PM-10) 913,Oct/2025,130,130,,25,
Kashmir,Budgam,Lasjan Budgam (PM-10) 913,Nov/2025,233,233,,28,
Kashmir,Budgam,Lasjan Budgam (PM-10) 913,Dec/2025,247,,,29,
Kashmir,Budgam,Lasjan Budgam (PM-10) 913,Jan/2026,186,186,,26,
Kashmir,Budgam,Lasjan Budgam (PM-10) 913,Feb/2026,158,158,,33,
Kashmir,Budgam,Lasjan Budgam (PM-10) 913,Mar/2026,,,,,
Jammu,Poonch,Poonch PCC Office 1075,Jan/2022,14,14,,,
Jammu,Poonch,Poonch PCC Office 1075,Feb/2022,,,,,
Jammu,Poonch,Poonch PCC Office 1075,Mar/2022,,,,,
Jammu,Poonch,Poonch PCC Office 1075,Apr/2022,,,,,
Jammu,Poonch,Poonch PCC Office 1075,May/2022,,,,,
Jammu,Poonch,Poonch PCC Office 1075,Jun/2022,,,,,
Jammu,Poonch,Poonch PCC Office 1075,Jul/2022,,,,,
Jammu,Poonch,Poonch PCC Office 1075,Aug/2022,61,61,,,
Jammu,Poonch,Poonch PCC Office 1075,Sep/2022,38,38,24,,
Jammu,Poonch,Poonch PCC Office 1075,Oct/2022,32,32,20,,
Jammu,Poonch,Poonch PCC Office 1075,Nov/2022,,44,20,,
Jammu,Poonch,Poonch PCC Office 1075,Dec/2022,,37,28,,
Jammu,Poonch,Poonch PCC Office 1075,Jan/2023,32,31,26,,
Jammu,Poonch,Poonch PCC Office 1075,Feb/2023,34,34,26,,
Jammu,Poonch,Poonch PCC Office 1075,Mar/2023,35,35,,,
Jammu,Poonch,Poonch PCC Office 1075,Apr/2023,38,38,,,
Jammu,Poonch,Poonch PCC Office 1075,May/2023,38,38,,,
Jammu,Poonch,Poonch PCC Office 1075,Jun/2023,39,39,,,
Jammu,Poonch,Poonch PCC Office 1075,Jul/2023,,,,,
Jammu,Poonch,Poonch PCC Office 1075,Aug/2023,11,11,,,
Jammu,Poonch,Poonch PCC Office 1075,Sep/2023,,41,,,
Jammu,Poonch,Poonch PCC Office 1075,Oct/2023,,,20,,
Jammu,Poonch,Poonch PCC Office 1075,Nov/2023,,,,,
Jammu,Poonch,Poonch PCC Office 1075,Dec/2023,,,21,,
Jammu,Poonch,Poonch PCC Office 1075,Jan/2024,45,45,23,,
Jammu,Poonch,Poonch PCC Office 1075,Feb/2024,45,45,19,,
Jammu,Poonch,Poonch PCC Office 1075,Mar/2024,41,41,20,,
Jammu,Poonch,Poonch PCC Office 1075,Apr/2024,43,43,21,,
Jammu,Poonch,Poonch PCC Office 1075,May/2024,45,45,20,,
Jammu,Poonch,Poonch PCC Office 1075,Jun/2024,45,45,20,,
Jammu,Poonch,Poonch PCC Office 1075,Jul/2024,39,34,19,,
Jammu,Poonch,Poonch PCC Office 1075,Aug/2024,21,,21,,
Jammu,Poonch,Poonch PCC Office 1075,Sep/2024,24,,24,,
Jammu,Poonch,Poonch PCC Office 1075,Oct/2024,44,44,22,,
Jammu,Poonch,Poonch PCC Office 1075,Nov/2024,45,45,24,,
Jammu,Poonch,Poonch PCC Office 1075,Dec/2024,61,61,40,,
Jammu,Poonch,Poonch PCC Office 1075,Jan/2025,61,61,43,,
Jammu,Poonch,Poonch PCC Office 1075,Feb/2025,61,61,40,,
Jammu,Poonch,Poonch PCC Office 1075,Mar/2025,59,59,37,,
Jammu,Poonch,Poonch PCC Office 1075,Apr/2025,62,62,31,,
Jammu,Poonch,Poonch PCC Office 1075,May/2025,62,62,33,,
Jammu,Poonch,Poonch PCC Office 1075,Jun/2025,64,64,30,,
Jammu,Poonch,Poonch PCC Office 1075,Jul/2025,63,63,37,,
Jammu,Poonch,Poonch PCC Office 1075,Aug/2025,65,65,25,,
Jammu,Poonch,Poonch PCC Office 1075,Sep/2025,63,63,27,,
Jammu,Poonch,Poonch PCC Office 1075,Oct/2025,63,63,,,
Jammu,Poonch,Poonch PCC Office 1075,Nov/2025,68,68,,,
Jammu,Poonch,Poonch PCC Office 1075,Dec/2025,69,69,,,
Jammu,Poonch,Poonch PCC Office 1075,Jan/2026,63,63,28,,
Jammu,Poonch,Poonch PCC Office 1075,Feb/2026,61,61,28,,
Jammu,Poonch,Poonch PCC Office 1075,Mar/2026,,,,,
Jammu,Rajouri,Rajoiuri PCC Office Near Panja Chowk 1073,Jan/2022,,,,,
Jammu,Rajouri,Rajoiuri PCC Office Near Panja Chowk 1073,Feb/2022,,,,,
Jammu,Rajouri,Rajoiuri PCC Office Near Panja Chowk 1073,Mar/2022,,,,,
Jammu,Rajouri,Rajoiuri PCC Office Near Panja Chowk 1073,Apr/2022,,,,,
Jammu,Rajouri,Rajoiuri PCC Office Near Panja Chowk 1073,May/2022,,,,,
Jammu,Rajouri,Rajoiuri PCC Office Near Panja Chowk 1073,Jun/2022,,,,,
Jammu,Rajouri,Rajoiuri PCC Office Near Panja Chowk 1073,Jul/2022,,,,,
Jammu,Rajouri,Rajoiuri PCC Office Near Panja Chowk 1073,Aug/2022,77,77,,,
Jammu,Rajouri,Rajoiuri PCC Office Near Panja Chowk 1073,Sep/2022,,,,,
Jammu,Rajouri,Rajoiuri PCC Office Near Panja Chowk 1073,Oct/2022,,,,,
Jammu,Rajouri,Rajoiuri PCC Office Near Panja Chowk 1073,Nov/2022,,,,,
Jammu,Rajouri,Rajoiuri PCC Office Near Panja Chowk 1073,Dec/2022,66,66,30,,
Jammu,Rajouri,Rajoiuri PCC Office Near Panja Chowk 1073,Jan/2023,69,69,35,,
Jammu,Rajouri,Rajoiuri PCC Office Near Panja Chowk 1073,Feb/2023,164,,164,34,
Jammu,Rajouri,Rajoiuri PCC Office Near Panja Chowk 1073,Mar/2023,85,78,62,,
Jammu,Rajouri,Rajoiuri PCC Office Near Panja Chowk 1073,Apr/2023,71,,71,,
Jammu,Rajouri,Rajoiuri PCC Office Near Panja Chowk 1073,May/2023,87,87,68,,
Jammu,Rajouri,Rajoiuri PCC Office Near Panja Chowk 1073,Jun/2023,86,83,75,,
Jammu,Rajouri,Rajoiuri PCC Office Near Panja Chowk 1073,Jul/2023,93,78,88,,
Jammu,Rajouri,Rajoiuri PCC Office Near Panja Chowk 1073,Aug/2023,76,76,36,,
Jammu,Rajouri,Rajoiuri PCC Office Near Panja Chowk 1073,Sep/2023,76,76,,,
Jammu,Rajouri,Rajoiuri PCC Office Near Panja Chowk 1073,Oct/2023,79,79,43,,
Jammu,Rajouri,Rajoiuri PCC Office Near Panja Chowk 1073,Nov/2023,,,,,
Jammu,Rajouri,Rajoiuri PCC Office Near Panja Chowk 1073,Dec/2023,,,,,
Jammu,Rajouri,Rajoiuri PCC Office Near Panja Chowk 1073,Jan/2024,,,,,
Jammu,Rajouri,Rajoiuri PCC Office Near Panja Chowk 1073,Feb/2024,,,,,
Jammu,Rajouri,Rajoiuri PCC Office Near Panja Chowk 1073,Mar/2024,,,,,
Jammu,Rajouri,Rajoiuri PCC Office Near Panja Chowk 1073,Apr/2024,,,,,
Jammu,Rajouri,Rajoiuri PCC Office Near Panja Chowk 1073,May/2024,,,,,
Jammu,Rajouri,Rajoiuri PCC Office Near Panja Chowk 1073,Jun/2024,,,,,
Jammu,Rajouri,Rajoiuri PCC Office Near Panja Chowk 1073,Jul/2024,,,,,
Jammu,Rajouri,Rajoiuri PCC Office Near Panja Chowk 1073,Aug/2024,,,,,
Jammu,Rajouri,Rajoiuri PCC Office Near Panja Chowk 1073,Sep/2024,,,,,
Jammu,Rajouri,Rajoiuri PCC Office Near Panja Chowk 1073,Oct/2024,,,,,
Jammu,Rajouri,Rajoiuri PCC Office Near Panja Chowk 1073,Nov/2024,,,,,
Jammu,Rajouri,Rajoiuri PCC Office Near Panja Chowk 1073,Dec/2024,,,,,
Jammu,Rajouri,Rajoiuri PCC Office Near Panja Chowk 1073,Jan/2025,,,,,
Jammu,Rajouri,Rajoiuri PCC Office Near Panja Chowk 1073,Feb/2025,,,,,
Jammu,Rajouri,Rajoiuri PCC Office Near Panja Chowk 1073,Mar/2025,,,,,
Jammu,Rajouri,Rajoiuri PCC Office Near Panja Chowk 1073,Apr/2025,,,,,
Jammu,Rajouri,Rajoiuri PCC Office Near Panja Chowk 1073,May/2025,,,,,
Jammu,Rajouri,Rajoiuri PCC Office Near Panja Chowk 1073,Jun/2025,,,,,
Jammu,Rajouri,Rajoiuri PCC Office Near Panja Chowk 1073,Jul/2025,,,,,
Jammu,Rajouri,Rajoiuri PCC Office Near Panja Chowk 1073,Aug/2025,,,,,
Jammu,Rajouri,Rajoiuri PCC Office Near Panja Chowk 1073,Sep/2025,,,,,
Jammu,Rajouri,Rajoiuri PCC Office Near Panja Chowk 1073,Oct/2025,,,,,
Jammu,Rajouri,Rajoiuri PCC Office Near Panja Chowk 1073,Nov/2025,,,,,
Jammu,Rajouri,Rajoiuri PCC Office Near Panja Chowk 1073,Dec/2025,,,,,
Jammu,Rajouri,Rajoiuri PCC Office Near Panja Chowk 1073,Jan/2026,,,,,
Jammu,Rajouri,Rajoiuri PCC Office Near Panja Chowk 1073,Feb/2026,,,,,
Jammu,Rajouri,Rajoiuri PCC Office Near Panja Chowk 1073,Mar/2026,,,,,
Jammu,Rajouri,Rajouri PCC Office Near Panja Chowk 1073,Jan/2022,,,,,
Jammu,Rajouri,Rajouri PCC Office Near Panja Chowk 1073,Feb/2022,,,,,
Jammu,Rajouri,Rajouri PCC Office Near Panja Chowk 1073,Mar/2022,,,,,
Jammu,Rajouri,Rajouri PCC Office Near Panja Chowk 1073,Apr/2022,,,,,
Jammu,Rajouri,Rajouri PCC Office Near Panja Chowk 1073,May/2022,,,,,
Jammu,Rajouri,Rajouri PCC Office Near Panja Chowk 1073,Jun/2022,,,,,
Jammu,Rajouri,Rajouri PCC Office Near Panja Chowk 1073,Jul/2022,,,,,
Jammu,Rajouri,Rajouri PCC Office Near Panja Chowk 1073,Aug/2022,,,,,
Jammu,Rajouri,Rajouri PCC Office Near Panja Chowk 1073,Sep/2022,,,,,
Jammu,Rajouri,Rajouri PCC Office Near Panja Chowk 1073,Oct/2022,,,,,
Jammu,Rajouri,Rajouri PCC Office Near Panja Chowk 1073,Nov/2022,,,,,
Jammu,Rajouri,Rajouri PCC Office Near Panja Chowk 1073,Dec/2022,,,,,
Jammu,Rajouri,Rajouri PCC Office Near Panja Chowk 1073,Jan/2023,,,,,
Jammu,Rajouri,Rajouri PCC Office Near Panja Chowk 1073,Feb/2023,,,,,
Jammu,Rajouri,Rajouri PCC Office Near Panja Chowk 1073,Mar/2023,,,,,
Jammu,Rajouri,Rajouri PCC Office Near Panja Chowk 1073,Apr/2023,,,,,
Jammu,Rajouri,Rajouri PCC Office Near Panja Chowk 1073,May/2023,,,,,
Jammu,Rajouri,Rajouri PCC Office Near Panja Chowk 1073,Jun/2023,,,,,
Jammu,Rajouri,Rajouri PCC Office Near Panja Chowk 1073,Jul/2023,,,,,
Jammu,Rajouri,Rajouri PCC Office Near Panja Chowk 1073,Aug/2023,,,,,
Jammu,Rajouri,Rajouri PCC Office Near Panja Chowk 1073,Sep/2023,,,,,
Jammu,Rajouri,Rajouri PCC Office Near Panja Chowk 1073,Oct/2023,,,,,
Jammu,Rajouri,Rajouri PCC Office Near Panja Chowk 1073,Nov/2023,78,78,30,,
Jammu,Rajouri,Rajouri PCC Office Near Panja Chowk 1073,Dec/2023,71,71,34,,
Jammu,Rajouri,Rajouri PCC Office Near Panja Chowk 1073,Jan/2024,78,78,30,,
Jammu,Rajouri,Rajouri PCC Office Near Panja Chowk 1073,Feb/2024,77,77,25,,
Jammu,Rajouri,Rajouri PCC Office Near Panja Chowk 1073,Mar/2024,77,77,28,,
Jammu,Rajouri,Rajouri PCC Office Near Panja Chowk 1073,Apr/2024,75,75,32,,
Jammu,Rajouri,Rajouri PCC Office Near Panja Chowk 1073,May/2024,75,75,28,,
Jammu,Rajouri,Rajouri PCC Office Near Panja Chowk 1073,Jun/2024,82,82,28,,
Jammu,Rajouri,Rajouri PCC Office Near Panja Chowk 1073,Jul/2024,75,75,32,,
Jammu,Rajouri,Rajouri PCC Office Near Panja Chowk 1073,Aug/2024,77,77,28,,
Jammu,Rajouri,Rajouri PCC Office Near Panja Chowk 1073,Sep/2024,77,77,28,,
Jammu,Rajouri,Rajouri PCC Office Near Panja Chowk 1073,Oct/2024,78,78,27,,
Jammu,Rajouri,Rajouri PCC Office Near Panja Chowk 1073,Nov/2024,79,79,28,,
Jammu,Rajouri,Rajouri PCC Office Near Panja Chowk 1073,Dec/2024,79,79,41,,
Jammu,Rajouri,Rajouri PCC Office Near Panja Chowk 1073,Jan/2025,78,78,28,,
Jammu,Rajouri,Rajouri PCC Office Near Panja Chowk 1073,Feb/2025,79,79,27,,
Jammu,Rajouri,Rajouri PCC Office Near Panja Chowk 1073,Mar/2025,75,75,26,,
Jammu,Rajouri,Rajouri PCC Office Near Panja Chowk 1073,Apr/2025,78,78,25,,
Jammu,Rajouri,Rajouri PCC Office Near Panja Chowk 1073,May/2025,86,86,41,,
Jammu,Rajouri,Rajouri PCC Office Near Panja Chowk 1073,Jun/2025,86,86,41,,
Jammu,Rajouri,Rajouri PCC Office Near Panja Chowk 1073,Jul/2025,78,78,29,,
Jammu,Rajouri,Rajouri PCC Office Near Panja Chowk 1073,Aug/2025,76,76,27,,
Jammu,Rajouri,Rajouri PCC Office Near Panja Chowk 1073,Sep/2025,79,79,26,,
Jammu,Rajouri,Rajouri PCC Office Near Panja Chowk 1073,Oct/2025,75,75,27,,
Jammu,Rajouri,Rajouri PCC Office Near Panja Chowk 1073,Nov/2025,76,,,,
Jammu,Rajouri,Rajouri PCC Office Near Panja Chowk 1073,Dec/2025,86,,,,
Jammu,Rajouri,Rajouri PCC Office Near Panja Chowk 1073,Jan/2026,88,88,41,,
Jammu,Rajouri,Rajouri PCC Office Near Panja Chowk 1073,Feb/2026,76,76,27,,
Jammu,Rajouri,Rajouri PCC Office Near Panja Chowk 1073,Mar/2026,,,,,
Jammu,Ramban,Ramban PCC Office 1064,Jan/2022,102,102,,,
Jammu,Ramban,Ramban PCC Office 1064,Feb/2022,139,139,29,,
Jammu,Ramban,Ramban PCC Office 1064,Mar/2022,149,149,,,
Jammu,Ramban,Ramban PCC Office 1064,Apr/2022,,,,,
Jammu,Ramban,Ramban PCC Office 1064,May/2022,,,,,
Jammu,Ramban,Ramban PCC Office 1064,Jun/2022,,,,,
Jammu,Ramban,Ramban PCC Office 1064,Jul/2022,79,79,,,
Jammu,Ramban,Ramban PCC Office 1064,Aug/2022,106,106,,,
Jammu,Ramban,Ramban PCC Office 1064,Sep/2022,87,87,,,
Jammu,Ramban,Ramban PCC Office 1064,Oct/2022,,,,,
Jammu,Ramban,Ramban PCC Office 1064,Nov/2022,,80,,,
Jammu,Ramban,Ramban PCC Office 1064,Dec/2022,,,,,
Jammu,Ramban,Ramban PCC Office 1064,Jan/2023,78,78,,,
Jammu,Ramban,Ramban PCC Office 1064,Feb/2023,61,61,,,
Jammu,Ramban,Ramban PCC Office 1064,Mar/2023,50,50,,,
Jammu,Ramban,Ramban PCC Office 1064,Apr/2023,52,52,,,
Jammu,Ramban,Ramban PCC Office 1064,May/2023,56,56,,,
Jammu,Ramban,Ramban PCC Office 1064,Jun/2023,56,56,,,
Jammu,Ramban,Ramban PCC Office 1064,Jul/2023,54,54,,,
Jammu,Ramban,Ramban PCC Office 1064,Aug/2023,50,50,,,
Jammu,Ramban,Ramban PCC Office 1064,Sep/2023,45,45,,,
Jammu,Ramban,Ramban PCC Office 1064,Oct/2023,46,46,,,
Jammu,Ramban,Ramban PCC Office 1064,Nov/2023,46,,,,
Jammu,Ramban,Ramban PCC Office 1064,Dec/2023,48,,,,
Jammu,Ramban,Ramban PCC Office 1064,Jan/2024,47,47,,,
Jammu,Ramban,Ramban PCC Office 1064,Feb/2024,48,48,,,
Jammu,Ramban,Ramban PCC Office 1064,Mar/2024,43,43,,,
Jammu,Ramban,Ramban PCC Office 1064,Apr/2024,46,46,,,
Jammu,Ramban,Ramban PCC Office 1064,May/2024,47,47,,,
Jammu,Ramban,Ramban PCC Office 1064,Jun/2024,51,51,,,
Jammu,Ramban,Ramban PCC Office 1064,Jul/2024,42,42,,,
Jammu,Ramban,Ramban PCC Office 1064,Aug/2024,42,42,,,
Jammu,Ramban,Ramban PCC Office 1064,Sep/2024,48,48,,,
Jammu,Ramban,Ramban PCC Office 1064,Oct/2024,48,48,,,
Jammu,Ramban,Ramban PCC Office 1064,Nov/2024,53,53,,,
Jammu,Ramban,Ramban PCC Office 1064,Dec/2024,57,,,,
Jammu,Ramban,Ramban PCC Office 1064,Jan/2025,56,39,27,,
Jammu,Ramban,Ramban PCC Office 1064,Feb/2025,56,35,56,,
Jammu,Ramban,Ramban PCC Office 1064,Mar/2025,51,47,41,,
Jammu,Ramban,Ramban PCC Office 1064,Apr/2025,56,56,45,,
Jammu,Ramban,Ramban PCC Office 1064,May/2025,44,44,37,,
Jammu,Ramban,Ramban PCC Office 1064,Jun/2025,50,49,43,,
Jammu,Ramban,Ramban PCC Office 1064,Jul/2025,49,49,39,,
Jammu,Ramban,Ramban PCC Office 1064,Aug/2025,49,49,42,,
Jammu,Ramban,Ramban PCC Office 1064,Sep/2025,47,47,35,,
Jammu,Ramban,Ramban PCC Office 1064,Oct/2025,57,57,39,,
Jammu,Ramban,Ramban PCC Office 1064,Nov/2025,50,50,42,,
Jammu,Ramban,Ramban PCC Office 1064,Dec/2025,48,48,42,,
Jammu,Ramban,Ramban PCC Office 1064,Jan/2026,56,56,47,,
Jammu,Ramban,Ramban PCC Office 1064,Feb/2026,52,51,45,,
Jammu,Ramban,Ramban PCC Office 1064,Mar/2026,,,,,
Jammu,Reasi,Reasi PCC Office Building Mini Secretariat 1067,Jan/2022,52,52,,,
Jammu,Reasi,Reasi PCC Office Building Mini Secretariat 1067,Feb/2022,54,54,27,,
Jammu,Reasi,Reasi PCC Office Building Mini Secretariat 1067,Mar/2022,49,49,,,
Jammu,Reasi,Reasi PCC Office Building Mini Secretariat 1067,Apr/2022,,,,,
Jammu,Reasi,Reasi PCC Office Building Mini Secretariat 1067,May/2022,,,,,
Jammu,Reasi,Reasi PCC Office Building Mini Secretariat 1067,Jun/2022,,,,,
Jammu,Reasi,Reasi PCC Office Building Mini Secretariat 1067,Jul/2022,41,41,,,
Jammu,Reasi,Reasi PCC Office Building Mini Secretariat 1067,Aug/2022,39,39,,,
Jammu,Reasi,Reasi PCC Office Building Mini Secretariat 1067,Sep/2022,45,45,,,
Jammu,Reasi,Reasi PCC Office Building Mini Secretariat 1067,Oct/2022,62,52,29,,
Jammu,Reasi,Reasi PCC Office Building Mini Secretariat 1067,Nov/2022,,59,,,
Jammu,Reasi,Reasi PCC Office Building Mini Secretariat 1067,Dec/2022,,64,,,
Jammu,Reasi,Reasi PCC Office Building Mini Secretariat 1067,Jan/2023,67,67,37,,
Jammu,Reasi,Reasi PCC Office Building Mini Secretariat 1067,Feb/2023,74,66,72,,
Jammu,Reasi,Reasi PCC Office Building Mini Secretariat 1067,Mar/2023,62,62,37,,
Jammu,Reasi,Reasi PCC Office Building Mini Secretariat 1067,Apr/2023,60,60,,,
Jammu,Reasi,Reasi PCC Office Building Mini Secretariat 1067,May/2023,46,28,37,,
Jammu,Reasi,Reasi PCC Office Building Mini Secretariat 1067,Jun/2023,38,,38,,
Jammu,Reasi,Reasi PCC Office Building Mini Secretariat 1067,Jul/2023,30,,30,,
Jammu,Reasi,Reasi PCC Office Building Mini Secretariat 1067,Aug/2023,33,,33,,
Jammu,Reasi,Reasi PCC Office Building Mini Secretariat 1067,Sep/2023,59,59,47,,
Jammu,Reasi,Reasi PCC Office Building Mini Secretariat 1067,Oct/2023,56,56,42,,
Jammu,Reasi,Reasi PCC Office Building Mini Secretariat 1067,Nov/2023,61,60,53,,
Jammu,Reasi,Reasi PCC Office Building Mini Secretariat 1067,Dec/2023,59,59,39,,
Jammu,Reasi,Reasi PCC Office Building Mini Secretariat 1067,Jan/2024,61,61,41,,
Jammu,Reasi,Reasi PCC Office Building Mini Secretariat 1067,Feb/2024,59,59,44,,
Jammu,Reasi,Reasi PCC Office Building Mini Secretariat 1067,Mar/2024,60,60,45,,
Jammu,Reasi,Reasi PCC Office Building Mini Secretariat 1067,Apr/2024,60,60,46,,
Jammu,Reasi,Reasi PCC Office Building Mini Secretariat 1067,May/2024,63,63,48,,
Jammu,Reasi,Reasi PCC Office Building Mini Secretariat 1067,Jun/2024,66,66,38,,
Jammu,Reasi,Reasi PCC Office Building Mini Secretariat 1067,Jul/2024,61,61,39,,
Jammu,Reasi,Reasi PCC Office Building Mini Secretariat 1067,Aug/2024,66,66,19,,
Jammu,Reasi,Reasi PCC Office Building Mini Secretariat 1067,Sep/2024,65,65,,,
Jammu,Reasi,Reasi PCC Office Building Mini Secretariat 1067,Oct/2024,65,65,,,
Jammu,Reasi,Reasi PCC Office Building Mini Secretariat 1067,Nov/2024,62,62,,,
Jammu,Reasi,Reasi PCC Office Building Mini Secretariat 1067,Dec/2024,,55,,,
Jammu,Reasi,Reasi PCC Office Building Mini Secretariat 1067,Jan/2025,59,59,,,
Jammu,Reasi,Reasi PCC Office Building Mini Secretariat 1067,Feb/2025,57,57,,,
Jammu,Reasi,Reasi PCC Office Building Mini Secretariat 1067,Mar/2025,65,60,59,,
Jammu,Reasi,Reasi PCC Office Building Mini Secretariat 1067,Apr/2025,61,61,50,,
Jammu,Reasi,Reasi PCC Office Building Mini Secretariat 1067,May/2025,63,63,50,,
Jammu,Reasi,Reasi PCC Office Building Mini Secretariat 1067,Jun/2025,67,67,40,,
Jammu,Reasi,Reasi PCC Office Building Mini Secretariat 1067,Jul/2025,62,62,47,,
Jammu,Reasi,Reasi PCC Office Building Mini Secretariat 1067,Aug/2025,64,64,48,,
Jammu,Reasi,Reasi PCC Office Building Mini Secretariat 1067,Sep/2025,63,63,,,
Jammu,Reasi,Reasi PCC Office Building Mini Secretariat 1067,Oct/2025,64,64,,,
Jammu,Reasi,Reasi PCC Office Building Mini Secretariat 1067,Nov/2025,,,,,
Jammu,Reasi,Reasi PCC Office Building Mini Secretariat 1067,Dec/2025,,63,49,,
Jammu,Reasi,Reasi PCC Office Building Mini Secretariat 1067,Jan/2026,64,64,50,,
Jammu,Reasi,Reasi PCC Office Building Mini Secretariat 1067,Feb/2026,67,67,43,,
Jammu,Reasi,Reasi PCC Office Building Mini Secretariat 1067,Mar/2026,,,,,
Jammu,Jammu,Samba BariBrahmna Industrial area 507,Jan/2022,134,134,46,26,2
Jammu,Jammu,Samba BariBrahmna Industrial area 507,Feb/2022,178,178,64,28,5
Jammu,Jammu,Samba BariBrahmna Industrial area 507,Mar/2022,166,166,60,26,5
Jammu,Jammu,Samba BariBrahmna Industrial area 507,Apr/2022,178,178,61,29,3
Jammu,Jammu,Samba BariBrahmna Industrial area 507,May/2022,182,182,73,34,4
Jammu,Jammu,Samba BariBrahmna Industrial area 507,Jun/2022,207,207,78,38,4
Jammu,Jammu,Samba BariBrahmna Industrial area 507,Jul/2022,138,138,52,28,4
Jammu,Jammu,Samba BariBrahmna Industrial area 507,Aug/2022,143,143,43,25,3
Jammu,Jammu,Samba BariBrahmna Industrial area 507,Sep/2022,124,124,13,25,3
Jammu,Jammu,Samba BariBrahmna Industrial area 507,Oct/2022,145,145,,,3
Jammu,Jammu,Samba BariBrahmna Industrial area 507,Nov/2022,,161,,,2
Jammu,Jammu,Samba BariBrahmna Industrial area 507,Dec/2022,,120,,,
Jammu,Jammu,Samba BariBrahmna Industrial area 507,Jan/2023,131,131,56,29,3
Jammu,Jammu,Samba BariBrahmna Industrial area 507,Feb/2023,120,120,16,,
Jammu,Jammu,Samba BariBrahmna Industrial area 507,Mar/2023,128,128,,24,2
Jammu,Jammu,Samba BariBrahmna Industrial area 507,Apr/2023,124,124,20,25,3
Jammu,Jammu,Samba BariBrahmna Industrial area 507,May/2023,113,113,34,,
Jammu,Jammu,Samba BariBrahmna Industrial area 507,Jun/2023,111,111,40,24,4
Jammu,Jammu,Samba BariBrahmna Industrial area 507,Jul/2023,102,102,34,18,2
Jammu,Jammu,Samba BariBrahmna Industrial area 507,Aug/2023,102,102,22,24,4
Jammu,Jammu,Samba BariBrahmna Industrial area 507,Sep/2023,95,95,8,23,4
Jammu,Jammu,Samba BariBrahmna Industrial area 507,Oct/2023,94,94,,,4
Jammu,Samba,Samba BariBrahmna Industrial area 507,Nov/2023,103,103,36,24,4
Jammu,Samba,Samba BariBrahmna Industrial area 507,Dec/2023,104,104,42,20,3
Jammu,Samba,Samba BariBrahmna Industrial area 507,Jan/2024,117,117,40,26,4
Jammu,Samba,Samba BariBrahmna Industrial area 507,Feb/2024,111,111,36,19,3
Jammu,Samba,Samba BariBrahmna Industrial area 507,Mar/2024,123,123,40,24,4
Jammu,Samba,Samba BariBrahmna Industrial area 507,Apr/2024,127,116,48,16,2
Jammu,Samba,Samba BariBrahmna Industrial area 507,May/2024,117,117,39,26,4
Jammu,Samba,Samba BariBrahmna Industrial area 507,Jun/2024,118,118,39,25,5
Jammu,Samba,Samba BariBrahmna Industrial area 507,Jul/2024,101,101,16,16,3
Jammu,Samba,Samba BariBrahmna Industrial area 507,Aug/2024,85,85,,15,2
Jammu,Samba,Samba BariBrahmna Industrial area 507,Sep/2024,93,93,31,,
Jammu,Samba,Samba BariBrahmna Industrial area 507,Oct/2024,117,117,39,13,4
Jammu,Samba,Samba BariBrahmna Industrial area 507,Nov/2024,,140,47,36,6
Jammu,Samba,Samba BariBrahmna Industrial area 507,Dec/2024,,174,73,21,4
Jammu,Samba,Samba BariBrahmna Industrial area 507,Jan/2025,186,186,109,34,4
Jammu,Samba,Samba BariBrahmna Industrial area 507,Feb/2025,190,141,140,27,3
Jammu,Samba,Samba BariBrahmna Industrial area 507,Mar/2025,115,115,55,36,4
Jammu,Samba,Samba BariBrahmna Industrial area 507,Apr/2025,128,128,72,38,4
Jammu,Samba,Samba BariBrahmna Industrial area 507,May/2025,125,125,70,,
Jammu,Samba,Samba BariBrahmna Industrial area 507,Jun/2025,113,113,59,,
Jammu,Samba,Samba BariBrahmna Industrial area 507,Jul/2025,86,86,29,23,2
Jammu,Samba,Samba BariBrahmna Industrial area 507,Aug/2025,97,97,33,24,2
Jammu,Samba,Samba BariBrahmna Industrial area 507,Sep/2025,91,91,,21,2
Jammu,Samba,Samba BariBrahmna Industrial area 507,Oct/2025,108,108,45,28,4
Jammu,Samba,Samba BariBrahmna Industrial area 507,Nov/2025,,,7,39,3
Jammu,Samba,Samba BariBrahmna Industrial area 507,Dec/2025,,,86,43,5
Jammu,Samba,Samba BariBrahmna Industrial area 507,Jan/2026,163,163,104,49,5
Jammu,Samba,Samba BariBrahmna Industrial area 507,Feb/2026,146,146,86,45,4
Jammu,Samba,Samba BariBrahmna Industrial area 507,Mar/2026,,,,,
Jammu,Samba,Samba PCC Office Phase -1 1066,Jan/2022,169,159,112,,
Jammu,Samba,Samba PCC Office Phase -1 1066,Feb/2022,158,158,79,,
Jammu,Samba,Samba PCC Office Phase -1 1066,Mar/2022,161,161,55,,
Jammu,Samba,Samba PCC Office Phase -1 1066,Apr/2022,164,164,53,,
Jammu,Samba,Samba PCC Office Phase -1 1066,May/2022,142,142,66,,
Jammu,Samba,Samba PCC Office Phase -1 1066,Jun/2022,134,134,72,,
Jammu,Samba,Samba PCC Office Phase -1 1066,Jul/2022,107,107,62,,
Jammu,Samba,Samba PCC Office Phase -1 1066,Aug/2022,78,78,33,,
Jammu,Samba,Samba PCC Office Phase -1 1066,Sep/2022,91,91,56,,
Jammu,Samba,Samba PCC Office Phase -1 1066,Oct/2022,94,94,53,,
Jammu,Samba,Samba PCC Office Phase -1 1066,Nov/2022,,94,39,,
Jammu,Samba,Samba PCC Office Phase -1 1066,Dec/2022,,,,,
Jammu,Samba,Samba PCC Office Phase -1 1066,Jan/2023,91,91,36,,
Jammu,Samba,Samba PCC Office Phase -1 1066,Feb/2023,92,92,35,,
Jammu,Samba,Samba PCC Office Phase -1 1066,Mar/2023,96,96,32,,
Jammu,Samba,Samba PCC Office Phase -1 1066,Apr/2023,93,93,35,,
Jammu,Samba,Samba PCC Office Phase -1 1066,May/2023,83,83,33,,
Jammu,Samba,Samba PCC Office Phase -1 1066,Jun/2023,87,87,31,,
Jammu,Samba,Samba PCC Office Phase -1 1066,Jul/2023,93,93,28,,
Jammu,Samba,Samba PCC Office Phase -1 1066,Aug/2023,97,97,29,,
Jammu,Samba,Samba PCC Office Phase -1 1066,Sep/2023,96,96,35,,
Jammu,Samba,Samba PCC Office Phase -1 1066,Oct/2023,100,100,38,,
Jammu,Samba,Samba PCC Office Phase -1 1066,Nov/2023,103,103,29,,
Jammu,Samba,Samba PCC Office Phase -1 1066,Dec/2023,,95,35,,
Jammu,Samba,Samba PCC Office Phase -1 1066,Jan/2024,99,99,41,,
Jammu,Samba,Samba PCC Office Phase -1 1066,Feb/2024,117,117,51,,
Jammu,Samba,Samba PCC Office Phase -1 1066,Mar/2024,125,125,55,,
Jammu,Samba,Samba PCC Office Phase -1 1066,Apr/2024,129,129,39,,
Jammu,Samba,Samba PCC Office Phase -1 1066,May/2024,130,130,49,,
Jammu,Samba,Samba PCC Office Phase -1 1066,Jun/2024,123,123,45,,
Jammu,Samba,Samba PCC Office Phase -1 1066,Jul/2024,117,117,46,,
Jammu,Samba,Samba PCC Office Phase -1 1066,Aug/2024,115,115,34,,
Jammu,Samba,Samba PCC Office Phase -1 1066,Sep/2024,111,111,35,,
Jammu,Samba,Samba PCC Office Phase -1 1066,Oct/2024,111,111,32,,
Jammu,Samba,Samba PCC Office Phase -1 1066,Nov/2024,159,159,46,,
Jammu,Samba,Samba PCC Office Phase -1 1066,Dec/2024,,,54,,
Jammu,Samba,Samba PCC Office Phase -1 1066,Jan/2025,187,187,50,,
Jammu,Samba,Samba PCC Office Phase -1 1066,Feb/2025,175,175,44,,
Jammu,Samba,Samba PCC Office Phase -1 1066,Mar/2025,167,167,59,,
Jammu,Samba,Samba PCC Office Phase -1 1066,Apr/2025,155,155,,,
Jammu,Samba,Samba PCC Office Phase -1 1066,May/2025,128,128,,,
Jammu,Samba,Samba PCC Office Phase -1 1066,Jun/2025,119,119,,,
Jammu,Samba,Samba PCC Office Phase -1 1066,Jul/2025,132,132,,,
Jammu,Samba,Samba PCC Office Phase -1 1066,Aug/2025,94,94,,,
Jammu,Samba,Samba PCC Office Phase -1 1066,Sep/2025,99,99,,,
Jammu,Samba,Samba PCC Office Phase -1 1066,Oct/2025,103,103,,9,2
Jammu,Samba,Samba PCC Office Phase -1 1066,Nov/2025,128,128,,14,4
Jammu,Samba,Samba PCC Office Phase -1 1066,Dec/2025,116,116,54,14,4
Jammu,Samba,Samba PCC Office Phase -1 1066,Jan/2026,103,103,26,17,4
Jammu,Samba,Samba PCC Office Phase -1 1066,Feb/2026,90,90,44,28,6
Jammu,Samba,Samba PCC Office Phase -1 1066,Mar/2026,,,,,
Kashmir,Shopian,"Shopian Bongam  (PM-10, PM-2.5) 1080",Jan/2022,,,,,
Kashmir,Shopian,"Shopian Bongam  (PM-10, PM-2.5) 1080",Feb/2022,,,,,
Kashmir,Shopian,"Shopian Bongam  (PM-10, PM-2.5) 1080",Mar/2022,,,,,
Kashmir,Shopian,"Shopian Bongam  (PM-10, PM-2.5) 1080",Apr/2022,,,,,
Kashmir,Shopian,"Shopian Bongam  (PM-10, PM-2.5) 1080",May/2022,,,,,
Kashmir,Shopian,"Shopian Bongam  (PM-10, PM-2.5) 1080",Jun/2022,,,,,
Kashmir,Shopian,"Shopian Bongam  (PM-10, PM-2.5) 1080",Jul/2022,,,,,
Kashmir,Shopian,"Shopian Bongam  (PM-10, PM-2.5) 1080",Aug/2022,,,,,
Kashmir,Shopian,"Shopian Bongam  (PM-10, PM-2.5) 1080",Sep/2022,,,,,
Kashmir,Shopian,"Shopian Bongam  (PM-10, PM-2.5) 1080",Oct/2022,,,,,
Kashmir,Shopian,"Shopian Bongam  (PM-10, PM-2.5) 1080",Nov/2022,,,,,
Kashmir,Shopian,"Shopian Bongam  (PM-10, PM-2.5) 1080",Dec/2022,113,68,44,11,6
Kashmir,Shopian,"Shopian Bongam  (PM-10, PM-2.5) 1080",Jan/2023,105,64,40,10,5
Kashmir,Shopian,"Shopian Bongam  (PM-10, PM-2.5) 1080",Feb/2023,104,65,39,12,7
Kashmir,Shopian,"Shopian Bongam  (PM-10, PM-2.5) 1080",Mar/2023,99,43,56,7,3
Kashmir,Shopian,"Shopian Bongam  (PM-10, PM-2.5) 1080",Apr/2023,,,,,
Kashmir,Shopian,"Shopian Bongam  (PM-10, PM-2.5) 1080",May/2023,,,,,
Kashmir,Shopian,"Shopian Bongam  (PM-10, PM-2.5) 1080",Jun/2023,,,,,
Kashmir,Shopian,"Shopian Bongam  (PM-10, PM-2.5) 1080",Jul/2023,,,,,
Kashmir,Shopian,"Shopian Bongam  (PM-10, PM-2.5) 1080",Aug/2023,,,,,
Kashmir,Shopian,"Shopian Bongam  (PM-10, PM-2.5) 1080",Sep/2023,,,,,
Kashmir,Shopian,"Shopian Bongam  (PM-10, PM-2.5) 1080",Oct/2023,,,,,
Kashmir,Shopian,"Shopian Bongam  (PM-10, PM-2.5) 1080",Nov/2023,,,,,
Kashmir,Shopian,"Shopian Bongam  (PM-10, PM-2.5) 1080",Dec/2023,,66,31,,
Kashmir,Shopian,"Shopian Bongam  (PM-10, PM-2.5) 1080",Jan/2024,125,125,,12,
Kashmir,Shopian,"Shopian Bongam  (PM-10, PM-2.5) 1080",Feb/2024,123,123,61,20,9
Kashmir,Shopian,"Shopian Bongam  (PM-10, PM-2.5) 1080",Mar/2024,96,85,48,12,5
Kashmir,Shopian,"Shopian Bongam  (PM-10, PM-2.5) 1080",Apr/2024,46,,46,,
Kashmir,Shopian,"Shopian Bongam  (PM-10, PM-2.5) 1080",May/2024,,,,,
Kashmir,Shopian,"Shopian Bongam  (PM-10, PM-2.5) 1080",Jun/2024,,,,,
Kashmir,Shopian,"Shopian Bongam  (PM-10, PM-2.5) 1080",Jul/2024,,,,,
Kashmir,Shopian,"Shopian Bongam  (PM-10, PM-2.5) 1080",Aug/2024,,,,,
Kashmir,Shopian,"Shopian Bongam  (PM-10, PM-2.5) 1080",Sep/2024,,,,,
Kashmir,Shopian,"Shopian Bongam  (PM-10, PM-2.5) 1080",Oct/2024,,,,,
Kashmir,Shopian,"Shopian Bongam  (PM-10, PM-2.5) 1080",Nov/2024,176,176,,14,5
Kashmir,Shopian,"Shopian Bongam  (PM-10, PM-2.5) 1080",Dec/2024,115,115,59,4,2
Kashmir,Shopian,"Shopian Bongam  (PM-10, PM-2.5) 1080",Jan/2025,120,120,54,3,3
Kashmir,Shopian,"Shopian Bongam  (PM-10, PM-2.5) 1080",Feb/2025,119,119,52,13,8
Kashmir,Shopian,"Shopian Bongam  (PM-10, PM-2.5) 1080",Mar/2025,84,70,29,7,3
Kashmir,Shopian,"Shopian Bongam  (PM-10, PM-2.5) 1080",Apr/2025,122,122,48,6,4
Kashmir,Shopian,"Shopian Bongam  (PM-10, PM-2.5) 1080",May/2025,79,36,55,3,2
Kashmir,Shopian,"Shopian Bongam  (PM-10, PM-2.5) 1080",Jun/2025,113,113,,11,4
Kashmir,Shopian,"Shopian Bongam  (PM-10, PM-2.5) 1080",Jul/2025,71,30,41,2,
Kashmir,Shopian,"Shopian Bongam  (PM-10, PM-2.5) 1080",Aug/2025,129,129,,10,4
Kashmir,Shopian,"Shopian Bongam  (PM-10, PM-2.5) 1080",Sep/2025,129,129,,,
Kashmir,Shopian,"Shopian Bongam  (PM-10, PM-2.5) 1080",Oct/2025,122,122,,11,
Kashmir,Shopian,"Shopian Bongam  (PM-10, PM-2.5) 1080",Nov/2025,120,120,,16,
Kashmir,Shopian,"Shopian Bongam  (PM-10, PM-2.5) 1080",Dec/2025,125,125,,17,
Kashmir,Shopian,"Shopian Bongam  (PM-10, PM-2.5) 1080",Jan/2026,115,115,,17,
Kashmir,Shopian,"Shopian Bongam  (PM-10, PM-2.5) 1080",Feb/2026,107,107,,16,
Kashmir,Shopian,"Shopian Bongam  (PM-10, PM-2.5) 1080",Mar/2026,,,,,
Kashmir,Budgam,"SIDCO Complex Ompora Budgam (PM-10, PM-2.5) 1081",Jan/2022,,,,,
Kashmir,Budgam,"SIDCO Complex Ompora Budgam (PM-10, PM-2.5) 1081",Feb/2022,,,,,
Kashmir,Budgam,"SIDCO Complex Ompora Budgam (PM-10, PM-2.5) 1081",Mar/2022,,,,,
Kashmir,Budgam,"SIDCO Complex Ompora Budgam (PM-10, PM-2.5) 1081",Apr/2022,,,,,
Kashmir,Budgam,"SIDCO Complex Ompora Budgam (PM-10, PM-2.5) 1081",May/2022,,,,,
Kashmir,Budgam,"SIDCO Complex Ompora Budgam (PM-10, PM-2.5) 1081",Jun/2022,,,,,
Kashmir,Budgam,"SIDCO Complex Ompora Budgam (PM-10, PM-2.5) 1081",Jul/2022,,,,,
Kashmir,Budgam,"SIDCO Complex Ompora Budgam (PM-10, PM-2.5) 1081",Aug/2022,,,,,
Kashmir,Budgam,"SIDCO Complex Ompora Budgam (PM-10, PM-2.5) 1081",Sep/2022,,,,,
Kashmir,Budgam,"SIDCO Complex Ompora Budgam (PM-10, PM-2.5) 1081",Oct/2022,,,,,
Kashmir,Budgam,"SIDCO Complex Ompora Budgam (PM-10, PM-2.5) 1081",Nov/2022,,,,,
Kashmir,Budgam,"SIDCO Complex Ompora Budgam (PM-10, PM-2.5) 1081",Dec/2022,97,61,36,16,10
Kashmir,Budgam,"SIDCO Complex Ompora Budgam (PM-10, PM-2.5) 1081",Jan/2023,93,58,35,12,6
Kashmir,Budgam,"SIDCO Complex Ompora Budgam (PM-10, PM-2.5) 1081",Feb/2023,89,57,31,14,8
Kashmir,Budgam,"SIDCO Complex Ompora Budgam (PM-10, PM-2.5) 1081",Mar/2023,107,75,31,17,10
Kashmir,Budgam,"SIDCO Complex Ompora Budgam (PM-10, PM-2.5) 1081",Apr/2023,,,,,
Kashmir,Budgam,"SIDCO Complex Ompora Budgam (PM-10, PM-2.5) 1081",May/2023,,,,,
Kashmir,Budgam,"SIDCO Complex Ompora Budgam (PM-10, PM-2.5) 1081",Jun/2023,,,,,
Kashmir,Budgam,"SIDCO Complex Ompora Budgam (PM-10, PM-2.5) 1081",Jul/2023,,,,,
Kashmir,Budgam,"SIDCO Complex Ompora Budgam (PM-10, PM-2.5) 1081",Aug/2023,,,,,
Kashmir,Budgam,"SIDCO Complex Ompora Budgam (PM-10, PM-2.5) 1081",Sep/2023,,,,,
Kashmir,Budgam,"SIDCO Complex Ompora Budgam (PM-10, PM-2.5) 1081",Oct/2023,,,,,
Kashmir,Budgam,"SIDCO Complex Ompora Budgam (PM-10, PM-2.5) 1081",Nov/2023,,,,,
Kashmir,Budgam,"SIDCO Complex Ompora Budgam (PM-10, PM-2.5) 1081",Dec/2023,,63,,,
Kashmir,Budgam,"SIDCO Complex Ompora Budgam (PM-10, PM-2.5) 1081",Jan/2024,125,125,,26,
Kashmir,Budgam,"SIDCO Complex Ompora Budgam (PM-10, PM-2.5) 1081",Feb/2024,120,120,59,24,12
Kashmir,Budgam,"SIDCO Complex Ompora Budgam (PM-10, PM-2.5) 1081",Mar/2024,133,133,59,20,11
Kashmir,Budgam,"SIDCO Complex Ompora Budgam (PM-10, PM-2.5) 1081",Apr/2024,124,124,70,21,10
Kashmir,Budgam,"SIDCO Complex Ompora Budgam (PM-10, PM-2.5) 1081",May/2024,,,,,
Kashmir,Budgam,"SIDCO Complex Ompora Budgam (PM-10, PM-2.5) 1081",Jun/2024,,,,,
Kashmir,Budgam,"SIDCO Complex Ompora Budgam (PM-10, PM-2.5) 1081",Jul/2024,,,,,
Kashmir,Budgam,"SIDCO Complex Ompora Budgam (PM-10, PM-2.5) 1081",Aug/2024,,,,,
Kashmir,Budgam,"SIDCO Complex Ompora Budgam (PM-10, PM-2.5) 1081",Sep/2024,,,,,
Kashmir,Budgam,"SIDCO Complex Ompora Budgam (PM-10, PM-2.5) 1081",Oct/2024,130,130,,,
Kashmir,Budgam,"SIDCO Complex Ompora Budgam (PM-10, PM-2.5) 1081",Nov/2024,117,117,58,21,4
Kashmir,Budgam,"SIDCO Complex Ompora Budgam (PM-10, PM-2.5) 1081",Dec/2024,120,120,73,16,9
Kashmir,Budgam,"SIDCO Complex Ompora Budgam (PM-10, PM-2.5) 1081",Jan/2025,119,119,70,9,6
Kashmir,Budgam,"SIDCO Complex Ompora Budgam (PM-10, PM-2.5) 1081",Feb/2025,110,110,53,18,11
Kashmir,Budgam,"SIDCO Complex Ompora Budgam (PM-10, PM-2.5) 1081",Mar/2025,83,83,,15,8
Kashmir,Budgam,"SIDCO Complex Ompora Budgam (PM-10, PM-2.5) 1081",Apr/2025,65,65,33,16,9
Kashmir,Budgam,"SIDCO Complex Ompora Budgam (PM-10, PM-2.5) 1081",May/2025,53,53,,9,5
Kashmir,Budgam,"SIDCO Complex Ompora Budgam (PM-10, PM-2.5) 1081",Jun/2025,64,64,33,10,4
Kashmir,Budgam,"SIDCO Complex Ompora Budgam (PM-10, PM-2.5) 1081",Jul/2025,65,65,33,14,7
Kashmir,Budgam,"SIDCO Complex Ompora Budgam (PM-10, PM-2.5) 1081",Aug/2025,37,,37,,
Kashmir,Budgam,"SIDCO Complex Ompora Budgam (PM-10, PM-2.5) 1081",Sep/2025,36,,36,,
Kashmir,Budgam,"SIDCO Complex Ompora Budgam (PM-10, PM-2.5) 1081",Oct/2025,94,94,47,15,
Kashmir,Budgam,"SIDCO Complex Ompora Budgam (PM-10, PM-2.5) 1081",Nov/2025,99,99,52,17,
Kashmir,Budgam,"SIDCO Complex Ompora Budgam (PM-10, PM-2.5) 1081",Dec/2025,116,116,60,18,
Kashmir,Budgam,"SIDCO Complex Ompora Budgam (PM-10, PM-2.5) 1081",Jan/2026,111,111,80,23,
Kashmir,Budgam,"SIDCO Complex Ompora Budgam (PM-10, PM-2.5) 1081",Feb/2026,,,,,
Kashmir,Budgam,"SIDCO Complex Ompora Budgam (PM-10, PM-2.5) 1081",Mar/2026,,,,,
Kashmir,Srinagar,Soura Near SKIMS Srinagar (PM-2.5),Jan/2022,70,,70,,
Kashmir,Srinagar,Soura Near SKIMS Srinagar (PM-2.5),Feb/2022,58,,58,,
Kashmir,Srinagar,Soura Near SKIMS Srinagar (PM-2.5),Mar/2022,64,,64,,
Kashmir,Srinagar,Soura Near SKIMS Srinagar (PM-2.5),Apr/2022,65,,65,,
Kashmir,Srinagar,Soura Near SKIMS Srinagar (PM-2.5),May/2022,70,,70,,
Kashmir,Srinagar,Soura Near SKIMS Srinagar (PM-2.5),Jun/2022,66,,66,,
Kashmir,Srinagar,Soura Near SKIMS Srinagar (PM-2.5),Jul/2022,65,,65,,
Kashmir,Srinagar,Soura Near SKIMS Srinagar (PM-2.5),Aug/2022,65,,65,,
Kashmir,Srinagar,Soura Near SKIMS Srinagar (PM-2.5),Sep/2022,72,,72,,
Kashmir,Srinagar,Soura Near SKIMS Srinagar (PM-2.5),Oct/2022,77,,77,,
Kashmir,Srinagar,Soura Near SKIMS Srinagar (PM-2.5),Nov/2022,82,,82,,
Kashmir,Srinagar,Soura Near SKIMS Srinagar (PM-2.5),Dec/2022,78,,78,,
Kashmir,Srinagar,Soura Near SKIMS Srinagar (PM-2.5),Jan/2023,78,,78,,
Kashmir,Srinagar,Soura Near SKIMS Srinagar (PM-2.5),Feb/2023,94,,94,,
Kashmir,Srinagar,Soura Near SKIMS Srinagar (PM-2.5),Mar/2023,115,,115,,
Kashmir,Srinagar,Soura Near SKIMS Srinagar (PM-2.5),Apr/2023,74,,74,,
Kashmir,Srinagar,Soura Near SKIMS Srinagar (PM-2.5),May/2023,82,,82,,
Kashmir,Srinagar,Soura Near SKIMS Srinagar (PM-2.5),Jun/2023,87,,87,,
Kashmir,Srinagar,Soura Near SKIMS Srinagar (PM-2.5),Jul/2023,83,,83,,
Kashmir,Srinagar,Soura Near SKIMS Srinagar (PM-2.5),Aug/2023,90,,90,,
Kashmir,Srinagar,Soura Near SKIMS Srinagar (PM-2.5),Sep/2023,78,,78,,
Kashmir,Srinagar,Soura Near SKIMS Srinagar (PM-2.5),Oct/2023,84,,84,,
Kashmir,Srinagar,Soura Near SKIMS Srinagar (PM-2.5),Nov/2023,104,,104,,
Kashmir,Srinagar,Soura Near SKIMS Srinagar (PM-2.5),Dec/2023,106,,106,,
Kashmir,Srinagar,Soura Near SKIMS Srinagar (PM-2.5),Jan/2024,,,,,
Kashmir,Srinagar,Soura Near SKIMS Srinagar (PM-2.5),Feb/2024,,,,,
Kashmir,Srinagar,Soura Near SKIMS Srinagar (PM-2.5),Mar/2024,,,,,
Kashmir,Srinagar,Soura Near SKIMS Srinagar (PM-2.5),Apr/2024,,,,,
Kashmir,Srinagar,Soura Near SKIMS Srinagar (PM-2.5),May/2024,,,,,
Kashmir,Srinagar,Soura Near SKIMS Srinagar (PM-2.5),Jun/2024,80,,80,,
Kashmir,Srinagar,Soura Near SKIMS Srinagar (PM-2.5),Jul/2024,81,,81,,
Kashmir,Srinagar,Soura Near SKIMS Srinagar (PM-2.5),Aug/2024,65,,65,,
Kashmir,Srinagar,Soura Near SKIMS Srinagar (PM-2.5),Sep/2024,71,,71,,
Kashmir,Srinagar,Soura Near SKIMS Srinagar (PM-2.5),Oct/2024,77,,77,,
Kashmir,Srinagar,Soura Near SKIMS Srinagar (PM-2.5),Nov/2024,85,,85,,
Kashmir,Srinagar,Soura Near SKIMS Srinagar (PM-2.5),Dec/2024,85,,85,,
Kashmir,Srinagar,Soura Near SKIMS Srinagar (PM-2.5),Jan/2025,81,,81,,
Kashmir,Srinagar,Soura Near SKIMS Srinagar (PM-2.5),Feb/2025,74,,74,,
Kashmir,Srinagar,Soura Near SKIMS Srinagar (PM-2.5),Mar/2025,69,,69,,
Kashmir,Srinagar,Soura Near SKIMS Srinagar (PM-2.5),Apr/2025,58,,58,,
Kashmir,Srinagar,Soura Near SKIMS Srinagar (PM-2.5),May/2025,65,,65,,
Kashmir,Srinagar,Soura Near SKIMS Srinagar (PM-2.5),Jun/2025,68,,68,,
Kashmir,Srinagar,Soura Near SKIMS Srinagar (PM-2.5),Jul/2025,64,,64,,
Kashmir,Srinagar,Soura Near SKIMS Srinagar (PM-2.5),Aug/2025,62,,62,,
Kashmir,Srinagar,Soura Near SKIMS Srinagar (PM-2.5),Sep/2025,62,,62,,
Kashmir,Srinagar,Soura Near SKIMS Srinagar (PM-2.5),Oct/2025,66,,66,,
Kashmir,Srinagar,Soura Near SKIMS Srinagar (PM-2.5),Nov/2025,75,,75,,
Kashmir,Srinagar,Soura Near SKIMS Srinagar (PM-2.5),Dec/2025,89,,89,,
Kashmir,Srinagar,Soura Near SKIMS Srinagar (PM-2.5),Jan/2026,103,,103,,
Kashmir,Srinagar,Soura Near SKIMS Srinagar (PM-2.5),Feb/2026,69,,69,,
Kashmir,Srinagar,Soura Near SKIMS Srinagar (PM-2.5),Mar/2026,,,,,
Jammu,Udhampur,Udhampur PCC Office Battal Ballian 1063,Jan/2022,187,162,172,,
Jammu,Udhampur,Udhampur PCC Office Battal Ballian 1063,Feb/2022,149,149,30,,
Jammu,Udhampur,Udhampur PCC Office Battal Ballian 1063,Mar/2022,152,152,,,
Jammu,Udhampur,Udhampur PCC Office Battal Ballian 1063,Apr/2022,130,130,,,
Jammu,Udhampur,Udhampur PCC Office Battal Ballian 1063,May/2022,132,132,,,
Jammu,Udhampur,Udhampur PCC Office Battal Ballian 1063,Jun/2022,,,,,
Jammu,Udhampur,Udhampur PCC Office Battal Ballian 1063,Jul/2022,158,158,,,
Jammu,Udhampur,Udhampur PCC Office Battal Ballian 1063,Aug/2022,158,158,,,
Jammu,Udhampur,Udhampur PCC Office Battal Ballian 1063,Sep/2022,,,,,
Jammu,Udhampur,Udhampur PCC Office Battal Ballian 1063,Oct/2022,155,155,,,
Jammu,Udhampur,Udhampur PCC Office Battal Ballian 1063,Nov/2022,150,150,,,
Jammu,Udhampur,Udhampur PCC Office Battal Ballian 1063,Dec/2022,,,,,
Jammu,Udhampur,Udhampur PCC Office Battal Ballian 1063,Jan/2023,146,146,,,
Jammu,Udhampur,Udhampur PCC Office Battal Ballian 1063,Feb/2023,148,148,,,
Jammu,Udhampur,Udhampur PCC Office Battal Ballian 1063,Mar/2023,125,125,,,
Jammu,Udhampur,Udhampur PCC Office Battal Ballian 1063,Apr/2023,143,143,,,
Jammu,Udhampur,Udhampur PCC Office Battal Ballian 1063,May/2023,85,85,,,
Jammu,Udhampur,Udhampur PCC Office Battal Ballian 1063,Jun/2023,82,82,,,
Jammu,Udhampur,Udhampur PCC Office Battal Ballian 1063,Jul/2023,64,64,,,
Jammu,Udhampur,Udhampur PCC Office Battal Ballian 1063,Aug/2023,94,94,,,
Jammu,Udhampur,Udhampur PCC Office Battal Ballian 1063,Sep/2023,107,107,,,
Jammu,Udhampur,Udhampur PCC Office Battal Ballian 1063,Oct/2023,136,136,,,
Jammu,Udhampur,Udhampur PCC Office Battal Ballian 1063,Nov/2023,160,160,,,
Jammu,Udhampur,Udhampur PCC Office Battal Ballian 1063,Dec/2023,175,175,,,
Jammu,Udhampur,Udhampur PCC Office Battal Ballian 1063,Jan/2024,204,204,,,
Jammu,Udhampur,Udhampur PCC Office Battal Ballian 1063,Feb/2024,149,149,,,
Jammu,Udhampur,Udhampur PCC Office Battal Ballian 1063,Mar/2024,116,116,,,
Jammu,Udhampur,Udhampur PCC Office Battal Ballian 1063,Apr/2024,103,103,,,
Jammu,Udhampur,Udhampur PCC Office Battal Ballian 1063,May/2024,115,115,,,
Jammu,Udhampur,Udhampur PCC Office Battal Ballian 1063,Jun/2024,104,104,,,
Jammu,Udhampur,Udhampur PCC Office Battal Ballian 1063,Jul/2024,92,92,,,
Jammu,Udhampur,Udhampur PCC Office Battal Ballian 1063,Aug/2024,80,80,,,
Jammu,Udhampur,Udhampur PCC Office Battal Ballian 1063,Sep/2024,101,101,,,
Jammu,Udhampur,Udhampur PCC Office Battal Ballian 1063,Oct/2024,153,153,,,
Jammu,Udhampur,Udhampur PCC Office Battal Ballian 1063,Nov/2024,,175,,,
Jammu,Udhampur,Udhampur PCC Office Battal Ballian 1063,Dec/2024,,131,,,
Jammu,Udhampur,Udhampur PCC Office Battal Ballian 1063,Jan/2025,177,172,75,,
Jammu,Udhampur,Udhampur PCC Office Battal Ballian 1063,Feb/2025,147,139,125,,
Jammu,Udhampur,Udhampur PCC Office Battal Ballian 1063,Mar/2025,137,130,110,,
Jammu,Udhampur,Udhampur PCC Office Battal Ballian 1063,Apr/2025,124,124,70,,
Jammu,Udhampur,Udhampur PCC Office Battal Ballian 1063,May/2025,134,134,61,,
Jammu,Udhampur,Udhampur PCC Office Battal Ballian 1063,Jun/2025,129,129,55,,
Jammu,Udhampur,Udhampur PCC Office Battal Ballian 1063,Jul/2025,106,106,77,,
Jammu,Udhampur,Udhampur PCC Office Battal Ballian 1063,Aug/2025,67,67,55,,
Jammu,Udhampur,Udhampur PCC Office Battal Ballian 1063,Sep/2025,97,96,55,,
Jammu,Udhampur,Udhampur PCC Office Battal Ballian 1063,Oct/2025,141,136,101,14,4
Jammu,Udhampur,Udhampur PCC Office Battal Ballian 1063,Nov/2025,166,152,151,15,5
Jammu,Udhampur,Udhampur PCC Office Battal Ballian 1063,Dec/2025,192,,190,,5
Jammu,Udhampur,Udhampur PCC Office Battal Ballian 1063,Jan/2026,174,173,141,19,5
Jammu,Udhampur,Udhampur PCC Office Battal Ballian 1063,Feb/2026,164,162,128,20,6
Jammu,Udhampur,Udhampur PCC Office Battal Ballian 1063,Mar/2026,,,,,
Kashmir,Srinagar,Zakura Srinagar (PM-10),Jan/2022,,,,,
Kashmir,Srinagar,Zakura Srinagar (PM-10),Feb/2022,,,,,
Kashmir,Srinagar,Zakura Srinagar (PM-10),Mar/2022,,,,,
Kashmir,Srinagar,Zakura Srinagar (PM-10),Apr/2022,,,,,
Kashmir,Srinagar,Zakura Srinagar (PM-10),May/2022,,,,,
Kashmir,Srinagar,Zakura Srinagar (PM-10),Jun/2022,,,,,
Kashmir,Srinagar,Zakura Srinagar (PM-10),Jul/2022,,,,,
Kashmir,Srinagar,Zakura Srinagar (PM-10),Aug/2022,,,,,
Kashmir,Srinagar,Zakura Srinagar (PM-10),Sep/2022,,,,,
Kashmir,Srinagar,Zakura Srinagar (PM-10),Oct/2022,,,,,
Kashmir,Srinagar,Zakura Srinagar (PM-10),Nov/2022,,,,,
Kashmir,Srinagar,Zakura Srinagar (PM-10),Dec/2022,,,,,
Kashmir,Srinagar,Zakura Srinagar (PM-10),Jan/2023,,,,,
Kashmir,Srinagar,Zakura Srinagar (PM-10),Feb/2023,,,,,
Kashmir,Srinagar,Zakura Srinagar (PM-10),Mar/2023,,,,,
Kashmir,Srinagar,Zakura Srinagar (PM-10),Apr/2023,63,63,,19,6
Kashmir,Srinagar,Zakura Srinagar (PM-10),May/2023,73,73,,18,8
Kashmir,Srinagar,Zakura Srinagar (PM-10),Jun/2023,89,89,,21,9
Kashmir,Srinagar,Zakura Srinagar (PM-10),Jul/2023,83,83,,20,8
Kashmir,Srinagar,Zakura Srinagar (PM-10),Aug/2023,70,70,,13,4
Kashmir,Srinagar,Zakura Srinagar (PM-10),Sep/2023,70,70,,17,5
Kashmir,Srinagar,Zakura Srinagar (PM-10),Oct/2023,85,85,,18,6
Kashmir,Srinagar,Zakura Srinagar (PM-10),Nov/2023,105,,,19,
Kashmir,Srinagar,Zakura Srinagar (PM-10),Dec/2023,121,,,11,
Kashmir,Srinagar,Zakura Srinagar (PM-10),Jan/2024,113,113,,14,
Kashmir,Srinagar,Zakura Srinagar (PM-10),Feb/2024,,,,,
Kashmir,Srinagar,Zakura Srinagar (PM-10),Mar/2024,118,118,38,24,5
Kashmir,Srinagar,Zakura Srinagar (PM-10),Apr/2024,,,,,
Kashmir,Srinagar,Zakura Srinagar (PM-10),May/2024,,,,,
Kashmir,Srinagar,Zakura Srinagar (PM-10),Jun/2024,77,77,,13,5
Kashmir,Srinagar,Zakura Srinagar (PM-10),Jul/2024,83,83,,10,5
Kashmir,Srinagar,Zakura Srinagar (PM-10),Aug/2024,77,77,,14,6
Kashmir,Srinagar,Zakura Srinagar (PM-10),Sep/2024,69,69,,12,6
Kashmir,Srinagar,Zakura Srinagar (PM-10),Oct/2024,76,76,,,7
Kashmir,Srinagar,Zakura Srinagar (PM-10),Nov/2024,112,112,,,2
Kashmir,Srinagar,Zakura Srinagar (PM-10),Dec/2024,,101,,,9
Kashmir,Srinagar,Zakura Srinagar (PM-10),Jan/2025,77,77,,13,8
Kashmir,Srinagar,Zakura Srinagar (PM-10),Feb/2025,58,58,,14,9
Kashmir,Srinagar,Zakura Srinagar (PM-10),Mar/2025,45,45,,13,7
Kashmir,Srinagar,Zakura Srinagar (PM-10),Apr/2025,38,38,,12,7
Kashmir,Srinagar,Zakura Srinagar (PM-10),May/2025,57,57,,14,7
Kashmir,Srinagar,Zakura Srinagar (PM-10),Jun/2025,72,72,,15,6
Kashmir,Srinagar,Zakura Srinagar (PM-10),Jul/2025,60,60,,12,6
Kashmir,Srinagar,Zakura Srinagar (PM-10),Aug/2025,82,82,,11,5
Kashmir,Srinagar,Zakura Srinagar (PM-10),Sep/2025,90,90,,12,3
Kashmir,Srinagar,Zakura Srinagar (PM-10),Oct/2025,79,79,,12,
Kashmir,Srinagar,Zakura Srinagar (PM-10),Nov/2025,,,,,
Kashmir,Srinagar,Zakura Srinagar (PM-10),Dec/2025,,,,,
Kashmir,Srinagar,Zakura Srinagar (PM-10),Jan/2026,,,,,
Kashmir,Srinagar,Zakura Srinagar (PM-10),Feb/2026,,,,,
Kashmir,Srinagar,Zakura Srinagar (PM-10),Mar/2026,,,,,